date,AAPL,AMD,AMZN,AXISBANK.NS,BAC,BAJFINANCE.NS,GOOGL,HCLTECH.NS,HDFCBANK.NS,HINDUNILVR.NS,ICICIBANK.NS,INFY.NS,ITC.NS,JPM,LT.NS,META,MSFT,NVDA,ONGC.NS,RELIANCE.NS,SBIN.NS,TCS.NS,TITAN.NS,TSLA,WIPRO.NS
2023-05-30,0.192132,-3.948782,-0.580207,0.714442,-0.211863,0.831898,-1.567973,0.606729,0.192827,0.039542,0.486596,0.673002,2.018141,0.482459,-0.860984,-1.029222,-1.199182,-1.192268,-0.532242,-0.025783,-0.36975,0.036198,-0.954232,0.529734,0.625
2023-05-31,-0.045115,-3.43898,-0.71634,-2.400384,-1.103201,-0.21485,0.097762,0.907642,-1.168786,0.414071,-0.036859,-0.117432,-0.845762,-0.745988,0.206706,1.815385,-1.173672,-4.188613,-2.57862,-1.204008,-0.676604,-0.589302,0.74041,2.077282,0.472929
2023-06-01,1.344963,1.858641,1.723419,-0.249456,0.072048,0.234904,0.732781,-0.531357,-0.981544,1.158602,-1.90202,-0.230619,-1.633113,0.776441,-0.414973,2.523502,2.040314,3.328229,-0.678735,-0.681418,0.163288,0.30175,0.141681,2.43349,0.530863
2023-06-02,-0.044193,-2.393374,-0.536342,0.373918,1.953122,-0.732784,0.548432,-0.953828,-0.369001,0.247231,-0.514313,-0.763942,0.772723,0.652052,0.610088,-0.018345,0.344052,-1.920344,-0.19355,-0.639422,0.42757,-0.620816,1.118371,1.817753,-0.917543
2023-06-05,-1.670045,1.14933,1.572635,2.506468,-0.971543,-0.379065,1.612773,-0.498247,-0.625579,-0.76018,0.397667,0.038344,-0.97753,-0.728002,1.037864,0.403266,0.214785,0.673369,-0.064313,0.407343,-0.220899,-0.787333,-0.671306,-0.087237,-1.149421
2023-06-06,-0.42229,5.36002,1.231311,1.797922,2.705553,1.266195,1.031661,-0.123896,-0.513171,-0.327781,-0.464873,-0.744993,0.453723,0.475918,0.394445,0.362768,-0.492051,-0.453264,-1.189715,-0.165098,-0.450684,-1.454267,0.716545,2.391967,-0.842939
2023-06-07,-0.347453,-4.998788,-4.550822,0.390564,0.614336,-0.562501,-3.520518,-0.418945,0.265053,0.973976,-0.439452,-0.120112,-0.011257,0.816911,1.646181,-2.970518,-2.493589,-3.700379,0.16276,0.448334,0.204084,0.673222,0.412779,-1.504383,0.099402
2023-06-08,1.500851,2.324598,1.008046,-1.125329,-0.170769,-0.987287,-0.073635,-0.203715,0.339931,-1.001112,0.138805,-0.264337,-0.628226,0.042651,1.007795,1.51945,0.407485,2.083552,1.035603,-0.253393,-0.245786,-0.752838,-1.028584,4.745339,-1.125963
2023-06-09,-0.297517,1.092497,-0.523857,0.801448,0.239725,0.347938,-0.016357,-1.713752,-0.327994,-1.961732,-0.355857,-1.290452,0.758357,0.470245,0.767591,0.941025,0.553869,-0.683962,-1.563495,-0.9992,-1.581631,-1.100153,-0.475779,-1.87498,-0.538246
2023-06-12,1.390185,0.521318,2.056122,0.123331,-0.580205,0.674454,0.692238,2.399036,-0.72866,-0.058603,-0.218549,1.448759,-0.693181,-0.049626,-1.059199,1.452249,0.995197,0.719382,0.129155,0.349422,-0.232754,0.992221,-1.121332,0.762281,-1.050521
2023-06-13,0.27899,-5.887249,-1.13955,1.185465,0.926881,0.940139,-0.920148,-1.192183,0.842716,1.760717,0.817391,0.380795,0.99773,1.096248,0.364465,-1.29511,-0.053814,2.080323,0.289946,1.036065,-0.526359,-0.500001,1.839229,2.0512,-0.603097
2023-06-14,0.316301,0.632264,-0.220994,-0.841784,-1.521809,-1.185605,0.463038,-0.18893,-0.540219,1.038937,-0.660642,-0.455464,-0.392154,-1.05594,0.091383,0.536979,0.89729,5.32285,1.121076,1.223724,-0.077992,0.226596,-0.443491,-1.299152,0.037856
2023-06-15,1.114366,-0.91714,1.517452,-1.133197,1.626302,0.44538,1.583561,0.315787,-1.368451,-0.893532,-1.498888,-0.552564,0.696631,1.77822,0.267518,3.499816,3.146852,0.11971,0.095234,0.029397,-1.649306,-0.8936,-0.104775,3.019324,-2.052378
2023-06-16,-0.969313,-4.562071,-1.738314,-0.127188,-1.151372,0.463041,-1.905822,-0.156526,0.982892,0.96479,0.527281,0.361307,0.913144,0.146796,0.129034,-1.316945,-2.558926,-1.744533,-0.789889,0.671828,0.43956,-0.691276,1.459578,0.625674,-1.102321
2023-06-20,0.325357,-0.134349,0.648154,0.921369,-0.48259,-1.726508,0.138289,3.146516,0.208832,0.228468,0.499482,0.726432,-0.428753,-0.056098,0.720948,2.009104,-0.371345,1.883803,-0.190418,0.374862,-0.254892,0.426259,0.043733,4.952204,0.183345
2023-06-21,-0.508376,-5.384418,-0.644697,-1.257282,-0.729677,-0.946393,-1.511437,-0.387238,1.21287,-0.348102,-0.355602,-0.046154,-1.095137,-0.405869,0.522668,-0.666591,-0.835389,-1.048255,2.038215,0.285497,-0.185063,0.252306,-0.097508,-5.695494,0.325309
2023-06-22,1.774243,-1.372061,3.862418,0.457282,-1.89474,-2.362469,2.625001,-0.576849,0.219511,-0.535844,0.146038,-0.608808,-0.078122,-1.918344,0.904113,2.078264,1.673051,1.827097,-0.780275,-0.80204,-0.600329,-0.659509,-0.159664,5.518994,-0.958552
2023-06-23,0.608995,0.640385,0.170398,-0.166664,0.03605,-0.445801,0.790904,0.279714,0.363345,-0.365856,-0.275362,-0.897015,-0.614524,0.223771,-1.215399,2.56474,0.197393,-0.600511,-1.320759,-0.559526,-1.31673,-0.647143,-1.121955,-1.037449,-0.614694
2023-06-26,-0.834982,-3.100491,-1.546432,0.109431,1.043169,0.124463,-2.00398,0.021418,-0.574465,0.376595,0.037756,0.007871,-0.268514,0.230437,-0.85693,-3.543474,-1.534219,-4.307479,-0.063698,-0.456722,0.188847,-0.478942,1.108847,-3.606992,0.23684
2023-06-27,1.167356,1.676338,0.427573,0.646329,0.498218,-0.152918,1.067646,0.257069,0.952556,-0.028279,0.655911,-0.066404,-0.224166,0.143883,0.025136,1.787163,0.816616,2.63977,-0.629525,-0.004005,1.406176,-0.145219,0.090816,2.865483,-0.429406
2023-06-28,0.702393,1.811292,0.077548,-0.081715,-0.637169,0.5082,2.638999,-0.272696,0.368265,0.312861,-0.693855,0.259688,0.97753,-0.409606,0.893748,0.165017,0.355585,1.123957,0.443457,0.656586,-0.428137,0.23223,1.105179,2.61914,-0.534199
2023-06-30,1.221101,0.778559,0.687417,1.059261,-0.863856,0.853521,-0.391114,1.503822,-0.152581,0.457621,-0.627328,2.086841,0.355559,0.58091,2.295457,0.779604,0.826057,1.492317,-0.434781,0.15119,-0.200353,2.554348,0.054166,0.448957,1.07792
2023-07-03,-0.681181,0.573112,-0.45865,-0.797982,1.74216,2.407618,0.553509,-0.705884,0.42628,0.52289,0.592315,0.278192,2.579715,0.287296,-0.974494,-0.23719,-0.353788,-0.244608,1.621953,2.25367,1.906007,-1.267236,-0.386874,1.20439,-0.583901
2023-07-05,-0.125283,-1.851853,0.107493,-0.257998,-0.205901,-0.522845,2.105,0.067006,-2.502546,2.070414,1.693117,-0.776958,1.876273,-0.206984,0.398214,2.336173,0.913187,0.431952,0.493829,-0.939058,0.135637,-0.001507,0.808133,1.312676,-0.050752
2023-07-06,1.037717,1.258146,0.08577,2.075964,-1.805551,-0.125383,0.258763,-1.184301,0.119546,-0.101446,0.492303,0.100553,-0.722739,0.13285,0.830598,-1.318066,1.176994,0.618963,1.597046,2.433959,0.355687,0.494469,0.206448,-0.557369,0.430928
2023-07-07,-0.381386,-0.867209,0.925424,0.046096,0.812726,-1.264898,-0.516232,-1.744264,-0.276275,-1.997748,-0.692547,-0.284861,-0.972516,0.298793,-1.345279,-0.564718,-0.618887,0.427673,-1.208459,-0.053132,0.610165,0.825257,0.127389,-1.436627,0.215191
2023-07-10,-0.34344,0.513276,-1.503068,-1.29518,0.24484,-1.168927,-1.563826,-3.060345,-0.273934,-1.968702,0.253702,-0.553666,-0.882978,0.449823,-0.459184,-0.490605,-0.82786,-1.118225,-0.701644,1.716315,-0.344749,-1.588091,-3.469095,-2.481288,-1.490462
2023-07-11,-0.570946,-0.304499,0.806261,-1.518753,1.256108,-1.625477,0.73093,-1.488843,-0.87793,1.031196,-0.363772,1.136152,1.534338,0.738009,1.117608,1.49371,0.425906,-0.178904,0.826956,0.428637,-1.084036,-0.685891,0.808071,0.424349,0.525638
2023-07-12,0.047454,1.497035,0.376031,-0.700325,-0.508301,-0.508037,0.109425,-0.817174,-1.35319,-1.15714,-0.421763,-1.310137,-1.140759,0.474735,-1.022058,2.515326,0.178255,2.019379,1.024403,0.052418,0.042445,-0.641584,-0.561978,-1.570585,-0.520434
2023-07-13,0.020994,0.138214,0.193979,0.402597,0.508129,0.062253,2.985199,0.800004,-0.94163,-1.12665,0.844149,2.262338,-0.400926,0.114323,-0.642745,-0.066957,0.912948,3.277325,-0.503997,-1.469164,-1.554883,1.721987,-0.937714,1.205433,0.625235
2023-07-14,0.241816,-0.197982,0.462476,-0.767279,-2.966665,0.111715,0.496791,3.298331,-0.550313,0.824855,0.031257,3.281058,-0.021146,-1.174529,0.897868,-0.936532,-0.676086,-2.391427,0.147929,-0.338176,-0.400507,4.447248,-1.23155,1.577559,2.609243
2023-07-17,1.089115,2.043987,-0.743163,0.505206,0.857633,-0.12035,-1.024298,0.156261,1.751517,0.4382,0.602346,-0.210386,-0.453112,2.015297,-0.250503,1.001491,0.01447,0.371572,-0.834332,1.809245,2.40204,-0.521369,-1.190555,1.308307,2.027027
2023-07-18,0.196529,0.323264,0.090419,-0.036305,2.333336,-1.329787,-0.674154,0.711851,-1.207303,-0.1024,-0.260735,2.873079,-0.010583,0.182552,0.230861,0.376346,3.949919,1.698035,0.300481,0.12247,-1.774316,0.59983,-1.219733,1.099432,-0.191385
2023-07-19,1.035733,-4.014841,1.476873,0.031119,2.071872,1.918175,-2.0626,0.347644,0.237939,-0.415615,-0.668366,-0.74361,1.290329,0.981997,0.790019,0.951989,-1.843819,-0.815357,-0.269137,0.418726,1.143528,-0.855713,-0.480057,-1.614646,-0.488092
2023-07-20,-1.00466,-4.097076,-3.065563,1.452433,1.14906,0.603893,-1.828365,-0.362065,0.45207,1.281353,2.00297,-1.461591,2.552616,1.048337,-0.172416,-3.502396,-1.894961,-2.12226,0.119759,1.544577,1.438304,0.295385,-0.431342,-5.959366,-0.203108
2023-07-21,-1.11283,-0.018027,-1.02025,-0.030876,0.345148,-0.19548,-0.497435,0.490987,-0.252976,-1.735849,0.170804,0.863507,-0.2745,-0.545575,2.547581,-3.385099,-1.540886,-3.230104,1.912158,-2.692603,0.836062,-1.05022,-0.483155,-2.977616,-0.074071
2023-07-24,-0.341246,-0.009042,-1.158771,-0.20032,2.031255,-0.00066,-0.106859,-0.633926,-0.005956,-0.912058,-1.288623,-0.328115,-4.478671,1.955216,-1.228363,-1.409836,-0.213972,-0.266034,-0.378674,0.257957,0.422736,0.406684,0.040294,5.163178,-0.553778
2023-07-25,0.149999,1.673565,-0.139195,-1.549637,-1.862017,-0.56148,0.700394,-0.621364,0.709343,-0.46702,-0.430429,-0.179508,-1.196832,-0.305147,-2.106273,-0.243911,1.114928,1.642151,0.581395,-0.328787,-1.962048,0.048562,1.644295,-2.606655,-1.257708
2023-07-26,0.428565,-1.626313,1.296334,1.029116,0.52729,-2.643746,-0.615056,0.432359,-0.523654,0.147317,0.337331,0.43559,1.580984,0.67002,2.132381,-0.869881,-1.074863,-1.236393,-0.517693,1.657946,0.51471,-0.354377,-1.200361,0.417856,-0.185874
2023-07-27,-1.428427,-0.617231,-2.099237,-2.976697,-1.48011,-3.877064,-1.72401,0.21076,-1.573622,0.345572,-1.22687,-0.401145,-1.970912,-1.10921,-0.327844,-4.124632,-2.866544,-1.330638,-1.412509,-1.237154,0.024329,0.057437,-0.393167,-4.696057,-1.002472
2023-07-28,0.595882,-0.370434,1.943098,-1.036568,-0.777611,0.855301,1.37636,-0.942507,-1.083358,0.568097,0.829961,-0.986075,0.160355,-0.235246,-0.398468,2.713963,1.408572,0.175711,0.644409,0.62897,-0.056787,-0.874449,-0.703087,2.532139,-0.573492
2023-07-31,0.198918,0.210229,0.360357,-0.083795,0.313481,-0.608573,-0.00753,0.785194,0.069689,-0.553387,0.230922,0.515288,-0.703623,0.496255,0.992471,-1.572491,-0.296806,-0.053475,2.459491,0.846565,0.575689,1.695698,1.832205,-0.0187,1.325826
2023-08-01,-0.321038,2.923154,-1.392737,0.407952,-0.690953,-0.419169,0.588778,1.651786,0.471459,-0.735405,-0.708834,0.234945,-0.257508,-0.158801,-0.548239,1.628136,0.343087,0.101164,0.798627,-1.63601,-1.346346,1.084921,-0.758722,-1.949223,0.357586
2023-08-02,-1.261275,-8.486065,-1.490578,-0.656858,0.096279,-1.187247,-0.826568,-0.536497,-0.091352,1.219462,0.172546,-0.909229,-0.968578,-0.102857,-0.600838,-1.160378,-1.837366,-3.408174,-0.593222,-0.910643,-1.869306,0.16594,-0.948214,-0.571275,-0.763736
2023-08-03,-0.208806,3.854984,1.121745,-0.905623,1.519067,-0.928917,0.375085,-0.044405,-0.692072,-0.25997,-1.182734,1.059263,-0.880237,0.870972,-0.646268,1.051854,0.202455,1.63242,-1.797429,0.024234,-1.369636,-0.586259,-1.220234,2.888436,-0.584579
2023-08-04,-1.902759,1.170507,-1.056281,0.554382,-0.191331,0.135869,-0.905011,1.229601,1.042713,-0.207739,0.190985,0.690332,-0.295863,-0.24296,0.840687,-1.343022,-1.235388,-0.678004,0.0,0.430206,-3.61466,1.243662,-0.532545,-2.724451,1.995759
2023-08-07,-1.800911,0.386728,0.872399,-0.509317,1.496337,-0.556407,1.83493,-0.324802,-0.712523,1.149604,0.484063,0.36746,0.176171,0.102164,0.300605,1.063112,0.529887,0.678326,-0.77453,0.113054,-1.577119,0.871469,-0.525689,0.0,0.292714
2023-08-08,0.061217,-1.487732,-0.483568,0.305266,-0.095843,0.540993,0.597151,-1.173266,-0.108974,-0.130385,0.425316,-0.190259,-1.017509,1.010885,-0.259567,-0.55979,-0.278323,-0.421375,0.260273,-0.765431,0.367772,-0.386044,0.111378,0.909275,0.957811
2023-08-09,-1.481723,-2.143678,-1.514607,-0.210084,-1.153103,-1.036809,-1.519064,0.280474,-0.15124,-0.531993,-0.230781,0.751447,1.392729,-0.985072,0.629985,-2.451423,-1.298738,-3.884893,2.047873,0.812418,-0.217391,-0.069263,1.090968,-3.459956,0.553547
2023-08-10,-0.841316,-0.961365,-0.366729,-0.870253,-0.225733,0.616898,-1.241246,-0.499996,-0.680008,-0.484498,-0.766817,-0.179649,-1.558077,-0.531162,0.128779,-0.714429,-0.947794,0.540798,0.308808,0.455455,-0.017425,-0.228983,1.032794,-0.024449,0.371611
2023-08-11,0.26505,-1.175929,0.735087,-0.031999,1.590915,-1.16534,0.699513,0.987065,-1.196288,-1.309663,-1.095085,-1.447559,-1.134611,0.927921,-0.134367,-0.307364,0.234185,-2.146056,-0.95025,0.580464,-0.225908,0.311217,0.962021,0.363978,-1.337634
2023-08-14,0.837223,4.899301,1.641362,0.529413,-0.38647,-0.311791,1.499345,0.029896,-0.006206,1.251101,1.111695,1.581811,0.10028,0.755162,0.868407,1.731009,0.824541,8.069452,-1.111111,1.506499,-2.120608,0.265939,-0.321161,1.722528,0.459769
2023-08-16,-0.316151,-2.634203,-1.545299,-0.309848,-1.546215,-0.178725,0.0,0.119075,1.459161,0.734021,0.214782,0.545786,-0.1663,-0.272247,0.826154,-1.968689,-0.124686,-2.322553,1.559841,0.946684,1.172152,0.243475,0.202998,-1.06131,1.086563
2023-08-17,-1.772609,-2.954841,-1.092582,0.064103,-0.543478,-1.378203,0.092446,-0.012748,-0.018774,-0.366297,-0.553842,-0.595067,-1.999998,-1.491251,-1.432528,-2.716257,-1.141824,-1.423697,-0.531616,-1.133579,1.131246,-0.557164,1.780981,-3.025744,-0.262751
2023-08-18,1.27104,2.978511,1.215625,0.877147,0.241046,-0.455495,-0.817054,0.059672,0.201565,0.894511,0.290115,-1.061473,0.14739,0.894011,-0.303775,1.512383,0.632777,1.557409,-1.322821,1.009385,0.517546,-1.258062,-0.656228,0.639833,-0.807126
2023-08-21,0.439818,1.902076,0.702847,0.889638,-0.239561,3.634764,0.935678,0.537111,-0.687285,0.313142,0.473335,1.126104,1.312215,-0.113597,0.772182,2.275527,1.242416,5.558052,0.427838,-0.785447,-0.218169,0.789627,0.89479,4.391783,0.679946
2023-08-22,0.096012,-3.418645,-0.614452,0.335484,-2.368687,0.268047,0.443551,-0.211506,-0.855077,-0.303079,-0.460061,-0.067627,1.169263,-1.929512,0.404799,-1.692012,-0.93395,-5.125167,0.056797,0.099329,-0.69869,-0.525003,-0.30308,-2.938605,0.506026
2023-08-23,1.456414,3.57785,0.758367,1.793139,0.0,0.231693,1.682288,-0.875976,0.41772,-0.036891,1.346958,-0.568506,-1.130378,0.696952,1.042927,1.989598,0.982025,2.72533,-0.847458,-0.079233,1.033279,0.302538,-0.182081,3.278976,-0.479329
2023-08-24,-2.374491,-8.337831,-3.343107,-0.350326,0.774652,-0.175525,-3.113101,-1.488704,-0.878679,-0.145068,-0.365037,0.14773,0.066579,-0.183054,-2.160149,-3.936348,-3.869612,-6.079738,-1.367518,-2.366229,-0.207561,-0.59419,-0.471437,-3.611837,-1.444773
2023-08-25,0.693424,1.067512,0.596356,0.934289,-0.488825,1.356293,0.262476,-0.948502,-0.828811,-0.134396,0.773666,0.502475,-1.674431,-0.156162,-1.458479,-0.220181,0.46972,-2.114353,0.924316,0.502854,-0.670961,0.186668,0.399344,3.147291,-0.073168
2023-08-28,0.055531,-0.831159,-0.478397,1.030511,0.243986,0.147406,-0.228469,-0.740264,1.040666,-0.362575,0.061856,-0.313355,-0.808988,-0.006783,1.57525,0.784726,-0.601852,0.759435,0.057105,-1.142799,0.008727,-0.543605,-0.82791,-1.550002,-0.826352
2023-08-29,2.459654,3.731268,1.147098,-0.959402,0.969196,0.597934,1.761949,0.316321,0.037749,-1.279847,-0.570224,-0.445925,-0.643417,0.710844,0.330257,3.260796,2.028706,4.538636,0.056942,-1.292794,0.209178,-0.14493,0.899423,7.796123,-0.378369
2023-08-30,1.465335,1.129027,0.103768,0.035603,-0.616011,-0.790333,0.816149,0.385935,-1.574239,0.2296,-1.190168,0.57113,0.408163,-0.309508,-0.51231,-0.696573,0.036509,0.448579,0.028459,-0.5736,-1.612621,-0.207476,0.071427,1.062155,-0.682924
2023-08-31,0.01597,-0.442604,2.184212,-0.845385,-0.898722,-1.607145,0.117641,-0.623143,-0.478154,-1.06633,-0.130208,0.020899,-0.744919,-1.301762,-0.636031,0.030435,-0.437425,-0.050631,-0.938572,-0.660338,-1.396454,-1.299616,0.440004,0.820373,0.098038
2023-09-01,-0.015831,2.289717,-0.960857,1.73467,0.764949,2.121073,-1.309474,1.091223,0.235516,-0.00998,1.233147,0.901501,0.238633,0.4997,-0.291509,-0.998761,-0.799853,-2.51799,4.214453,0.253469,1.217341,0.392155,0.155854,-4.761725,2.059074
2023-09-05,0.754195,1.633026,-0.333981,-0.405906,-1.002076,0.852674,0.243652,-0.097025,-0.849912,-0.117528,0.446017,0.948807,0.956939,-1.331888,0.457635,1.053803,1.382975,0.673954,-0.21798,0.148764,-0.451698,0.273395,0.517625,4.689792,-0.906375
2023-09-06,-2.914008,-1.157741,-0.70423,-1.670999,-0.035212,0.991073,-1.146888,-0.32262,1.185943,0.399851,-0.524647,-0.300295,0.788371,0.179689,-0.348542,-0.841861,-0.149979,-2.848829,-1.000536,0.313901,-0.653026,-0.119397,1.272265,-1.262053,-1.025939
2023-09-07,1.358605,0.423965,2.949972,1.362626,-0.985571,-0.227641,1.250092,1.292407,0.962079,-0.101596,0.861709,-0.299199,-0.646167,-0.284468,4.149283,0.224837,-0.416555,1.572761,-1.756757,0.425323,1.94542,0.71266,-0.006302,2.619659,0.674496
2023-09-08,-0.095326,-0.868997,1.001019,0.214678,0.853484,0.279432,1.089616,0.24226,0.938878,0.391376,0.315244,0.416807,-1.172135,0.320853,0.470918,-0.444485,1.266319,-0.805369,1.068491,0.336064,0.421689,-0.386371,0.537401,-1.082717,-0.795942
2023-09-11,-0.394295,-1.863586,3.13514,1.894483,-0.105229,-0.449161,0.27831,0.391681,0.178036,0.893068,0.338478,0.466112,0.269056,-0.200341,-0.371774,2.040408,0.207571,-2.101927,-1.105421,0.921701,0.800684,0.538703,0.104366,3.522911,0.427253
2023-09-12,-1.777259,1.06526,-0.765888,-0.900988,1.79199,0.138799,-0.675178,-0.202333,-0.189023,-1.967434,0.040402,1.254636,0.501227,1.273354,-0.254099,-1.524494,-1.206009,0.295051,-2.136874,-1.778087,-0.89279,2.542957,-0.940595,-1.211404,-0.480441
2023-09-13,-1.303035,2.48335,2.766945,1.146617,-0.824182,0.627251,1.199208,-0.526521,0.772389,0.50321,0.0,-0.441862,0.287486,-0.631188,-1.248514,0.892979,1.433703,1.98431,1.099505,0.452871,1.368115,-0.091008,2.679313,0.45543,0.172434
2023-09-14,1.000003,-1.66006,-0.248139,0.635814,0.102848,0.24612,0.363372,0.214701,-0.082103,-0.406211,-0.463567,0.129565,-1.305116,0.953736,-0.215385,1.623528,-0.132679,-0.803046,1.705003,-0.272356,-0.192167,-0.280108,-0.49427,1.739644,-0.444795
2023-09-15,-0.832956,-4.317905,-1.611888,0.602353,-0.379968,-0.090686,-0.420352,0.819163,0.712121,-0.206081,0.21205,-0.421609,0.066958,-0.073866,-0.833616,-3.626324,-1.988606,-3.178135,-2.634326,-0.41126,-0.091764,0.853454,-0.398577,-1.138524,0.28422
2023-09-18,0.844291,1.537396,-0.355923,0.313251,-0.138885,0.797844,1.171222,0.230415,-1.493572,0.700014,0.010104,-0.870488,0.825245,0.647942,0.338491,1.46215,0.384384,2.849253,0.511301,-0.147542,0.860058,0.729036,2.533006,-2.168463,-1.122318
2023-09-20,-2.103084,-1.973431,-2.352948,1.48178,-0.902465,0.672355,-3.143103,0.928601,-2.207633,0.702149,0.57053,0.951771,0.276732,-0.902099,-1.262405,-1.763637,-2.65243,-3.12156,0.938589,-1.687961,0.041608,0.727655,-0.221789,-1.666422,-0.955669
2023-09-21,-0.355205,-2.525353,-1.978172,-1.183515,-1.093094,-0.608236,-0.760803,-0.46729,0.022535,0.298057,-2.107253,1.022498,-1.170496,-0.298145,0.49566,0.010145,0.084567,-1.361138,-0.902334,-0.427373,-1.974996,-0.090566,0.136364,-0.833822,-0.220977
2023-09-22,0.068698,-0.742882,-1.517814,0.816832,-1.531886,-0.301578,-0.390023,0.098236,-1.882615,0.585492,-0.648198,0.284872,-0.983238,-1.059133,0.336922,-0.073505,-1.341341,0.091413,-0.803858,-0.885945,0.783492,0.548267,-0.736633,-4.864021,-1.390197
2023-09-25,1.079222,1.49036,1.476503,0.369385,0.363638,3.232341,0.985904,-0.515752,0.393443,-0.26586,0.63664,-1.053794,-0.112846,0.756788,-0.52948,1.755504,0.300077,1.517156,-0.268817,-0.42333,-1.238572,-0.703681,0.288592,1.483277,-1.051372
2023-09-26,-1.635969,-0.559586,-3.181672,-0.475954,-0.6218,0.648987,-0.924711,-0.201744,0.82951,0.200079,-1.068877,-1.250718,-0.259245,0.228206,-0.084046,0.436736,-0.948812,-0.214281,0.94086,0.168906,0.067344,0.50734,-0.953245,0.469174,-0.935699
2023-09-27,-1.268684,1.291056,0.174937,1.50997,0.1469,-0.222151,1.532228,0.206593,0.252789,1.039984,-0.33816,0.755495,1.514297,0.406362,1.473308,-0.901988,0.156907,0.326002,-1.082939,1.083845,-0.623475,-0.019497,-0.993286,-1.539341,0.824741
2023-09-28,0.797216,4.92138,1.564014,0.379749,1.435404,-0.842429,1.902342,-1.522477,-0.67145,-1.585996,-0.306719,-1.938148,-2.044666,0.895541,0.702576,1.679263,0.852125,1.481398,-0.7676,-2.052031,-0.219871,-1.756944,-1.872572,2.649779,-2.677069
2023-09-29,-0.470874,-1.786229,-0.842429,0.562608,-1.828613,0.927121,-1.815725,-0.024284,0.170644,0.00203,0.549278,0.233921,0.542981,-2.409153,-0.541117,-2.332622,-0.629426,-0.748395,1.777192,0.136645,0.961459,-0.243126,-0.356007,0.088,0.259256
2023-10-03,0.081272,-1.689589,-2.60815,0.584546,-2.189505,2.40078,-1.127378,0.503039,-1.240992,-0.847393,-1.187472,-0.142756,-0.283447,-0.342172,1.077125,-1.091174,-2.318976,-2.881183,-2.48283,-0.506451,1.064371,-0.575798,1.506922,-0.836653,-0.246033
2023-10-04,1.502138,3.397912,0.745679,-3.84411,0.231845,-2.130214,1.845028,0.449761,2.31104,1.653799,-0.529413,1.357893,-0.830019,0.111742,-1.186322,2.293032,1.569911,0.683553,-0.921657,0.223036,-2.291667,1.475775,-0.607348,5.24704,0.546308
2023-10-05,0.644462,-0.483512,-0.591903,0.325,1.086109,-0.80797,0.0,-1.084872,0.045598,0.061559,0.604145,0.788564,-0.89773,0.605464,2.093947,0.052524,0.084612,1.448355,0.524136,-0.22205,0.364411,0.994657,1.3422,0.019226,-0.281903
2023-10-06,2.123131,4.972586,3.060563,-0.402984,1.164141,4.057959,2.663986,-1.142176,-0.644427,-0.815494,-0.084565,0.62606,0.982071,1.532435,-0.682194,4.641053,3.383359,3.550337,-1.117168,0.040998,0.143238,0.846558,2.46904,2.578944,-0.036763
2023-10-09,1.232966,0.905574,1.61622,0.145759,2.13509,-0.917669,1.080762,1.100322,-0.768979,1.058352,-0.175488,0.720181,-0.113389,0.772658,-0.009758,1.875195,1.561203,0.961152,-0.656095,-0.426762,-0.493201,-0.18381,-0.825567,1.707734,0.346362
2023-10-10,0.162826,1.414089,0.512334,1.235121,1.503193,0.355057,-0.317691,0.49779,0.282788,0.159223,1.148446,0.758137,0.896806,0.15816,0.069942,0.852344,-0.776522,1.077023,0.658254,0.0802,0.792168,-0.306318,-0.783006,2.277399,0.332187
2023-10-11,0.897871,-0.760493,1.610911,0.009811,-0.552078,-0.464996,1.421562,-1.611376,0.620874,1.510902,-0.188507,-0.173679,0.234798,-0.245717,-0.042073,1.489117,0.365334,1.320462,-0.623641,1.322133,-1.432409,-1.098633,-0.279659,-1.205868,2.970659
2023-10-12,0.355417,0.359778,0.121059,-0.347357,-0.259547,-1.362462,-1.474656,-1.706827,0.895124,0.078278,0.14693,-1.769557,0.233512,-0.334932,-0.395928,-1.170731,0.178478,0.359149,0.682314,0.236782,-0.803995,-0.907691,-0.212637,-1.540399,-1.102547
2023-10-13,-1.416598,-3.276581,-2.398859,-1.481666,-2.442581,0.651282,-1.449278,3.707682,-0.275974,0.642365,0.14211,1.861212,-0.333443,-0.3367,0.712252,-2.732358,-1.398999,-3.19208,0.216799,0.397438,-0.276932,1.157227,-0.038052,-3.005021,-0.206362
2023-10-16,1.114569,0.986531,1.423216,1.494948,-0.625921,-0.103181,0.67309,0.605703,-0.124063,-0.066404,0.305748,0.14315,0.212059,-1.070586,0.095192,0.787716,0.480298,2.29013,-0.744876,-0.04051,-0.06076,-1.176387,0.529839,1.547688,-0.194644
2023-10-17,0.283046,1.545295,0.828286,-0.079297,2.107215,0.16089,0.786263,-0.136836,-0.935243,-0.084046,-0.157002,0.152748,0.811474,-0.027112,-1.40197,1.829156,0.749416,-0.14091,-0.40107,-0.031834,-0.216375,-0.65014,-0.286321,1.89924,-0.072873
2023-10-18,0.148078,-1.170438,-1.362578,-1.698022,-0.835154,-2.278878,-1.068476,-0.669018,-1.39177,-0.848234,-0.574169,-0.100551,-0.57237,-0.463874,-0.751138,-1.37528,-0.715812,-0.927427,-0.558512,-1.326823,-0.882731,-0.676445,-0.799285,-3.965178,-0.37897
2023-10-19,-0.329463,-1.358247,-1.661954,1.194244,-1.064224,-0.02231,-0.541516,0.043411,0.634378,0.914855,-0.026709,0.529419,0.144522,-0.130604,0.951871,-2.210206,-0.249883,-1.65845,0.161292,-0.253032,0.245705,-0.399196,0.448009,-2.584641,0.854695
2023-10-20,-1.386112,-0.459524,-2.249125,-0.874623,-1.828357,-0.522409,-1.259736,0.527155,1.182727,-0.986115,0.080472,-0.192308,-1.505619,-1.120572,-0.907905,-1.747635,-1.522365,-1.20076,-0.427809,-0.039126,-1.1932,1.279566,-0.197087,-2.313252,-0.810019
2023-10-23,1.222864,-0.793568,1.548584,-1.602042,-2.143129,-0.014101,1.081166,-0.909453,-1.145386,-0.42101,-1.279192,-1.18897,-0.479453,-1.357215,-1.48851,1.457192,1.182907,4.234879,-0.591552,-1.170308,-1.802515,-1.809677,-0.814797,0.990477,-1.970068
2023-10-25,-0.453804,-4.341765,-3.689306,-0.473957,0.669819,-1.339292,-1.989703,-0.178684,-1.610782,0.090907,-1.074457,-2.069332,-0.96132,-0.120946,-1.449811,-3.37742,-1.260789,-3.730586,-0.27049,0.351099,-0.429639,-0.011795,-0.875308,-1.602745,-0.663368
2023-10-26,-2.042611,-2.416918,-0.878718,1.678869,2.471562,-2.666197,-0.803113,1.38272,-1.867559,0.625758,-0.617955,0.324704,1.117452,0.715512,-1.424635,-2.254235,-3.714687,-3.648485,-1.416897,-1.088405,-0.806966,-0.929323,-1.884286,-2.631087,-0.145192
2023-10-27,0.784853,0.657617,1.220286,2.321429,-3.452243,-0.036621,-0.577799,2.562648,-0.023816,0.597819,-0.354803,1.224651,-0.13814,-2.346164,1.300333,0.764059,-0.187633,-1.531731,2.071823,1.151788,2.027277,0.028357,0.827109,-1.566953,0.870602
2023-10-30,0.751384,0.041607,2.304969,-1.351283,1.461299,-0.036642,1.014528,-0.413386,1.49325,0.319705,1.737988,-0.239064,-0.943501,0.718261,0.93647,1.193623,1.169729,0.1801,2.054056,1.693052,0.390766,0.85224,0.368758,-5.695718,-0.520833
2023-10-31,0.838499,2.348298,0.256118,-1.618239,2.331004,-1.019177,-0.78362,0.314465,-1.828457,0.558661,-1.501131,-0.836982,-0.372097,0.980314,-0.030714,-0.672582,-0.218392,0.815817,-1.612052,-1.722513,-0.255734,-0.889968,2.245474,2.40669,-0.365351
2023-11-01,1.736843,9.596266,2.269329,-0.618703,-0.151289,-0.639627,1.91827,-1.644535,0.83775,-0.513078,0.027358,-1.376499,-0.441858,-0.222619,-1.769323,3.312904,1.8482,3.524611,0.295462,0.360396,0.026494,-0.725785,-0.640299,0.793967,-0.755502
2023-11-02,1.16796,-0.120412,-0.475736,0.506136,3.40697,-1.074373,-0.724187,0.58452,-0.555556,0.47677,-0.010866,0.010951,0.255784,0.949391,-0.575806,-2.026471,0.311029,0.410823,-0.427809,0.270101,0.175101,0.505508,0.046875,2.601302,-0.039081
2023-11-03,1.383143,2.934431,-0.280595,0.289044,0.923296,-1.547551,0.84362,-1.274753,-0.285618,0.490589,0.565398,0.65215,0.103969,0.569659,-0.775392,0.655901,0.906668,2.237621,1.794806,-0.322276,0.373268,-0.919577,2.163708,-0.538091,-0.634718
2023-11-06,1.615824,-0.754883,0.706263,1.447239,-0.805321,1.42235,0.92987,-0.513226,-0.233645,-0.699805,0.472902,0.674369,0.426754,0.635611,1.447322,-0.056973,0.871407,1.029037,1.629867,0.287268,-1.314437,0.155556,-1.297582,-2.102863,-0.349743
2023-11-07,1.473387,1.421416,1.536822,1.279764,0.392159,-1.890053,0.198909,0.390067,-0.451807,0.018027,0.476897,0.307146,-0.505869,0.348408,-0.292928,0.555103,0.314414,0.516197,-0.103411,-0.439151,0.861171,-0.223506,-0.116067,1.00009,-0.415694
2023-11-08,0.29613,0.035221,-0.622508,-0.224608,-0.958808,-0.890795,0.664271,-0.964842,0.512153,0.854688,-1.339028,-0.996441,0.877297,0.423288,0.731166,0.515491,0.420266,1.028206,0.851837,0.167234,-0.274968,0.299577,0.694743,-0.466051,-0.624023
2023-11-09,-0.300614,-0.534619,-0.999858,-0.278114,-1.923759,-1.313296,-1.303426,-0.011835,-0.023552,-1.720208,0.35867,-1.511568,-0.776614,-0.79071,0.727609,0.353758,-0.444379,-1.089174,-1.933844,-1.08312,-0.456114,-1.258079,-1.12016,-4.445963,-0.561356
2023-11-10,1.320864,3.707912,2.207027,1.110121,-0.288184,1.014923,1.913905,-0.542668,0.77022,0.385549,0.395759,-0.080293,0.494939,1.028005,0.403831,2.759888,2.262863,1.757893,1.660611,0.405537,0.294222,-0.136311,-0.205328,2.199683,-0.26295
2023-11-13,-0.548921,-1.309782,0.358949,-0.456296,0.580973,-1.16746,0.235239,0.079365,-0.22116,0.038348,-0.685515,-0.456566,-0.54744,0.054909,-0.04918,0.916613,-0.418231,0.620859,-0.051042,-0.357304,0.060237,-0.728544,-0.312977,3.761596,-0.248304
2023-11-15,0.085168,-2.107185,-2.624779,-0.349285,1.438356,-2.891364,-0.185364,0.129414,0.019949,-0.619529,-0.349433,0.822016,0.878793,0.862184,0.084897,-1.544699,-0.433631,-2.096727,0.503778,0.702989,-0.434225,0.626643,0.632011,1.483557,1.582157
2023-11-16,0.073851,2.244032,1.362571,-1.577491,0.37377,6.017665,1.28707,2.122605,-0.08942,0.443513,-0.319489,2.033758,-0.746689,0.906123,-0.222373,1.463402,1.40447,1.645471,-0.345678,0.408313,-0.008549,1.976649,1.230505,-2.463572,1.391552
2023-11-17,-0.294348,0.819127,1.76643,-2.024835,0.908786,1.12737,-0.507355,-0.323588,1.013421,2.588237,-0.507259,-0.242878,0.0,0.407366,1.934426,1.447344,-1.006392,-0.45634,-2.240478,0.112633,-1.99304,0.131505,-0.004489,0.991381,-0.653268
2023-11-20,0.821527,0.687657,0.689037,0.784915,0.100069,-1.152285,1.914876,0.794713,-0.515535,-1.104776,-0.059652,-0.374482,-0.693418,0.795628,-0.203549,1.516912,1.675557,2.224611,-0.075754,0.034066,-0.044326,0.812033,0.235174,0.666558,1.780264
2023-11-21,-0.40228,-1.144846,-0.006956,0.186876,-1.100367,0.256175,0.498942,-0.673854,-0.069128,0.00998,0.183898,-0.208044,-0.205875,-0.150128,-0.441959,-0.399012,-0.692098,-0.363083,-0.932644,0.54522,-0.795053,-0.26708,0.875184,2.620832,-0.484355
2023-11-22,-0.094004,2.091668,1.480251,0.716446,-0.369874,0.59127,0.741983,0.233678,-0.490128,0.564247,-0.054157,1.503976,0.617845,-0.052149,0.242287,0.67215,-0.039681,-2.278748,-0.104601,0.555787,-0.710543,0.861426,0.877944,-3.234997,-0.559006
2023-11-24,-0.471522,0.229451,0.027272,0.648703,0.848033,-1.226783,-0.970801,-1.486192,0.716541,0.00397,0.857301,-0.563801,-0.725624,-0.032556,0.139344,-0.558608,0.026504,-1.431814,-1.047943,0.096162,-0.284729,-1.063172,-0.265709,0.727271,-1.614907
2023-11-28,0.326691,0.024593,0.03402,0.799569,0.0,1.315566,0.823042,0.572891,-0.42665,-0.837364,-0.366027,-0.090031,-0.627852,0.208845,-0.130976,1.676664,1.149731,-0.860355,2.700551,0.020886,0.150823,0.377478,0.71534,4.242018,-0.037782
2023-11-29,-0.801466,-0.10486,-1.034832,3.212773,1.439091,-0.05467,-1.87541,0.751507,1.646131,0.519508,0.934574,0.585763,0.275227,0.097301,1.106557,-2.204949,-1.279446,-0.494021,-1.790281,-0.303158,0.10563,0.940822,-1.28244,-2.034432,2.072864
2023-11-30,0.057944,-1.982038,0.918763,1.086859,0.926848,-0.141617,-1.865979,0.2917,-0.659591,1.168458,-0.426008,0.130743,-0.206095,0.755276,1.069463,-1.42819,0.110971,-2.61119,1.193877,-0.720341,-0.877578,-0.33862,1.734138,-2.064126,1.49895
2023-12-01,0.478119,1.259595,0.705479,2.719918,1.842104,1.387569,0.0,-0.69094,-0.160472,0.633951,1.148566,-0.520582,2.717513,0.654594,1.939327,-0.202779,-0.597197,0.515847,-0.358513,0.685452,0.837743,0.332854,-0.271506,2.440595,-1.474322
2023-12-04,-0.289506,-0.985386,-0.282274,0.455152,0.949882,0.921664,-0.469665,-0.892596,1.347609,0.981764,2.853585,0.267043,-0.20879,1.262659,0.869103,0.860405,0.010839,-1.230552,2.824429,-1.216329,1.139458,-0.90841,-1.735214,-0.07211,-1.27211
2023-12-05,1.687604,0.80899,2.31975,-0.382662,-0.325946,-1.07941,1.582015,-2.186336,-0.78216,-2.796739,1.092271,-0.808439,-0.714288,0.451486,-0.108468,-0.216315,1.656427,2.419395,-0.074181,-0.051251,2.218303,-0.18089,1.631125,2.073804,-0.748647
2023-12-06,-1.095392,-3.206564,-2.07345,-1.286228,-0.812216,0.502033,-1.080339,0.3434,-0.649999,-0.091443,-1.060158,1.20474,2.059927,-1.592797,1.870872,-1.391601,-1.268946,-3.62597,-0.883437,0.572106,-0.903907,2.024005,-0.087327,-1.461388,2.950215
2023-12-07,0.330527,6.275349,0.499494,-0.125086,0.228832,0.016237,1.399585,-0.225394,0.335382,-1.287684,0.265973,-0.471871,-1.430876,0.063814,-1.08186,2.775595,0.738669,1.960612,-0.99552,-0.119917,0.278691,0.274616,1.085455,0.451251,-0.416667
2023-12-08,0.777554,-0.478613,1.333518,1.375631,0.945546,-1.122377,0.58868,2.333081,1.39532,0.131006,1.64404,1.411181,-2.348079,0.801227,0.042936,2.98988,1.362405,1.955144,-1.951468,-0.328758,0.680332,-0.173412,1.668529,1.485825,0.907359
2023-12-11,0.036245,2.948841,0.157899,-1.107174,-0.22639,-0.44027,0.687406,0.37954,0.057571,-0.73941,0.99295,-0.100671,0.210409,0.365886,0.232392,-1.250757,0.7653,-1.819297,0.380614,0.136405,-0.121951,0.552044,-0.111432,-1.23589,0.142859
2023-12-12,0.844212,4.052931,1.346888,0.982143,-0.0975,0.47459,0.538659,-0.123453,-1.184861,0.11,-0.137643,-0.098135,-0.242183,0.810154,-0.965929,2.963646,0.951867,3.498675,-0.787003,-1.46138,-0.745539,0.910981,-1.803687,-0.645571,0.356549
2023-12-13,1.471121,0.159456,0.486093,-3.056524,4.195125,-0.573299,-0.607286,-0.735856,-0.094945,0.161485,-0.088684,-1.829268,-0.142455,0.336402,1.39728,0.242565,-0.438805,0.963698,-1.151484,0.493392,0.878829,-1.372288,0.483964,2.177715,-0.920787
2023-12-14,0.045448,-0.640794,-1.674111,-1.055287,4.046596,1.434486,-1.079624,1.696619,0.252128,-0.198306,1.115189,2.600104,0.021737,1.334736,0.208706,-0.203682,-1.976911,-0.082664,0.025525,0.413606,-0.375395,1.026171,-1.524543,4.075119,2.573788
2023-12-15,0.020254,-0.265202,1.07157,0.102754,-0.650506,-0.183296,0.744576,4.873421,0.396973,0.115075,-0.59886,3.634153,-0.801037,1.318368,1.538509,0.882564,1.057654,1.444161,1.926491,0.710254,3.224522,5.299044,-0.399722,0.911585,2.407981
2023-12-18,-0.101992,-0.179662,2.331303,-0.745733,-0.83061,0.524645,2.390106,0.969901,-0.301078,0.609095,-0.825277,-0.229598,-0.736264,0.186836,-0.125855,2.115676,0.866147,1.370442,-1.019648,1.017787,0.286086,0.028508,0.524902,-0.66987,-0.168161
2023-12-19,0.397634,1.140208,-0.395078,-0.315897,1.453223,-0.109274,-0.13885,-0.879118,0.175759,1.01181,-0.980009,-0.75154,0.606594,1.475902,0.286619,1.383182,0.476465,0.364196,-0.841583,0.121335,1.063998,-0.749026,-0.005538,1.475464,-1.548473
2023-12-20,-1.051291,-2.539567,-0.510137,-1.047237,-1.198327,-2.039867,-0.453339,-3.033673,-0.060314,-0.600476,-1.501955,-1.830614,-1.742916,-0.857195,-2.467903,0.180698,-1.168001,-3.109453,0.71871,-1.707479,-3.377865,-1.23326,-1.560743,-3.615305,-2.273753
2023-12-21,-0.724127,1.281312,0.352246,-0.769997,-0.12034,-0.800494,0.666709,0.063331,1.792393,0.430719,0.787721,0.969597,0.545661,0.395591,1.005881,0.314461,0.263048,0.366722,-0.637413,1.406808,1.835004,0.831947,1.586218,1.032158,1.18909
2023-12-22,-0.809502,-0.626416,-0.227617,-0.648163,0.662455,-1.666677,0.511473,2.215231,-0.757306,0.640831,-0.862458,1.820911,0.485657,-0.059705,1.575641,-0.615887,0.240846,-0.741941,-0.024511,0.212922,-1.240791,0.631579,1.322628,-1.643565,6.283025
2023-12-26,-0.28924,2.384519,-0.097678,0.279513,1.22571,-2.221163,-0.049433,-0.311064,0.549825,0.355253,0.020098,0.583059,0.087709,0.555352,0.347909,-0.045073,-0.090666,0.63511,1.393646,0.391357,-0.125223,-0.636152,0.596973,0.833031,3.546257
2023-12-27,0.342869,0.93284,-0.143267,0.939731,0.118346,0.178678,-0.861644,0.45038,1.296464,0.862338,0.430882,1.496112,0.02188,0.929455,0.968661,0.494279,0.10169,-0.18986,-1.88544,0.187843,1.217322,0.321136,0.579335,1.19605,0.522948
2023-12-28,-0.28845,1.335144,-0.221179,0.054186,0.177414,-0.224744,-0.390683,0.125797,-0.236942,0.76324,-0.208331,-0.401538,1.509191,0.560967,-0.760224,-0.383654,-0.023975,-0.243745,0.871672,0.608155,0.176859,-0.630233,0.410827,-3.97482,-0.65601
2023-12-29,-0.706547,-1.397991,-0.757677,0.07718,-0.795523,1.328887,0.042969,-0.532581,0.721862,1.14473,-0.741996,0.120046,-0.430944,0.058827,-0.141603,-1.401153,0.010641,-0.584186,-1.418268,-1.001499,-0.534471,0.036917,-1.06727,-2.595065,0.074313
2024-01-02,-0.806837,-3.950649,-1.062426,-0.168932,1.52741,1.447977,-0.274273,-0.977056,0.017655,-1.291539,-1.479438,-0.750322,0.074472,1.768292,-2.46663,-1.431743,-0.799762,-2.185038,0.827853,1.03288,-0.296244,-0.732076,0.250745,-0.663789,-1.841002
2024-01-03,0.016284,-0.287377,-0.489273,0.696606,-0.35662,-0.807932,1.216756,-1.523973,-1.709752,0.290498,-0.066012,-1.970456,1.488572,-0.30839,0.214101,-0.147837,0.430882,0.176897,1.3382,-1.022987,0.641282,-1.997611,-0.403181,-2.665523,-1.72451
2024-01-04,-0.131754,1.273262,-0.70059,1.849504,0.685134,1.925264,-1.46655,-1.186503,0.765791,-0.537108,0.076034,0.514967,-0.749999,0.451245,0.512922,0.760521,-0.736507,0.483603,1.971494,0.334231,0.038911,-0.944147,0.641232,-0.551727,-1.006566
2024-01-05,-0.445086,1.315984,0.380125,1.152131,1.863909,-0.307695,-0.74589,0.547372,-0.293399,0.96532,0.576924,1.712298,-1.136839,0.466556,1.643601,1.429442,-0.330651,1.310301,0.464145,0.184412,-0.472866,1.711562,-0.192217,0.265982,0.340626
2024-01-08,1.905652,4.146475,1.608287,-2.008734,-0.408161,0.768525,1.871013,0.898956,-0.896637,-1.77908,-1.207243,-0.40223,-1.999996,0.0,-1.098867,1.116434,1.459522,5.536026,-0.022937,-0.867812,-2.03125,-1.594474,-1.696285,1.825187,-1.56284
2024-01-09,0.663333,2.267898,2.04948,-1.063311,-0.561794,-0.624523,1.768951,-0.01369,-0.998712,-0.108422,-0.659062,-0.817172,-0.631018,-0.55937,0.807949,0.289001,1.016101,1.410275,-1.968329,-0.75,-1.0443,-0.54044,-1.149332,-1.322915,-1.582969
2024-01-10,0.998099,-1.019534,1.09825,-0.739744,0.298503,-0.459433,0.907801,1.166177,0.788189,-0.100779,1.924459,-0.331154,-0.269078,0.600003,-0.125353,2.859757,1.700453,1.368989,-1.348834,2.836636,-0.488154,0.624663,0.173947,-0.493409,0.476242
2024-01-11,-0.509273,-0.336655,0.090299,1.323068,-0.629494,-0.133467,-0.982649,-1.01333,-0.662651,-1.697676,-0.416956,-2.013252,-0.312436,-0.017612,-1.146521,-0.661057,-0.354921,-0.321828,-1.00467,2.286576,-0.926516,0.310152,-0.759339,-1.452924,-1.483679
2024-01-12,-0.075244,-0.999727,-0.49553,-0.532694,1.705424,-0.298678,-0.014021,2.378741,-0.653756,0.414446,0.874549,3.24904,0.744737,-2.733026,1.818804,1.169761,0.773045,0.164775,4.490173,0.796011,1.571014,0.904367,0.702703,-0.540714,2.296706
2024-01-16,0.806984,5.573294,-0.240992,0.219402,-0.894788,-0.245488,0.345074,-1.988031,0.367605,-0.159329,0.293213,-0.805569,0.961952,1.892406,0.718715,-1.656631,-0.861153,2.479186,0.063847,-1.104335,-0.484371,-0.966913,1.634807,2.236168,-2.020202
2024-01-17,0.777839,1.085517,0.145225,0.027731,0.252207,0.760614,0.084892,3.677633,-2.070064,0.545308,-0.622535,1.231288,-1.01824,-0.149396,0.448662,0.565113,0.384038,-0.521765,-0.064597,0.152626,0.320513,1.71773,0.290658,0.32114,1.525834
2024-01-18,1.364936,-2.123946,0.47784,2.954972,-0.062994,-0.41735,1.006683,-0.599236,-0.525433,-0.856031,1.273162,-0.003047,0.05374,0.179514,0.705723,1.249028,0.54886,-0.267202,1.521408,1.22465,0.399489,0.118012,-1.494195,-2.305422,0.051824
2024-01-19,1.177835,5.084435,0.981599,0.849029,1.320761,-0.55571,1.133066,-0.130576,-2.344031,0.015591,0.796936,0.460158,0.629597,1.647266,1.19345,1.174146,0.735295,2.590151,2.563561,-0.62137,-0.829384,-0.049428,1.827806,1.047667,-0.604511
2024-01-23,0.082037,1.153152,0.755569,-3.255176,0.706821,-3.837938,0.788261,-2.26121,-2.569968,-3.078333,-2.837308,-0.481786,-3.050132,-0.400774,-2.380693,0.150803,0.795956,0.508648,-6.163268,-3.147443,-3.492827,-1.070513,-1.22425,-1.022245,-1.704841
2024-01-24,-0.47078,3.326566,-0.589359,2.353109,-0.151375,-0.685529,0.107718,3.025949,5.480893,2.246646,-2.938456,0.933791,0.760705,0.673122,0.537814,0.17949,0.254019,1.754442,1.450219,0.647833,1.368961,-0.984535,0.102287,-1.911461,1.496813
2024-01-25,-0.537856,-1.679299,0.509718,-1.488658,0.542006,0.428041,1.199432,-1.257962,-1.211702,-1.079518,1.15685,-0.230131,-1.704245,0.365623,-0.17917,0.771453,0.136028,-1.175618,-0.404254,0.753937,-0.929669,-0.77085,-0.005303,-3.726933,-1.683922
2024-01-29,-0.145825,-0.525817,1.204969,2.437259,0.62874,1.498129,0.953569,0.610227,0.455784,1.427382,-0.352939,-0.51347,-1.338019,0.284481,2.885683,1.526621,0.901346,2.013656,4.771784,6.123126,0.638128,0.005261,2.820023,2.855135,0.638298
2024-01-30,-1.518806,-2.310797,-1.05787,-0.561301,2.625367,-2.451171,-0.876961,-1.310123,-0.704685,0.189483,0.192129,-0.661674,-2.00224,1.990397,-2.224193,-0.87465,-0.890218,-0.200323,-2.846005,-3.584024,0.207848,-0.181221,-3.767388,-1.914711,-0.400505
2024-01-31,-1.411463,1.17654,-1.146499,1.865107,-1.619906,0.629029,-2.450905,1.07099,1.601254,1.287757,1.116251,0.767482,0.352274,-1.044266,-1.143466,0.293063,-2.304896,0.141604,0.718708,1.611467,2.250954,0.124633,-1.372365,0.155077,1.195766
2024-02-01,1.559865,0.714829,2.187723,1.081432,-1.119956,-1.785638,-0.67548,0.088834,0.088729,-0.060604,-0.851098,-0.150643,0.203616,0.051829,-2.356322,0.21323,0.485283,1.492757,-2.748871,-0.58188,0.762353,0.893977,-2.957465,0.190982,-1.29829
2024-02-02,3.330371,2.226832,1.548552,-1.930058,0.299677,1.381202,2.240421,-0.066257,-1.955931,-0.985059,-1.263135,1.638602,-1.101125,0.825154,-0.783199,3.34856,1.835022,3.41702,2.9,1.711229,-0.360426,2.354808,-0.621736,1.551022,1.715788
2024-02-05,-0.249801,-2.71372,0.06463,-0.52013,-0.362425,-4.145636,0.602146,-1.867565,-0.079531,-1.806006,0.0978,-0.445496,-0.893668,0.368112,-0.999852,-2.228229,-1.036838,1.622576,1.11518,-1.487248,-0.641317,-0.243534,-1.6856,-1.736675,-0.134574
2024-02-06,1.305792,-3.043598,-0.141688,-1.083322,0.364528,-0.749847,-0.38022,3.687739,-0.100313,0.057739,0.278446,2.531493,-1.954544,0.280629,2.338613,-2.0,-0.096091,-2.020677,2.619175,-0.974437,0.89999,3.477608,0.19988,4.452344,3.084378
2024-02-07,-0.645193,0.867411,0.619544,0.758675,0.362973,1.026955,0.538822,-0.777029,-1.586376,-0.592235,-0.569064,-2.038751,-0.735632,-0.147993,-1.460089,2.530567,1.622321,2.605423,-1.127275,0.433517,3.083736,-1.675899,-0.041923,-0.318839,-1.147819
2024-02-08,-0.564968,-0.575351,0.111997,-3.367535,0.211799,-2.320312,0.05486,0.479708,-1.874317,-1.013597,-3.398105,-0.347469,-3.368298,-0.114284,-2.27073,0.358728,0.01449,-0.617916,0.036626,0.008621,2.814515,1.078242,-1.545161,0.296295,-1.421655
2024-02-09,0.106023,0.865495,2.07724,1.101022,-0.090631,1.132221,1.581679,-0.573172,0.822465,0.29374,2.209641,-0.91114,1.316751,0.005711,-0.350692,-1.02337,1.276337,2.26845,-2.709095,0.464237,3.069704,-0.068889,1.197487,1.78253,-0.091665
2024-02-12,-0.674028,-0.445905,-1.407326,-0.44703,1.878785,-1.503877,-0.599649,1.705305,-0.68946,-1.586164,-1.415286,0.58371,-2.562567,0.577866,-0.914413,0.151646,-1.260222,-0.484845,-1.546104,-0.575049,-2.49311,-0.225177,-0.382051,-2.071728,2.128312
2024-02-13,-0.392965,2.143617,0.542541,1.879163,-1.117147,0.055302,0.151809,-0.561195,0.179604,0.167364,1.371768,0.0921,-0.036865,-0.604616,0.286836,0.711362,0.340792,2.454541,0.581395,0.659565,0.691557,0.582962,-1.304409,0.016305,1.689525
2024-02-14,-0.631348,3.014928,1.046031,3.349658,0.454826,1.259172,-0.095837,1.318382,0.585033,0.123688,1.302563,0.361402,1.366994,0.548347,0.575978,1.143335,0.347975,0.953523,4.205429,1.638079,5.364614,-0.168003,1.115343,1.840261,2.093459
2024-02-15,0.16889,-1.328573,-0.457263,-2.305244,2.2509,-0.400237,-0.258485,-0.920736,2.097476,-0.738911,-0.606145,-0.038761,-2.203386,2.111837,-0.262918,1.84102,-0.387126,-1.639397,2.07988,-0.859541,1.872409,-0.60077,0.751033,5.968489,0.299833
2024-02-16,-0.605169,-2.017471,0.456317,-0.396086,0.501185,-0.46391,-1.727394,-0.450749,-0.280919,0.223635,0.004885,0.748965,-0.098764,-0.322923,2.475077,-1.001857,-0.955975,-2.006747,-0.163541,-1.076891,-1.146113,0.365886,0.202848,-1.044245,3.923445
2024-02-20,-0.126517,-3.184526,-0.446881,2.795087,0.532861,0.770271,1.04539,0.123423,2.777389,1.434539,0.739633,0.014837,-1.059815,0.301352,0.506008,0.432172,-0.111592,-3.467824,0.655029,-0.271182,0.138329,-1.260385,-0.359461,-1.208387,-0.718547
2024-02-21,0.208863,0.952432,-0.207178,-0.882207,1.019185,-1.490426,0.777664,-1.162756,-1.697403,0.124787,-0.458942,-1.102148,-0.8968,0.527923,-1.802258,0.327974,0.502281,-0.78522,-1.105068,-0.427412,1.426408,-0.535759,0.117743,0.729212,-2.705729
2024-02-22,0.485066,5.000002,0.854995,0.972207,0.719214,-0.240618,-0.579588,2.579077,0.126965,-1.330412,0.634465,0.981981,1.855495,0.687493,1.623867,1.226473,0.355931,4.68244,0.310391,0.926334,-0.918496,2.923699,-0.651522,1.757734,1.578041
2024-02-23,-1.345868,-2.936323,0.407394,-0.200178,0.563293,0.357349,0.201857,-1.841485,-0.137083,0.232361,-0.81308,-1.187391,-1.081986,0.097932,0.719434,-0.823684,-1.282271,-2.442133,-0.982169,0.276939,-0.894377,-1.886196,0.543299,-1.7101,0.214958
2024-02-26,-0.592626,-1.549393,-0.552078,-0.754493,-0.532703,-0.698802,-3.215134,-0.957524,0.619009,0.549952,0.104451,-0.883604,-0.462172,-0.212245,2.063232,-0.357832,-0.952701,-0.762853,-0.753949,-0.416799,0.51656,-0.865955,-1.829268,3.697541,-0.624704
2024-02-27,0.844836,1.182357,-0.310207,-0.240371,1.630594,-1.127277,0.623099,0.594303,0.466908,0.051996,0.899353,0.156531,0.280482,0.076373,0.905035,1.472973,-0.124998,-0.856629,0.484991,0.177003,-1.192522,2.635656,0.657027,-2.11233,-0.477526
2024-02-28,-0.597226,0.164535,0.417537,-0.297018,0.263005,-1.11534,-1.10224,-0.768903,-0.756962,0.43341,-1.580437,0.07485,-0.693174,0.517915,-0.992869,-0.202064,-0.112693,0.055397,-1.574074,-1.84592,-0.980193,0.570126,-1.649796,0.8083,-2.320752
2024-02-29,-0.286867,7.068174,2.167505,0.382818,0.553448,-0.05617,0.859563,1.321435,0.092722,-0.523709,0.877226,0.534536,-0.66015,0.215444,-0.213772,0.346,1.223571,0.022755,-0.150941,-0.286686,0.564585,-0.095143,0.812193,-1.126451,0.251302
2024-03-01,0.061265,2.389973,0.831684,2.160781,-0.521287,0.916809,-0.931874,-1.871138,2.196429,-0.299965,3.023699,-0.856803,0.14673,-0.220788,3.765371,2.070676,1.028524,2.848749,1.519695,1.955928,2.280588,-0.312868,3.743799,1.057249,-0.631709
2024-03-04,-0.596076,0.097483,0.028166,0.682283,2.508022,0.219339,-1.702785,-0.670106,0.122296,0.240048,1.049951,-1.245591,-0.764104,1.066529,-0.696187,-0.956262,0.357975,1.315823,2.364807,1.135547,-0.303465,-0.591962,-0.776271,-5.328836,-0.468498
2024-03-05,-0.374795,2.309229,-1.588197,-0.12701,1.316917,-4.213589,0.599024,-0.286332,1.325596,-0.214133,0.170328,-1.682987,-0.854389,1.175146,-0.512223,-0.965656,-2.732148,0.813886,1.339286,-0.370246,1.877844,-1.228456,0.073372,-1.261949,-0.859491
2024-03-06,-1.134106,0.095049,-1.156431,2.25414,-0.645171,-0.33557,-1.292068,1.934281,0.631295,-0.133109,1.555117,0.920265,0.332101,0.147952,0.668876,-0.309469,-0.21838,0.770255,-1.424547,0.639462,0.031902,1.758866,1.672869,-1.91678,-0.107064
2024-03-07,-0.088675,-0.53642,1.138252,-1.292189,0.084277,1.118895,1.197388,-0.748483,0.041506,0.607085,-0.639299,-0.00928,1.397573,-1.074198,0.442531,1.770387,0.743627,2.785112,-0.76717,-1.600155,-0.246837,1.072573,-0.659754,2.466296,0.340633
2024-03-11,-0.109866,-2.275748,-1.348168,-0.642843,1.412829,-1.774809,1.131267,-0.987914,-0.153843,-0.794932,-0.850223,-0.469487,-1.775434,0.539297,-1.605403,-2.70015,0.188225,-0.757846,-1.474292,-1.504367,-2.06329,0.815605,-1.387099,1.322318,-0.550838
2024-03-12,0.046204,1.117091,1.089337,-0.723982,0.167124,0.484774,1.072759,-0.018342,1.781733,-0.077735,-0.018576,0.809372,-0.504303,0.471024,-0.478151,1.315734,1.879202,4.388464,-1.313871,0.601737,-1.337661,1.695632,-0.350876,-0.129387,-0.37055
2024-03-13,-0.949238,-1.982591,0.375215,-1.423355,0.333712,0.262453,0.56834,-0.44241,-0.348002,-2.627364,0.631289,-0.093,-2.885059,0.535829,-2.650688,0.036334,-0.717532,-0.183405,-5.705311,-3.216704,-1.502672,-1.331748,-3.546157,-2.062992,-1.829504
2024-03-14,0.052048,-3.037529,0.596543,-1.55814,-0.640311,-0.90921,1.35279,2.769278,-0.454827,1.290756,0.333331,2.409565,-0.545092,-1.601841,2.300787,-1.685128,1.18504,-1.823016,4.257426,-0.571298,-1.180162,1.303733,0.280994,-3.141208,3.352293
2024-03-15,0.847109,3.370663,-1.256794,-0.932542,0.368484,2.18508,-0.926321,-1.771017,0.18276,-0.10086,0.778916,-0.432635,0.455415,2.048481,-1.69122,-1.00407,-0.684489,1.043366,-1.970075,-0.541742,-0.994248,0.635641,-0.041269,0.251289,0.437105
2024-03-18,-1.053714,-1.365823,-0.750857,1.661875,0.981488,-0.148898,-0.625804,-0.393963,-0.06565,-0.898401,0.572057,-1.677913,-0.36993,1.064889,0.679927,1.030678,0.7411,-2.138557,1.023361,1.371477,0.529506,-1.488642,-1.085937,2.223267,-1.505789
2024-03-19,0.998053,-0.949992,0.964294,-0.450002,0.390079,1.329559,-0.762692,-2.582926,0.964819,-0.713897,0.509991,-1.94053,-2.021529,0.560421,-1.109857,1.653108,0.856812,3.111887,-1.049618,-0.244969,-0.849317,-1.825361,0.122937,-0.603384,-2.77996
2024-03-20,1.678805,-1.26353,1.141135,-1.452381,2.539062,0.597581,0.500004,-1.099861,-1.242193,-0.35778,0.416667,-0.515038,1.390244,1.102013,0.198414,1.205203,0.765405,0.640338,1.695893,1.106485,1.530714,-0.378828,0.198139,1.537574,-0.514059
2024-03-21,-3.208138,-3.919992,-1.022285,-0.360802,1.570533,0.122998,-1.251084,-0.758703,0.218357,0.373773,-0.934061,-0.594632,0.536994,1.292486,0.988613,-1.350277,-0.107017,-0.937167,-0.661126,-0.106714,0.309971,-0.428569,0.571122,-2.02392,0.160116
2024-03-22,0.302751,1.37689,0.630096,-0.653776,-0.962311,0.83371,1.106498,-0.137822,0.128381,0.781581,0.846323,-0.798818,1.744806,-1.200944,2.019065,0.508873,-0.223417,3.453992,0.114085,0.348285,0.383147,0.356682,2.181911,2.483652,-0.439447
2024-03-26,-0.170584,-0.930154,-1.026917,1.122454,0.243244,2.303649,0.299559,0.0,-0.126116,0.353922,0.249764,0.043567,0.49348,0.585847,1.805828,-1.82923,-0.930427,-3.432412,1.471434,-0.237028,-0.403741,0.064516,0.905865,-0.509578,-1.265431
2024-03-27,1.701774,-0.205607,-0.027798,0.674118,1.503359,1.108593,-0.205052,-1.453158,1.204728,-0.45778,0.004618,-0.812167,0.234193,1.536898,0.635349,-1.089526,-0.709172,-3.073717,-1.226415,3.097374,-1.30552,-1.224125,1.632871,-0.870956,-1.542636
2024-03-28,-0.157208,0.568342,0.11656,-0.536641,0.530215,3.0311,0.053024,-0.351837,0.499762,0.86192,0.764981,0.732947,0.08178,0.406034,1.547257,-1.473097,-0.05701,0.395559,2.13373,-0.47057,1.978987,0.680501,1.111703,-0.935477,0.713236
2024-04-01,-0.677612,1.798995,0.099567,0.071269,-1.107006,-0.141853,3.185349,0.497092,0.857339,0.700436,0.32845,-1.937708,-0.559305,-0.525028,1.511562,0.851805,0.146243,0.070871,0.690172,-0.515918,-0.098808,0.488751,-2.211644,-0.53925,0.258425
2024-04-02,-0.141948,-0.429043,0.904671,-0.361565,0.29578,-0.600608,0.690552,-1.969208,1.023786,-0.491734,-1.210654,-0.134694,-0.664797,0.236908,-1.10136,2.529373,0.316588,1.135136,0.888558,0.198784,1.08151,-0.159382,0.051943,1.141126,-0.155618
2024-04-03,0.509509,1.819315,1.395225,1.863379,0.106944,1.559674,0.85937,0.688367,0.692893,-0.729677,0.204647,0.111564,-0.187799,-0.37178,-0.453983,1.565349,0.171539,0.542466,0.109078,-0.706778,0.804022,2.50065,-0.870473,2.658213,0.666669
2024-04-04,-0.863225,-9.34288,-2.173913,-0.658883,-2.068972,-0.838662,-1.934854,-0.074638,1.569147,-0.222469,-0.543906,-0.2583,-0.657973,-1.757469,-0.185282,-1.065019,-1.672977,-4.978651,-3.463124,-1.137013,-2.025808,0.689156,1.143048,0.611509,0.329355
2024-04-05,-0.005893,1.380126,1.474944,-0.188484,0.814994,-0.816887,1.646338,0.181533,0.685513,0.088302,1.252339,-0.064192,1.195269,0.657623,-0.716161,2.027636,1.311869,1.314675,0.037337,-0.053052,0.897155,0.031423,-0.633865,-2.472207,-0.29805
2024-04-08,-0.343135,1.0107,-0.914923,0.848177,0.80645,-0.5052,1.354894,-0.89768,-0.536993,-0.353537,0.816066,-0.424818,0.186783,0.435179,1.67824,-1.895033,-0.13642,-1.766622,1.065224,1.572139,0.293715,-0.262364,-1.309676,2.149521,-2.061226
2024-04-09,0.574986,0.334876,-0.8385,-0.917431,0.586514,-0.365653,0.326741,0.032468,-0.405179,-0.301634,1.382856,0.325502,-0.952495,-0.464489,-0.909686,-1.020615,-0.037521,-2.387874,-0.388884,-1.702483,-0.553061,-0.940009,-2.014645,2.295993,-1.684063
2024-04-10,-0.604268,0.257929,1.739888,0.147312,-1.425494,-0.078083,-0.044816,-0.123294,-0.874253,-0.70271,-0.139514,0.429905,2.019614,-0.040911,-1.23158,2.069549,0.253442,3.709219,0.759395,0.901898,1.637311,0.714033,0.574524,-0.739713,-0.041887
2024-04-12,1.314133,-0.75974,-0.847004,-0.560449,-0.055852,0.076826,-0.145613,-1.008458,-0.134783,-1.264977,0.081561,-1.27992,-1.126439,-2.936498,-1.885357,-1.12989,-0.507014,-1.686753,-2.280243,-0.591173,-1.408815,0.765548,-1.904026,-0.748516,-0.894737
2024-04-15,-1.522581,-2.499535,-2.032758,-0.484435,-1.04597,-0.962905,-2.51794,-0.136018,-0.190317,-1.510522,-1.986,-0.800674,-0.490655,-0.872629,-0.69635,-3.191276,-3.037973,-3.475948,3.994797,0.261804,-0.30271,-1.504472,-0.17743,-5.145682,-1.522137
2024-04-16,-1.37991,0.727143,0.027284,0.18573,-3.933513,-0.794586,0.13619,-0.608869,1.496301,1.731564,-0.326935,-2.518956,0.626108,-1.148163,-1.022335,0.331257,0.002407,1.136143,2.220214,0.853203,0.059902,-0.748333,1.585397,0.236057,-1.037409
2024-04-18,-0.589184,-0.276505,-1.239874,-1.929802,0.647157,-0.503744,0.431311,-0.690571,-1.000139,-0.011286,-1.727193,-0.130179,-1.678407,0.082824,-0.30882,0.396139,-1.548843,-0.351893,-4.143359,0.056368,-0.964032,-0.381759,-3.313306,-0.872732,-1.801104
2024-04-19,-0.727999,-3.265385,-2.29943,1.38916,2.40998,4.085497,-1.350833,0.381415,3.010326,0.522527,1.358094,1.895307,1.614837,1.86404,-0.18865,-4.321794,-1.215257,-8.358394,-0.542005,0.916406,2.171547,-0.307453,1.076564,-1.288849,2.897727
2024-04-22,0.193325,0.33075,0.163894,1.438879,1.972972,1.742635,1.276652,0.943401,-2.902278,-0.377778,0.727658,0.904992,-0.398121,1.838807,1.231522,-1.631543,0.219957,1.810409,-0.18031,0.502565,1.584559,0.719315,0.834034,1.060049,2.04307
2024-04-23,0.937398,0.408843,0.819851,-0.212665,1.133369,-0.671779,0.828229,0.796664,-1.22519,0.432756,-0.886364,-0.041578,0.917,0.528433,-0.622121,0.987279,0.823772,2.047815,-0.018067,-1.330294,0.344003,-0.060616,0.360504,0.941876,-1.006851
2024-04-24,1.489138,-3.078687,-1.861735,0.686553,0.789056,0.633666,1.041336,-0.721477,-0.217825,-0.255954,0.411994,-0.938174,-0.081534,1.338374,0.506008,-2.865803,-0.122082,-5.089929,0.630403,-0.910485,-0.693645,-1.515423,-0.885502,-0.436006,-0.862255
2024-04-25,0.212352,3.090849,2.351488,2.454545,-0.05273,-0.478855,3.08597,1.635195,0.298755,-0.321706,2.178899,1.299292,1.519722,0.582572,1.001077,4.741341,1.271479,4.772541,0.930734,1.211437,5.456431,1.075777,-0.66481,7.05837,0.457617
2024-04-26,-0.341419,2.048748,1.023618,0.026553,-0.26364,-3.840001,-1.387852,-2.834822,-0.657981,-0.99555,-0.382143,-0.656383,0.170748,-0.04133,-1.281491,0.414537,-1.419319,4.67322,-0.035338,-0.778708,-1.789439,-0.876744,-0.089185,-0.331663,0.584545
2024-04-29,0.074987,0.704045,-0.979476,2.561262,-0.766387,0.539765,-1.721285,-1.950528,0.957096,-0.353621,4.706681,0.335679,-0.859731,-0.103368,0.782007,-1.578852,-0.740284,0.184945,-0.264131,1.036209,2.416357,0.838977,0.553699,2.988008,-1.005021
2024-04-30,-1.730802,-1.400735,-3.362967,0.495626,-0.910308,1.370432,-1.708835,-0.712006,-0.595081,-0.071687,-0.823305,-0.986262,-0.977383,-0.554946,-1.228358,-0.204147,-3.028719,-0.960566,-0.579963,-0.06812,-0.030248,-1.326191,-0.371946,-1.97882,-0.129591
2024-05-02,0.301434,0.446711,2.139892,-0.532009,-1.311207,-0.794908,1.110505,0.198818,0.673456,0.963697,-0.31059,0.102615,0.68807,-0.730307,0.263226,0.64716,0.045263,1.619917,0.640565,-0.370241,0.380936,2.256455,-0.461647,-1.558573,-1.081315
2024-05-03,-1.751936,1.243702,-0.417134,-0.816754,0.0,-5.423659,-0.190972,-1.602186,-0.890267,-0.669801,0.065715,-0.407842,-0.818095,-0.776045,-3.05263,1.35223,1.088795,1.139095,0.739439,-2.515296,-0.401291,-1.201753,-1.699585,-0.499727,-0.662465
2024-05-06,-0.350973,1.750485,1.299119,-0.021855,0.079657,-2.113314,0.38218,0.058914,0.042709,1.402245,0.416101,0.415495,-0.742005,0.140825,-1.688997,2.216956,1.16939,3.076407,-2.268797,-1.112851,-3.257486,1.766158,-5.634353,0.522302,-0.032693
2024-05-07,-0.572365,-1.209068,-0.084694,-1.60116,0.371351,-0.25254,1.632047,-1.261174,-1.038137,5.004409,-1.398138,1.122846,0.789653,0.026084,-1.484449,0.418191,-1.282981,-0.597158,-3.628034,-1.024029,-1.243839,1.224939,-1.774778,-2.516445,0.454744
2024-05-08,-0.060159,0.143417,0.298761,0.355666,0.026521,-1.048536,0.224855,-1.299818,-0.889062,-1.071241,-0.315126,-0.553907,-0.056656,2.434552,1.687084,1.963324,0.580639,1.038187,1.224865,1.506265,1.021681,0.402675,-0.474745,1.824119,-0.387094
2024-05-09,1.101013,-0.483253,0.328248,-0.565951,1.998401,-2.864009,0.336506,0.384034,-1.861077,-0.638733,-0.432832,0.840601,-3.397345,1.193832,-1.125954,1.153194,0.426237,-1.968427,-4.328224,-1.33581,0.973022,-0.045433,-0.434074,-1.73704,-1.266921
2024-05-10,-1.000536,-1.536065,-0.888141,-0.320368,-0.077959,0.681583,0.368979,-0.295434,-0.07644,1.790179,-0.084969,-0.707294,1.606098,0.115851,-0.309305,-0.186544,0.435896,-0.472844,1.217228,0.764278,-1.166871,-1.733715,0.974494,-2.646635,-0.920948
2024-05-13,0.452975,-0.475939,-0.760634,1.062407,-1.061626,0.519895,2.970903,-0.250716,1.623603,-0.562346,1.402371,-0.108775,-0.323132,-0.035215,0.820313,-1.002642,-1.026293,-0.087308,-1.838911,0.200009,-1.347806,1.629555,-1.628121,1.111764,0.022133
2024-05-14,-0.042665,1.814805,1.768034,-0.628344,0.234375,-0.511176,0.335744,-0.071857,0.599067,-0.465983,-0.475173,-0.119186,-0.185829,1.261304,2.407574,1.830073,1.10189,1.960964,1.847353,1.363335,0.639608,-0.884148,1.19692,1.747853,0.806272
2024-05-15,0.963226,2.622278,0.010757,0.222114,0.283507,-0.17932,1.101793,1.034681,-1.45235,-1.117235,0.200517,-0.424267,-0.684846,0.049506,0.62832,1.38111,1.239529,2.333676,-0.382509,-0.297429,-0.085263,-0.617239,-1.07294,-3.285152,0.4273
2024-05-16,-0.330763,1.056424,-1.061423,0.454087,0.77082,0.698479,0.51359,0.234203,0.981982,0.263154,-0.172105,1.352908,0.337205,0.123628,0.923027,-0.372629,-0.192034,-0.580553,0.597824,0.479358,-1.617591,0.253138,1.758076,0.425037,0.530306
2024-05-17,0.189964,-2.35112,0.511538,0.82597,-0.405576,-0.290503,1.079346,-1.317546,1.237728,-1.34146,-0.048632,-0.871651,0.901943,0.480838,-0.72498,0.229386,-0.551431,-2.002784,-0.484209,0.888929,0.411292,-2.166366,0.39427,2.252955,-0.732126
2024-05-21,0.65938,0.402441,0.466259,0.145249,2.269799,0.5645,0.537033,2.12329,0.599964,0.160379,-0.111388,0.290211,-0.275234,1.27919,-0.493061,-0.533052,0.517776,1.909211,-0.355745,0.738287,1.175399,-0.271502,0.655738,6.318735,-0.453565
2024-05-22,-0.712545,-1.128964,-0.407875,-1.401051,0.888096,-0.48543,-0.147189,-0.43737,0.0926,2.418862,-1.235558,1.823276,0.58306,-0.346735,0.31304,-0.019235,0.099977,-0.533216,-2.112676,1.697098,-0.94368,-0.078227,-0.026587,-1.498499,-0.345648
2024-05-23,-2.146817,-5.729228,-1.421105,3.48579,-1.508681,0.992664,-1.987917,0.512384,2.327491,0.659094,1.698709,1.216751,-0.01133,-0.449926,3.59733,-1.501439,-1.378849,1.735802,1.250223,1.885434,0.897292,1.366849,2.041089,-4.433442,0.713511
2024-05-24,0.614336,3.066723,-0.495455,0.729301,1.37896,0.247801,0.005721,-1.088239,1.996635,-0.397307,0.172562,-0.214543,-1.088439,1.496843,1.112658,2.266799,0.695241,1.933962,-0.264085,-0.227483,-0.168678,-0.741314,-1.15003,2.516592,-0.717346
2024-05-28,-0.793687,1.292647,1.233814,-0.387203,-0.832287,-0.591562,1.117797,0.040509,0.026144,0.248952,-0.490071,-0.572684,-0.717429,-0.180126,0.169769,0.700832,0.160604,3.317185,-1.79019,-0.803818,-0.544452,-0.469158,0.158634,0.198416,0.451539
2024-05-29,0.358627,-1.38541,0.176119,-1.045222,-0.308957,-1.036639,0.267914,-0.944365,-0.638995,-0.327568,-1.170355,-0.986084,1.280848,0.055556,0.659099,-0.063207,0.817499,1.570096,-0.712192,-0.395781,-0.694109,-1.175661,-0.732676,1.148172,-0.704849
2024-05-30,0.277835,-0.684928,-1.097562,1.103705,-0.258194,-2.410798,-1.763697,-1.051265,1.043892,-0.701018,1.522329,-1.06391,-1.085184,0.387794,0.238549,-0.979504,-2.269615,-3.619713,-2.307688,-0.741903,0.541752,-1.082867,-2.768199,0.11759,-2.683739
2024-05-31,0.423108,0.150015,-1.043186,-0.924977,3.333336,0.49138,0.372396,-0.581897,0.826205,-1.017847,0.272813,-0.205705,-0.0703,1.670849,0.904745,0.221125,-0.388721,-2.56576,-1.527288,-0.062882,-0.042138,-1.846258,-1.701034,-0.235293,0.14856
2024-06-03,0.585798,-4.255944,0.360157,2.243012,-0.3996,-0.479218,0.365136,-2.672992,-1.676051,-1.054183,-0.854701,-2.368054,-0.841016,-0.242198,1.082897,1.408063,-0.483722,1.213682,2.212626,1.842546,4.875229,-0.802345,-1.474322,-1.03296,-1.354955
2024-06-04,-0.14899,-1.750179,0.95699,-7.577614,0.151442,-5.876265,0.294318,-1.618864,-4.743094,5.151645,-7.466109,-1.089423,-2.535216,-0.4996,-11.651092,-0.002098,0.882578,0.623071,-17.087718,-6.72708,-13.578594,0.405405,-0.682264,-0.005718,-1.738058
2024-06-05,0.240533,2.529765,0.655187,4.086116,0.351581,3.522858,0.119867,1.795451,3.865332,2.731343,2.179726,2.139053,1.96683,-1.251502,-0.944356,2.190109,1.483931,3.437498,0.202429,-0.087904,-0.126462,0.819428,1.581442,-0.199604,2.683645
2024-06-06,-0.618328,0.797771,1.788171,-1.774182,-0.526182,1.106572,0.47186,3.212703,-0.332294,-1.938458,-0.679783,1.889342,-0.137617,-0.177426,1.295813,0.158221,0.120275,-2.458722,-0.66929,-0.236935,2.118752,1.30653,-0.22079,1.912942,1.329814
2024-06-07,1.150786,0.768353,-0.324495,0.747033,1.272912,2.807722,-1.462862,1.741294,0.787926,0.880523,1.017645,3.551653,1.796475,1.276404,1.946579,-0.594868,-0.551386,0.933459,2.721891,2.901642,1.225758,1.476296,4.542562,0.766474,3.095742
2024-06-10,-1.919756,-1.317085,1.624377,1.265823,0.227378,-2.222757,0.022857,-1.475694,-0.806858,-0.529271,0.698929,-1.675083,-0.704548,0.185703,0.644693,1.769737,0.746405,1.179694,-1.837124,0.098648,-0.281728,-0.931965,-0.604126,-1.289336,-2.692464
2024-06-11,6.97134,-0.959497,0.090879,-0.817799,-1.19502,0.77792,0.226986,0.26667,0.565556,-0.376068,-0.138428,-0.28666,-0.915337,-1.793746,0.80392,1.461532,1.692202,-0.706244,2.510767,-0.839003,-0.053829,0.184658,-0.219414,-1.874422,-0.657351
2024-06-12,2.748716,-0.049901,-0.601002,-0.352315,-0.979898,0.975803,-0.258068,-2.258832,-0.053967,-1.530376,-0.129344,-1.446586,0.406454,-2.280613,0.423238,-1.001964,1.318568,1.738989,-0.899281,0.399654,0.250893,-1.103397,-0.85157,3.605656,-0.230127
2024-06-13,-0.23284,-0.311721,-1.214463,-2.259113,-0.076362,0.58948,-0.539434,-0.24866,-0.063221,-0.022109,-1.323291,-0.070237,-1.510639,0.696753,1.040783,-0.318361,0.165585,0.17003,-0.521587,-0.45856,-0.130175,0.553564,1.379582,-3.142416,0.541668
2024-06-14,-0.63596,0.712937,0.316802,0.008476,0.358064,0.623632,1.475142,-0.907106,0.814395,0.272948,-0.749549,-0.984234,0.034803,1.217029,-0.812263,0.30041,0.978828,1.477376,-0.57762,0.513609,-0.686389,-1.464385,1.147566,-4.192685,-1.546392
2024-06-18,-1.516615,-1.503281,-0.506154,-0.175877,1.086957,-0.411409,-1.157278,0.429748,0.682574,0.256063,0.798961,0.080157,-0.981521,1.233296,-0.507013,-1.004837,-0.749371,3.385697,-1.129243,-0.42525,0.398079,-0.286195,0.962078,-0.911233,2.255719
2024-06-20,-1.986631,3.824921,1.744028,0.764168,0.527911,-0.178667,0.530312,-0.379585,-0.026954,1.025639,0.238291,-0.059357,-0.176869,1.160955,0.264997,-0.059759,-0.134433,-6.452077,0.018403,1.007536,-1.084408,-0.230506,-1.095281,-1.683986,-1.427137
2024-06-21,-1.37839,-0.321486,0.681575,-0.6862,-0.90338,-1.451108,1.485878,-0.967854,-0.424424,-1.361614,-0.421127,-0.79612,-1.270587,-0.208431,-1.915901,-1.72212,0.536455,-0.432664,-0.663112,-1.318181,-1.017876,-0.424615,-0.902147,0.389463,-1.486098
2024-06-24,0.202194,0.312989,-1.985948,-0.235583,0.628615,0.082677,-0.52176,0.208645,1.542199,0.295686,1.338064,0.170541,0.785712,0.540927,0.31957,-0.058095,-0.473538,-4.162607,0.092713,-0.280178,0.144319,0.211357,0.946648,-1.292101,0.091814
2024-06-25,-0.038244,-0.298635,-0.251593,2.997286,-1.005525,-0.373887,2.455185,0.485791,2.408593,-0.293117,2.367011,1.045213,0.070923,-0.010091,0.88008,2.726088,0.602345,4.034653,-1.147725,0.772697,0.62724,0.561958,-0.295969,1.59979,1.284277
2024-06-26,0.827423,-1.905363,3.579073,0.335653,-0.434001,1.247526,0.684444,-0.293518,-0.377643,0.352897,1.331115,-0.019471,0.224585,-0.010131,0.05415,1.277016,0.703787,0.214068,0.318474,4.700735,0.654879,0.295229,-0.845215,5.269648,-0.332091
2024-06-27,-0.274813,1.456934,1.456342,-1.606874,1.421187,0.234264,0.667831,1.386761,0.002951,0.497967,-0.687911,2.268519,0.389203,0.876213,-0.918708,1.032571,0.148174,-0.088639,0.037399,1.10983,0.011847,2.692506,0.314543,1.152841,3.789494
2024-06-28,-2.386805,1.235731,-2.265714,-1.39116,0.075488,-0.690162,-1.177308,-0.572209,-0.812908,0.408041,-2.233091,-0.368831,-0.141005,1.124944,0.238699,-2.500246,-1.350784,-0.834806,1.93309,2.245228,0.242058,-0.348414,0.698097,-0.836882,0.556636
2024-07-01,2.197182,-2.20775,1.917407,-0.871954,0.25056,2.851588,-0.021851,0.262797,1.499997,1.789888,1.021174,2.007057,0.645084,1.286729,-0.244679,-0.053475,1.798691,0.67223,-0.74545,-0.151998,-0.87125,2.425333,1.462151,4.39757,1.824667
2024-07-02,1.906089,4.629397,1.378752,-0.916994,2.325001,-1.50378,1.752267,0.393224,0.90962,-1.186883,-2.169271,1.556829,-1.046514,1.724394,2.586949,1.745345,1.341568,1.271362,0.603951,-0.275562,-2.114926,0.595949,-1.345041,5.651238,1.681471
2024-07-03,0.704547,-0.182706,-1.175356,1.587302,-0.292538,0.957588,0.52475,-0.537273,-1.247905,0.953097,0.396875,0.147694,0.516309,-0.410404,-0.986207,0.708967,0.563082,5.44139,-0.47101,-0.887421,1.32087,-1.36194,-1.770055,5.043487,-0.535159
2024-07-05,2.11595,3.57293,0.67959,1.18318,-1.270463,0.056064,2.55031,-0.236374,-2.189912,2.045315,0.685716,-0.242211,1.083919,-1.062859,1.507006,5.533614,1.72973,-1.216828,3.949508,2.239638,2.595465,0.044889,-1.880249,0.684523,0.70575
2024-07-08,0.321463,2.166958,-0.374925,0.221788,0.049262,-0.653606,-0.458133,0.353405,-0.604757,1.060543,0.50045,1.128967,1.941858,0.063405,-0.222524,-2.402502,-0.066445,0.556906,3.15517,0.7489,-0.407095,-0.716063,-1.491887,2.111338,0.979569
2024-07-09,0.329048,-0.488844,-0.030089,0.420563,1.619234,-0.587916,-0.698861,-0.149997,0.707692,0.115958,1.076971,-0.165673,1.117069,0.972621,0.441099,-0.702576,-1.597429,0.790179,-1.113689,-0.458497,0.162805,0.012547,1.424287,4.513939,-0.551471
2024-07-10,1.604881,2.205679,-0.105003,0.580133,1.114348,-0.184634,1.073222,-1.381361,-0.236202,1.141029,-0.762327,-0.528063,-0.495917,0.80528,-0.949784,0.734758,1.090586,0.656573,-0.51719,-0.67555,-1.290545,-1.871377,0.225313,0.175046,-1.007396
2024-07-11,-1.650889,-1.157171,-2.518863,-0.330506,0.095765,-1.941329,-2.254411,-0.204619,-0.126231,-0.311422,-0.633853,-0.199278,1.922224,0.601324,-1.062839,-3.426322,-1.788414,-6.151012,1.583333,-0.431495,0.269193,-0.185705,0.050821,-8.458029,-0.484449
2024-07-12,0.707669,-0.225252,-0.159136,1.808488,0.241018,0.105044,-0.0054,1.973853,0.043154,0.816993,-0.242738,1.889881,0.087212,0.460786,0.533061,0.222996,-0.171681,0.764082,0.09779,0.771535,0.350181,5.124377,-1.106856,5.271413,2.779821
2024-07-15,-0.879568,-2.504741,-0.945722,-0.702514,0.095582,0.622502,0.870647,-0.658229,-0.086235,-0.292997,-0.255456,-1.109368,0.947611,1.380376,-0.50136,-0.495358,0.1456,-1.623771,3.431691,-0.450309,2.518316,-1.569988,-0.541376,-1.300934,-1.270067
2024-07-16,-0.076593,-1.19094,-1.313969,-0.263869,3.786455,-0.295202,-1.836039,0.290738,-0.0617,2.380091,0.80488,0.433497,0.453124,1.723807,-0.261925,-2.334993,-1.034744,-1.619435,-0.293576,-1.082523,-0.181341,0.154607,0.188977,0.489601,-0.382658
2024-07-18,-2.648952,-4.675356,-3.080329,0.723079,-1.398443,0.892563,-2.330561,2.342672,0.422889,1.422219,1.247066,2.271672,1.565869,-2.620233,0.445054,0.178949,-0.89346,-0.623719,2.030146,0.677351,1.464823,3.739178,0.901658,-0.74077,2.991649
2024-07-19,-0.226852,-2.118041,1.098601,-1.018653,0.093329,-2.4993,-0.682022,-0.990373,-0.538363,-0.438116,0.373796,-2.768441,0.753712,-0.672348,-0.890167,0.153344,0.925878,-2.0108,-4.009011,-1.945143,-0.631288,-0.347431,-0.093501,-3.466644,-3.91447
2024-07-22,-1.343548,1.063347,-1.324323,-0.066231,-0.797374,-0.688838,0.598041,-0.723908,1.58009,1.09399,0.092744,0.594392,-1.696165,-0.085531,0.927335,0.168525,0.260303,2.650604,0.249996,-2.379245,-0.527543,-0.293029,0.136922,2.989225,-2.917469
2024-07-23,0.285243,-0.613099,1.254751,-1.959643,0.45002,-2.983848,-0.142823,1.547012,-1.769295,0.741081,-1.160216,1.486189,5.4978,-0.326984,-3.584861,-0.234769,0.214015,-0.15475,-1.84346,-0.87275,-2.163078,0.451788,6.505176,-2.847004,-1.466538
2024-07-24,-2.437503,-5.297274,-1.293665,-1.872676,-0.212867,-0.344641,-0.558756,-0.646176,-0.25495,-1.126272,-0.163265,-0.1932,-0.393145,-0.458128,-0.83263,-2.33745,-2.622322,-4.128554,2.076346,0.720535,-1.411712,0.437318,0.242072,-4.183299,-0.477611
2024-07-25,-0.657739,-3.991115,-1.672953,-2.008331,-0.809139,1.337656,-3.037332,1.121018,1.48148,-0.362529,-0.630442,0.266482,-0.0102,0.009587,2.264761,-2.126237,-2.425372,-0.67233,5.580884,0.769752,0.117994,0.640279,-0.269398,1.591327,2.187501
2024-07-26,-0.338359,-0.235178,1.169688,1.060084,0.216441,1.718335,-0.089736,2.030816,0.819316,-0.475402,1.445374,2.933687,1.649635,1.43376,1.402588,0.323137,1.690573,-2.693868,-1.456165,1.113977,2.10738,0.870117,2.5941,-0.628419,2.901958
2024-07-29,0.58997,-1.019904,-0.348128,-1.040295,-1.651505,-0.167063,0.414616,-0.478599,-0.616096,0.014759,-0.201627,-1.188213,-1.869436,-0.846456,1.998107,-0.887463,-1.123772,-1.847133,-0.269621,0.539041,0.640839,-0.767835,-2.383406,3.201428,-0.681814
2024-07-30,-0.177928,-1.029456,-1.62949,0.506831,0.560291,0.163669,0.029363,0.076734,0.845821,-0.891155,-0.292667,0.323342,-1.289543,0.919198,0.259608,-0.815845,-1.122227,-6.985288,-0.030122,-0.255434,-0.21722,-0.586413,1.264253,-4.146396,-0.553018
2024-07-31,0.289017,-4.146487,1.042957,0.786515,-2.23138,-0.292957,-0.981305,1.332509,0.108426,0.024026,-0.336339,-0.466169,0.588891,-0.921872,1.004751,0.808882,-0.511295,3.649243,0.6475,0.094751,-0.165927,0.812646,-0.577747,1.829756,0.038331
2024-08-01,-2.678609,-8.593108,-2.757666,0.368155,-2.324428,-0.876095,0.299556,0.030487,0.979729,0.057113,-0.19794,-0.188567,-0.45367,-2.457782,-0.805773,-4.464493,-0.874551,-7.079043,1.169335,0.218257,-1.725902,-0.052275,-0.191364,-4.756468,-0.277249
2024-08-02,0.323982,-0.749064,0.689652,-0.270621,-1.105258,0.0,0.13218,-0.66356,1.725937,-0.717181,-0.03759,-1.182857,0.886963,-2.3249,-1.733085,-0.175866,-0.969721,3.382801,-2.337276,-0.37708,-1.033038,-1.877439,1.386533,-3.355364,-2.495147
2024-08-05,5.113269,10.36346,4.416054,-0.744308,2.805049,-0.801506,2.411576,-0.799998,-1.484664,1.492926,-0.795264,-1.851588,1.239453,0.438027,-1.918265,5.401574,1.536598,9.113621,-3.152803,-2.207774,-2.21084,-1.980425,1.683707,7.375015,-1.020408
2024-08-06,0.940084,-3.677397,0.136037,-1.2193,0.736689,-1.322812,-0.652739,1.263596,-1.766874,1.101061,-0.693619,-0.516985,0.010285,2.528149,0.794813,3.150312,-0.097504,0.394842,-2.763654,0.061851,-3.032883,0.005994,-1.356123,-0.054795,-0.051046
2024-08-07,1.411316,-3.798132,-2.269588,-0.175623,-2.099736,0.562883,-1.432557,-0.647977,0.401979,-1.353485,-0.551338,-0.242204,0.540817,-1.528181,0.227273,-2.824318,-2.498537,-8.255258,5.345715,-0.28421,-0.04326,-0.651604,-1.004464,-4.487727,-0.260681
2024-08-08,0.093847,3.296208,0.381428,0.445684,1.031199,-0.646793,0.946984,-2.451473,1.151475,-0.755267,-0.201378,-2.06747,0.151818,0.7853,-1.862744,2.438192,0.062121,2.911766,-1.91489,-0.576321,-0.486455,-0.202109,-1.213665,1.604496,-1.356278
2024-08-09,1.951909,-0.311826,0.324524,-0.802951,0.314463,-1.220894,2.287359,0.318627,-0.108962,-0.319305,-0.420728,-0.028229,-0.421687,1.145133,-0.220832,1.981452,0.492535,-0.842483,-0.419232,0.979455,1.017155,0.278634,-0.54627,1.49708,-0.817607
2024-08-12,0.675703,1.733116,-0.796953,1.596863,-0.857148,-0.165426,-1.25343,-0.298742,0.490313,0.390794,0.153719,1.373338,0.528453,-0.106585,-0.196984,-0.176058,-0.061416,2.539501,2.569493,-0.637755,-0.974896,-0.812059,-0.324158,-0.768766,-0.508595
2024-08-13,1.031921,2.179272,1.442106,-0.150687,0.234559,-2.707318,0.458968,0.928392,-1.523345,-0.021885,-1.255069,-0.693373,-1.199716,0.101096,-0.787708,1.640347,1.079131,3.290641,-2.383032,0.196817,-1.960665,-0.380959,1.60811,4.716078,0.296496
2024-08-14,0.521374,-1.573427,-1.167855,-0.509062,0.752858,-0.370231,-1.249999,1.628026,0.080924,-0.691352,-0.458438,1.179245,0.050817,1.203427,-0.38635,-0.246182,0.496624,-0.379648,-2.292694,-0.116161,0.255945,2.04918,0.358404,-2.897919,0.436104
2024-08-16,0.951235,1.962938,0.011299,0.038576,0.871795,1.320527,0.922775,2.033639,0.221061,0.378031,1.474359,0.483781,1.648127,1.077046,-0.269701,-0.842271,-0.506421,2.164999,-0.887079,0.650252,1.133247,1.518386,1.019062,2.353778,3.043912
2024-08-19,0.075314,4.614974,0.326504,-1.347305,0.481253,-0.326149,0.840997,0.810811,-0.372483,-0.272722,-1.26784,0.258067,-0.653787,0.677569,-1.244498,0.457425,0.613425,4.602511,0.089549,0.397978,-0.159508,1.560733,0.833774,2.602844,0.726744
2024-08-20,0.327763,-0.057519,0.539572,0.863558,-1.099183,1.12601,0.167764,0.401786,0.62982,0.309931,0.447113,-0.414896,-0.439121,-0.223254,0.300392,-0.306614,0.735114,-0.895634,-1.712074,-0.085159,0.287301,0.406211,-0.146555,-1.680896,0.913637
2024-08-21,-0.05298,1.082502,0.105604,0.668614,-0.308719,0.199342,0.423865,-0.51898,-0.141264,1.516638,-0.18267,-0.127994,1.080005,0.079286,0.168525,1.519482,0.014155,0.926799,-0.892177,0.363305,-0.579056,0.741479,2.460503,0.26946,0.563613
2024-08-22,-1.43114,-4.513123,-2.894476,-0.826481,1.186186,-0.094817,-2.068631,-0.643152,-0.042889,-0.362115,0.769879,-0.199045,-0.649797,0.955356,-0.015249,-0.944135,-2.076067,-4.830031,-1.278339,-0.324351,0.158729,-1.27193,0.823786,-5.879726,-1.667296
2024-08-23,0.522907,0.898431,-0.169168,-0.346158,1.273237,-0.28349,0.546378,-0.871102,-0.547733,0.585887,0.880134,-0.857202,0.148503,0.326283,-0.220434,-1.661324,-0.045566,2.788809,-1.695438,-0.251041,-0.748634,-0.802224,-1.147737,2.732444,-1.442585
2024-08-26,0.185217,-3.044597,-0.679115,-0.119476,-0.200005,0.034688,-0.132228,2.899458,0.474819,0.197109,0.64286,0.328878,-0.05929,0.073058,0.855716,-1.2282,-0.691694,-2.400253,1.34467,0.373264,-0.360637,0.299626,1.063473,-2.532568,0.775194
2024-08-27,0.89823,0.24645,-0.591443,0.961538,-0.825005,1.257675,-0.699472,-0.82568,-0.343801,-1.498757,1.075573,1.276548,-1.369323,0.305224,1.648526,0.023121,0.237371,2.59896,-0.166967,-0.665346,-0.232326,-0.174253,-2.17481,-1.894487,-0.548072
2024-08-28,-0.62741,-2.034801,-1.663884,-0.514023,1.550586,0.349044,-1.326943,0.402902,-0.03969,0.157612,0.098143,1.688602,-0.6195,0.930442,-0.430498,-0.171915,-1.031623,-1.959097,-0.258636,-0.445179,-0.65664,0.162263,-0.903176,-1.893001,2.807688
2024-08-29,-0.13473,-0.750386,-0.635034,0.547479,0.299623,2.532998,-1.539772,2.208283,-0.210107,0.552358,0.242018,0.018105,1.425703,0.027015,-0.191032,-0.159911,-0.438619,-3.106464,1.07329,1.185887,0.611452,1.161431,-0.107437,-1.67779,0.691591
2024-08-30,-0.516965,0.704985,3.310569,-0.148683,1.443868,1.825759,0.467353,0.079917,-1.15338,-0.633113,-0.065045,0.294115,-0.009957,1.033709,-0.368448,-0.007668,0.370551,-0.133854,0.090782,-1.588983,-0.18969,1.194444,0.426758,2.626658,-0.609191
2024-09-03,-2.528987,-6.468138,-0.73219,0.303028,0.29571,-1.423592,-2.696018,-0.861022,0.205017,0.51439,1.670469,-1.3091,-0.127436,-0.899685,-0.102872,-1.516435,-2.026752,-6.904579,-1.467886,-0.797042,0.322321,-0.192427,0.936568,-2.164819,0.57223
2024-09-04,-0.365423,0.25621,-0.659098,-0.422761,-0.393507,0.614066,-0.134053,1.14158,0.170839,2.203237,-0.282292,0.070271,1.270004,-0.773612,0.021919,1.317996,0.736614,0.758937,-0.190478,0.922909,0.128762,0.05137,0.602322,4.188237,-1.676132
2024-09-05,0.338402,0.897254,1.651428,-0.122669,-1.617647,-1.025958,0.601409,-0.080912,-0.033417,-0.05634,-0.165594,0.35821,0.56064,-1.144669,-1.195477,1.004452,0.188906,2.114488,-1.751071,-1.716538,0.048882,-0.112694,2.937842,2.988945,0.7003
2024-09-06,-1.397629,-3.136259,-3.300613,-1.466837,-2.539608,0.84901,-4.055947,-1.784118,-0.082408,0.383645,-1.451929,-1.048388,-2.011719,-2.362132,-1.116154,-4.140802,-1.799243,-4.822287,-0.866778,-1.854275,-3.573629,-0.384452,-0.523559,-9.402412,-0.809755
2024-09-09,0.040756,1.506236,0.498479,1.10967,0.560513,0.320176,-2.491632,-0.659708,0.518926,2.407905,2.668549,0.246033,1.942232,0.752821,-0.159039,-0.270664,-0.373242,1.516022,-3.174609,-0.276171,-0.095541,-0.122339,-0.150404,0.032381,-0.435119
2024-09-10,0.543579,2.71825,1.160627,0.70404,-1.405626,-1.738139,-1.18976,1.69482,-0.220679,-1.206541,0.028303,0.388473,0.332098,-5.965237,0.311015,-0.663176,1.469868,0.268993,-1.4995,0.070183,-0.678931,1.472158,0.631747,2.771841,1.731814
2024-09-11,0.541857,3.124135,2.454191,-0.092653,0.025643,1.31793,0.827111,0.030933,-0.393844,-0.25588,0.393827,-0.237631,0.263156,0.964675,-1.614744,0.950667,1.814683,6.87449,-2.428183,-0.78945,-1.467856,-0.931119,-0.557352,1.594301,-2.028576
2024-09-12,0.12135,1.576509,1.190475,1.113352,-0.691422,0.111862,0.578673,0.422221,0.761788,1.559598,1.142975,1.322075,0.854201,-0.505653,1.798763,1.65361,0.871702,1.968507,2.10069,1.564863,1.645161,0.165184,0.756156,2.29235,1.844553
2024-09-13,-0.483049,-0.006572,-0.272724,0.624012,-0.591563,2.291232,1.306063,0.432136,-0.480887,-0.793193,-0.131791,-0.325565,-1.087582,-1.22788,-0.248482,0.822533,1.117819,0.016793,-1.437267,-0.255691,-0.018966,-0.163353,-0.26476,1.004383,3.147244
2024-09-16,-0.101591,0.250498,-0.215875,0.740593,0.747223,-4.352212,0.476766,-0.393074,0.23695,-1.474223,0.94724,0.231273,-0.93041,0.98625,1.19089,1.666232,0.171851,-0.008564,-0.780186,-0.419618,-0.670163,-0.303733,-0.725852,-1.098999,-0.198911
2024-09-17,0.482036,-1.77792,0.016055,-0.25097,0.687374,0.3816,0.188657,0.099343,-0.548269,0.223219,0.646853,0.246441,-0.645728,0.731721,0.741547,-0.238089,-1.153946,-2.183297,0.323453,-0.115329,-0.34368,-0.168395,0.199473,-0.688604,0.528238
2024-09-18,1.443346,-1.729623,-0.010729,0.694044,0.0,3.300959,-0.031279,-2.853823,1.372735,0.064374,2.087954,-2.403609,-0.098458,-0.708098,1.123609,0.163853,-0.963219,-2.174473,-2.419359,-0.445582,1.141875,-3.355531,-1.15813,-1.25603,-1.985241
2024-09-19,1.724516,1.904953,-0.089454,-0.460571,2.072922,-1.102935,-0.959017,-2.224099,0.547319,1.234246,0.28331,-0.85837,-0.343135,0.333681,-1.768001,1.654541,-0.575665,0.443123,-0.748084,0.233592,-0.641466,-2.138926,0.825332,4.239315,-1.993759
2024-09-20,-0.769667,-0.032053,0.720186,0.080386,-0.861641,-0.688278,0.055044,0.689362,1.438972,1.805253,3.355209,0.03937,0.468752,0.552567,2.537835,0.241067,-0.446003,-0.905516,-0.261324,0.809026,-1.654396,-0.741273,0.110729,-1.353927,0.223081
2024-09-23,-0.382685,0.191757,1.168861,-0.375545,-0.845561,-0.401928,-1.521144,-0.634918,0.617499,1.629196,-0.683695,-0.657415,0.291007,0.208532,-0.323685,-0.893771,-0.177302,-0.248821,2.444528,0.159289,2.016536,-0.732558,0.60308,3.046041,-0.779067
2024-09-24,-0.559807,0.546171,-0.15957,-0.124883,-1.003758,-0.563384,-0.453908,1.462856,0.172807,-2.299667,-0.181682,0.561439,-0.338489,0.208384,0.102969,-0.591158,-0.884523,3.73327,1.06312,0.058784,-0.125117,0.462171,-0.866949,0.074781,1.381055
2024-09-25,0.6402,2.220823,-0.629678,2.431339,0.0,1.045728,0.012389,0.202382,1.07661,-0.05423,0.999426,0.474465,0.397671,-0.703888,0.166336,0.755254,0.530442,1.221116,-0.250459,0.677264,-0.601585,0.526765,-1.651316,1.773975,-0.482549
2024-09-26,0.096789,0.257397,-1.621118,0.753416,0.330036,1.680632,-0.556101,0.089773,0.586554,1.185998,0.68561,0.129094,0.985226,-0.639419,-1.022102,-1.370426,-0.868785,-2.176658,-0.622783,0.489714,0.734922,0.762911,0.523008,-2.448198,0.594025
2024-09-27,-0.293274,-1.868874,-1.421225,0.011785,-0.630517,-0.308486,0.700202,-0.088396,-1.370286,-0.66475,-1.980497,-1.312043,0.470925,-0.071205,-0.865439,-0.480616,-0.811086,-2.073082,1.53741,1.812879,0.099775,-0.606685,1.131424,1.196669,-1.293503
2024-09-30,1.286736,0.600856,-0.43283,-2.47725,1.147083,-0.555124,1.549105,-0.658187,-0.9578,-0.199039,-1.478212,-0.234044,-0.470609,2.205421,-0.633954,0.834946,0.488077,2.645596,0.202022,-2.818552,-1.745854,-0.429212,1.002376,0.999844,0.641266
2024-10-01,-1.442139,-2.875727,0.124398,-0.118065,-0.733984,0.560042,-0.417435,1.480447,0.127607,-1.314678,0.36226,1.565332,-0.376339,-0.890378,-0.368148,-0.261256,-1.811182,-3.917218,-1.700333,-1.068792,1.135788,0.760186,-1.255247,-1.770291,1.212512
2024-10-03,0.235409,1.966063,-0.595464,-2.633544,0.692664,-2.314716,0.88194,0.030936,-1.961357,-0.529434,0.219368,0.206405,0.825879,-0.455936,-2.368461,2.213452,-0.260996,1.596097,-1.000004,-2.060455,0.531707,-0.700279,-0.383566,-1.562497,-1.842242
2024-10-04,-0.482664,2.624149,0.409149,0.246706,0.45079,-2.811993,-0.595026,-0.078742,-1.006269,-1.461432,-0.589365,1.513587,-1.264702,0.917343,-0.598863,2.091724,-0.52123,-0.016011,-0.589226,-1.239384,0.587124,0.64497,1.244141,1.374194,1.041568
2024-10-07,-1.251669,-0.064298,-1.175181,-3.148908,-0.621736,0.80498,-2.826142,-0.448192,-2.082067,-0.407736,-0.616167,0.577168,0.631164,-0.04739,-1.045646,-2.246655,-1.552883,2.184177,-2.212834,-1.634376,-3.668747,-0.024563,-4.029464,-3.281124,-1.21747
2024-10-08,0.655373,0.611355,0.439755,0.026023,-0.299623,-1.072283,0.268392,0.87091,1.291414,-0.886074,-0.354555,0.549565,-0.401959,0.080729,1.129416,0.54266,0.927232,2.019043,1.839326,1.775342,1.191326,-0.452888,-2.671865,0.385943,-0.865389
2024-10-09,1.913598,-1.740878,1.285412,1.399482,0.802608,1.170317,-0.972772,0.92858,-0.991208,-1.928524,0.08849,0.010241,-3.550413,1.773963,-1.55136,-0.585865,0.384746,-1.088664,-0.944206,-1.640403,1.360113,-0.165488,-0.697841,-1.136086,0.25482
2024-10-10,0.553163,-3.286995,-0.256512,0.615973,-0.099968,-0.004102,0.752164,-0.623625,1.427701,-0.552348,-0.260678,-1.986824,-0.666194,-0.91709,-1.554763,-0.636518,0.146903,2.198464,0.017315,-0.650349,-0.2378,-0.607773,-1.787749,-1.257183,-1.869159
2024-10-11,-0.763192,2.253485,1.173446,-0.849898,3.580249,-0.313992,0.684636,1.976165,-0.808072,0.665506,-1.13177,0.891552,-0.973634,3.069502,0.379032,0.875467,0.043253,0.589515,0.429111,0.153283,0.319868,0.149655,0.300228,-1.058466,1.52782
2024-10-14,1.136863,-1.490135,-1.180317,-0.614577,-0.119159,-1.150468,0.806653,0.53357,1.935324,-0.089554,0.880426,1.384468,1.211811,-0.77061,1.283477,-0.639492,0.327938,1.172423,-2.118214,-0.502006,0.392771,-0.08092,0.673502,-0.440649,2.014103
2024-10-15,0.102738,-4.025493,0.031977,-1.05051,-2.521398,-3.14704,-0.199039,2.191255,-0.584417,-0.417105,1.335813,-0.035712,0.110441,-0.567828,-0.507006,-0.659135,-0.814819,-4.547755,-0.942731,-1.067334,-0.105521,-0.344949,-0.438427,-0.199985,-3.599523
2024-10-16,0.077717,-1.227306,-0.085541,0.191134,1.397773,-0.765334,0.382912,-0.200642,1.172554,-0.283237,-0.428512,-1.785167,-0.564517,0.589213,-0.490138,-0.792922,0.228818,1.298705,0.848054,1.050369,0.330098,0.243573,-1.054732,-0.031613,-0.15947
2024-10-17,-0.548344,-2.34375,-0.366594,-1.663773,-0.537015,-1.166741,-1.689497,-0.112304,-1.286169,-1.467918,-1.456637,1.700084,-1.232322,0.066881,0.574668,-1.097153,-1.33535,-1.729585,-1.19298,-0.679132,0.191475,-0.09239,-2.398907,-0.315897,-1.158989
2024-10-18,-0.499616,-0.91481,0.983175,3.35492,-0.259252,0.095028,0.140937,-0.498128,1.127413,-0.786877,2.97651,-0.749819,-0.419436,0.164442,0.219894,-0.796766,0.24452,-0.48316,0.460989,0.526929,1.146597,0.808064,-0.399118,-0.004535,3.129704
2024-10-21,0.865856,1.373908,0.542411,-0.547264,-1.159767,-1.854814,0.687334,-1.6904,0.798831,-0.790053,-0.430997,-2.027919,-0.626669,-0.985703,0.156427,-0.151044,0.63924,4.039674,-1.618349,0.151775,-1.303504,-1.276436,-1.600373,-0.022836,-0.634518
2024-10-22,0.842277,-1.602816,0.716746,-1.549089,1.560619,-1.795591,1.325318,-0.385291,-0.895928,-0.12663,0.071058,-0.355181,-0.38251,0.493225,-2.039054,1.344274,2.155373,0.475819,-2.589932,-1.887962,-2.89926,-1.242007,-1.336332,0.303715,-0.791192
2024-10-23,-1.418322,-0.058821,-2.192216,-1.250953,0.331752,5.904705,-1.201745,2.913298,1.803466,1.461276,-0.745442,1.52554,-0.135133,-0.111777,-1.303899,-2.807036,-1.452903,-1.73907,0.314817,0.076637,-0.506329,1.666414,-1.24324,-1.602732,-0.054792
2024-10-24,0.256549,-0.840121,0.609989,0.201715,0.779777,0.404995,-0.067555,-0.005419,0.664522,-5.360782,0.19996,0.104757,-2.13693,1.420004,-0.039201,0.114616,-0.141061,-0.291154,-1.029786,0.338883,1.081356,1.096401,0.904253,6.457421,-0.054822
2024-10-25,0.726908,0.534107,-0.010649,0.197976,-2.399811,-1.857009,0.977581,-0.411292,-0.660967,1.029053,0.657442,-0.075124,1.366125,-1.195557,-2.878835,-0.11848,0.325706,0.432839,-2.203708,-1.16487,-2.13659,0.012324,-1.964284,5.148233,-1.145973
2024-10-28,0.034282,0.895898,-0.622466,-1.876049,1.307343,-0.124999,-1.202962,1.444368,-0.447764,1.250002,0.57176,0.303814,0.456478,0.962612,0.74789,-0.659798,-1.174537,-1.734263,1.035877,-0.198207,1.052564,0.538226,0.399084,-2.77407,2.787738
2024-10-29,0.244527,3.196768,1.193128,0.888299,-0.140881,1.641318,1.162581,0.0,1.48886,-1.471557,2.34372,-0.362944,0.608249,-1.025715,1.957174,2.263209,0.9229,0.684302,0.62654,0.896019,4.610554,-0.50295,-0.073046,-1.886515,0.428729
2024-10-30,-1.079057,-2.882157,-1.011814,-0.708375,1.438509,-0.628665,-3.442543,-1.192904,-0.4248,-0.080174,-0.895013,-1.632097,0.73778,0.840303,0.840253,-1.527504,-1.12244,-0.143326,-1.264153,0.666668,-0.670288,0.236807,1.455074,-0.189901,0.488889
2024-10-31,-1.495593,-2.523678,-2.157367,-0.510506,-1.111377,-0.852648,-1.166756,-4.019019,0.445599,-1.045028,-1.147447,-1.714303,-0.650407,-1.237205,2.614732,-2.977775,-2.169198,-3.51745,1.04404,-0.59328,0.024392,-2.495087,-0.727741,-3.155155,-2.3017
2024-11-01,0.877948,-1.78621,-0.537692,0.472488,-0.925274,-0.092354,0.717343,-1.102981,0.248127,-0.253541,0.143424,-0.206859,-0.142566,-0.277328,0.038625,-0.079282,0.332507,0.519671,0.722762,0.420087,-0.145916,-0.141613,-0.311745,-1.214092,-0.063447
2024-11-04,0.461554,-0.698652,-0.341053,-2.794369,-0.672912,-1.882438,-0.406042,-0.002839,-1.770775,-0.871612,-0.999924,2.270225,-1.793493,-1.289016,-1.393123,-0.606272,-0.326988,-0.845422,-3.175187,-2.668457,0.869085,-0.05421,-2.893309,-0.703304,-1.851182
2024-11-05,0.743911,-0.197266,1.764949,2.875456,0.891358,1.246892,0.182974,0.25721,3.220785,0.053575,1.86174,-0.329548,-0.569416,0.663549,0.528685,0.904284,0.756666,1.789747,0.829556,0.95128,2.331751,0.767552,0.756394,1.65764,0.128916
2024-11-06,0.049414,0.10349,3.539824,-0.4523,1.361609,1.026676,1.559259,2.640838,-0.917302,-0.576495,0.161506,3.384351,0.187418,5.131914,1.431551,1.652597,1.881572,1.853661,0.504287,1.171754,0.659441,3.398187,1.019079,1.355951,3.004843
2024-11-07,1.268749,2.140725,1.258195,-0.744476,-0.599468,-1.451569,1.882643,-0.978357,0.128992,-1.007716,-1.422355,-0.546066,-0.799174,-3.321061,-0.021935,2.567213,0.985092,1.70094,-1.95933,-1.38595,-0.162604,-0.450879,-1.86006,2.776139,-0.45936
2024-11-08,-0.092438,-0.963922,-0.734316,0.428196,-0.02215,-0.123838,-1.273173,-0.078847,0.139837,0.956138,-0.877955,0.657313,0.031388,-0.986045,0.546647,-0.371902,-0.653625,-0.766283,-1.278445,-1.071169,-1.913675,-0.192539,2.090676,7.381154,0.707965
2024-11-11,-0.342224,-0.020355,-0.796165,1.649306,1.052639,-1.183673,0.991155,1.115509,0.669687,-0.715423,0.578451,1.700381,-0.230101,-0.295836,-0.470376,-0.544035,-1.0674,-2.300241,-2.077382,-0.488682,0.195038,1.707766,0.469984,1.068441,0.790861
2024-11-12,-0.14251,-2.292514,0.259158,-1.152221,-0.606846,-2.651418,1.000994,-0.959811,-3.03612,-1.342685,-0.434906,-0.122918,-0.994557,-0.411559,-1.606847,-0.632068,1.142857,1.028747,-1.801806,-0.101921,-3.026392,-0.441179,-0.099947,-4.157671,-0.756517
2024-11-13,0.495514,-2.491948,2.244514,-1.106867,-0.71429,-1.039943,-0.875541,-0.066988,-2.062037,0.115749,-1.330082,0.392244,0.457395,0.241085,-1.033474,-0.447982,0.844322,-1.878314,-1.405423,-1.432785,-1.785383,-0.664177,0.404727,-1.670393,-0.175439
2024-11-14,1.422094,-1.068833,-1.251405,0.276902,-0.108812,-0.352236,-1.51447,-0.697118,1.174468,-2.893837,0.25523,-0.056278,-1.114182,-0.22688,-0.892355,0.027725,0.444709,-0.596048,-0.692932,1.116784,-0.54412,0.263601,1.228912,-5.038301,-0.395465
2024-11-18,1.229747,0.535488,-1.200097,-0.442009,-0.064169,-0.980703,1.084076,-1.288359,0.299999,0.905816,-0.519845,-2.041423,0.118025,-1.101871,0.597819,-0.473925,0.214529,0.465945,-0.179216,-0.540389,0.406904,-4.592927,-0.358071,-0.584046,-2.44398
2024-11-19,0.572739,1.44094,2.648873,0.349553,0.913238,0.014411,2.532808,-0.895479,1.648191,-0.88613,-0.632439,-0.041085,-0.138893,0.346748,-1.516897,1.672533,1.132876,4.026314,-0.8,-1.514969,-1.953602,0.488822,1.024435,3.049794,1.079137
2024-11-21,-0.157288,-0.993728,-2.51118,0.101057,0.150894,-2.242973,-3.605514,0.073568,-0.468736,-1.730073,0.160186,-0.431593,-0.835139,0.629034,-1.31728,-1.12902,-1.580454,-1.794448,-2.358873,-1.502036,-2.222918,0.690998,-1.443412,-1.212874,-0.862985
2024-11-22,0.79365,0.728067,-0.56999,0.505873,1.358639,3.306804,-0.657227,2.819078,0.117572,2.271066,1.593804,2.596949,4.044284,2.027832,2.957143,-0.782535,1.368599,-2.727332,0.326799,2.928258,3.823154,4.264311,4.215942,3.362749,1.726134
2024-11-25,0.609172,0.455548,1.088919,-0.353446,0.507833,-1.539052,0.939248,-1.422618,0.030807,0.058702,0.381941,-1.372654,-0.459289,0.280459,2.540984,0.535494,0.097998,-4.204522,3.782694,-0.232558,2.110038,0.820096,-1.514878,-5.983789,1.207648
2024-11-26,0.741437,-3.388286,2.95196,-1.062996,0.50516,-1.547907,0.888857,0.499977,-1.350826,-0.283562,-0.431102,1.007904,-0.624997,-0.207595,-1.392842,1.332152,2.001953,-0.566448,-1.050793,0.057917,-0.545021,0.73247,0.528701,-0.812313,0.683761
2024-11-27,0.196184,-0.699702,-0.599087,0.388585,-0.104557,0.830078,0.136092,-0.300511,1.251468,0.474719,0.169423,-0.290139,-0.115183,0.176454,-0.14309,-0.989755,-0.498693,0.244428,-0.274509,-0.023197,-0.524749,-0.605659,-1.00301,-2.60678,-1.453927
2024-11-29,1.07321,0.689949,1.000825,0.242601,-0.606696,0.872834,0.267061,0.32845,-0.291456,1.672022,1.324916,0.364648,0.750215,-0.056031,2.467606,0.934975,0.802208,1.074719,1.142636,0.953121,-0.255613,1.204979,1.140906,2.701743,0.495648
2024-12-02,0.977786,3.00174,0.357211,0.388455,-1.466277,0.843821,1.611662,1.268902,0.066535,-0.235416,0.365413,1.118884,0.252098,-1.322381,-0.075537,2.654548,2.232133,-0.144059,0.802344,1.642083,-0.30395,0.155735,1.780551,1.336623,0.360542
2024-12-03,1.184269,-0.420821,1.488282,1.406849,-1.161071,-0.309134,-0.087474,0.35828,0.197515,0.114923,0.341276,0.270269,1.40558,-1.373721,1.775062,3.134458,0.3164,1.44655,0.748853,0.478364,1.903343,-0.268872,1.299392,-0.108009,-1.252755
2024-12-04,0.057644,0.72048,1.018706,0.168462,-0.685371,0.570748,1.881391,0.831563,1.202393,-0.669062,1.032556,0.278662,-1.538789,-0.531264,0.394699,0.133778,1.01379,2.211267,-1.193858,-1.285826,0.673342,0.947018,0.671752,1.396598,-0.220599
2024-12-05,-0.389365,-1.614694,1.155806,0.206188,0.945014,1.337275,-1.551096,2.068966,0.30914,1.176184,1.538462,1.834209,-0.010696,0.036675,0.565618,-1.32074,1.073251,-0.034459,0.23014,0.585846,0.633722,1.437239,1.95855,2.673186,1.457623
2024-12-06,-0.02882,-2.042691,2.844847,1.46039,-0.658736,-0.373031,1.557872,-0.171342,-0.061929,-0.448896,-1.024209,-0.538081,0.244683,0.675622,0.905531,2.240624,0.28714,-1.493778,-0.287577,-0.932848,-0.184915,-0.168426,0.467585,3.126487,-0.601701
2024-12-09,2.034486,-3.566437,-0.492941,-1.773274,-1.396051,0.266421,0.810524,-0.266317,0.882042,-2.606491,0.015133,-0.02858,-1.389184,-1.343425,2.06335,-1.658863,0.772703,-0.115135,-0.44222,-0.602454,-0.110595,0.489786,0.020186,-1.966746,2.966102
2024-12-10,0.356436,-2.903618,-0.464418,-0.28954,-0.348508,0.746574,1.268795,1.03838,-0.511262,-0.471202,0.868078,0.492524,0.021487,-0.422321,-0.805312,0.284994,-0.238536,-2.834319,-0.291093,-0.341286,0.661408,0.144593,0.165706,2.116226,0.686277
2024-12-11,-0.592838,1.268277,1.700451,-0.23913,0.173917,2.22992,5.444928,0.241403,0.075201,-0.151763,0.211372,0.979541,-0.41738,-0.192623,-0.163132,1.493495,1.112488,1.419625,-0.349512,-0.529187,-0.680118,-0.099279,-0.334311,3.678295,0.275842
2024-12-12,0.433394,0.461543,-0.37419,0.056771,-0.130034,0.055466,-1.558971,0.584431,0.445705,-1.681311,0.582645,0.59741,-1.052633,-0.604939,-1.783717,-0.112434,0.100201,0.189666,-1.531007,-0.559053,-0.905396,0.562079,-0.713154,-1.586477,0.357145
2024-12-13,0.12509,-3.343488,-0.411553,0.626645,-0.911265,1.180449,-0.622997,1.536877,0.496644,1.92542,1.475086,1.520495,2.173913,-0.879913,0.725577,-1.095309,-0.260907,-3.375559,0.494071,1.019839,1.049732,0.878245,2.597956,3.864288,0.274994
2024-12-16,1.229883,0.53964,1.172739,0.383779,-0.263213,0.356407,1.965059,-0.834663,0.00536,-1.01034,0.089222,-0.771751,-0.031898,-0.428078,-0.106901,-0.911139,0.965861,-1.624678,-0.866141,-0.525486,0.133755,-0.982279,-1.90585,4.971773,-0.258061
2024-12-17,1.359562,0.458015,-0.533588,-0.785855,-0.309802,-0.655551,-0.927758,0.272448,-1.244376,0.420673,-0.614754,0.436991,-0.095746,-0.121514,-1.445751,-1.074785,0.764946,1.007052,-1.727907,-1.248959,-0.931804,-1.848073,-0.466093,0.832106,-0.691316
2024-12-18,-1.629918,-3.204972,-4.441652,-1.227773,-3.63314,-1.042806,-3.493498,0.582349,-1.046535,0.389349,-0.837576,0.627922,-0.46541,-3.610881,-1.28835,-3.834138,-3.0865,-3.697891,-1.313662,1.015595,-1.509985,0.838414,0.02058,-5.652732,1.165051
2024-12-19,0.92525,-2.685008,-0.720293,0.362024,-1.341824,-0.452521,-1.628143,1.269634,-0.338963,0.547512,0.069986,0.630814,-0.522386,0.297069,0.383566,-2.427957,-1.039354,-0.819674,0.770836,-0.690077,0.994423,-0.235873,0.216444,-3.476585,2.089112
2024-12-20,2.600392,1.025423,2.310772,-2.907738,2.245364,-0.941658,3.030469,-2.212729,-0.600379,-0.773785,0.346592,-2.68334,-0.396566,2.449124,-2.327553,-0.902505,0.805805,3.767044,-1.821944,-1.527774,-2.742846,-3.665978,0.186567,-1.045807,-3.264655
2024-12-23,0.196255,3.222599,0.022223,0.376714,-0.022784,-0.439326,1.04351,-0.807923,1.066218,0.081297,0.16607,-0.29792,0.647283,0.982756,-0.803815,1.738467,-0.341162,2.487525,1.091293,0.600827,0.471068,-0.994036,0.558002,-0.092806,0.424001
2024-12-24,1.060709,-0.956789,0.929761,0.148517,1.024359,-1.072363,0.651819,-0.610396,-0.219199,0.190895,0.034697,-0.93407,0.747523,1.202859,-0.224782,0.834555,1.076727,0.157144,-0.850624,0.036812,-1.480135,0.509828,-0.943778,6.051848,-0.715451
2024-12-26,0.321463,-0.366475,-0.634572,-0.581722,0.769057,-0.214477,0.230598,-0.254512,-0.433685,0.021439,-0.738334,-0.086432,-0.749141,0.708283,-0.779114,-0.351788,-0.220917,0.164635,0.104167,-0.628953,-0.067649,-0.248831,-1.246655,-2.371227,-0.114606
2024-12-27,-0.868786,0.659323,-0.820038,-0.060294,0.226036,0.889464,-1.123366,-0.421053,0.192219,-0.074691,0.693081,0.384936,-0.23971,-0.638597,-0.668974,0.066736,-0.936495,-1.111518,-1.291669,0.225724,-2.039687,0.044441,-0.320802,-3.973124,1.277849
2024-12-30,-0.011893,-0.906438,0.563485,-0.386372,0.04557,-0.170288,0.758695,2.168959,-0.797898,0.085415,-0.789297,-0.50634,-0.780031,0.230348,-0.802404,0.422928,-0.288694,1.972857,-1.440377,-0.468602,-1.708231,0.187902,-1.589143,-0.474485,-1.747005
2024-12-31,-0.800192,-1.876521,-1.605598,0.254233,-0.20436,-0.683412,-0.931546,0.114874,0.144039,-0.561962,-0.407957,-0.650005,1.086846,-0.141636,1.265943,-1.141373,-1.07956,-2.70956,2.836882,0.616718,1.016583,-0.972187,0.09692,-4.707523,0.299051
2025-01-02,-2.040729,-1.357432,-0.815204,1.361938,0.339831,5.862462,-0.639917,3.151233,0.936921,1.716738,0.427982,3.754636,0.762334,-0.381869,1.003642,1.614329,-1.63326,1.698528,3.805106,1.682706,0.779876,1.353155,3.828124,-2.77365,1.946305
2025-01-03,0.0,3.057954,0.755026,-0.101287,0.134081,0.236815,0.219469,-1.684342,-2.333894,1.02441,-1.644371,-0.727103,-1.764401,-0.250113,-1.297198,-0.021497,0.539095,3.185492,4.20206,0.582844,-0.973538,-1.915102,1.668627,7.591483,-2.917895
2025-01-06,0.282429,0.371888,0.365994,-2.238564,0.531447,-2.008667,1.489844,0.092251,-1.70105,-1.728703,-0.311508,-0.724899,-2.842408,-1.169467,-2.213177,3.002467,-0.035045,0.565312,-1.833192,-2.866937,-2.633559,-0.255754,-0.561607,-2.870989,-0.237292
2025-01-07,-0.316894,-2.436589,-2.540585,0.277108,-0.432146,-0.013593,-0.821874,-2.249999,-0.093293,0.574223,1.006711,-0.727508,-0.987653,0.425373,1.003575,-2.186164,-1.545456,-8.423185,1.674704,1.542551,-0.14105,-2.10574,0.432668,-2.826307,-0.084947
2025-01-08,0.32242,-2.144411,-0.474931,1.052874,0.675376,-0.087617,0.716617,1.361273,-0.816622,0.418235,-1.31194,0.163214,1.478553,0.156542,-1.792734,-0.436918,0.259766,-1.732362,1.831478,1.321057,-1.248559,1.821607,-0.103217,0.506423,1.552897
2025-01-10,-1.316607,-1.810797,-1.137905,-1.472194,-1.934781,0.145655,-1.163155,3.052685,-0.852783,0.273062,-0.726769,1.546203,-1.122351,-1.324613,1.034299,0.955683,-1.337633,-1.120403,-0.371216,-0.953061,-2.248961,1.563093,-0.62825,0.853346,2.123683
2025-01-13,0.372541,1.769605,0.18344,2.21119,-0.088685,-1.229976,0.494548,-0.275703,-0.557928,1.404603,-0.41704,0.316971,0.931032,1.894275,-1.176705,0.202609,0.469611,2.492492,-3.871745,0.800811,-1.618341,1.085986,0.081361,5.245168,-2.374981
2025-01-14,-0.626199,-1.618647,-1.215754,-0.123456,0.394738,1.452282,-0.826188,-6.329731,0.408559,-3.937122,0.563512,-1.462779,-0.997731,1.982196,-0.093772,-1.788224,-0.512191,-3.153259,1.106713,-0.430028,2.073813,-1.602747,-2.279412,-4.339434,0.359842
2025-01-15,1.376575,2.050188,0.233364,-1.553207,-0.042446,-2.221919,1.274021,-0.561005,-0.81195,-0.037908,0.344408,0.136108,0.171782,0.778759,0.867106,1.132393,1.713071,1.937906,-1.042546,0.582353,0.073025,0.749173,0.045154,4.469385,-0.119456
2025-01-16,-3.829792,-1.497002,-1.675428,0.396554,-0.765959,0.829858,-0.633561,-2.223131,-0.048397,-1.344158,0.321259,-1.907475,-1.187075,0.106301,-0.766622,-0.032708,-0.961051,-3.656948,1.223074,0.599724,0.775903,-1.260568,-0.30358,-2.283403,-2.652925
2025-01-17,-0.921937,0.563007,0.044282,-0.895001,-0.171641,-0.5387,-0.269678,0.896786,-0.410709,0.170213,-1.439661,-1.920586,1.66282,1.975291,1.267023,-1.807542,-1.165656,0.746217,1.744278,-1.505012,-0.287095,-0.855792,1.129552,1.18624,-2.032653
2025-01-21,-0.607143,-0.089877,0.790744,-2.355069,0.085802,-2.125506,-0.512385,0.614045,-0.955825,-0.552369,-3.29843,-1.008774,-0.102743,1.138152,-1.983251,-0.221743,-0.395168,1.200056,-0.839396,-2.808092,-3.281091,-1.451663,-1.399605,-1.980863,-1.339282
2025-01-22,1.838122,0.54436,1.288678,-1.685884,-1.738192,0.792343,-0.34663,1.078421,1.439967,0.017071,-0.045799,2.713839,-0.659239,-0.022821,-1.257369,0.032089,1.97459,1.665978,-0.733087,-0.09388,-1.122046,2.632101,0.04918,-0.407863,3.257057
2025-01-23,-0.480556,1.325867,0.563858,-0.309226,0.738328,1.392867,-0.080753,-0.553097,-1.310016,0.289415,0.375861,0.400966,1.195405,0.476032,0.322165,1.448933,1.065609,1.496035,0.019007,-0.499998,-0.546663,-0.541022,1.254304,-0.884486,2.121506
2025-01-24,-0.889759,-1.372948,0.149256,0.052743,0.6273,-0.062476,1.065119,-0.397224,-0.614455,1.511027,0.507022,0.533366,0.500686,0.436116,-1.601936,1.742609,-0.247104,-3.875447,-2.463965,-1.556078,-0.766769,1.178121,-0.142357,-1.898908,0.344829
2025-01-27,2.606908,-2.368422,4.071434,0.530166,1.160045,-1.147007,-0.311837,-3.552115,-0.688558,1.177594,2.757318,-1.446924,-0.158798,0.635951,0.303143,5.309526,2.488146,-5.112183,-1.654902,-0.786861,1.243245,-0.898345,-2.026266,0.59524,-3.099426
2025-01-28,3.209871,-0.87689,1.647531,2.479165,-0.509774,2.930984,1.322959,-1.092319,1.420767,-0.506035,-0.036073,-0.013661,-1.034088,0.485239,-1.473327,1.250753,2.899219,5.894432,-0.528003,-0.29079,-0.607659,-0.749238,0.197322,0.297295,-0.131577
2025-01-29,2.238171,1.364777,-0.81583,-0.465585,0.0,1.337301,-0.0767,1.356132,0.137316,-0.050309,-0.027953,1.96477,-0.5964,-0.235771,0.545029,0.220739,-0.976072,-2.213441,1.004419,-0.040453,0.723773,1.129744,0.944839,-1.54601,2.42584
2025-01-30,-0.452508,0.278412,-1.05423,0.005077,-0.827848,0.657959,1.449492,-0.516842,0.624628,1.038171,0.447998,-0.704699,0.739033,-0.148901,-0.98553,-1.40926,-0.902643,1.259141,1.873016,1.416373,0.533912,0.003656,-0.066753,-2.556113,-0.643087
2025-01-31,-4.526883,-2.677524,0.49894,0.417513,-0.856534,-0.503469,1.000002,0.959592,0.681582,2.802417,-0.135508,0.470339,2.520046,-0.716868,1.895142,-0.263387,-0.935609,-2.997252,2.178894,0.736553,1.045888,0.058392,2.654412,0.764577,0.064158
2025-02-03,-0.860912,0.342465,1.43553,0.233011,1.739324,6.356826,0.269068,1.621622,0.479042,-2.516968,0.493245,1.486931,-1.655843,1.902002,-3.824563,3.188302,-0.165207,1.664491,-2.582162,-0.407672,-0.242524,0.936515,0.429174,-0.775835,3.498352
2025-02-04,2.442246,3.508015,1.276099,2.142856,0.7767,0.597623,1.470085,2.209314,1.906797,-0.487753,0.427613,0.518796,-0.622272,-0.704119,3.713809,0.24057,-0.077542,1.444941,0.673539,2.976636,1.590614,0.571782,0.214483,2.503721,-0.550314
2025-02-05,1.724064,4.088841,-0.358622,-0.715264,0.276716,0.111177,0.136073,-0.991331,0.276979,-2.525477,-0.196819,-0.469567,-1.537955,0.565241,-1.783924,0.187621,0.227962,2.521353,1.023164,-0.346944,-1.788463,-1.419275,-2.922695,-2.410259,-0.220259
2025-02-06,0.834454,-0.694128,0.344526,0.859685,0.632384,-0.315787,1.108183,-0.020302,0.481128,-1.137502,-0.20392,-0.070421,-1.977776,1.63332,-1.505582,0.865584,0.439615,0.988851,-2.474776,0.616322,-2.178153,-0.55171,-2.295967,0.345819,-0.640621
2025-02-07,-2.136716,-1.438651,-1.440863,0.451199,-0.91973,-1.290042,-2.98875,0.145083,-0.985714,-0.678567,-1.187105,-0.815403,-2.079544,-0.53017,-0.893974,-0.318076,-1.615927,0.479798,-1.601108,-0.740514,-2.974464,-1.481665,0.28991,-2.315029,-0.31348
2025-02-10,-0.836352,1.881225,1.123399,-0.905975,-1.705984,-2.264473,-0.469712,0.574264,-0.090261,-0.398581,0.429528,-1.296585,0.046841,-1.850438,-0.572022,-0.16143,-0.360153,2.67508,-2.610966,-0.858045,-0.432434,-0.075496,-2.563691,-1.538413,0.078419
2025-02-11,1.936897,1.945307,0.362192,-0.15857,0.515578,-1.298955,0.156736,-1.124633,-0.09395,-2.351329,-0.246843,-0.395622,-2.448694,1.750159,-3.6091,0.908425,0.439407,0.165938,-1.443597,-2.348667,-0.86108,-1.364968,-1.586347,-5.002888,-2.034429
2025-02-12,2.452421,2.00877,-0.663896,0.690002,-0.773031,0.790218,0.212859,-0.382851,0.815124,0.292387,-0.429518,-1.15915,-0.786639,0.499863,0.94047,1.409201,0.449404,0.861402,-0.669459,-0.237804,0.0,-0.527567,-0.831621,1.991273,-1.036848
2025-02-13,1.950106,-0.169645,0.664186,0.518446,-0.408424,2.585687,0.987409,-0.519861,-0.076518,-0.369087,-0.291407,-1.351351,-0.060983,0.297643,-0.790358,0.975715,0.869781,2.835205,-1.488471,-0.078064,-0.919118,-1.457916,-0.576879,3.171015,-0.56397
2025-02-14,1.388604,0.399465,-0.226878,-1.291375,1.032701,-0.193256,0.091861,0.014611,-0.414246,-0.157188,0.638927,0.129451,-0.364299,-0.281212,-1.141972,1.450129,0.15694,1.736526,-1.914894,-0.14356,-1.203911,0.250958,-0.712235,-1.325495,-0.628925
2025-02-18,0.13107,0.201662,-0.94835,0.120853,-0.064439,0.425863,-0.985992,1.143025,0.583754,-1.433841,-0.786174,0.523796,-0.67402,1.152624,-0.212274,-2.66712,0.401964,-1.323714,1.894922,0.044907,-0.2611,-0.646418,-0.400332,-0.253521,2.243329
2025-02-19,0.08583,0.385122,0.492196,1.986583,0.283342,-0.23288,0.651924,-0.632538,0.594057,-2.103321,2.170308,-1.981161,0.395258,0.312521,1.731286,-0.046862,1.689218,-0.200702,0.974578,0.651903,0.727096,-2.275189,-0.301241,1.853107,0.915665
2025-02-20,0.363354,-0.730375,-0.845268,0.872668,-1.307194,0.521788,-0.129873,-1.035064,-1.396845,-0.104419,-0.430161,1.08554,0.52506,-4.262956,0.483121,-0.349931,0.202267,0.057132,2.153712,0.739413,0.662159,0.475871,-0.577883,-1.966755,0.674799
2025-02-21,-0.162632,-3.491513,-3.000715,-0.301382,-0.972373,0.438993,-2.965158,0.633133,0.690105,-0.284698,-0.656678,-0.37326,-0.286033,-1.520579,1.199708,-1.870572,-2.187666,-4.005999,-0.826788,-0.044757,-0.728721,0.262173,-0.361906,-4.425083,-2.062015
2025-02-24,0.885973,-3.03166,-2.179807,0.868828,-1.265822,0.323608,-1.50558,-2.430264,-0.237939,0.513451,-0.680686,-1.997171,0.474998,-1.563145,-0.972733,-2.644697,-1.104015,-4.59871,-0.825221,-0.164399,0.830405,-1.804625,1.341424,-2.250552,-2.607699
2025-02-25,-0.387099,-3.642599,0.552851,0.507966,-1.32495,1.602045,-1.471577,0.006111,0.673209,0.726707,-0.199735,1.292148,0.708957,-1.841901,-0.219613,-1.271825,-0.797809,-2.577318,-0.851064,-0.578035,-1.119687,0.125519,1.872613,-7.406275,-1.036188
2025-02-27,-0.881334,-5.300723,-4.401191,0.898128,0.06804,1.905739,-3.155357,0.567898,1.078714,-1.088271,-0.220387,0.518465,-0.802766,-0.434317,-0.880173,-3.547516,-2.178082,-10.999999,-1.070664,-0.469993,-1.689941,0.023537,0.759661,-3.163206,0.170068
2025-02-28,2.063726,0.301329,1.739758,0.073906,4.016243,-1.554526,0.948545,-2.292181,2.813058,-2.440928,-0.97862,-3.837503,-1.002506,1.503464,-1.123506,1.543984,1.102732,5.846468,-2.065217,-0.158072,-1.726357,-2.836858,-3.896002,4.822902,-5.561227
2025-03-03,-1.555066,-3.240734,-3.904383,-0.96357,-1.406617,1.076031,-2.861629,-0.16825,-2.198529,-1.007272,-0.355229,0.963182,0.378836,-1.280305,0.990227,-2.765409,-2.590145,-7.651206,0.169079,-2.7201,0.746209,0.230991,-0.2589,-5.22408,1.467159
2025-03-04,-0.748817,4.947917,1.843987,0.069924,-4.605413,0.748046,2.815202,-1.570513,0.706714,-1.036714,0.269229,-0.395277,-0.139097,-1.970385,1.322904,-0.85359,1.358892,4.826025,3.025892,-0.025807,3.326117,1.670986,-0.04918,0.409706,0.358423
2025-03-05,0.13593,1.305298,1.73828,1.141576,-0.844081,-1.848611,1.466104,2.672973,-0.702133,0.85734,-0.106824,1.12559,2.674268,0.111442,0.82944,2.413412,2.999947,-0.238135,0.801342,1.257535,1.783846,0.744137,1.248156,2.264397,1.314859
2025-03-06,0.379628,-0.201923,-1.810175,1.124584,-0.312578,0.54812,1.067265,0.344934,0.24896,2.020687,-0.806214,0.049561,-0.843207,-0.632787,0.301523,-3.097223,0.66197,-2.60724,0.479503,1.05263,-0.536686,1.253868,0.967267,-3.164738,-0.884042
2025-03-07,1.684321,1.446198,-0.12031,0.38213,0.217865,-0.064207,1.518163,-1.560678,0.431034,-0.994741,0.284871,-1.00405,0.086732,-1.202951,-0.46627,0.046369,0.252343,1.294384,0.124675,2.779609,0.095624,0.31111,-1.337669,1.291843,-0.904665
2025-03-10,-3.421923,-1.968147,-0.541929,-0.014481,-1.41089,-1.127672,-1.42042,-0.494538,-0.08881,1.800272,0.567051,0.916367,0.984918,-1.689177,-2.10413,-1.657707,-1.472111,-2.656959,-4.165055,-0.530119,-0.525415,-0.467215,-1.727271,-12.033737,-1.248029
2025-03-11,-1.327019,-0.030994,1.387314,-0.460986,-0.226701,0.426849,-0.527567,2.477207,0.184259,-1.02902,2.316799,-1.09524,1.170613,-1.126214,0.793297,1.791452,0.382589,1.654364,2.63468,0.588714,0.682846,0.48623,1.041456,2.339002,0.270758
2025-03-12,-1.435452,1.756686,-0.911719,-1.365581,-0.992313,1.718601,0.318165,-0.989719,1.158699,-1.102676,-0.240587,-2.813247,1.476378,-2.60684,-0.354137,-1.641535,0.083556,1.419554,-1.188909,-0.075513,-1.033396,-1.64937,-0.607426,0.351911,-3.294931
2025-03-13,-2.903452,-1.614521,-2.159761,-0.472905,-0.750571,-0.935884,-1.975427,-0.379721,-0.550688,-0.466817,-0.079933,-1.21307,-0.230027,-1.792412,-0.466858,-4.773879,-1.145739,-1.238996,-1.192199,-0.964249,0.268625,0.249836,-0.306352,-3.002463,-1.69428
2025-03-17,0.323474,1.939569,-1.524374,2.2797,1.270773,2.156752,-0.448407,1.122384,0.316717,0.474317,0.950634,2.905868,-1.222757,1.189549,-0.51881,-0.421427,0.517197,-2.615284,1.421509,-0.265672,-0.78886,0.249354,1.082061,-2.876848,-1.571967
2025-03-18,-0.686403,-0.327392,0.15583,0.0,-0.167784,0.0,-1.838951,0.0,0.0,0.0,0.0,0.0,-0.219511,0.277396,0.0,-2.948088,-0.917151,-2.177966,0.0,0.0,0.0,0.0,0.0,-1.249126,0.0
2025-03-19,0.476148,1.733389,1.116966,0.405612,1.174491,0.363215,1.316769,-0.901511,0.524494,-0.314905,0.574449,-1.026198,-1.695125,1.429539,1.360307,-0.037659,0.59399,0.213183,0.030111,0.491517,0.743645,-1.40682,-0.380499,1.834981,1.412218
2025-03-20,0.051405,1.92161,0.973735,-0.179884,1.724141,-0.519768,0.761277,0.914173,0.840935,1.746903,0.128784,1.479274,-0.259256,1.035677,0.473729,0.555973,0.285168,1.698838,0.903718,1.381959,0.207218,1.456432,3.003229,1.247049,-0.44577
2025-03-21,3.17168,1.053831,1.715922,1.498558,0.735297,-1.370031,1.724458,2.058496,0.843036,0.05345,2.059269,0.925257,-0.09854,1.606327,1.756031,2.199105,2.098014,0.649901,2.807462,0.10588,0.433362,2.966909,-0.760916,5.838547,0.113632
2025-03-24,-0.122174,3.754666,1.629997,1.464878,0.326111,-0.06486,0.365108,0.826526,1.180438,0.264413,0.162253,-0.325414,0.958229,1.051003,0.952453,0.630926,-0.586749,1.276282,-0.147426,0.859797,3.007914,0.804165,-2.812318,7.869664,0.879987
2025-03-25,1.349819,1.359584,1.036346,0.774819,-0.161476,-0.632879,0.935023,0.178793,0.916944,0.913031,-1.125831,1.461056,-0.533984,0.730018,-1.009983,-0.0718,0.314782,0.116134,-0.72128,-1.701461,-1.409625,0.349794,-1.014588,1.600849,-0.367647
2025-03-26,-0.885865,-3.43528,-2.288181,-1.681614,-1.472617,-2.592826,-2.331362,0.523109,-1.010956,-1.146569,-0.606378,-1.632844,-0.718982,-0.621539,-0.811977,-2.225997,-1.273417,-4.185969,-1.491681,-1.390391,-1.036269,-0.327598,-0.37309,-3.750091,-1.691179
2025-03-27,1.111164,0.508907,0.233959,0.5815,-0.607189,1.612124,-1.45174,0.276812,1.408332,0.02005,0.262536,0.501394,0.355395,-0.565064,1.202315,0.096348,0.115341,0.071847,1.381506,0.003906,1.112857,1.00557,1.315806,0.238547,0.814819
2025-03-28,-1.700728,-2.188949,-2.872693,0.327747,-2.803955,-0.577933,-3.838248,-1.460304,-0.043742,0.527374,0.924399,-1.21698,-0.279872,-1.656271,-0.501435,-3.926306,-2.391259,-1.632433,1.207691,-0.382814,-0.077707,-1.228433,-0.990624,-4.365338,-3.228782
2025-04-01,1.537694,0.606886,2.29426,-0.695205,0.411428,-0.968885,2.245809,-2.95815,-1.895118,-1.11332,-1.608213,-0.828325,-0.768666,0.428657,-1.241378,2.655731,2.012547,1.502032,0.433201,-0.948917,0.639022,-0.612979,-2.185873,1.766491,0.864221
2025-04-02,1.161211,1.418442,4.449531,-0.664102,2.372792,-0.695878,1.218176,0.828386,1.479645,-0.258504,0.688271,0.973819,0.49134,1.746689,-0.381593,1.568945,1.103266,2.917324,0.235951,0.288564,0.472617,-0.001412,2.904349,11.060488,0.304421
2025-04-03,-1.143325,-4.08017,-2.508195,1.014918,-3.650012,-0.64046,-0.25809,-1.993335,0.771995,0.858258,0.574916,-2.48591,0.577326,-2.381868,0.592644,-2.672911,-0.448257,-1.652013,-1.89113,1.269203,1.194807,-2.516474,1.841421,0.750119,-1.365905
2025-04-04,-2.841815,-4.816866,2.303324,0.906153,-2.550302,0.72609,-1.628261,-1.856454,0.237179,0.652469,0.432477,-0.605955,0.53988,-2.336166,-4.113238,-0.373058,-1.178153,-4.650699,-6.048388,-2.932884,-1.49531,-1.879504,-0.735723,-6.245599,-2.64822
2025-04-07,2.404069,3.668814,8.185182,1.251203,1.744354,2.733811,3.673611,2.163567,-0.289318,4.623251,-0.594476,3.309911,4.075354,4.213441,0.637902,6.421355,1.989278,11.639607,5.692306,2.958841,2.315072,5.614518,3.323075,4.249707,5.128756
2025-04-08,-7.648634,-9.216486,-7.865892,1.588122,-4.964736,1.991327,-4.311602,1.692027,0.235129,0.923597,0.00385,-0.153735,0.157804,-2.975129,1.156823,-6.037734,-3.720201,-7.234365,1.641257,0.870303,1.131576,-0.275589,-0.869921,-9.444898,1.02145
2025-04-09,15.644088,22.241852,11.027197,-1.066998,9.104265,-0.898467,9.894757,-0.047081,0.0,2.443386,-0.318012,-0.096089,0.799029,10.277645,-3.312972,15.021508,10.451429,15.61331,-0.027026,1.355278,-3.233375,-0.42784,1.156837,21.144692,-1.682594
2025-04-11,6.475007,3.193017,2.745514,0.531355,2.130682,1.088377,2.773058,2.246327,1.803071,-1.188098,0.501881,-0.12755,0.369045,4.370112,0.062619,1.505107,2.051807,2.239632,0.906698,1.991376,-0.678528,-1.764681,0.400369,0.186627,-2.142857
2025-04-15,0.138709,0.665537,-1.003256,2.091748,0.502652,-1.237104,-1.772141,0.457746,-0.005361,-1.604167,-0.059219,-1.355837,-2.05033,-1.257942,2.440255,-1.990184,-0.715554,1.108404,-0.559828,-0.871305,-0.844156,-1.997344,0.103973,1.680604,-0.428485
2025-04-16,-2.061906,0.776167,-1.1118,3.438149,-1.399891,-1.016448,0.150226,1.180209,-0.307891,0.663552,-0.044213,-0.835089,1.543065,-1.030172,-1.293579,-1.219251,-2.380021,-0.057394,3.665821,0.421366,1.08055,0.788132,0.680003,-2.447396,1.495899
2025-04-17,-0.111562,-1.508326,-1.926136,3.046043,-0.266592,1.355088,-2.028641,1.267606,1.312431,0.759404,3.281935,1.537911,0.529412,0.502601,1.032947,-0.746163,-1.597325,-2.833891,1.033197,2.765687,3.296634,1.645352,2.384615,-0.862532,0.808508
2025-04-21,-0.056916,-0.534758,-1.344339,1.747088,-0.404644,1.128678,-0.81274,3.275261,0.161121,-0.722102,-1.824509,2.907801,-1.214807,-0.711095,0.953993,-1.357536,-1.019793,-1.883156,2.364659,2.007874,1.706104,0.957418,0.666871,-1.198643,0.442293
2025-04-22,1.845814,0.162563,1.960545,-1.10533,1.996274,-0.371169,1.732824,-0.677851,1.379842,1.210968,0.261888,-1.194441,1.795984,1.556169,-0.676828,1.709802,0.946668,0.111359,-0.47797,-0.676927,0.152226,-0.246801,0.038962,3.035155,-1.803314
2025-04-23,-0.679609,-1.621678,-1.553552,-1.501675,-1.674701,0.441713,-0.167081,2.508039,-2.779322,0.572616,-0.321902,1.998619,-1.226503,0.27475,0.781587,-1.562827,-0.444074,-1.731724,1.378947,0.231303,-1.519369,1.426449,0.008938,-1.616572,2.698149
2025-04-24,1.69847,3.144454,3.106343,0.667167,2.379726,-3.316011,2.004486,-0.520379,0.356023,-4.063867,-0.960255,0.102048,-0.416816,2.043878,-0.193526,2.779875,3.087563,2.850789,-0.252002,0.71185,0.079978,0.014701,0.768591,3.59681,-0.83742
2025-04-25,1.41009,3.612782,0.730205,-0.909087,0.379357,-2.131999,-1.884049,-0.742141,-0.706572,0.012867,-0.368791,0.318533,-0.523195,-0.449618,-1.145012,0.08596,1.253232,3.893312,-1.072288,-0.237819,-2.006132,0.818713,-0.514402,8.888383,-1.250257
2025-04-28,0.066666,0.847455,-1.267689,2.272143,-0.050252,0.14317,-1.120478,-1.003192,0.470908,-1.125795,1.650546,0.128363,0.503925,-0.547921,2.064419,-1.061843,-0.204099,-0.875193,1.869921,2.149257,2.341445,0.247453,0.390349,-1.072741,0.0
2025-04-29,1.207535,0.313278,1.847923,-0.561135,0.908404,-0.405259,-0.099803,0.900322,-0.521159,-0.270621,0.069989,1.045884,-0.676147,1.003341,-0.380808,1.545788,0.700235,1.25383,-2.213028,2.093359,-0.908538,0.506512,0.079984,2.287215,-0.082787
2025-04-30,1.528904,4.891715,1.23511,-0.008436,1.321139,-2.324659,0.519058,-0.222788,0.627287,0.95259,-0.418702,0.220465,-0.374358,1.413701,0.511432,1.968792,1.270823,4.259593,-0.4277,0.21398,-2.81577,-0.527075,0.168937,0.807435,-0.020701
2025-05-02,-0.359062,0.406506,-0.762645,0.109978,0.391102,3.416709,0.379411,0.344609,-0.40937,-0.664067,0.224259,0.480101,1.273283,0.497493,0.297741,2.324066,0.81994,0.280259,0.721994,0.410187,0.803446,-1.180876,-0.597844,0.81081,-0.148736
2025-05-05,-2.072874,1.606057,-0.08578,-1.411769,0.660956,0.613913,0.742335,-0.721521,-0.113458,1.054171,-0.736109,-0.422444,1.557237,0.549409,-0.591046,1.3616,0.762358,0.805948,-0.333335,0.020968,1.023018,0.124639,-1.069181,-1.514565,-0.176227
2025-05-06,0.151348,0.213392,0.238385,-1.409166,0.467401,-1.273704,0.653634,0.14586,0.08808,1.77763,0.181944,0.365206,-0.445717,-0.3,-0.358637,-0.880973,0.256822,1.847863,-1.712771,-0.705798,-2.500162,0.0,-0.677344,0.82019,-1.353782
2025-05-07,-1.466083,-0.387096,1.697569,0.198451,-0.268033,2.70286,-7.740125,0.728096,0.599792,0.075983,0.729826,0.553337,-0.519151,-0.184113,-0.31813,1.092556,-0.112943,3.547098,2.742142,-1.048633,1.41121,0.716249,1.795729,-0.238372,3.402398
2025-05-08,-0.116324,-0.215857,0.339555,0.18803,0.750781,-1.60967,-0.464517,1.203657,-1.345409,-0.28793,-0.215486,0.225466,0.372962,0.755255,0.4169,-1.365678,0.054808,-0.744184,-1.868216,0.20654,-1.283697,0.026099,0.579126,1.856025,-0.633455
2025-05-09,-0.236182,0.243688,-0.165481,-0.767243,0.143785,-0.104049,-0.92106,0.217115,-1.068008,0.124459,-1.858389,0.459787,-0.563452,-0.557956,3.38937,-1.860131,-0.288634,-0.596504,2.557835,-0.599065,3.00727,1.215065,4.256016,2.77386,2.286555
2025-05-12,-0.085324,-2.082952,-0.982396,1.518987,0.092338,1.915465,0.615913,4.472104,2.06508,0.95339,2.774228,5.849058,1.396973,-1.084065,2.112153,1.348826,0.744496,0.844469,2.10042,2.607143,0.331668,3.292437,0.726562,-1.121148,4.973684
2025-05-13,1.188044,2.60949,0.137385,-0.962494,1.980656,0.422033,0.466028,-3.881307,-1.405129,-0.65668,-0.659676,-2.510878,-1.609565,0.758538,-0.563112,1.625004,0.303724,3.960625,-1.224653,-1.241719,0.394443,-2.911278,0.008421,4.396877,-2.093794
2025-05-14,-0.04707,-1.760828,-0.567509,-0.03345,1.244632,0.398007,3.382088,0.47239,-0.598304,-0.822785,-0.258764,1.168998,0.468274,1.003808,-0.387508,-0.279796,1.071091,1.606606,2.011109,0.309861,-0.626744,0.786707,0.917021,1.512407,0.544578
2025-05-15,0.237023,-1.734745,-0.620004,1.010858,-0.493268,0.978072,-1.133617,2.787879,1.060886,0.153081,1.746267,1.4593,0.82731,0.194774,0.673343,-1.589537,0.523552,0.402121,1.085937,2.049119,0.410217,0.446125,1.106479,0.728686,1.330968
2025-05-16,-0.517991,-0.762261,-0.609142,0.232177,0.789352,-0.233984,-0.918138,-1.891365,0.046535,0.906776,0.048163,-1.407662,0.183955,0.022429,-1.024164,0.373065,0.491096,-0.601973,0.085002,0.220209,-1.480103,-0.907089,-0.555557,1.080182,-1.046694
2025-05-19,0.418448,-0.243435,2.236553,-0.43046,1.496259,0.965417,1.233967,-0.686335,0.087762,0.324208,0.172831,-1.059305,0.080461,-0.2523,-0.124837,1.938717,1.772088,2.402,-0.57258,-0.778178,0.366118,-0.878872,0.019352,1.72168,-1.006644
2025-05-20,-0.390041,-0.734584,-0.273663,-1.00993,0.224262,-2.355341,-1.472089,-1.354769,-0.684609,-2.234194,-0.827472,-0.598728,-0.480551,1.203719,-1.713497,0.171376,0.566302,0.067028,1.000851,-0.945625,-1.566122,-0.948525,-1.025509,-1.164225,-1.300393
2025-05-21,-1.501195,-1.572245,-0.243046,0.058481,-2.524226,1.071429,2.975133,0.425532,-0.010376,0.762997,0.124744,0.038266,-0.824555,-1.252127,0.65345,0.587224,-0.439976,-0.946937,-1.121275,0.372212,0.012703,0.507413,0.294118,-2.848183,0.484559
2025-05-22,0.323847,-1.063452,0.854107,-0.685214,0.301068,-0.63604,-0.570271,-0.329591,0.245409,-1.031849,0.069391,-0.514304,-1.593532,0.474102,-0.937241,0.397448,-0.019788,0.453759,-2.818882,-0.830279,-0.348985,-0.515021,-0.673212,2.753846,-1.228915
2025-05-23,0.826151,2.053845,1.050785,1.817415,1.694918,1.143446,-0.348986,0.930799,0.703088,0.954258,0.526979,0.954842,0.529951,1.51863,0.837532,0.490384,0.044442,0.992303,0.717528,1.436092,0.329988,1.081395,1.379211,0.420213,0.511985
2025-05-27,0.963189,1.219294,1.442714,-1.612901,0.98196,-1.067964,1.610243,-1.296456,-0.27438,-0.5806,-0.419964,-0.620296,-2.032061,1.240269,-0.23844,1.087492,0.922273,1.006341,-0.935796,-0.280485,-0.088118,-0.94281,-0.708163,4.473876,-1.091679
2025-05-28,-0.084749,-1.792549,-0.582749,-0.075278,-0.339285,0.243375,-0.462002,-0.402641,0.17186,-1.088777,0.4283,-0.581907,0.598516,-1.032903,-0.374316,0.152512,-0.836914,-0.896862,-0.805265,-0.507003,0.258022,-0.633524,-0.564675,-2.176297,-0.865421
2025-05-29,-1.783085,-2.130054,-1.120032,0.141663,-0.292985,-0.497295,-1.229885,-0.317368,-0.025934,-0.097089,-0.006864,-0.213973,-0.770142,-0.162384,-0.234719,-1.012819,-0.621817,-2.151141,-0.22989,0.403659,-0.206511,-0.188314,0.231845,-1.877964,0.196277
2025-05-30,0.742344,-0.761784,0.082991,-0.765779,-0.135772,0.114502,0.227604,-1.68799,0.672913,-0.495761,-0.965818,-0.528329,-0.250541,0.208764,0.541681,0.776652,0.139212,-2.587944,-1.497696,0.204515,1.791978,-0.76218,-0.698324,-2.548379,-0.132001
2025-06-02,0.709006,3.214478,0.814713,0.386618,0.45579,-0.125961,0.70901,0.393823,0.103622,1.009421,0.589459,-0.397433,0.239063,0.623532,0.122446,4.11397,1.056566,1.394936,-0.288704,0.113305,0.098425,-0.005796,0.011344,-0.235807,0.032305
2025-06-03,0.953563,2.454146,-0.675966,-1.129707,1.454222,-1.394679,-0.782144,-1.001882,-0.691436,-0.541205,-1.168465,-1.026299,-0.489257,0.963098,-0.279068,-0.68509,0.325048,1.75818,-1.343034,-1.181189,-0.784125,-1.183983,-0.161678,-0.67225,-0.717741
2025-06-04,-0.044353,0.996506,0.329215,-0.913864,-0.538112,0.133706,0.785653,-0.300431,1.051533,0.211909,-0.44525,0.531429,-0.035957,-0.639295,-0.507545,2.783423,-0.028018,-0.18989,0.02101,0.622043,-1.28519,-0.239011,-0.179688,-3.781518,0.141985
2025-06-05,-1.410317,-2.740643,-0.782629,-1.151386,-0.15748,-0.589739,-1.250434,-0.152915,0.082134,0.503274,1.670279,0.413465,0.143371,-1.053856,0.349877,-1.017838,0.584997,-1.53337,-0.117622,1.008405,-0.333871,-1.11176,0.151486,-11.718186,0.421227
2025-06-06,0.453201,-1.274535,0.550854,3.080503,0.626544,4.76803,1.66832,0.39848,1.784977,0.695234,0.766255,0.585328,0.178444,0.52965,0.310015,0.221216,0.061692,-0.554342,0.954626,0.173491,0.7934,0.388593,1.018726,-1.234806,0.602991
2025-06-09,-1.438428,2.139623,1.038415,0.610311,-0.532037,0.602094,0.88805,0.018207,-0.807016,-0.033419,-2.06143,-0.323192,0.248812,0.278192,0.406657,-0.629961,0.649348,-0.391087,0.421873,-0.562797,0.324194,0.644115,-0.866813,7.910196,0.677078
2025-06-10,1.0319,1.758729,0.382877,0.686052,0.647323,-2.087629,1.362094,0.895175,-0.88259,0.075209,-1.118831,0.757576,0.588928,1.023018,-0.653346,0.149718,-0.057299,0.890044,0.176046,-0.793103,-0.481122,0.665695,-0.586743,3.540355,0.778965
2025-06-11,-2.319411,-2.651883,-1.936437,-0.097351,-1.039826,-0.684932,-1.346163,2.738665,-0.874159,-0.784905,0.647064,2.578454,-0.432244,-0.19726,-0.138211,-1.359936,0.553169,-1.230896,1.153377,0.214412,-0.23868,0.054752,0.470925,-2.383374,1.132734
2025-06-12,0.060275,-1.757588,0.689398,-1.470347,0.49549,-0.851947,-0.272446,-1.379713,-0.33846,-2.270726,-0.370503,-0.519482,-1.405152,0.517127,-2.19551,0.008654,0.810493,2.134253,-1.439362,-0.818715,-1.231616,-1.085859,-2.686022,-1.228798,-0.150006
2025-06-13,-1.642216,0.094787,1.019241,0.651089,0.204546,1.978139,1.293201,1.758706,-0.125001,0.607375,0.890567,1.649746,-0.265062,-0.049032,2.462012,-0.738428,-0.304362,-0.357941,-1.580907,0.273878,0.775832,1.547212,0.357801,3.611809,2.043134
2025-06-16,0.567661,6.532367,1.78513,0.771084,-0.515232,-1.882845,1.167521,1.832151,0.592517,0.318961,0.727096,1.487503,0.783227,1.258421,1.487902,0.39895,0.827008,0.934772,1.102407,0.763895,0.0,1.636629,0.794491,-0.651998,1.111544
2025-06-17,-0.791074,-0.648794,-0.176575,-0.024687,-0.090357,-1.96495,0.142288,0.092591,-0.382035,0.370694,-0.259309,1.184678,-0.167427,0.503403,0.008284,-0.67949,0.555325,-0.25608,-1.801979,-1.160224,-0.214107,0.150999,-0.650527,-2.986902,0.007604
2025-06-18,0.32663,-0.953046,-1.194845,0.925769,1.807508,-0.862999,-1.528315,-0.694485,0.881587,-1.306006,-0.310517,0.734116,-0.26379,1.466664,-0.565986,-0.345179,0.468617,1.020763,-1.444711,0.006991,-0.075707,-1.923793,1.814447,1.493804,-0.498287
2025-06-20,1.392249,-0.589143,-2.324385,0.26283,0.41933,0.891862,-4.202356,1.517008,1.713604,0.488015,1.11953,0.240891,0.612978,-0.206847,1.328168,-2.625762,-1.0016,-1.100028,-0.146672,2.459815,1.098416,0.312407,0.542857,-1.765516,0.203011
2025-06-23,-0.064477,-0.682149,-0.629197,0.123701,1.982374,1.835373,-0.649547,-1.503586,0.0,-0.363484,0.21877,-1.061836,-0.743407,1.167015,-1.681757,2.170578,1.628993,1.171929,-0.644239,0.261531,0.025318,-0.626644,0.732717,6.454169,-0.287882
2025-06-24,-1.130359,3.747283,0.296976,-0.13902,-0.192514,-0.380435,-0.08986,-1.633814,-0.20865,-1.389974,-0.252152,-1.211744,-0.611655,0.374726,-0.888071,1.037041,0.237238,1.607582,-1.446465,-0.96928,-0.45056,-1.28691,0.082311,-4.408011,-0.199623
2025-06-25,0.054604,1.745417,-1.225417,-1.060099,0.579641,1.089325,1.819476,0.88719,0.722276,-0.013166,0.267233,1.566039,-0.012005,0.909413,-0.554944,-0.650481,0.04674,3.376427,-0.856556,0.225413,0.068791,1.100578,2.878872,-4.420783,1.320049
2025-06-26,-0.21347,-1.568821,1.876877,1.505929,1.086258,2.311828,0.64374,0.82456,2.038964,-0.353875,1.003644,0.447535,0.743043,1.422546,1.09113,1.642035,0.906731,-0.615458,1.128097,1.78341,-0.617209,-0.087088,1.086182,0.360437,-0.21554
2025-06-27,-0.401207,-0.25662,1.536925,-0.954002,-0.695473,-0.315789,2.875421,-0.674349,0.094388,1.144329,1.619287,-0.679432,-0.558196,0.454843,0.387448,0.978636,-0.323583,1.095877,-0.889757,1.067093,0.049692,-0.402313,-0.913515,-0.27118,-1.468406
2025-06-30,1.564281,-1.458338,-1.847712,-2.416801,-0.629986,-2.039749,-2.516873,0.208694,-0.497141,-0.662358,-1.094541,-0.817334,-0.797993,-0.168729,-0.33134,-0.867633,0.07444,-0.258831,0.086068,-0.871983,1.402964,0.642463,0.654629,-0.700216,-0.045094
2025-07-01,0.556447,-1.916843,0.437361,-2.387683,2.403235,0.445043,0.056897,-0.595854,0.354113,-0.195652,-0.947634,-0.136728,-0.455634,-0.165015,-0.084476,-2.396596,-0.890288,-1.913104,-0.786795,1.852596,0.036584,-0.732273,0.040552,0.75387,-0.35782
2025-07-02,1.689722,2.206158,0.086471,-0.398301,0.723735,-1.071811,1.765983,-0.197446,-1.678302,0.527237,-0.307213,-0.463535,-0.947465,-0.0137,-1.903672,-0.246042,0.224496,2.791217,-0.753391,-0.628106,-0.986599,-1.832413,0.080972,0.965995,0.754717
2025-07-03,0.659915,-0.862625,0.716796,-0.585741,-0.040859,-1.285247,0.57703,-0.238926,-0.390999,0.147182,-0.432927,0.012354,-0.157003,1.317818,-0.61304,-1.04595,1.01861,0.612491,0.847109,-0.197265,-0.786727,-0.851311,-0.629391,-0.83021,-0.502983
2025-07-07,-1.283617,-1.288807,0.210763,-0.212296,-0.16414,-0.037835,-1.267734,-0.875107,-0.080441,2.964541,-0.09047,-0.792683,0.76271,-1.110923,-0.513903,0.104515,0.068357,0.02529,-1.62118,0.976027,-0.536247,-0.193081,-0.255745,0.882043,-0.85169
2025-07-08,-0.042842,0.364113,-2.036441,-1.237286,-0.736839,0.963217,-1.962331,0.476469,1.234194,-0.527977,0.698324,0.657245,0.252317,-2.243575,0.737427,-0.124731,-0.124687,0.42051,0.342396,0.104165,0.587944,0.035241,-3.922609,0.272726,0.690816
2025-07-09,0.768387,-0.201888,0.664941,0.405168,-0.67854,1.521854,0.781738,-2.105263,0.209265,1.017086,-0.299396,-0.250342,0.780875,-1.399815,-0.701804,1.391972,0.641619,1.029651,0.0,-1.151816,0.117285,-0.768327,-0.267339,-0.561244,-0.074631
2025-07-10,0.902574,0.811191,0.320466,-0.495678,0.149253,0.49311,1.133058,-0.67463,-0.486114,-0.618965,-0.883914,-1.40948,-0.820838,1.833923,-0.008393,-0.58916,-0.312092,-0.133886,-0.172477,-0.164506,-0.406753,0.059172,-0.358383,3.27279,-0.934405
2025-07-11,0.28019,2.678816,0.644066,1.015495,0.192968,-0.553959,1.923191,-0.298193,-0.715718,0.784004,-0.007031,1.000573,-0.047965,0.469318,-0.962235,-0.690656,0.972979,0.732957,-0.530758,-1.111114,0.136219,-1.027301,-1.361499,1.825326,-1.034487
2025-07-14,-0.624016,0.792618,0.275468,-0.534355,0.555433,-1.410947,0.303852,-1.231704,0.0,0.664004,-0.133344,-1.350672,0.563483,0.567807,-1.262503,0.462654,0.299091,-0.786109,0.543437,-0.569629,-0.117314,-1.325782,0.969749,-0.261233,-1.56794
2025-07-15,-0.052577,1.209756,0.066317,-0.689947,-1.557166,1.022854,-0.443082,-1.484275,1.140395,0.245961,0.682575,1.30982,0.285106,-0.503476,-0.710429,-1.866281,0.556642,-0.286235,-0.331314,-0.053824,0.672011,1.444169,-0.087771,-2.784032,1.33858
2025-07-16,-0.066571,3.07128,-1.190899,0.300455,-0.475678,-0.243506,-0.14735,-0.229825,-1.07532,-0.344375,0.028052,1.830274,0.592277,-0.894586,-0.005706,-1.466283,0.087098,0.181222,-0.471309,0.855395,1.924021,0.189033,0.008781,2.835686,2.0979
2025-07-17,-0.261197,-0.865209,0.25076,-0.871791,3.023666,-0.286195,0.790602,-1.25991,-0.853292,-0.127336,-0.161861,-0.907384,-0.434471,2.279139,-1.16643,-0.423067,1.19048,0.569699,0.358023,-0.739546,-1.121186,-0.462149,0.435881,-1.157354,-1.23176
2025-07-18,0.147009,-1.629169,0.439729,0.853215,0.659437,2.335687,-0.183385,0.310884,-1.484725,-1.005996,0.706314,-0.376861,-0.576202,0.604449,-0.693607,0.297644,-0.861062,-0.70836,0.641494,-0.592676,-1.039666,-1.088375,-1.193383,2.483986,-0.614294
2025-07-21,0.179156,-0.393348,1.532061,1.2523,-0.126212,1.017146,2.067117,-1.188018,1.12729,-1.043799,1.229285,0.272155,-0.450236,-0.010309,1.01511,0.872946,0.661129,-0.793051,-0.390247,-2.484643,0.14581,-0.996867,1.238573,-1.767346,-2.472375
2025-07-22,0.591158,-0.9475,-0.962205,-0.362976,0.357147,-0.256546,-0.083553,-0.847955,-0.298048,0.392711,-0.033919,0.376998,-0.97596,-0.024016,-1.067958,-1.588964,-1.115528,-2.515465,0.559097,-1.022837,-1.510574,0.0,0.649273,0.718747,-0.764234
2025-07-23,-0.395352,1.490524,-0.078788,0.482042,0.270779,1.498951,-0.663188,0.373996,0.661365,-1.233378,0.384379,-0.114195,-0.515462,1.33862,0.250272,1.020715,-0.173657,0.737333,-0.182926,-0.098178,1.00308,0.617167,-0.028799,0.501663,0.44188
2025-07-24,-0.065451,1.88537,1.335252,-0.806162,-0.206233,-1.139174,-2.46663,-1.490199,-1.153261,-0.736995,-0.289032,-1.740506,-1.418779,-0.292524,-0.212342,-0.313786,0.414729,0.753887,-0.297278,-1.148529,-0.524389,-0.54027,0.490281,-1.516133,-0.05725
2025-07-25,-0.381925,1.810291,-0.335888,0.0,0.123995,0.810898,0.625064,-0.732796,-0.51613,-0.441045,-1.526668,-1.794744,-0.146343,0.647113,-0.780983,-0.591417,0.241975,-0.063361,-1.520495,-0.514695,-1.036811,-0.133756,-0.391205,2.370929,-0.993115
2025-07-28,0.009346,2.708778,-0.239988,-0.675368,-0.454079,-3.161947,-0.552539,-1.61063,0.274588,1.084715,0.765016,0.138713,-0.219083,0.20829,-0.230318,0.339764,-0.307348,1.568783,-0.11236,-0.337576,-1.165453,-0.987137,-1.737619,2.242105,-1.555117
2025-07-29,-1.358665,1.272756,-1.34102,-0.625649,-0.909276,1.314211,1.725307,0.429715,1.085052,0.35995,0.425699,0.052874,-0.378046,-0.986664,2.270336,-2.777778,-0.574171,-1.376721,0.591617,2.465653,0.37679,-0.130719,-0.318586,-1.336193,1.043341
2025-07-30,-1.34497,2.220827,-0.62597,0.261565,-0.621631,-0.684667,0.475456,-0.270179,-0.108479,-0.188374,-0.35625,-0.059216,-0.342297,0.743054,1.189953,-1.818978,-0.374632,1.563656,-0.30098,-0.564135,0.337945,-0.209147,-0.10355,-0.974606,-0.497117
2025-07-31,-0.441267,-3.137022,-0.704078,0.225143,-1.025959,1.055047,-1.946764,0.197954,0.178694,4.177507,0.782366,-0.046364,1.478014,-0.969454,0.317241,-0.227039,-3.91369,-2.750136,0.333057,0.151284,0.182369,-0.161091,0.218564,-3.548073,0.080611
2025-08-01,-4.026173,0.905027,-1.132548,-0.244129,-1.509924,-1.039784,0.052905,-0.880548,-0.089377,0.145096,-0.594437,-1.626618,0.982061,-0.354683,-1.339383,-1.409169,-2.035517,-0.212531,-1.378598,0.490297,-0.21365,-0.887815,-0.718563,-1.169128,-1.521298
2025-08-04,-0.567204,1.242769,-2.644894,0.394584,-0.23934,1.292905,2.49619,1.53571,-0.900452,-0.129566,-0.920917,1.300034,-0.797241,1.378075,0.998558,2.153947,1.395119,2.763186,-0.70613,1.175545,0.15104,2.170078,1.245854,0.058245,1.359425
2025-08-05,-0.235986,-1.835901,0.32856,0.262177,-0.848747,0.326212,-0.020548,0.189197,-0.448025,-0.110347,-0.591877,-1.24433,-0.731069,-1.12661,0.622592,-1.672998,-1.755462,-0.757154,-0.433123,-1.367828,0.325811,-0.34153,1.84429,-0.074449,-0.056899
2025-08-06,3.705683,-1.169347,3.544481,-0.27933,-0.634436,-1.27815,0.817479,-1.195224,0.720414,-0.122104,0.090129,-1.053722,-0.519134,-0.325002,-0.591783,0.25844,-1.122626,1.752394,-0.332551,0.064662,0.524379,-1.002284,-0.561538,3.903988,-2.455282
2025-08-07,0.525399,3.332533,0.963803,0.786655,-1.728289,0.929963,-0.274025,1.200274,0.772691,-0.717749,-0.055508,0.482519,0.388351,-2.048201,0.866965,-1.50745,-1.131352,-0.440603,0.334548,0.12251,0.505561,1.027851,1.056212,0.775503,1.342481
2025-08-08,3.858173,-0.735462,-0.201666,-1.388632,1.904755,0.017107,2.1296,0.061019,-0.664282,-0.69157,-0.691611,-0.133335,0.144964,-0.07613,-0.933656,0.858733,-0.107156,0.633431,-0.196662,-1.241874,-0.086958,-0.383852,0.292741,2.557322,-1.382009
2025-08-11,-0.324678,1.31734,-0.216429,1.436544,0.217105,0.074099,0.029858,0.881356,0.997012,1.136493,0.609283,0.584543,0.56695,0.055288,1.617726,-0.546699,-0.101468,0.00549,0.149928,1.182478,1.91213,0.144913,-0.14685,1.202985,1.075086
2025-08-12,0.719266,0.940451,-0.341986,-0.102696,2.194493,-2.758779,0.978299,0.610737,-1.104473,-1.358219,-0.628931,-0.287073,-0.155874,0.463124,0.165764,2.199224,1.048208,0.109312,0.735672,-0.108546,-0.527309,-0.184153,0.545003,-1.205798,-0.403789
2025-08-13,0.978056,2.506806,1.153152,-0.476144,-0.922816,0.637764,-1.063047,0.073332,-0.687059,0.406443,-0.266736,0.112279,-0.74305,-1.163468,-0.062231,-1.39923,-2.166839,-0.564012,0.391181,-0.389051,-0.097253,0.003289,-0.573592,-0.620789,-0.510521
2025-08-14,-0.546868,0.622808,1.574319,0.11246,1.316625,0.168606,0.714641,-0.746166,0.662284,-0.732314,1.083573,1.507503,-0.675917,1.232025,-0.621622,0.546357,-0.015313,1.262867,-0.65825,-0.25412,0.553526,-0.385628,0.37106,-0.053617,1.526117
2025-08-18,-0.349589,-0.350755,0.547283,0.240738,2.131287,3.45143,-0.3428,-0.874439,-0.318409,1.146124,-1.062071,-1.973094,-1.622279,0.527586,-1.727491,-0.996017,-0.860839,0.780724,0.383563,-0.597126,-0.998801,-1.158708,1.681924,1.680726,-1.379502
2025-08-19,-0.311311,-3.783942,-0.903995,0.48237,0.54371,-0.402895,-0.719101,-0.013552,-0.36031,1.267401,0.363362,0.509531,0.676756,-0.058448,-0.983855,-2.038796,-1.015536,-3.721972,0.185264,2.165466,0.350456,0.166047,0.368498,-1.929781,0.611098
2025-08-20,-1.726238,0.670317,-1.457378,-0.07401,0.373677,-1.415801,-0.70243,1.907357,0.06039,2.724127,-0.139606,3.852294,-0.745543,0.491727,-0.586687,0.02006,-0.813932,0.131299,0.392402,0.0,0.030168,2.912757,0.983146,-1.615943,2.258456
2025-08-21,-0.605476,-1.29627,-0.314393,-1.018346,-0.020721,0.855853,0.0,-0.433333,-0.315397,-0.716137,0.409695,-0.769229,-0.123138,-0.160992,0.377885,-0.75332,0.109192,0.074344,0.121846,-0.014032,-0.392062,-0.875396,0.592491,-0.61165,-1.119728
2025-08-22,0.703009,3.446998,2.715563,-0.473975,1.978564,-0.055866,1.657377,-1.564173,-1.271423,-0.646018,-0.546979,-0.707561,-1.896555,1.036827,-0.39335,2.104893,0.590979,3.116856,-0.71849,-0.760567,-0.940534,-1.036941,0.129966,5.704783,-1.333334
2025-08-25,0.300251,-1.322865,0.25951,-0.27959,0.182223,-0.144107,0.997923,1.635132,0.198961,-0.431324,-0.18804,1.685805,0.087721,-0.452335,-0.356745,-0.201375,-0.467796,0.81861,0.194664,-0.14844,-0.122332,1.726429,0.597844,2.27206,1.292893
2025-08-26,1.075507,-1.203676,0.704507,-1.676032,2.030457,-2.633481,-0.178302,-0.605898,-0.622764,2.590871,-0.791375,0.433354,1.01428,1.499185,-1.603222,0.43953,-0.459984,0.949687,-1.043692,-1.640623,-0.859054,0.901245,-1.878346,1.954026,-0.3834
2025-08-28,0.75383,0.047479,1.13096,-0.482495,-0.11869,0.764188,2.118214,-2.567201,-0.951397,-3.406117,-0.632104,-1.928609,-0.889989,0.349983,0.567799,0.955643,0.502873,-0.359479,-0.388393,-0.28779,-0.656549,-1.631162,2.409838,-1.404917,-0.543612
2025-08-29,-0.159131,-2.505841,-1.002943,-0.655834,0.455362,0.803812,1.140093,0.344875,-0.251575,-0.187631,0.409459,-2.150612,1.927861,-0.205269,0.710368,-0.882892,-0.387292,-2.206506,0.137113,-1.730506,0.224802,-0.268349,-0.244657,-3.847598,-0.435128
2025-09-02,0.205017,2.461816,0.814241,-0.499298,0.398242,-0.547489,1.396087,-0.224646,-0.683491,1.057003,-1.393314,-0.04669,0.049197,-0.186504,-0.653068,1.249244,0.929125,0.458823,0.30995,0.863592,-0.297651,-0.307587,0.182626,0.344263,0.227669
2025-09-03,0.531173,0.197767,0.346343,-0.142019,-0.674603,0.403268,1.967197,-0.603391,1.000001,-0.607984,0.575954,-1.393335,0.795594,-0.352662,0.189206,0.142661,0.309652,-0.257221,-0.179538,0.211727,0.976009,-1.035174,2.374483,-0.33115,-0.928939
2025-09-04,0.55777,1.156678,1.942121,-0.737094,0.756364,2.15847,1.153934,-1.487948,0.109351,-3.032724,-0.312081,-1.415094,-1.898813,1.273336,-0.836341,0.010689,0.727744,0.639032,-1.401266,-0.911212,-0.644449,-0.651478,-1.307484,0.708019,-1.815631
2025-09-05,-0.129166,-3.806006,-1.216038,-0.066246,-1.328307,-0.467094,1.205858,-2.002762,-0.42377,-1.282059,-0.581145,-1.727893,-2.290714,-3.052853,-1.09107,-0.022585,-2.763865,-0.60108,-0.687167,0.880411,-0.603823,-1.575669,-0.803788,0.816091,-0.987407
2025-09-08,-0.593397,-0.256917,0.383074,-0.037885,-0.682731,0.714592,-0.607299,-1.467801,-0.309598,-0.231943,0.035658,-1.247414,0.024537,-0.67144,-1.13165,-0.48942,0.018074,0.453593,-0.683384,-0.108696,0.099008,-1.016393,0.136874,-2.323489,-0.752986
2025-09-09,-1.118141,2.519904,0.795399,-0.501187,1.595961,0.466104,2.331642,1.198413,-0.908622,0.189609,0.335951,1.573265,0.379434,1.794258,-0.625844,1.083846,-0.602275,0.987639,-0.516061,-0.029059,-0.387934,0.570555,-1.027863,-0.421881,1.693875
2025-09-10,-2.325685,-2.445885,-3.027114,1.143665,-0.47647,1.776986,0.11302,2.021047,-0.82144,0.056775,-0.432622,1.489968,0.49878,1.294235,-0.25288,-1.718665,-0.51891,0.390626,-0.54077,-0.498593,0.763548,1.7537,-0.313874,-0.787328,2.587243
2025-09-11,1.388396,-1.859789,-0.665259,1.721237,1.216595,0.232438,0.204265,0.259576,0.781006,-0.824573,0.257509,-0.931824,0.484203,1.434075,-0.233936,-0.496919,-0.246887,-1.396925,0.715204,0.530527,0.555494,-0.471489,-0.988952,5.323124,-0.700036
2025-09-12,2.115874,1.000005,-0.955074,1.55274,-0.236684,3.18848,0.178894,-0.528817,-0.268073,-1.695238,0.896732,-0.741706,-0.385219,0.626231,0.657973,0.916224,0.641468,0.028128,-0.537288,0.8458,-0.066738,-0.337153,-0.501407,6.739634,-1.153485
2025-09-15,-0.126584,0.718711,0.346871,-0.054296,-0.511304,1.086084,2.840676,-0.047707,-0.262994,0.019376,-0.182839,-1.127422,-0.096839,0.5632,0.145209,0.954499,1.291294,1.184039,-0.381728,0.452265,0.145712,-0.705172,-0.615858,-3.093611,-0.087476
2025-09-16,0.408973,-0.563914,0.476518,1.401827,0.039495,-0.258485,-0.364963,1.311562,0.587803,-0.282051,0.537481,0.192258,-0.024203,-0.26129,1.773083,1.564537,-1.516792,-1.197737,1.122678,0.042721,0.781725,0.565855,0.902129,1.717731,0.797617
2025-09-17,0.008371,-0.075336,-0.919711,0.419152,1.06174,-0.247525,-0.672718,-0.623829,0.139872,-0.66873,-0.063378,0.362582,-1.12333,0.438154,0.367647,-0.547445,-0.117505,-1.361218,0.372883,0.483301,2.738827,0.6599,-1.092111,2.431746,0.335567
2025-09-18,-0.870941,4.610487,-0.546238,0.354296,1.242959,-1.042701,0.139068,0.080402,0.369879,0.618466,-0.656839,-0.606453,0.048616,0.46185,-0.135465,-0.064041,-0.594338,1.299006,-0.887674,-0.380176,-0.500792,-0.260598,-0.529744,-2.802712,-0.02724
2025-09-19,1.770097,0.006351,-0.38301,0.25596,0.191752,0.146318,0.580455,-1.767306,-0.820597,-1.553842,-0.981571,-0.284865,-0.218684,0.376273,-0.097855,-1.022352,1.443512,0.512029,0.672027,-0.530073,1.214786,-0.025238,-1.05023,1.007539,-0.435796
2025-09-22,3.1333,1.505524,-1.270816,0.739439,0.309119,1.6718,-0.746765,1.187633,0.020748,0.12456,-0.170954,1.133071,-0.901006,0.852167,-1.329329,-2.134681,-0.221109,4.740443,0.622882,-0.947364,-0.783063,-0.684974,-0.02024,0.719075,0.716153
2025-09-23,-0.566677,0.236724,-3.125135,2.164053,-0.576922,2.652653,-0.545364,-0.997085,-1.013442,-1.817897,0.237243,0.301407,-0.957994,0.295037,0.293405,-1.800452,-0.889447,-1.94538,-0.248681,-0.086265,1.872221,-0.24756,-0.750317,-3.189506,-0.235791
2025-09-24,-1.140194,-1.288496,-1.757746,-0.779107,-0.289292,0.807636,-1.796076,1.206938,-0.120776,1.08239,-0.266884,0.497581,-0.545638,-0.200597,0.442912,0.417158,-0.045067,-1.557547,0.785938,-0.166033,-1.11872,-0.478692,-0.341106,3.015151,-1.506063
2025-09-25,1.445436,2.628233,-0.867947,1.030573,0.718724,-0.710784,0.56874,-1.138724,-0.278218,-0.302433,-0.087142,-0.282065,-0.336282,-0.213289,-1.074921,-0.602567,-0.24985,1.839756,0.313913,-0.644322,-0.623157,-2.13766,-0.86561,-2.72263,-1.40558
2025-09-26,0.535223,-0.660352,0.319517,-0.654268,0.191899,-2.276674,-0.21452,-1.739433,-0.005289,-0.915185,-0.614037,-1.76949,1.249688,0.368372,1.787664,-0.833333,0.274476,0.011228,-0.824998,0.408161,-0.585845,-1.424682,-1.782918,2.825124,-2.360736
2025-09-29,-0.05107,0.774423,0.949653,-2.007969,0.114587,0.095961,-1.533187,-0.694292,0.449236,0.116229,-0.845837,-1.246572,0.086018,-0.432093,-1.326915,-0.710539,0.606056,0.787016,0.41004,-0.636937,1.480102,-0.682438,2.230236,-0.256558,1.165145
2025-09-30,-0.090244,0.621929,-1.107955,0.141591,-1.695883,0.898992,0.119438,-0.502837,-0.735868,0.660555,-0.421065,-0.083157,-1.27843,-0.259291,-0.97429,-1.060289,0.917704,2.471441,-0.208333,-0.951273,0.287373,-0.776369,-2.462341,0.724772,-0.2334
2025-10-01,0.160761,1.913877,1.504419,2.384106,-1.208575,-0.383256,1.723777,0.245294,1.317307,0.826908,1.780415,-0.013828,0.807754,-1.038319,0.311573,-0.575193,0.953775,1.07968,1.86085,0.124356,-0.940045,0.802489,1.1365,3.528617,0.445836
2025-10-03,1.315424,-3.521206,-1.758865,0.853971,0.039511,1.512821,0.351753,-0.214823,1.381305,0.343031,-0.488379,0.528143,-0.148186,0.492687,1.168024,-2.613654,0.048347,-0.829857,0.478352,0.014677,0.248508,-0.755817,2.171666,-3.036392,0.0
2025-10-06,-0.503891,-10.041948,-0.045252,2.345996,-1.060281,1.601211,2.308193,1.736631,0.15948,0.260338,-0.554338,2.032353,-0.558313,-0.322393,0.456989,1.484702,1.920523,0.02156,1.289501,1.102941,0.697003,2.977254,-0.807927,2.836075,0.887502
2025-10-07,-0.128494,-1.554578,0.407458,-2.079204,-0.514339,0.758248,-1.011,0.801689,0.87269,-0.89764,0.902028,-1.299313,-0.67081,-0.53661,-0.488262,-0.646485,-0.815839,-0.638996,-0.219634,0.639538,-1.081052,-0.711187,-0.198542,-3.28927,0.259368
2025-10-08,0.600346,10.617516,1.031762,0.042369,-1.111114,1.096787,-0.138803,1.395479,0.276641,-0.434086,-0.145741,2.608099,-0.0625,-1.356216,-0.005361,0.615322,0.30002,1.361416,-1.922533,-1.256501,-0.986385,1.75462,2.636733,0.255958,0.419323
2025-10-09,-1.462319,-1.443082,1.21778,-0.899828,-0.419998,0.107524,-1.202603,2.291498,0.266801,0.663738,0.467214,0.486022,0.225562,0.157355,0.902154,2.12034,0.011486,0.176877,0.640921,0.276568,0.058032,0.912985,-0.25844,0.863808,0.987741
2025-10-10,-3.793049,-7.67711,-4.349945,1.061646,-2.563587,0.564778,-2.013,0.301811,0.194078,0.752984,0.729767,0.324505,0.586834,-1.560554,0.504648,-3.505171,-1.670392,-5.348556,0.93833,0.283053,2.151728,-0.711474,-0.479022,-5.280162,0.282257
2025-10-13,-0.689711,-1.716621,1.088659,1.588384,-0.691057,1.259953,1.640226,0.315433,0.277123,-1.047948,0.458819,-0.253844,-0.1875,0.775522,-0.277778,0.377274,-0.456998,0.186203,-0.37143,-0.137993,0.449376,-0.654115,0.443437,2.920689,-0.377954
2025-10-14,0.474452,-0.506387,0.385044,-1.2586,2.538386,-2.004805,1.749368,-1.319784,0.737116,0.373046,-0.352774,-0.60707,-0.800003,-1.229404,-0.813244,0.122919,0.654606,-2.565354,-0.248675,-0.2971,-0.685163,-2.009267,0.124537,0.574049,1.065905
2025-10-15,-0.060126,7.134839,-0.484714,-0.881358,1.376768,3.304096,1.528816,-0.146877,0.333333,0.655315,0.858278,-0.640205,0.477385,-0.228471,2.18041,0.068333,-0.297116,-2.689395,1.238301,-0.629064,0.911058,-0.040389,0.455719,0.057484,0.084003
2025-10-16,-0.322257,-0.732149,-0.556404,-1.652415,-4.106464,0.353107,-0.123127,1.006732,1.190653,1.73564,1.163458,-0.162835,1.034911,-2.230227,0.82239,-0.763707,-0.189245,-0.230477,0.141131,1.687155,-0.151973,0.026939,2.572557,-1.375569,1.361823
2025-10-17,1.721631,-0.077164,-0.708429,0.325997,0.64769,1.325632,1.012924,-0.853906,0.865232,1.488987,1.742208,-0.948522,1.67756,-0.534833,-0.533681,1.391634,0.891877,1.687206,-0.346007,1.127769,0.185918,-0.262628,1.094912,3.245593,-3.640002
2025-10-20,2.481531,1.729605,1.215631,1.498466,1.166412,-0.046232,0.730294,0.369152,0.596792,-0.559605,-3.585295,0.495293,0.121197,1.293127,0.277057,1.522481,0.42362,-0.267572,0.423918,1.861115,1.441988,0.994807,1.554346,0.802036,0.141142
2025-10-21,0.339844,-0.568111,1.648128,0.938163,-1.094259,0.147477,-1.680144,-1.11133,0.168987,-0.088668,-0.180571,-0.378889,-0.157193,-1.514953,-0.097637,-0.373631,0.030913,-0.891728,-0.24926,-0.190739,-0.016523,-0.804993,-0.219414,-0.708902,0.149378
2025-10-23,-0.1385,2.098541,0.954336,1.027291,0.543898,0.380736,0.039531,0.920531,-0.708663,0.023072,-1.53791,1.225166,-0.012016,0.054353,0.737788,-0.095279,-0.363669,0.964419,0.923999,-1.803388,-0.049343,0.595743,0.193892,6.900003,-0.204248
2025-10-24,0.624069,3.928336,1.009148,-0.980699,1.388623,-0.342936,1.301749,-0.078685,-1.607319,-2.616103,0.701701,-0.91588,0.204346,1.47258,-0.620979,0.213087,0.156852,1.316361,0.377955,0.110343,-0.708053,-0.545456,-1.592056,-2.933999,-0.824492
2025-10-27,1.483688,0.694125,-0.303085,0.86054,0.416669,-0.600387,1.68038,0.137128,0.647267,-0.182795,-0.325591,-0.364238,0.875298,0.658588,0.301637,0.145389,-0.048894,0.789515,-0.841748,1.44224,1.742101,0.600029,0.69467,2.827402,0.254844
2025-10-28,0.003721,-0.43606,0.451318,-0.216169,-0.245285,-0.487013,-0.823168,-0.840392,0.591386,-0.869389,-0.721051,0.03334,-0.618313,0.16401,1.292674,-0.158113,-1.441817,4.133642,-1.011463,0.18867,0.339772,-0.58843,-0.88,1.268743,-0.525322
2025-10-29,0.155976,0.052986,-0.591356,0.15238,-0.151914,-0.844221,2.547155,1.784317,0.293557,-0.975086,0.425037,0.679914,0.813007,0.658957,-0.749747,-0.408084,-0.62209,-0.451968,1.868899,0.953017,0.626403,-0.009804,0.377594,-0.214052,-0.541875
2025-10-30,-0.216918,-1.954454,-1.84973,-0.353984,0.683502,-1.006581,-3.467192,-0.507152,-0.184998,-0.859089,0.0,-0.875909,-0.675998,1.193628,0.188442,-0.400516,-0.889755,-1.10163,-0.768032,-0.766667,-0.542875,-0.452594,0.152202,-2.427665,-0.399358
2025-10-31,-2.389976,-1.340528,-2.351061,-0.820591,1.250236,-0.87452,-0.713248,-0.535556,-0.674045,-0.141758,-0.862192,-0.516775,-0.03567,0.836192,0.74479,-3.878376,-2.093104,-1.918136,0.263054,-0.268384,0.22462,0.757825,-0.324562,2.195858,-0.594772
2025-11-03,-0.506629,0.123398,-0.532582,0.628055,0.56328,0.588233,0.545754,0.220766,0.776652,0.158784,0.440136,0.215877,-1.428741,-0.530545,-1.228288,-2.788106,-0.534805,-0.5767,0.999995,-0.087486,1.166446,-0.987885,-0.147453,2.714973,-0.070635
2025-11-04,0.637283,-0.119833,-0.423356,-0.28453,0.980763,1.634615,0.285459,-0.47514,-0.177305,-0.581303,-0.424546,-0.797454,-1.231886,0.828147,-1.520705,-0.114638,0.50219,-2.123152,-1.464272,-0.727815,0.694004,-0.973644,2.389582,-2.244418,-1.072766
2025-11-06,0.701771,-6.221645,-2.456257,0.285714,-0.243349,0.472519,-0.203269,-0.176571,0.372072,-1.132347,-0.721803,-0.804817,-0.609756,0.781383,-1.607095,-2.659428,-1.692837,-4.246002,-0.80852,0.815362,-0.917859,0.695622,-0.148151,-3.474324,0.020835
2025-11-07,-0.492953,1.12583,0.621659,-0.342294,0.094072,2.656398,-1.546557,-0.178203,0.234693,-0.124121,1.711601,0.462588,-0.49255,0.743845,0.139277,0.846734,-0.026161,1.757707,0.879999,-1.110663,-0.30248,-0.306563,0.087627,-1.918164,-0.925845
2025-11-10,0.174748,0.759889,0.024159,-0.409165,0.01872,1.72511,1.997044,1.482213,0.223965,0.158006,0.379773,1.570366,0.371241,0.600005,0.603338,0.106163,1.191903,2.019375,-0.238098,0.771366,-0.50732,1.075842,0.395987,1.280711,1.010779
2025-11-11,2.016235,-1.71315,0.277768,0.36122,-0.223254,-3.688794,1.237184,1.434291,0.833758,0.218811,0.689403,0.347544,0.209361,-0.592128,0.661746,-0.146494,0.768622,-1.0248,-1.868607,-0.240479,-0.031458,0.065681,0.04986,0.050069,0.24471
2025-11-12,-0.556363,2.275514,-2.413686,-0.513075,0.408241,0.217608,-1.703923,1.206349,-0.931116,-0.250971,-0.810217,0.759737,-0.245098,1.31221,-0.387907,-3.043955,0.349464,-0.980992,0.494854,0.431894,-0.057428,2.346407,0.341326,-2.612233,1.017508
2025-11-13,-0.423178,-1.564108,-2.250566,0.50861,-1.710359,-0.701232,-1.335266,-0.056273,0.269311,-0.881017,1.986901,-0.982591,-0.319407,-3.054224,1.211245,-0.5187,-1.375632,-2.193144,-1.12337,-0.270625,-0.026199,-0.83339,-0.538861,-4.996104,-0.272357
2025-11-14,0.501758,2.790386,-0.157405,1.437907,-0.472947,1.353366,1.842231,0.289307,1.388247,0.939664,-0.07278,-1.131576,0.852479,-1.268259,0.059968,1.274538,2.398487,3.997592,0.8554,0.890071,1.563562,0.517799,-0.260471,4.672539,0.184485
2025-11-17,-0.505921,-0.918639,-0.162917,0.458232,-2.092054,0.568075,-0.265942,0.777919,0.534677,-0.263219,0.283618,0.775399,-0.646734,-1.194081,0.581861,-1.15427,-0.188813,0.338767,0.181744,-0.17095,0.242016,-0.122345,0.535346,2.553048,0.032792
2025-11-18,-0.944475,-2.740943,-2.433145,1.232002,0.702029,-0.744226,-1.264245,-0.548631,-0.521226,-0.488453,-0.492677,-1.301459,-0.587874,-0.030049,-0.50746,1.029416,-0.318951,-1.10154,-0.020244,-0.151142,-0.322874,-0.480332,0.367398,-1.018798,-0.835631
2025-11-19,1.141114,-2.914093,-0.469296,0.189276,0.67738,-0.33697,1.967542,4.218638,0.464644,1.227201,0.698943,3.394832,-0.321111,1.177687,0.314452,-0.572654,-0.608041,0.936204,0.830129,0.098853,1.059179,1.637067,1.292853,-0.53917,2.019076
2025-11-20,-1.691093,-11.465403,-4.364679,0.799996,-2.857143,1.339899,-4.955013,-1.034521,1.361397,-0.683007,0.210131,-1.189711,0.470828,-2.598417,0.059477,-2.377792,-2.898256,-7.813217,-0.381525,1.248364,-0.45132,-0.10165,-1.205066,-4.678869,-0.501012
2025-11-21,2.08309,-2.408888,2.006007,-0.638625,0.526419,-1.558826,1.09304,-1.711491,-0.503438,-0.102619,-0.254916,0.914435,0.703705,-1.08534,-0.027325,0.97706,-1.333334,-1.302141,-0.04048,0.363399,-0.724715,0.184433,0.082029,-2.791313,-0.208161
2025-11-24,1.85309,3.80865,1.67146,-0.79737,0.542108,-1.094527,2.394492,-0.241592,-0.084998,-0.724843,-0.356807,-0.997696,-1.187563,-0.080469,-0.290682,2.393442,-0.210526,1.704829,-0.485927,-0.909676,-0.507407,-0.531984,-1.052227,3.881439,0.918292
2025-11-25,0.61758,2.307926,1.453306,-0.220623,0.440191,-0.884421,-0.849143,-1.062848,-1.414344,-0.326173,-0.527469,-1.187865,-0.681452,0.983174,-0.406181,1.958329,0.615939,1.663715,-0.162765,0.247407,0.825174,-0.829813,-0.498137,1.201675,-0.951613
2025-11-26,0.213026,1.994764,-0.684754,1.438787,0.550286,2.484283,-0.227635,1.049282,2.303071,0.547262,1.102941,1.683966,0.324186,0.865579,1.575394,-0.639812,-0.16656,-0.754286,0.957812,1.789533,-0.273662,1.414001,1.37061,0.62035,1.703253
2025-11-28,0.573468,0.643101,0.856251,-0.590391,1.016759,-0.04817,-0.986487,-0.294662,0.05958,0.677555,-0.229882,-0.313101,-0.012364,1.287603,-0.376987,1.866117,0.904431,-1.122839,-0.714286,-0.031888,0.225226,-0.079618,0.0384,0.839217,-0.585658
2025-12-01,1.830868,2.7492,0.282996,-0.954973,-0.485978,-1.996357,-0.884481,0.791413,-1.513516,-0.085141,-0.279772,0.096,0.359983,-1.287745,-0.337657,0.206396,-0.348049,2.952623,0.319606,-0.565081,-1.253238,-0.143408,-0.32756,1.133266,0.071968
2025-12-02,1.127209,-2.953239,-0.251052,-0.999445,-0.635158,1.084278,-0.293614,-0.938825,0.182185,0.275194,-0.636854,-0.382897,-0.816324,-0.278547,-0.885282,0.741033,0.673898,-0.165046,0.016424,-0.948045,-0.891395,0.15011,0.278711,-0.364431,0.067999
2025-12-03,-0.716289,0.61963,-0.415685,1.250992,1.577465,0.03918,1.183953,0.305717,1.470588,-1.218624,1.792246,1.517586,-0.298733,1.604815,-1.09127,-0.746419,0.29602,-0.822844,-1.6513,-0.41418,-1.999075,1.273885,-1.348836,3.388101,1.632081
2025-12-04,-1.19676,-0.41498,-1.572369,0.731884,-0.092232,1.090371,-1.43066,0.278786,-0.279999,0.909834,-0.021633,1.887754,0.737311,0.906594,-0.160399,-2.140528,0.22511,0.969062,0.719333,-0.026043,-0.310185,1.102065,-0.120896,1.020135,0.363278
2025-12-05,-0.627365,0.368376,-0.343005,0.572463,0.037086,1.856349,0.557138,1.220909,1.139112,-3.443431,0.83273,0.38509,0.471412,-0.190092,0.980244,1.418672,0.13264,-0.804827,-0.605687,0.666489,2.387103,0.253868,0.961082,0.43485,0.662274
2025-12-08,-0.086287,0.921997,-1.176008,-0.794389,0.0,-2.061066,-1.977812,0.332738,0.309998,-1.536109,0.187453,-0.389582,-0.654408,0.047608,-1.242897,-0.379484,1.264199,1.5933,-1.123406,0.246885,-1.488381,-0.200432,-0.771805,-1.758861,0.526901
2025-12-09,-0.352319,0.262397,0.476107,0.306606,-0.796739,-0.809755,1.507825,-1.74274,0.221123,-0.496117,-0.34061,-0.137394,-0.236321,-4.584855,0.18797,-1.025957,0.597011,-0.317954,0.900294,-0.707656,0.476538,-0.671825,1.960265,1.743842,-1.518862
2025-12-10,0.370837,-0.261262,1.298021,0.439904,0.914353,-0.561025,1.386824,0.162325,-0.771931,-0.20811,-1.037815,-1.442783,0.511091,3.197998,-0.217499,0.027693,-1.130095,-0.643349,-0.012541,0.18905,-0.036452,-1.110079,0.383711,1.20609,-0.011627
2025-12-11,-0.383378,1.661997,-0.186385,-0.367941,1.130678,-0.543532,-2.390026,0.293855,1.040403,0.405001,-0.271317,0.0,-0.062012,2.632265,0.267954,1.464354,1.435075,0.360547,-0.36775,0.527033,0.119533,-0.408739,0.375944,-0.458848,0.363905
2025-12-12,0.136742,-3.475751,-1.600902,0.633801,0.657175,1.729999,-1.405803,-0.250392,-0.149551,-2.007014,-0.146199,-0.19983,-0.694959,-0.362864,0.322583,-0.857188,-0.268853,-3.362595,-0.201256,0.367549,-0.295029,0.713014,0.920722,2.425851,0.423894
2025-12-15,-2.155991,-2.214055,-2.364761,-0.01556,-0.144375,-0.2266,-0.995762,0.645473,0.413304,1.455361,0.67104,1.375397,0.549858,0.134545,0.478786,0.280316,-1.099771,-0.927284,-1.113443,0.322331,1.044659,0.594807,0.126898,1.250425,0.673103
2025-12-16,0.656102,1.087377,-0.215206,-4.502388,-0.598473,-0.903223,0.531233,-1.743013,0.424201,-0.536313,0.146628,-0.443748,0.074743,-1.109408,-0.487301,2.121216,0.949336,0.828326,-0.836995,-0.174754,-0.507216,-0.46273,2.064935,3.741982,-0.962783
2025-12-17,-1.15269,-5.679867,-1.508947,0.335898,-1.034107,-0.040002,-3.665468,0.242277,-1.204819,-0.245478,-0.923075,0.932463,-0.299255,-1.083435,-0.406965,-0.931954,-0.165651,-2.930155,0.500541,-0.361289,1.066748,0.540542,-0.562343,-4.293145,0.82626
2025-12-18,-0.518981,-1.354141,0.465193,0.301776,-0.985403,-0.179622,0.245257,0.265542,0.657559,-0.198238,0.779915,1.012111,0.099998,-0.949367,-0.882712,1.129322,1.210818,-0.223457,-0.429185,0.599275,-0.035795,1.635689,0.494873,1.089592,1.022289
2025-12-19,0.558523,4.315731,0.260192,-0.493246,1.375642,0.508371,1.79962,-1.946267,-0.151976,0.720062,0.007384,-0.684851,0.199872,1.089895,0.82671,-1.147919,-0.295464,2.445241,0.38362,0.688365,0.035714,-0.515308,0.283238,-1.417681,-0.955052
2025-12-22,-0.692657,-2.295456,-0.07874,-0.145753,0.92108,-0.049588,-0.032273,1.11387,-0.030363,0.416667,0.773196,1.53846,0.273906,1.757421,-0.210735,-0.022674,-0.246849,-0.125052,0.166816,0.120751,-0.693098,0.450148,-0.157359,-0.23475,1.928901
2025-12-23,0.561213,0.958373,1.344627,-1.129944,0.286687,-0.2072,1.5244,0.286553,0.615848,0.580966,0.139595,-0.637281,1.20497,0.716915,-0.738566,0.740855,0.385582,3.410398,0.379369,-0.645207,-0.450677,-0.298199,-0.203366,-0.784634,-0.22059
2025-12-24,0.539767,0.027908,0.107698,-0.300809,0.213788,0.06924,-0.216028,-0.077569,0.422962,-0.885961,-0.293298,0.144493,-0.330924,0.898119,-0.28044,0.757695,0.481798,0.356496,-0.75146,-0.921981,-0.436704,0.450952,-0.420296,-0.630531,-1.062968
2025-12-26,-0.277214,-0.204237,0.206866,0.261221,-0.195452,-1.156471,-0.308446,-0.425658,-0.391569,0.135821,-0.449685,-0.438863,-0.578107,-0.364614,-0.115991,-0.714011,0.205461,0.321188,0.295075,0.289445,-0.273494,-0.999067,2.12592,-2.069124,-0.336835
2025-12-29,0.39239,1.904716,0.056051,0.3094,-1.354486,-0.498504,0.703344,-1.741273,-0.140969,0.192238,-0.650834,-0.802174,-0.371195,-0.993884,-0.352826,0.103341,0.461993,0.271693,0.123655,-0.598112,-0.191337,-0.868902,-0.655862,-1.995732,-0.657919
2025-12-30,0.098966,-0.245518,0.570906,1.054339,-0.378452,-0.482848,0.432002,-0.956592,0.070694,-0.135181,-0.059558,-1.542199,-0.595532,-0.427938,0.321862,1.102189,0.31898,-0.371872,-0.11492,-0.465414,1.085152,-0.09846,-0.19839,-1.444404,-0.132578
2025-12-31,-0.439468,-0.769161,-0.897341,1.878012,-0.578452,-0.323234,0.047944,-0.073866,0.020183,1.131,0.007445,-0.345464,0.473696,-0.653634,0.628388,-0.701011,-0.865038,-1.619458,2.424476,1.907854,0.712639,-1.043211,1.694277,-1.398817,-0.272728
2026-01-02,-0.45912,2.087715,-2.092157,-0.549494,1.671819,1.803884,-0.552225,0.502448,1.054326,0.94583,1.30045,0.275078,-2.763892,0.924034,0.611387,-1.858978,-2.3638,-0.521487,1.479366,0.778484,1.467751,0.516387,0.314433,-4.309738,0.617166
2026-01-05,-1.248893,-3.982627,1.844084,0.910383,1.281825,-0.09697,-0.352577,-1.070771,-2.808849,1.819351,1.277511,-1.869272,-0.142776,2.623659,-0.300271,1.195061,-0.25524,-1.898206,-3.529176,-0.935344,0.554999,-0.752967,0.691068,0.821452,-2.282436
2026-01-06,-1.737833,-3.753761,3.804389,-0.827834,0.420982,-0.066465,-0.651074,0.999813,-0.051937,1.079702,2.857139,0.756201,-2.226977,0.598277,-0.298577,0.159193,0.994095,-1.721603,1.596036,-3.913322,1.086365,1.426793,0.786819,-3.00641,0.873535
2026-01-07,-1.090435,-0.994673,0.813821,0.193349,-1.852177,-0.436771,2.423981,1.659668,-0.726989,-0.68709,1.399144,1.486068,-0.510204,-1.253254,1.242085,-1.060035,0.773302,0.286362,-0.478752,-0.384109,-1.520484,1.625095,1.140833,-1.030051,2.188675
2026-01-08,0.785939,-2.949266,1.328888,-0.333044,1.261717,0.356222,-1.073046,-0.399207,0.211707,-0.096277,0.419874,-1.562022,-0.175697,1.041697,-3.163464,0.027868,-0.650404,-2.15219,-2.846347,-1.960002,-0.854359,-2.525176,-0.566325,1.8486,-3.21151
2026-01-09,0.111938,-1.23955,1.148954,-1.150144,-0.569699,-1.082363,0.452478,0.868196,-0.634921,-0.394622,-1.59764,0.254657,-1.100029,-0.045544,-0.094317,1.180589,1.101127,-0.118868,0.774895,0.703075,0.451807,0.526482,-0.690149,2.078219,0.22958
2026-01-12,0.420588,3.235913,-0.105376,-0.039225,-0.180869,-0.719646,1.860036,0.50627,-0.058665,1.871293,0.942921,-0.88193,0.044344,0.810857,-0.17387,-1.618325,0.106988,0.938763,0.692046,0.535478,0.709328,1.142682,0.632583,1.751916,0.920596
2026-01-13,0.900582,2.728961,-1.594124,-0.941915,-1.320788,-0.105263,0.30452,-1.186944,-1.092122,-1.060002,1.197183,-1.174289,-1.268433,-4.131975,-3.490568,-1.7407,-0.844775,0.437837,2.428571,-2.168347,0.552402,0.708783,0.179603,-0.66637,0.284684
2026-01-14,0.181125,2.785701,-1.866059,3.490044,-0.756433,-0.110875,0.232794,0.21021,-0.489246,-1.89253,-0.505047,0.743076,-0.372024,-0.107079,-0.876922,-1.752591,-1.517812,-0.640195,1.737772,1.024934,-0.160197,-2.070552,-0.480914,-0.815245,-1.439389
2026-01-15,-0.936122,0.008778,-0.472193,0.0,-0.246588,0.0,-1.442321,0.0,0.0,0.0,0.0,0.0,0.0,0.256105,0.0,0.375114,-1.607341,0.294908,0.0,0.0,0.0,0.0,0.0,-0.580327,0.0
2026-01-16,-0.918959,-1.054205,0.012547,-0.354181,0.531415,1.06892,-1.318742,1.676647,0.986982,-0.405067,-0.500739,1.568798,-2.459256,0.683098,-0.863756,-0.629625,0.443396,-1.507302,0.109358,-0.061696,0.998067,-0.394482,-0.582734,-0.455063,1.595446
2026-01-20,-2.385945,2.583155,-1.180696,-0.964702,-0.420492,-4.355847,0.352169,-1.90116,0.204458,-1.8118,0.080025,-0.842796,-2.320012,-1.13321,-1.231208,-0.618545,0.731348,-2.105545,-1.118836,-1.183806,-0.32219,-1.564286,-1.913357,-2.354664,-2.459851
2026-01-21,-0.422197,5.851942,0.095202,-0.395347,-0.306337,1.216216,2.324564,-0.302203,-0.502705,-0.466567,-1.352834,0.205937,-0.383436,-0.458091,-0.881579,1.025156,-1.875833,2.384811,0.987498,1.08672,-0.32461,0.729035,0.090785,2.319404,-0.14589
2026-01-22,-0.341088,0.786493,0.123902,0.372097,-0.038118,-0.438229,-1.169085,0.739382,-1.002154,0.916045,-0.708433,-0.15006,-0.383318,-0.403457,-0.134246,2.904589,0.786386,0.048712,-0.241215,-0.538967,1.289853,0.012695,-1.961452,3.263163,-0.557854
2026-01-23,0.291115,-0.574317,1.787537,-3.006939,-0.748416,-1.590921,-1.371469,-0.332805,-0.423916,0.395833,0.216339,0.215937,-0.660419,-1.417218,-1.427066,2.169764,3.115944,0.090666,0.069302,-1.119994,-2.129482,-0.871393,-0.081987,0.364304,-1.609579
2026-01-27,-0.347272,-0.051557,2.081852,2.094972,-0.076615,-1.64516,-0.244508,0.011625,2.251658,-0.460203,1.597017,-0.183895,-1.52967,-0.338496,1.175276,-0.240154,1.452391,0.683614,0.547442,0.036232,1.842186,-0.535433,-0.616641,-1.488308,-0.170065
2026-01-28,-0.469626,-0.546964,-1.363803,-2.091985,-0.269489,2.235707,-0.014875,1.436866,0.021449,-1.027847,0.374283,-0.803571,0.375053,0.166517,-0.270748,-0.855451,-0.326977,0.130705,7.776882,0.844762,0.387009,0.758819,-0.669666,-0.104191,0.785565
2026-01-29,0.108527,-0.973852,-0.448897,3.467371,2.116203,0.0,-0.602406,-0.069658,0.580585,-0.755111,1.810153,0.09047,-1.239926,1.329372,1.888599,0.119334,-1.475031,0.611476,1.996302,-0.848245,0.30103,-1.740577,-0.532723,-4.851528,1.524135
2026-01-30,1.689075,-0.084412,-0.245945,1.360949,0.624176,0.161577,-0.588235,-1.027316,-0.080645,1.366937,-0.964768,-0.845921,1.050818,0.209669,0.763614,-1.512027,-2.021997,-0.04184,-1.800001,0.925796,1.235905,-0.544416,0.82129,1.189608,-0.462187
2026-02-02,3.838023,4.453493,1.951244,-2.053771,1.560147,1.882752,2.22176,0.407189,1.431691,0.05093,1.721936,-1.961491,1.696558,1.208705,2.365106,-1.146096,-1.596782,-0.849357,0.934019,3.761196,0.862822,-0.888052,-1.170001,0.123428,-0.69672
2026-02-03,0.104011,-3.752734,-2.596131,-3.335713,0.461255,0.458336,-2.196696,-4.758424,-3.562896,-0.895393,-1.579324,-4.122276,-1.416569,1.653051,-1.89944,-2.215246,-2.559185,-3.16796,-1.039666,-2.496781,-2.097521,-3.722387,-1.795798,-0.544464,-6.373207
2026-02-04,1.542466,-6.888371,-2.457504,-2.263269,1.095294,-0.176167,-2.892461,-1.230204,0.06299,0.440562,1.5429,-2.426935,0.432002,0.909636,1.442048,-2.724905,0.776156,-2.93659,3.448954,0.88643,0.375869,-3.874997,1.394666,-3.436708,-1.089402
2026-02-05,-0.798188,-4.636877,-0.987062,-0.701494,-0.145405,0.077801,6.095061,-0.229284,-0.658995,-0.342861,-1.237624,-0.899612,-1.194458,-1.536507,-0.604206,0.999127,-3.379636,-1.743548,0.447766,-0.933423,0.496166,0.050167,-1.317335,0.047857,0.021429
2026-02-06,0.360855,5.737329,3.759255,1.252828,1.764176,0.795729,-1.320376,-1.135239,-0.412701,2.964664,0.673017,-0.985481,5.09677,2.44352,0.32306,-0.605564,0.493524,4.935198,0.354482,0.645165,-0.336446,-1.175838,1.059154,2.554442,-0.948779
2026-02-09,-1.18384,4.398263,-0.119634,-0.637035,0.035468,-0.490888,1.05631,0.099973,-0.820106,0.412371,-1.216834,-1.635899,-1.570369,0.236513,0.974501,2.117069,2.161294,3.136871,-1.057712,0.246912,2.321429,-0.36836,1.371354,1.807715,-0.763426
2026-02-10,-0.440184,-0.729754,-0.881224,0.303118,-1.860381,-1.785083,-0.744622,-1.373042,0.258067,0.763864,0.392577,-0.146663,-0.495358,-1.323822,0.700483,-1.015349,-1.513275,-1.483965,1.833487,-0.849762,-0.599481,1.179743,-0.718602,1.705416,0.647885
2026-02-11,0.291222,-1.973565,-1.912908,-0.78792,-3.787748,0.378123,-2.511211,-1.423127,-0.44564,0.117882,-0.092372,-1.951767,-1.149251,-3.842341,-0.05991,-0.787833,-2.837714,-1.247074,0.844663,0.623457,3.337125,-2.355703,-2.319538,0.072436,-0.717157
2026-02-12,-5.029205,-4.58231,-2.137674,-0.586099,-2.57837,3.180831,-0.990098,-3.459779,-0.690402,-2.638386,1.699739,-3.002311,0.047282,-3.086968,-0.047757,-3.009086,-0.780248,-3.154948,0.126814,-1.435372,0.794592,-4.171021,1.025421,-3.074595,-3.147655
2026-02-13,-2.377776,1.61749,-0.045259,-0.670991,1.232902,2.98995,-0.653173,2.262822,-0.996711,-3.950002,-0.750724,5.811883,-0.712025,1.349993,-0.004796,-0.826222,-0.773892,-2.490931,-0.962965,-1.791769,0.807399,4.147,-2.064528,0.755474,1.633042
2026-02-17,2.259259,0.460058,1.524246,-0.080991,-0.565609,0.13824,0.659905,1.27049,0.292526,0.129909,0.092451,1.547442,2.198147,1.443386,1.655536,-0.032842,-0.591157,1.771665,-0.421243,-0.565996,0.605261,0.051543,1.663022,-0.419532,1.139458
2026-02-18,0.284522,0.861847,1.346061,1.027146,0.698243,0.911734,0.41047,-1.078749,0.162478,0.471327,-0.134744,-1.236615,1.978531,0.103744,0.825076,1.486271,0.369226,-0.407949,-0.150941,1.002106,0.008203,-1.285718,-0.056455,0.051087,-1.965772
2026-02-19,-0.769238,1.629101,0.520117,-1.773948,1.656715,-0.678712,0.341263,-1.333332,-1.442414,-2.427224,-1.398648,-1.046931,-2.409815,0.286478,-1.054069,0.972489,-0.556543,0.449052,1.609325,-2.321552,-1.406499,-1.111525,-0.634315,1.095148,-1.303735
2026-02-20,2.166268,0.01499,2.612818,1.280537,1.008952,1.407612,3.502893,-0.45045,0.093301,1.291028,0.432121,-0.441436,0.599911,0.774972,2.659886,2.496517,0.282756,1.741973,0.450613,0.702378,0.820761,0.719908,0.854658,0.862116,0.076301
2026-02-23,1.020913,-0.752178,-1.359924,0.449109,-3.349736,-0.140438,-2.369534,-0.834376,0.774684,0.877415,-0.042855,-1.81213,-0.489299,-3.604266,0.511876,-2.343148,-2.665822,0.078375,-1.518399,0.210526,0.474636,-0.36113,0.063236,-1.831624,-2.124929
2026-02-24,1.597861,1.044271,1.503867,-0.743922,-0.650378,-0.267959,0.122377,-4.499757,-1.880491,1.179701,-1.149259,-1.960031,-0.154321,0.161708,-3.539799,0.982494,1.26516,0.71022,0.308364,0.245562,-0.706165,-2.548279,1.275825,2.473093,-1.408867
2026-02-25,0.901469,-1.843407,0.085523,0.645624,2.702159,-0.676071,0.269178,1.712174,-0.323981,0.253282,0.625086,0.303221,-1.766513,1.560398,0.667447,1.73688,2.578549,0.570841,0.343585,-2.543554,-2.279945,1.282745,0.487918,1.273808,0.303016
2026-02-26,-0.727405,-2.452112,-1.333459,-0.534569,0.809557,-0.764143,-1.682449,-1.258088,-1.469301,0.222878,-0.01423,-1.256226,-0.531254,0.508904,-0.427418,0.993009,-0.738798,-4.828334,0.973328,0.593497,0.707744,-0.086794,0.290995,-1.409205,-1.291053
2026-02-27,-3.163376,0.049976,1.532659,-0.223502,-2.447142,-1.293423,2.505423,-0.636625,-1.207431,-1.316843,-1.507141,-1.975426,-0.759492,0.099996,-0.247152,0.735097,0.475846,-2.239999,0.430884,-0.293274,-0.439109,-1.648277,-0.324767,-0.106714,-1.490193
2026-03-02,0.880301,2.46066,1.87729,0.233736,2.111526,0.746653,1.084978,1.480385,0.365215,0.764225,1.402214,-0.162663,2.573288,0.932804,0.140358,2.573926,1.448354,4.268328,-2.013885,-1.272265,0.413504,0.829475,-0.431356,3.256529,1.830773
2026-03-04,-0.804838,5.179061,3.01706,0.505768,0.821808,-2.264739,0.079233,0.589971,2.435144,-1.378161,2.971344,1.191952,0.434645,-0.199999,-1.706327,1.484886,0.979396,1.440917,-3.501738,1.12782,0.204763,-1.417141,-0.014271,2.033429,-0.234678
2026-03-05,-0.191725,0.849468,1.3705,-0.428079,-0.020069,0.459293,-0.712778,-1.748656,0.446304,-0.900901,-0.825484,-1.075754,-0.224219,-1.486685,2.917792,-0.205458,1.547891,1.197769,-0.593523,2.682732,-0.973751,-0.815383,0.877777,0.991105,-0.366599
2026-03-06,-0.452389,-1.454402,-0.827945,-2.316255,0.185376,-1.020832,0.820694,0.051619,-1.267208,-0.864111,-1.911873,0.41443,-0.112877,1.096604,-1.623909,-0.469214,-0.058656,-1.123215,-0.357207,0.594346,-2.182285,-0.559872,-0.127057,-0.341628,-0.102256
2026-03-09,1.638704,7.034216,1.444528,0.475752,-0.083432,1.762855,4.076641,2.150374,1.903032,-0.200087,0.447873,1.937984,0.327869,1.548166,-0.205192,1.986513,1.108859,3.291292,-6.297582,3.563636,-1.479821,-0.102771,-0.019226,2.212538,2.448454
2026-03-10,1.23423,0.355539,0.065362,1.505559,0.579956,-1.073685,0.284154,0.036738,-0.070581,-1.519786,1.887236,-1.848487,0.016177,-0.193577,-1.52439,0.078036,-1.041385,1.299348,-0.609191,-1.523831,0.098999,-1.097989,1.077818,-0.740891,0.21446
2026-03-11,-0.107242,-0.136512,-1.418577,-4.137401,0.330852,-4.135377,0.635701,-1.236096,-1.307691,-1.314951,-0.415386,-0.908381,-0.016175,-0.446663,-1.054203,0.015269,-0.170132,0.064545,1.026119,-2.435264,-2.002878,-1.722427,-1.233306,1.377152,-0.226951
2026-03-12,-1.121166,-2.509489,-0.408765,-0.699803,-1.194968,-1.931599,-1.065778,0.599998,1.542498,-1.302489,-0.721169,-0.526519,-0.96075,0.021224,-2.75817,-1.629288,-0.684581,-0.494433,-0.386605,0.15827,0.939445,-0.707381,0.721954,-2.509991,0.721176
2026-03-13,-2.098012,-2.382515,-0.92553,-2.181369,-1.6835,-0.691058,-1.54067,-1.82222,-0.365854,1.123596,0.23165,-0.215823,-0.838812,-0.432083,-6.953463,-1.631697,-1.359105,-2.525415,-2.384026,-0.324863,-2.830626,-1.087403,-0.435103,-1.996643,-1.505486
2026-03-16,0.281626,0.8206,1.627069,1.292528,-0.127329,3.299618,0.397566,1.203529,2.888614,0.281151,1.426297,0.774077,1.88399,-0.06286,0.4604,-0.719935,0.47228,0.136634,-1.363369,1.094201,1.716411,-0.033197,0.833129,-0.166575,-0.575828
2026-03-17,0.502051,-0.18812,1.118311,0.688696,-0.797317,-1.087519,1.654361,-0.564504,-0.277225,-0.671949,0.766278,-0.971886,-1.645429,-0.730099,1.863141,-0.848742,-0.214851,-1.691346,1.572993,-0.100073,-0.856697,-1.169424,0.0,0.904745,-1.887176
2026-03-18,-1.064799,1.76531,-1.897816,2.052113,-0.82592,0.456569,-0.510876,2.314357,-0.272075,-1.371822,0.256613,2.350563,-0.604775,0.317262,1.089938,-0.107089,-1.344647,-1.139852,-0.056569,0.780133,0.215461,1.27801,1.513335,-1.558898,0.673577
2026-03-19,-0.176418,5.250477,0.821017,-1.146601,1.271004,-4.14651,1.02628,-2.206648,3.662339,-1.64299,-1.380562,-1.880719,-1.160862,0.379949,-2.614341,-0.890307,-0.276856,0.308973,1.547172,-0.230544,-0.057168,-2.52379,-1.620212,-1.799778,-1.859565
2026-03-20,0.004037,-1.737517,-0.978784,-0.388876,0.063651,-0.735033,-1.46009,-0.0899,-0.579616,-0.809639,-1.033058,1.119165,-0.36538,-0.527627,-1.156833,-1.635388,-1.272012,-2.97753,-1.338292,1.173106,-0.037795,0.192795,1.475208,-3.130187,-0.151686
2026-03-23,-0.976492,-1.802326,0.166836,-0.880612,-1.696317,-0.672289,-0.016546,3.331299,-2.489681,-0.489749,-0.317954,1.502189,-2.827026,-1.49502,-1.841361,-0.285574,-0.234434,-0.913909,-0.692097,0.557146,-0.683347,0.794928,-5.016516,2.07993,-0.987282
2026-03-24,0.515276,1.976263,-0.341424,0.480198,2.316685,2.289157,-2.927811,-0.485504,1.311262,0.724638,1.13976,0.732864,-1.58811,2.177021,2.23256,-1.031546,-2.515952,0.211631,-0.186185,-0.577461,-2.312349,-0.220459,-1.28598,1.718186,-1.44125
2026-03-25,-0.582452,4.141653,0.070906,1.841665,0.47403,2.401254,-0.855374,2.47033,1.835456,1.754054,0.063542,0.716534,1.02494,0.431759,2.224156,-0.643013,-1.560014,0.892144,1.066021,-0.485917,1.687438,-0.9788,2.260761,-1.035918,0.026457
2026-03-27,-2.008661,0.109036,-3.448615,-0.355523,-2.288326,-3.565716,-1.060301,-0.915031,-2.198655,-2.303026,-1.767512,-1.206038,0.0,-2.178882,-2.085162,-2.662471,-1.41752,-1.458821,4.232907,-3.775876,-3.024831,-0.586541,-0.4625,-2.12611,1.348851
2026-03-30,-1.375616,-4.347404,-0.263053,-2.008263,-0.672975,-3.543924,-1.056368,-0.622224,-1.831726,-0.426359,-0.87135,0.047998,-2.009535,-0.340662,0.117146,0.0,-0.81238,-2.138879,0.67197,0.666668,-2.547261,-0.682085,0.238455,-2.891813,-1.23691
2026-04-01,0.610045,1.262108,0.061778,1.540423,-0.865192,-1.861191,2.252104,-3.236403,-0.100942,-2.603894,-1.253972,-1.108531,-0.443682,-0.003389,-1.29959,-0.155142,-1.103107,-0.142045,-0.672418,-1.083658,0.972221,-0.856321,1.6375,0.694611,-0.172316
2026-04-02,0.676633,6.59152,1.563867,1.983658,1.29231,2.206425,1.747562,4.097992,2.863017,0.501219,1.655522,3.238099,0.895782,0.921518,2.085159,1.487535,1.702023,3.025907,-0.450602,-0.478998,1.840002,2.711649,2.532537,-0.991218,2.314963
2026-04-06,0.916134,0.410431,1.425162,3.593717,1.274532,2.648082,1.392502,0.45097,1.581028,0.944173,1.516902,0.368828,0.631401,0.472698,3.071942,-0.808389,-0.16332,0.270939,-1.896966,-3.995589,1.25,-0.004046,3.437274,-2.6945,0.147205
2026-04-07,-1.038415,1.498215,1.197689,0.993693,0.963855,0.837261,0.901787,3.637669,0.78329,2.22309,1.342555,2.872506,1.461845,1.453223,1.176632,0.448925,0.526546,1.348666,1.703029,0.741311,0.526832,3.201952,-0.110965,0.060614,3.91351
2026-04-08,0.174108,-0.129238,-1.13499,2.530576,-0.115513,2.814605,-0.976753,0.765568,2.012497,0.732399,-0.061072,-0.207565,-0.477125,0.0,1.466563,1.059403,-2.766384,-1.311652,1.964286,-0.088951,-1.168533,-0.497669,3.245012,-5.646117,-2.060664
2026-04-09,0.575286,1.557875,3.7384,-0.287382,2.091803,0.138581,0.816684,0.411269,-2.122698,-0.573295,-1.430877,0.127825,0.497512,1.101148,-2.301907,0.226493,0.153022,1.138367,1.298706,-1.188707,-1.806436,1.370399,-0.786597,0.719802,-0.412357
2026-04-10,0.192322,2.527194,1.308968,1.655629,-0.492421,0.96096,-0.868695,-0.0551,0.783581,1.036007,2.552368,-1.93475,0.412541,-0.041937,0.70956,-0.726588,-0.565718,2.343881,-0.727653,0.987281,1.687317,-1.617429,1.690705,0.768143,-1.830375
2026-04-13,-0.204058,0.734605,1.027586,2.70106,2.242235,0.312446,1.314871,-0.804995,0.404297,-0.178322,3.540497,0.377362,-0.450002,2.019706,3.380393,0.799052,2.880011,1.763156,0.121858,-0.4617,2.068143,-0.694799,1.097668,0.671296,-0.0197
2026-04-15,3.203435,1.239406,-0.300903,-0.841258,0.129032,-1.281078,1.270684,0.43599,0.614947,0.780055,-0.729015,-0.076552,0.448944,-2.554553,0.763834,0.686659,3.321608,1.18551,1.249786,0.531038,-0.418216,2.11839,0.714908,6.847866,1.57385
2026-04-16,-1.274361,5.007744,0.478855,-0.910428,-0.98076,-1.42546,-0.805907,-0.671236,-2.756722,-0.875806,-0.480769,-0.21935,0.148533,1.50647,-0.198648,0.13018,0.095276,0.465995,-1.822917,-0.643488,-1.006491,0.190509,-2.033379,-1.246795,-1.277116
2026-04-17,1.22491,-0.92882,-1.737326,0.450848,-0.461595,0.67616,1.193543,-0.069286,1.240356,4.612514,-0.014844,0.434117,0.970868,-0.697665,-0.916785,1.466256,-0.477849,0.890445,0.229356,1.865672,1.241799,0.447471,1.445735,1.187104,-0.331704
2026-04-20,1.006178,-2.01354,-0.365185,-0.353075,0.841123,1.045968,-0.980161,-1.217233,-0.206996,-0.415033,-0.622848,-0.560608,-0.651466,1.975224,-1.195122,-1.533699,-0.731328,1.040105,-0.228871,0.007343,2.550211,-0.2899,-0.42144,-2.503847,-0.987777
2026-04-21,-1.963163,2.581763,-2.030653,1.227035,-0.962964,2.104402,-1.599098,0.783213,2.081236,3.216152,1.49123,0.244271,1.524588,-1.414215,0.901211,-0.321904,0.932804,-1.113145,-0.017654,-0.419422,-0.139218,1.972656,-0.74886,-1.674297,0.990145
2026-04-22,1.997613,4.203005,1.15671,0.700728,-1.02478,-0.346482,0.682458,-4.438658,-1.246911,2.527707,-0.898552,-2.038612,-1.451613,-0.581235,-1.201472,0.053382,1.57911,0.751278,0.194273,0.873874,-0.603599,-1.608527,-0.159134,-0.01548,0.2457
2026-04-23,-0.588982,1.099294,-0.121382,0.043826,-1.111949,-0.836843,-0.671194,-0.961242,-0.965912,1.301366,-0.029667,-1.068582,0.427628,-0.583691,1.102277,-0.685549,-0.985976,-1.392871,0.491485,-0.193163,-0.068493,-0.284696,1.031512,-0.415689,-0.607846
2026-04-24,-0.623263,3.281265,1.542418,-0.226441,-0.516056,0.168477,1.673894,-4.840246,0.971309,-2.566359,-0.755826,-3.783335,-1.646825,-0.922383,-1.416993,2.227711,1.834663,4.15583,-1.385042,-0.910444,0.893389,-3.661579,-1.463524,0.749662,-1.67201
2026-04-27,0.571231,-3.375492,-0.888179,-0.060381,1.231005,-0.135421,1.260184,1.588085,0.292062,-0.282661,-1.039239,1.359785,0.065869,1.547836,-0.108425,1.135618,0.577679,3.319822,-0.034967,4.021329,0.081014,2.11524,0.067586,1.768394,2.854134
2026-04-28,-0.598518,3.639456,0.506985,-1.753049,-0.67899,0.200698,0.352894,-2.597933,-0.312103,-1.357174,-1.696724,-0.911669,0.016432,-1.189721,-0.549262,-0.430108,1.10229,1.756644,5.257638,2.275407,-0.997913,0.02864,0.106525,0.357638,-1.456783
2026-04-29,0.979266,3.224325,1.957447,0.10811,0.858289,0.540541,0.681876,0.016663,-0.827498,0.407805,-1.058156,0.776867,3.654537,-0.425027,0.889165,0.031398,-0.028262,-1.622001,-0.822639,2.399427,-0.648992,0.96695,0.450234,-0.692596,-0.446477
2026-04-30,0.314235,3.846381,-2.968853,-1.529499,1.61566,-0.846561,2.868442,-0.075002,0.220781,-2.642738,0.190327,1.224844,-0.426879,2.006058,-1.689934,-1.196479,-0.737567,-4.934972,-1.754676,1.5472,-0.609307,-0.205732,-1.189721,2.382295,-0.119471
2026-05-01,0.459022,2.463982,1.009121,0.0,-0.838139,0.0,1.063857,0.0,0.0,0.0,0.0,0.0,0.0,-0.471416,0.0,-0.966341,0.39729,-1.406003,0.0,0.0,0.0,0.0,0.0,2.177839,0.0
2026-05-04,-1.011949,-5.2094,1.209077,0.536145,-1.658189,1.289845,-0.617173,-0.620861,0.880151,1.785085,0.514118,-2.225939,-2.139034,-0.956153,1.857919,0.406285,0.505415,-0.51128,-1.843164,2.071993,0.451302,-2.514032,-1.00066,0.58427,-0.815214
2026-05-05,2.61799,1.066826,-0.916401,-0.654578,1.046223,0.884021,0.569604,0.016663,-0.271182,1.125349,-1.004743,0.735355,0.112506,0.549219,-0.746634,-1.361461,-0.948667,-1.404919,-1.494817,0.246574,-0.065996,-0.111109,0.427098,-1.472711,-0.110001
2026-05-06,1.982831,2.90606,0.769532,1.505879,-0.408772,1.632124,0.961321,-1.564572,2.760751,-0.553644,1.386688,-1.668075,-0.671348,1.107716,0.868143,1.968225,1.460782,3.972186,-3.155725,-1.715651,2.238806,-0.266186,-0.861851,3.231071,-0.693232
2026-05-07,-0.632622,-2.064405,-1.399889,-0.484992,-1.49393,-1.965231,-0.482602,-0.970709,0.258185,-1.636366,-0.44368,-0.878095,-1.300375,-2.663278,-0.124131,0.339997,0.157103,1.516753,0.673757,-0.180713,-1.265823,-1.509312,-0.974733,1.05772,-1.072681
2026-05-08,1.141339,8.743641,0.386551,-0.914059,-3.152129,-1.611743,0.957176,1.576536,-0.401789,0.682158,-1.156606,1.56761,-0.469402,-1.995132,-0.885287,-0.905398,-0.543861,1.018635,-1.551479,0.645158,-6.48624,-0.150129,4.520167,2.850076,-0.045453
2026-05-11,0.239736,-0.382147,-0.315004,1.080488,-1.288811,-1.051798,-1.272699,-0.167098,-1.075198,1.32185,0.55582,0.085034,-0.374591,-0.695136,-0.19757,-0.944477,1.174396,2.522897,0.106871,-2.23944,-3.316785,0.923657,-3.328425,5.41027,-0.606434
2026-05-12,0.765652,-0.213688,-0.33369,-0.810772,-0.157298,-2.564654,0.002584,-3.144544,-0.812842,-1.019562,-1.249996,-1.867466,-1.522841,1.619897,-1.747729,1.375205,-1.618901,1.02036,2.649009,-2.011494,-0.235444,-3.145261,-2.516826,-1.80331,-3.329933
2026-05-13,1.829641,-2.524945,2.155585,-0.031847,-1.032566,-0.648556,4.413897,-0.270444,-0.319152,0.101547,-0.218047,-1.187753,0.811262,-0.668273,1.761956,2.972461,0.498507,0.400129,0.050503,-0.190978,-0.807773,-1.43972,1.506202,1.969445,-1.505216
2026-05-14,-0.536994,2.065367,-0.71707,-0.15916,-0.419502,1.024477,0.953989,-1.316945,2.470038,-0.850972,0.556858,-2.214685,0.721315,-0.774192,-0.040591,0.394479,1.223789,2.56254,0.299998,-0.249041,0.657424,-0.838852,0.490892,-0.714462,0.026562
2026-05-15,0.782147,-2.132273,0.624767,-1.17497,0.302301,-0.279298,0.116066,0.953735,-0.711514,1.045048,-0.168456,1.54265,0.732422,-0.799438,-1.022938,0.039087,1.846628,-1.932446,-1.204618,-1.503539,-0.823723,0.53286,0.339353,-2.705199,0.052663
2026-05-18,-0.799359,-1.981376,0.375181,-0.088779,1.95092,2.344442,0.315904,1.5589,1.271413,-0.393272,1.262645,2.100089,0.226202,0.916111,1.133229,0.344771,1.660989,-3.28446,-0.718221,0.142431,-1.323527,0.848054,0.958817,-2.213371,0.61783
2026-05-19,0.673469,0.351426,-1.030382,-0.016145,-0.059134,-0.436609,-2.342802,2.024224,-0.554324,-0.405892,-0.82327,3.003444,-0.528939,-1.790157,-0.504958,-1.036261,-2.902996,0.450781,0.474413,-1.195189,0.721867,1.178265,-0.829239,0.235634,1.439711
2026-05-20,1.36495,4.564989,1.907334,1.280393,0.470676,1.439558,0.312095,0.308703,-0.013162,-0.701149,0.5935,0.564444,-0.46926,1.779575,0.233234,0.715758,1.663564,0.129944,1.187246,3.109123,1.04134,0.150609,1.31754,2.369971,1.289756
2026-05-21,1.305385,1.719497,1.88235,-0.286417,0.960788,-2.717039,0.508165,-0.468604,-1.023465,-2.023381,-0.200755,-1.245717,-0.580932,0.587587,-1.04534,1.230001,-1.332549,-1.250618,-0.269674,-1.287301,-0.637406,-0.163022,-0.895629,-1.025626,0.624688
2026-05-22,0.882011,-0.495911,-0.870988,2.495818,0.212808,0.930516,-1.130762,-0.504319,1.007701,1.082573,1.795495,-0.676533,-1.372992,0.557966,0.501666,0.391525,-0.231206,-2.521499,-1.96078,0.333333,-0.178779,-0.591997,0.557037,0.790214,1.555
2026-05-26,-0.397342,3.950577,-0.989025,-0.801649,-0.0383,-1.456645,1.13651,-0.325978,-0.656841,0.445527,-0.844963,0.120029,-0.887141,-0.567279,0.203493,0.566607,-0.096053,-0.775835,0.841808,-0.279386,-0.144347,-1.386362,-1.107927,0.773947,-1.57496
2026-05-27,0.817313,-2.452754,2.141654,0.601707,-2.462304,-0.091199,0.558609,0.856912,-1.410003,-0.30385,-1.034218,-0.094744,-1.251474,-1.87541,0.111303,4.243516,0.403884,-0.709877,-3.571437,-0.184775,-0.206228,0.404393,0.966257,-0.571255,-1.113566
2026-05-29,0.091413,-0.832008,-0.248784,-0.732968,1.236016,-0.748549,-1.271933,0.322038,-0.201059,0.937427,-1.466548,-1.785108,-1.746577,0.981783,0.75881,-0.230289,4.05061,-1.543482,-3.823163,-3.137833,-0.351308,-1.401139,-1.00336,-0.921914,-3.199052
