Date,Stock,Close,MA_7,MA_30
2023-05-30,AAPL,177.3000030517578,177.3,177.3
2023-05-31,AAPL,177.25,177.28,177.28
2023-06-01,AAPL,180.08999633789062,178.21,178.21
2023-06-02,AAPL,180.9499969482422,178.9,178.9
2023-06-05,AAPL,179.5800018310547,179.03,179.03
2023-06-06,AAPL,179.2100067138672,179.06,179.06
2023-06-07,AAPL,177.82000732421875,178.89,178.89
2023-06-08,AAPL,180.57000732421875,179.35,179.1
2023-06-09,AAPL,180.9600067138672,179.88,179.3
2023-06-12,AAPL,183.7899932861328,180.41,179.75
2023-06-13,AAPL,183.3099975585937,180.75,180.08
2023-06-14,AAPL,183.9499969482422,181.37,180.4
2023-06-15,AAPL,186.009994506836,182.34,180.83
2023-06-16,AAPL,184.9199981689453,183.36,181.12
2023-06-20,AAPL,185.009994506836,183.99,181.38
2023-06-21,AAPL,183.9600067138672,184.42,181.54
2023-06-22,AAPL,187.0,184.88,181.86
2023-06-23,AAPL,186.67999267578125,185.36,182.13
2023-06-26,AAPL,185.2700042724609,185.55,182.3
2023-06-27,AAPL,188.0599975585937,185.84,182.58
2023-06-28,AAPL,189.25,186.46,182.9
2023-06-29,AAPL,189.58999633789065,187.12,183.21
2023-06-30,AAPL,193.97000122070312,188.55,183.67
2023-07-03,AAPL,192.4600067138672,189.33,184.04
2023-07-05,AAPL,191.3300018310547,189.99,184.33
2023-07-06,AAPL,191.8099975585937,190.92,184.62
2023-07-07,AAPL,190.67999267578125,191.3,184.84
2023-07-10,AAPL,188.6100006103516,191.21,184.98
2023-07-11,AAPL,188.0800018310547,190.99,185.09
2023-07-12,AAPL,189.7700042724609,190.39,185.24
2023-07-13,AAPL,190.5399932861328,190.12,185.68
2023-07-14,AAPL,190.69000244140625,190.03,186.13
2023-07-17,AAPL,193.9900054931641,190.34,186.59
2023-07-18,AAPL,193.72999572753903,190.77,187.02
2023-07-19,AAPL,195.1000061035156,191.7,187.54
2023-07-20,AAPL,193.1300048828125,192.42,188.0
2023-07-21,AAPL,191.94000244140625,192.73,188.47
2023-07-24,AAPL,192.75,193.05,188.88
2023-07-25,AAPL,193.6199951171875,193.47,189.3
2023-07-26,AAPL,194.5,193.54,189.66
2023-07-27,AAPL,193.22000122070312,193.47,189.99
2023-07-28,AAPL,195.8300018310547,193.57,190.38
2023-07-31,AAPL,196.4499969482422,194.04,190.73
2023-08-01,AAPL,195.6100006103516,194.57,191.09
2023-08-02,AAPL,192.5800018310547,194.54,191.34
2023-08-03,AAPL,191.1699981689453,194.19,191.58
2023-08-04,AAPL,181.9900054931641,192.41,191.41
2023-08-07,AAPL,178.85000610351562,190.35,191.15
2023-08-08,AAPL,179.8000030517578,188.06,190.97
2023-08-09,AAPL,178.19000244140625,185.46,190.64
2023-08-10,AAPL,177.97000122070312,182.94,190.27
2023-08-11,AAPL,177.7899932861328,180.82,189.87
2023-08-14,AAPL,179.4600067138672,179.15,189.39
2023-08-15,AAPL,177.4499969482422,178.5,188.89
2023-08-16,AAPL,176.57000732421875,178.18,188.4
2023-08-17,AAPL,174.0,177.35,187.8
2023-08-18,AAPL,174.49000549316406,176.82,187.26
2023-08-21,AAPL,175.83999633789062,176.51,186.84
2023-08-22,AAPL,177.22999572753906,176.43,186.48
2023-08-23,AAPL,181.1199951171875,176.67,186.19
2023-08-24,AAPL,176.3800048828125,176.52,185.71
2023-08-25,AAPL,178.61000061035156,176.81,185.31
2023-08-28,AAPL,180.19000244140625,177.69,184.85
2023-08-29,AAPL,184.1199951171875,179.07,184.53
2023-08-30,AAPL,187.6499938964844,180.76,184.28
2023-08-31,AAPL,187.8699951171875,182.28,184.11
2023-09-01,AAPL,189.4600067138672,183.47,184.03
2023-09-05,AAPL,189.6999969482422,185.37,183.92
2023-09-06,AAPL,182.91000366210932,185.99,183.57
2023-09-07,AAPL,177.55999755859375,185.61,183.0
2023-09-08,AAPL,178.17999267578125,184.76,182.5
2023-09-11,AAPL,179.36000061035156,183.58,181.95
2023-09-12,AAPL,176.3000030517578,181.92,181.28
2023-09-13,AAPL,174.2100067138672,179.75,180.57
2023-09-14,AAPL,175.74000549316406,177.75,180.01
2023-09-15,AAPL,175.00999450683594,176.62,179.47
2023-09-18,AAPL,177.97000122070312,176.68,179.33
2023-09-19,AAPL,179.07000732421875,176.81,179.34
2023-09-20,AAPL,175.49000549316406,176.26,179.2
2023-09-21,AAPL,173.92999267578125,175.92,179.05
2023-09-22,AAPL,174.7899932861328,176.0,178.95
2023-09-25,AAPL,176.0800018310547,176.05,178.89
2023-09-26,AAPL,171.9600067138672,175.61,178.64
2023-09-27,AAPL,170.42999267578125,174.54,178.41
2023-09-28,AAPL,170.69000244140625,173.34,178.21
2023-09-29,AAPL,171.2100067138672,172.73,178.12
2023-10-02,AAPL,173.75,172.7,178.09
2023-10-03,AAPL,172.39999389648438,172.36,177.98
2023-10-04,AAPL,173.66000366210938,172.01,177.86
2023-10-05,AAPL,174.91000366210938,172.44,177.65
2023-10-06,AAPL,177.49000549316406,173.44,177.69
2023-10-09,AAPL,178.99000549316406,174.63,177.7
2023-10-10,AAPL,178.38999938964844,175.66,177.64
2023-10-11,AAPL,179.8000030517578,176.52,177.5
2023-10-12,AAPL,180.7100067138672,177.71,177.27
2023-10-13,AAPL,178.85000610351562,178.45,176.97
2023-10-16,AAPL,178.72000122070312,178.99,176.61
2023-10-17,AAPL,177.14999389648438,178.94,176.19
2023-10-18,AAPL,175.83999633789062,178.49,175.95
2023-10-19,AAPL,175.4600067138672,178.08,175.88
2023-10-20,AAPL,172.8800048828125,177.09,175.71
2023-10-23,AAPL,173.0,175.99,175.5
2023-10-24,AAPL,173.44000244140625,175.21,175.4
2023-10-25,AAPL,171.10000610351562,174.12,175.3
2023-10-26,AAPL,166.88999938964844,172.66,175.0
2023-10-27,AAPL,168.22000122070312,171.57,174.78
2023-10-30,AAPL,170.2899932861328,170.83,174.52
2023-10-31,AAPL,170.77000427246094,170.53,174.24
2023-11-01,AAPL,173.97000122070312,170.67,174.19
2023-11-02,AAPL,177.57000732421875,171.26,174.31
2023-11-03,AAPL,176.64999389648438,172.05,174.38
2023-11-06,AAPL,179.22999572753906,173.81,174.48
2023-11-07,AAPL,181.82000732421875,175.76,174.81
2023-11-08,AAPL,182.88999938964844,177.56,175.22
2023-11-09,AAPL,182.41000366210932,179.22,175.62
2023-11-10,AAPL,186.3999938964844,181.0,176.12
2023-11-13,AAPL,184.8000030517578,182.03,176.49
2023-11-14,AAPL,187.44000244140625,183.57,176.99
2023-11-15,AAPL,188.009994506836,184.82,177.47
2023-11-16,AAPL,189.7100067138672,185.95,177.96
2023-11-17,AAPL,189.69000244140625,186.92,178.37
2023-11-20,AAPL,191.4499969482422,188.21,178.79
2023-11-21,AAPL,190.63999938964844,188.82,179.19
2023-11-22,AAPL,191.3099975585937,189.75,179.58
2023-11-24,AAPL,189.97000122070312,190.11,179.89
2023-11-27,AAPL,189.7899932861328,190.37,180.25
2023-11-28,AAPL,190.3999938964844,190.46,180.64
2023-11-29,AAPL,189.3699951171875,190.42,181.05
2023-11-30,AAPL,189.9499969482422,190.2,181.52
2023-12-01,AAPL,191.2400054931641,190.29,182.04
2023-12-04,AAPL,189.42999267578125,190.02,182.59
2023-12-05,AAPL,193.4199981689453,190.51,183.28
2023-12-06,AAPL,192.32000732421875,190.88,183.9
2023-12-07,AAPL,194.2700042724609,191.43,184.68
2023-12-08,AAPL,195.7100067138672,192.33,185.64
2023-12-11,AAPL,193.17999267578125,192.8,186.47
2023-12-12,AAPL,194.7100067138672,193.29,187.28
2023-12-13,AAPL,197.9600067138672,194.51,188.19
2023-12-14,AAPL,198.1100006103516,195.18,189.0
2023-12-15,AAPL,197.57000732421875,195.93,189.66
2023-12-18,AAPL,195.88999938964844,196.16,190.3
2023-12-19,AAPL,196.94000244140625,196.34,190.89
2023-12-20,AAPL,194.8300018310547,196.57,191.33
2023-12-21,AAPL,194.67999267578125,196.57,191.72
2023-12-22,AAPL,193.6000061035156,195.95,192.09
2023-12-26,AAPL,193.0500030517578,195.22,192.31
2023-12-27,AAPL,193.1499938964844,194.59,192.59
2023-12-28,AAPL,193.5800018310547,194.26,192.8
2023-12-29,AAPL,192.52999877929688,193.63,192.95
2024-01-02,AAPL,185.63999938964844,192.32,192.81
2024-01-03,AAPL,184.25,190.83,192.63
2024-01-04,AAPL,181.91000366210932,189.16,192.31
2024-01-05,AAPL,181.17999267578125,187.46,192.0
2024-01-08,AAPL,185.5599975585937,186.38,191.81
2024-01-09,AAPL,185.13999938964844,185.17,191.65
2024-01-10,AAPL,186.19000244140625,184.27,191.53
2024-01-11,AAPL,185.58999633789065,184.26,191.37
2024-01-12,AAPL,185.9199981689453,184.5,191.25
2024-01-16,AAPL,183.6300048828125,184.74,191.04
2024-01-17,AAPL,182.67999267578125,184.96,190.75
2024-01-18,AAPL,188.6300048828125,185.4,190.73
2024-01-19,AAPL,191.5599975585937,186.31,190.67
2024-01-22,AAPL,193.88999938964844,187.41,190.72
2024-01-23,AAPL,195.17999267578125,188.78,190.75
2024-01-24,AAPL,194.5,190.01,190.71
2024-01-25,AAPL,194.1699981689453,191.52,190.74
2024-01-26,AAPL,192.4199981689453,192.91,190.66
2024-01-29,AAPL,191.72999572753903,193.35,190.46
2024-01-30,AAPL,188.0399932861328,192.85,190.12
2024-01-31,AAPL,184.3999938964844,191.49,189.68
2024-02-01,AAPL,186.8600006103516,190.3,189.38
2024-02-02,AAPL,185.8500061035156,189.07,189.01
2024-02-05,AAPL,187.67999267578125,188.14,188.77
2024-02-06,AAPL,189.3000030517578,187.69,188.59
2024-02-07,AAPL,189.41000366210932,187.36,188.45
2024-02-08,AAPL,188.32000732421875,187.4,188.3
2024-02-09,AAPL,188.8500061035156,188.04,188.15
2024-02-12,AAPL,187.1499938964844,188.08,187.94
2024-02-13,AAPL,185.0399932861328,187.96,187.69
2024-02-14,AAPL,184.1499938964844,187.46,187.64
2024-02-15,AAPL,183.8600006103516,186.68,187.63
2024-02-16,AAPL,182.3099975585937,185.67,187.64
2024-02-20,AAPL,181.5599975585937,184.7,187.65
2024-02-21,AAPL,182.32000732421875,183.77,187.54
2024-02-22,AAPL,184.3699951171875,183.37,187.52
2024-02-23,AAPL,182.5200042724609,183.01,187.4
2024-02-26,AAPL,181.16000366210932,182.59,187.25
2024-02-27,AAPL,182.6300048828125,182.41,187.14
2024-02-28,AAPL,181.4199981689453,182.28,187.07
2024-02-29,AAPL,180.75,182.17,187.0
2024-03-01,AAPL,179.66000366210938,181.79,186.7
2024-03-04,AAPL,175.10000610351562,180.46,186.15
2024-03-05,AAPL,170.1199951171875,178.69,185.36
2024-03-06,AAPL,169.1199951171875,176.97,184.49
2024-03-07,AAPL,169.0,175.02,183.64
2024-03-08,AAPL,170.72999572753906,173.5,182.86
2024-03-11,AAPL,172.75,172.35,182.21
2024-03-12,AAPL,173.22999572753906,171.44,181.59
2024-03-13,AAPL,171.1300048828125,170.87,181.03
2024-03-14,AAPL,173.0,171.28,180.65
2024-03-15,AAPL,172.6199951171875,171.78,180.17
2024-03-18,AAPL,173.72000122070312,172.45,179.77
2024-03-19,AAPL,176.0800018310547,173.22,179.38
2024-03-20,AAPL,178.6699981689453,174.06,179.03
2024-03-21,AAPL,171.3699951171875,173.8,178.42
2024-03-22,AAPL,172.27999877929688,173.96,177.89
2024-03-25,AAPL,170.85000610351562,173.66,177.29
2024-03-26,AAPL,169.7100067138672,173.24,176.71
2024-03-27,AAPL,173.30999755859375,173.18,176.32
2024-03-28,AAPL,171.47999572753906,172.52,175.89
2024-04-01,AAPL,170.02999877929688,171.29,175.43
2024-04-02,AAPL,168.83999633789062,170.93,174.98
2024-04-03,AAPL,169.64999389648438,170.55,174.59
2024-04-04,AAPL,168.82000732421875,170.26,174.14
2024-04-05,AAPL,169.5800018310547,170.24,173.64
2024-04-08,AAPL,168.4499969482422,169.55,173.18
2024-04-09,AAPL,169.6699981689453,169.29,172.79
2024-04-10,AAPL,167.77999877929688,168.97,172.3
2024-04-11,AAPL,175.0399932861328,169.86,172.08
2024-04-12,AAPL,176.5500030517578,170.84,171.94
2024-04-15,AAPL,172.69000244140625,171.39,171.71
2024-04-16,AAPL,169.3800048828125,171.37,171.52
2024-04-17,AAPL,168.0,171.3,171.45
2024-04-18,AAPL,167.0399932861328,170.93,171.38
2024-04-19,AAPL,165.0,170.53,171.25
2024-04-22,AAPL,165.83999633789062,169.21,171.09
2024-04-23,AAPL,166.89999389648438,167.84,170.89
2024-04-24,AAPL,169.02000427246094,167.31,170.75
2024-04-25,AAPL,169.88999938964844,167.38,170.71
2024-04-26,AAPL,169.3000030517578,167.57,170.59
2024-04-29,AAPL,173.5,168.49,170.61
2024-04-30,AAPL,170.3300018310547,169.25,170.5
2024-05-01,AAPL,169.3000030517578,169.75,170.28
2024-05-02,AAPL,173.02999877929688,170.62,170.09
2024-05-03,AAPL,183.3800048828125,172.68,170.49
2024-05-06,AAPL,181.7100067138672,174.36,170.8
2024-05-07,AAPL,182.3999938964844,176.24,171.19
2024-05-08,AAPL,182.7400054931641,177.56,171.62
2024-05-09,AAPL,184.57000732421875,179.59,172.0
2024-05-10,AAPL,183.0500030517578,181.55,172.38
2024-05-13,AAPL,186.27999877929688,183.45,172.92
2024-05-14,AAPL,187.42999267578125,184.03,173.54
2024-05-15,AAPL,189.72000122070312,185.17,174.21
2024-05-16,AAPL,189.83999633789065,186.23,174.91
2024-05-17,AAPL,189.8699951171875,187.25,175.59
2024-05-20,AAPL,191.0399932861328,188.18,176.34
2024-05-21,AAPL,192.3500061035156,189.5,177.1
2024-05-22,AAPL,190.8999938964844,190.16,177.87
2024-05-23,AAPL,186.8800048828125,190.09,178.26
2024-05-24,AAPL,189.97999572753903,190.12,178.71
2024-05-28,AAPL,189.9900054931641,190.14,179.29
2024-05-29,AAPL,190.2899932861328,190.2,179.99
2024-05-30,AAPL,191.2899932861328,190.24,180.76
2024-05-31,AAPL,192.25,190.23,181.6
2024-06-03,AAPL,194.02999877929688,190.67,182.57
2024-06-04,AAPL,194.3500061035156,191.74,183.52
2024-06-05,AAPL,195.8699951171875,192.58,184.49
2024-06-06,AAPL,194.47999572753903,193.22,185.33
2024-06-07,AAPL,196.88999938964844,194.17,186.23
2024-06-10,AAPL,193.1199951171875,194.43,187.03
2024-06-11,AAPL,207.1499938964844,196.56,188.15
2024-06-12,AAPL,213.07000732421875,199.28,189.57
2024-06-13,AAPL,214.2400054931641,202.12,191.07
2024-06-14,AAPL,212.4900054931641,204.49,192.39
2024-06-17,AAPL,216.6699981689453,207.66,193.5
2024-06-18,AAPL,214.2899932861328,210.15,194.58
2024-06-20,AAPL,209.67999267578125,212.51,195.49
2024-06-21,AAPL,207.4900054931641,212.56,196.32
2024-06-24,AAPL,208.13999938964844,211.86,197.1
2024-06-25,AAPL,209.07000732421875,211.12,197.97
2024-06-26,AAPL,213.25,211.23,198.87
2024-06-27,AAPL,214.1000061035156,210.86,199.76
2024-06-28,AAPL,210.6199951171875,210.34,200.46
2024-07-01,AAPL,216.75,211.35,201.35
2024-07-02,AAPL,220.2700042724609,213.17,202.37
2024-07-03,AAPL,221.5500030517578,215.09,203.38
2024-07-05,AAPL,226.33999633789065,217.55,204.52
2024-07-08,AAPL,227.82000732421875,219.64,205.75
2024-07-09,AAPL,228.67999267578125,221.72,207.14
2024-07-10,AAPL,232.97999572753903,224.91,208.57
2024-07-11,AAPL,227.57000732421875,226.46,209.83
2024-07-12,AAPL,230.5399932861328,227.93,211.17
2024-07-15,AAPL,234.3999938964844,229.76,212.6
2024-07-16,AAPL,234.82000732421875,230.97,214.02
2024-07-17,AAPL,228.8800048828125,231.12,215.19
2024-07-18,AAPL,224.17999267578125,230.48,216.18
2024-07-19,AAPL,224.3099975585937,229.24,217.13
2024-07-22,AAPL,223.9600067138672,228.73,218.11
2024-07-23,AAPL,225.009994506836,227.94,219.05
2024-07-24,AAPL,218.5399932861328,225.67,219.9
2024-07-25,AAPL,217.4900054931641,223.2,220.24
2024-07-26,AAPL,217.9600067138672,221.64,220.4
2024-07-29,AAPL,218.2400054931641,220.79,220.54
2024-07-30,AAPL,218.8000030517578,220.0,220.75
2024-07-31,AAPL,222.0800018310547,219.73,220.93
2024-08-01,AAPL,218.3600006103516,218.78,221.06
2024-08-02,AAPL,219.8600006103516,218.97,221.4
2024-08-05,AAPL,209.2700042724609,217.8,221.46
2024-08-06,AAPL,207.22999572753903,216.26,221.43
2024-08-07,AAPL,209.82000732421875,215.06,221.46
2024-08-08,AAPL,213.3099975585937,214.28,221.46
2024-08-09,AAPL,216.2400054931641,213.44,221.53
2024-08-12,AAPL,217.52999877929688,213.32,221.76
2024-08-13,AAPL,221.2700042724609,213.52,221.91
2024-08-14,AAPL,221.72000122070312,215.3,221.96
2024-08-15,AAPL,224.72000122070312,217.8,222.06
2024-08-16,AAPL,226.0500030517578,220.12,222.05
2024-08-19,AAPL,225.88999938964844,221.92,221.99
2024-08-20,AAPL,226.509994506836,223.38,221.92
2024-08-21,AAPL,226.3999938964844,224.65,221.7
2024-08-22,AAPL,224.52999877929688,225.12,221.6
2024-08-23,AAPL,226.83999633789065,225.85,221.47
2024-08-26,AAPL,227.17999267578125,226.2,221.23
2024-08-27,AAPL,228.02999877929688,226.48,221.01
2024-08-28,AAPL,226.4900054931641,226.57,220.93
2024-08-29,AAPL,229.7899932861328,227.04,221.11
2024-08-30,AAPL,229.0,227.41,221.27
2024-09-03,AAPL,222.7700042724609,227.16,221.23
2024-09-04,AAPL,220.8500061035156,226.3,221.09
2024-09-05,AAPL,222.3800048828125,225.62,221.22
2024-09-06,AAPL,220.82000732421875,224.59,221.33
2024-09-09,AAPL,220.91000366210932,223.79,221.43
2024-09-10,AAPL,220.1100006103516,222.41,221.49
2024-09-11,AAPL,222.66000366210932,221.5,221.62
2024-09-12,AAPL,222.7700042724609,221.5,221.64
2024-09-13,AAPL,222.5,221.74,221.78
2024-09-16,AAPL,216.32000732421875,220.87,221.66
2024-09-17,AAPL,216.7899932861328,220.29,221.91
2024-09-18,AAPL,220.69000244140625,220.26,222.36
2024-09-19,AAPL,228.8699951171875,221.51,223.0
2024-09-20,AAPL,228.1999969482422,222.31,223.49
2024-09-23,AAPL,226.47000122070312,222.83,223.84
2024-09-24,AAPL,227.3699951171875,223.53,224.16
2024-09-25,AAPL,226.3699951171875,224.97,224.33
2024-09-26,AAPL,227.5200042724609,226.5,224.53
2024-09-27,AAPL,227.7899932861328,227.51,224.63
2024-09-30,AAPL,233.0,228.1,224.86
2024-10-01,AAPL,226.2100067138672,227.82,224.87
2024-10-02,AAPL,226.77999877929688,227.86,224.88
2024-10-03,AAPL,225.6699981689453,227.62,224.86
2024-10-04,AAPL,226.8000030517578,227.68,224.93
2024-10-07,AAPL,221.69000244140625,226.85,224.76
2024-10-08,AAPL,225.7700042724609,226.56,224.71
2024-10-09,AAPL,229.5399932861328,226.07,224.76
2024-10-10,AAPL,229.0399932861328,226.47,224.85
2024-10-11,AAPL,227.5500030517578,226.58,224.77
2024-10-14,AAPL,231.3000030517578,227.38,224.85
2024-10-15,AAPL,233.8500061035156,228.39,225.22
2024-10-16,AAPL,231.77999877929688,229.83,225.58
2024-10-17,AAPL,232.1499938964844,230.74,225.91
2024-10-18,AAPL,235.0,231.52,226.38
2024-10-21,AAPL,236.47999572753903,232.59,226.9
2024-10-22,AAPL,235.8600006103516,233.77,227.43
2024-10-23,AAPL,230.759994506836,233.7,227.7
2024-10-24,AAPL,230.57000732421875,233.23,227.96
2024-10-25,AAPL,231.41000366210932,233.18,228.25
2024-10-28,AAPL,233.3999938964844,233.35,228.82
2024-10-29,AAPL,233.6699981689453,233.16,229.39
2024-10-30,AAPL,230.1000061035156,232.25,229.7
2024-10-31,AAPL,225.91000366210932,230.83,229.6
2024-11-01,AAPL,222.91000366210932,229.71,229.42
2024-11-04,AAPL,222.009994506836,228.49,229.28
2024-11-05,AAPL,223.4499969482422,227.35,229.14
2024-11-06,AAPL,222.72000122070312,225.82,229.02
2024-11-07,AAPL,227.47999572753903,224.94,229.02
2024-11-08,AAPL,226.9600067138672,224.49,228.99
2024-11-11,AAPL,224.22999572753903,224.25,228.7
2024-11-12,AAPL,224.22999572753903,224.44,228.64
2024-11-13,AAPL,225.1199951171875,224.88,228.58
2024-11-14,AAPL,228.22000122070312,225.57,228.67
2024-11-15,AAPL,225.0,225.89,228.61
2024-11-18,AAPL,228.0200042724609,225.97,228.82
2024-11-19,AAPL,228.27999877929688,226.16,228.9
2024-11-20,AAPL,229.0,226.84,228.88
2024-11-21,AAPL,228.5200042724609,227.45,228.86
2024-11-22,AAPL,229.8699951171875,228.13,228.94
2024-11-25,AAPL,232.8699951171875,228.79,228.99
2024-11-26,AAPL,235.0599975585937,230.23,229.03
2024-11-27,AAPL,234.92999267578125,231.22,229.14
2024-11-29,AAPL,237.3300018310547,232.51,229.31
2024-12-02,AAPL,239.58999633789065,234.02,229.47
2024-12-03,AAPL,242.6499938964844,236.04,229.67
2024-12-04,AAPL,243.009994506836,237.92,229.91
2024-12-05,AAPL,243.0399932861328,239.37,230.32
2024-12-06,AAPL,242.83999633789065,240.48,230.73
2024-12-09,AAPL,246.75,242.17,231.24
2024-12-10,AAPL,247.7700042724609,243.66,231.72
2024-12-11,AAPL,246.4900054931641,244.65,232.15
2024-12-12,AAPL,247.9600067138672,245.41,232.74
2024-12-13,AAPL,248.1300048828125,246.14,233.48
2024-12-16,AAPL,251.0399932861328,247.28,234.42
2024-12-17,AAPL,253.47999572753903,248.8,235.47
2024-12-18,AAPL,248.0500030517578,248.99,236.29
2024-12-19,AAPL,249.7899932861328,249.28,237.19
2024-12-20,AAPL,254.4900054931641,250.42,238.09
2024-12-23,AAPL,255.2700042724609,251.46,239.03
2024-12-24,AAPL,258.20001220703125,252.9,240.17
2024-12-26,AAPL,259.0199890136719,254.04,241.33
2024-12-27,AAPL,255.58999633789065,254.34,242.34
2024-12-30,AAPL,252.1999969482422,254.94,243.14
2024-12-31,AAPL,250.4199981689453,255.03,243.99
2025-01-02,AAPL,243.8500061035156,253.51,244.52
2025-01-03,AAPL,243.3600006103516,251.81,245.02
2025-01-06,AAPL,245.0,249.92,245.55
2025-01-07,AAPL,242.2100067138672,247.52,246.01
2025-01-08,AAPL,242.6999969482422,245.68,246.44
2025-01-10,AAPL,236.8500061035156,243.48,246.57
2025-01-13,AAPL,234.3999938964844,241.2,246.55
2025-01-14,AAPL,233.27999877929688,239.69,246.49
2025-01-15,AAPL,237.8699951171875,238.9,246.51
2025-01-16,AAPL,228.259994506836,236.51,246.13
2025-01-17,AAPL,229.97999572753903,234.76,245.71
2025-01-21,AAPL,222.63999938964844,231.9,245.03
2025-01-22,AAPL,223.8300018310547,230.04,244.39
2025-01-23,AAPL,223.66000366210932,228.5,243.75
2025-01-24,AAPL,222.77999877929688,227.0,242.95
2025-01-27,AAPL,229.8600006103516,225.86,242.36
2025-01-28,AAPL,238.259994506836,227.29,242.08
2025-01-29,AAPL,239.3600006103516,228.63,241.79
2025-01-30,AAPL,237.58999633789065,230.76,241.44
2025-01-31,AAPL,236.0,232.5,240.94
2025-02-03,AAPL,228.009994506836,233.12,240.09
2025-02-04,AAPL,232.8000030517578,234.55,239.58
2025-02-05,AAPL,232.47000122070312,234.93,239.01
2025-02-06,AAPL,233.22000122070312,234.21,238.3
2025-02-07,AAPL,227.6300048828125,232.53,237.38
2025-02-10,AAPL,227.6499938964844,231.11,236.36
2025-02-11,AAPL,232.6199951171875,230.63,235.48
2025-02-12,AAPL,236.8699951171875,231.89,234.85
2025-02-13,AAPL,241.52999877929688,233.14,234.5
2025-02-14,AAPL,244.6000061035156,234.87,234.3
2025-02-18,AAPL,244.47000122070312,236.48,234.33
2025-02-19,AAPL,244.8699951171875,238.94,234.38
2025-02-20,AAPL,245.8300018310547,241.54,234.4
2025-02-21,AAPL,245.5500030517578,243.39,234.51
2025-02-24,AAPL,247.1000061035156,244.85,234.66
2025-02-25,AAPL,247.0399932861328,245.64,235.0
2025-02-26,AAPL,240.3600006103516,245.03,235.2
2025-02-27,AAPL,237.3000030517578,244.01,235.33
2025-02-28,AAPL,241.83999633789065,243.57,235.47
2025-03-03,AAPL,238.02999877929688,242.46,235.79
2025-03-04,AAPL,235.92999267578125,241.09,235.99
2025-03-05,AAPL,235.7400054931641,239.46,236.43
2025-03-06,AAPL,235.3300018310547,237.79,236.81
2025-03-07,AAPL,239.07000732421875,237.61,237.32
2025-03-10,AAPL,227.47999572753903,236.2,237.48
2025-03-11,AAPL,220.83999633789065,233.2,237.18
2025-03-12,AAPL,216.97999572753903,230.2,236.47
2025-03-13,AAPL,209.67999267578125,226.45,235.48
2025-03-14,AAPL,213.4900054931641,223.27,234.68
2025-03-17,AAPL,214.0,220.22,233.94
2025-03-18,AAPL,212.69000244140625,216.45,233.43
2025-03-19,AAPL,215.2400054931641,214.7,232.85
2025-03-20,AAPL,214.1000061035156,213.74,232.24
2025-03-21,AAPL,218.2700042724609,213.92,231.74
2025-03-24,AAPL,220.72999572753903,215.5,231.51
2025-03-25,AAPL,223.75,216.97,231.38
2025-03-26,AAPL,221.52999877929688,218.04,231.01
2025-03-27,AAPL,223.8500061035156,219.64,230.57
2025-03-28,AAPL,217.8999938964844,220.02,229.79
2025-03-31,AAPL,222.1300048828125,221.17,229.04
2025-04-01,AAPL,223.19000244140625,221.87,228.33
2025-04-02,AAPL,223.88999938964844,222.32,227.63
2025-04-03,AAPL,203.19000244140625,219.38,226.21
2025-04-04,AAPL,188.3800048828125,214.65,224.3
2025-04-07,AAPL,181.4600067138672,208.59,222.11
2025-04-08,AAPL,172.4199981689453,202.09,219.63
2025-04-09,AAPL,198.8500061035156,198.77,218.24
2025-04-10,AAPL,190.4199981689453,194.09,216.68
2025-04-11,AAPL,198.1499938964844,190.41,215.22
2025-04-14,AAPL,202.5200042724609,190.31,214.04
2025-04-15,AAPL,202.13999938964844,192.28,212.91
2025-04-16,AAPL,194.2700042724609,194.11,211.53
2025-04-17,AAPL,196.97999572753903,197.62,210.25
2025-04-21,AAPL,193.16000366210932,196.81,208.72
2025-04-22,AAPL,199.7400054931641,198.14,207.8
2025-04-23,AAPL,204.6000061035156,199.06,207.26
2025-04-24,AAPL,208.3699951171875,199.89,206.97
2025-04-25,AAPL,209.27999877929688,200.91,206.96
2025-04-28,AAPL,210.13999938964844,203.18,206.84
2025-04-29,AAPL,211.2100067138672,205.21,206.75
2025-04-30,AAPL,212.5,207.98,206.75
2025-05-01,AAPL,213.32000732421875,209.92,206.68
2025-05-02,AAPL,205.3500061035156,210.02,206.39
2025-05-05,AAPL,198.88999938964844,208.67,205.74
2025-05-06,AAPL,198.509994506836,207.13,205.0
2025-05-07,AAPL,196.25,205.15,204.09
2025-05-08,AAPL,197.4900054931641,203.19,203.29
2025-05-09,AAPL,198.52999877929688,201.19,202.44
2025-05-12,AAPL,210.7899932861328,200.83,202.2
2025-05-13,AAPL,212.92999267578125,201.91,201.9
2025-05-14,AAPL,212.3300018310547,203.83,201.54
2025-05-15,AAPL,211.4499969482422,205.68,201.12
2025-05-16,AAPL,211.259994506836,207.83,201.39
2025-05-19,AAPL,208.77999877929688,209.44,202.07
2025-05-20,AAPL,206.8600006103516,210.63,202.92
2025-05-21,AAPL,202.08999633789065,209.39,203.91
2025-05-22,AAPL,201.3600006103516,207.73,203.99
2025-05-23,AAPL,195.2700042724609,205.3,204.15
2025-05-27,AAPL,200.2100067138672,203.69,204.22
2025-05-28,AAPL,200.4199981689453,202.14,204.15
2025-05-29,AAPL,199.9499969482422,200.88,204.08
2025-05-30,AAPL,200.8500061035156,200.02,204.3
2025-06-02,AAPL,201.6999969482422,199.97,204.45
2025-06-03,AAPL,203.2700042724609,200.24,204.79
2025-06-04,AAPL,202.82000732421875,201.32,204.89
2025-06-05,AAPL,200.6300048828125,201.38,204.76
2025-06-06,AAPL,203.9199981689453,201.88,204.61
2025-06-09,AAPL,201.4499969482422,202.09,204.35
2025-06-10,AAPL,202.6699981689453,202.35,204.1
2025-06-11,AAPL,198.77999877929688,201.93,203.69
2025-06-12,AAPL,199.1999969482422,201.35,203.24
2025-06-13,AAPL,196.4499969482422,200.44,202.68
2025-06-16,AAPL,198.4199981689453,200.13,202.45
2025-06-17,AAPL,195.63999938964844,198.94,202.34
2025-06-18,AAPL,196.5800018310547,198.25,202.28
2025-06-20,AAPL,201.0,198.01,202.44
2025-06-23,AAPL,201.5,198.4,202.57
2025-06-24,AAPL,200.3000030517578,198.56,202.63
2025-06-25,AAPL,201.5599975585937,199.29,202.32
2025-06-26,AAPL,201.0,199.65,201.92
2025-06-27,AAPL,201.0800018310547,200.43,201.55
2025-06-30,AAPL,205.1699981689453,201.66,201.34
2025-07-01,AAPL,207.82000732421875,202.63,201.23
2025-07-02,AAPL,212.44000244140625,204.2,201.35
2025-07-03,AAPL,213.5500030517578,206.09,201.57
2025-07-07,AAPL,209.9499969482422,207.29,201.83
2025-07-08,AAPL,210.009994506836,208.57,202.12
2025-07-09,AAPL,211.13999938964844,210.01,202.65
2025-07-10,AAPL,212.41000366210932,211.05,203.06
2025-07-11,AAPL,211.16000366210932,211.52,203.41
2025-07-14,AAPL,208.6199951171875,210.98,203.7
2025-07-15,AAPL,209.1100006103516,210.34,203.98
2025-07-16,AAPL,210.16000366210932,210.37,204.26
2025-07-17,AAPL,210.0200042724609,210.37,204.49
2025-07-18,AAPL,211.17999267578125,210.38,204.76
2025-07-21,AAPL,212.47999572753903,210.39,205.16
2025-07-22,AAPL,214.3999938964844,210.85,205.51
2025-07-23,AAPL,214.1499938964844,211.64,205.93
2025-07-24,AAPL,213.759994506836,212.31,206.3
2025-07-25,AAPL,213.8800048828125,212.84,206.8
2025-07-28,AAPL,214.0500030517578,213.41,207.3
2025-07-29,AAPL,211.2700042724609,213.43,207.79
2025-07-30,AAPL,209.0500030517578,212.94,208.15
2025-07-31,AAPL,207.57000732421875,211.96,208.55
2025-08-01,AAPL,202.3800048828125,210.28,208.74
2025-08-04,AAPL,203.3500061035156,208.79,208.82
2025-08-05,AAPL,202.9199981689453,207.23,208.86
2025-08-06,AAPL,213.25,207.11,209.3
2025-08-07,AAPL,220.02999877929688,208.36,209.91
2025-08-08,AAPL,229.3500061035156,211.26,210.86
2025-08-11,AAPL,227.17999267578125,214.07,211.73
2025-08-12,AAPL,229.6499938964844,217.96,212.54
2025-08-13,AAPL,233.3300018310547,222.24,213.39
2025-08-14,AAPL,232.77999877929688,226.51,214.07
2025-08-15,AAPL,231.58999633789065,229.13,214.67
2025-08-18,AAPL,230.88999938964844,230.68,215.37
2025-08-19,AAPL,230.5599975585937,230.85,216.06
2025-08-20,AAPL,226.009994506836,230.69,216.55
2025-08-21,AAPL,224.8999938964844,230.01,216.97
2025-08-22,AAPL,227.759994506836,229.21,217.52
2025-08-25,AAPL,227.16000366210932,228.41,218.14
2025-08-26,AAPL,229.3099975585937,228.08,218.81
2025-08-27,AAPL,230.4900054931641,228.03,219.49
2025-08-28,AAPL,232.5599975585937,228.31,220.24
2025-08-29,AAPL,232.13999938964844,229.19,220.94
2025-09-02,AAPL,229.72000122070312,229.88,221.51
2025-09-03,AAPL,238.47000122070312,231.41,222.32
2025-09-04,AAPL,239.77999877929688,233.21,223.17
2025-09-05,AAPL,239.69000244140625,234.69,224.04
2025-09-08,AAPL,237.8800048828125,235.75,224.84
2025-09-09,AAPL,234.3500061035156,236.0,225.51
2025-09-10,AAPL,226.7899932861328,235.24,226.03
2025-09-11,AAPL,230.02999877929688,235.28,226.73
2025-09-12,AAPL,234.07000732421875,234.66,227.61
2025-09-15,AAPL,236.6999969482422,234.22,228.76
2025-09-16,AAPL,238.1499938964844,234.0,229.92
2025-09-17,AAPL,238.9900054931641,234.15,231.12
2025-09-18,AAPL,237.8800048828125,234.66,231.94
2025-09-19,AAPL,245.5,237.33,232.79
2025-09-22,AAPL,256.0799865722656,241.05,233.68
2025-09-23,AAPL,254.42999267578125,243.96,234.59
2025-09-24,AAPL,252.3099975585937,246.19,235.34
2025-09-25,AAPL,256.8699951171875,248.87,236.13
2025-09-26,AAPL,255.4600067138672,251.22,236.88
2025-09-29,AAPL,254.42999267578125,253.58,237.65
2025-09-30,AAPL,254.6300048828125,254.89,238.44
2025-10-01,AAPL,255.4499969482422,254.8,239.27
2025-10-02,AAPL,257.1300048828125,255.18,240.3
2025-10-03,AAPL,258.0199890136719,256.0,241.41
2025-10-06,AAPL,256.69000244140625,255.97,242.37
2025-10-07,AAPL,256.4800109863281,256.12,243.35
2025-10-08,AAPL,258.0599975585937,256.64,244.31
2025-10-09,AAPL,254.0399932861328,256.55,245.09
2025-10-10,AAPL,245.2700042724609,255.1,245.52
2025-10-13,AAPL,247.66000366210932,253.75,246.03
2025-10-14,AAPL,247.7700042724609,252.28,246.64
2025-10-15,AAPL,249.33999633789065,251.23,247.0
2025-10-16,AAPL,247.4499969482422,249.94,247.25
2025-10-17,AAPL,252.2899932861328,249.12,247.67
2025-10-20,AAPL,262.239990234375,250.29,248.49
2025-10-21,AAPL,262.7699890136719,252.79,249.43
2025-10-22,AAPL,258.45001220703125,254.33,250.49
2025-10-23,AAPL,259.5799865722656,256.02,251.47
2025-10-24,AAPL,262.82000732421875,257.94,252.43
2025-10-27,AAPL,268.8099975585937,260.99,253.5
2025-10-28,AAPL,269.0,263.38,254.53
2025-10-29,AAPL,269.70001220703125,264.45,255.55
2025-10-30,AAPL,271.3999938964844,265.68,256.67
2025-10-31,AAPL,270.3699951171875,267.38,257.5
2025-11-03,AAPL,269.04998779296875,268.74,257.93
2025-11-04,AAPL,270.0400085449219,269.77,258.45
2025-11-05,AAPL,270.1400146484375,269.96,259.05
2025-11-06,AAPL,269.7699890136719,270.07,259.48
2025-11-07,AAPL,268.4700012207031,269.89,259.91
2025-11-10,AAPL,269.42999267578125,269.61,260.41
2025-11-11,AAPL,275.25,270.31,261.1
2025-11-12,AAPL,273.4700012207031,270.94,261.7
2025-11-13,AAPL,272.95001220703125,271.35,262.23
2025-11-14,AAPL,272.4100036621094,271.68,262.71
2025-11-17,AAPL,267.4599914550781,271.35,263.06
2025-11-18,AAPL,267.44000244140625,271.2,263.43
2025-11-19,AAPL,268.5599975585937,271.08,263.78
2025-11-20,AAPL,266.25,269.79,264.19
2025-11-21,AAPL,271.489990234375,269.51,265.06
2025-11-24,AAPL,275.9200134277344,269.93,266.0
2025-11-25,AAPL,276.9700012207031,270.58,266.98
2025-11-26,AAPL,277.54998779296875,272.03,267.92
2025-11-28,AAPL,278.8500061035156,273.66,268.96
2025-12-01,AAPL,283.1000061035156,275.73,269.99
2025-12-02,AAPL,286.19000244140625,278.58,270.79
2025-12-03,AAPL,284.1499938964844,280.39,271.5
2025-12-04,AAPL,280.70001220703125,281.07,272.24
2025-12-05,AAPL,278.7799987792969,281.33,272.88
2025-12-08,AAPL,277.8900146484375,281.38,273.39
2025-12-09,AAPL,277.17999267578125,281.14,273.66
2025-12-10,AAPL,278.7799987792969,280.52,273.99
2025-12-11,AAPL,278.0299987792969,279.36,274.27
2025-12-12,AAPL,278.2799987792969,278.52,274.5
2025-12-15,AAPL,274.1099853515625,277.58,274.62
2025-12-16,AAPL,274.6099853515625,276.98,274.81
2025-12-17,AAPL,271.8399963378906,276.12,274.87
2025-12-18,AAPL,272.19000244140625,275.41,274.94
2025-12-19,AAPL,273.6700134277344,274.68,275.07
2025-12-22,AAPL,270.9700012207031,273.67,275.15
2025-12-23,AAPL,272.3599853515625,272.82,275.25
2025-12-24,AAPL,273.8099975585937,272.78,275.2
2025-12-26,AAPL,273.3999938964844,272.61,275.2
2025-12-29,AAPL,273.760009765625,272.88,275.22
2025-12-30,AAPL,273.0799865722656,273.01,275.25
2025-12-31,AAPL,271.8599853515625,272.75,275.39
2026-01-02,AAPL,271.010009765625,272.75,275.51
2026-01-05,AAPL,267.260009765625,272.03,275.47
2026-01-06,AAPL,262.3599853515625,270.39,275.34
2026-01-07,AAPL,260.3299865722656,268.52,274.97
2026-01-08,AAPL,259.0400085449219,266.42,274.4
2026-01-09,AAPL,259.3699951171875,264.46,273.82
2026-01-12,AAPL,260.25,262.8,273.24
2026-01-13,AAPL,261.04998779296875,261.38,272.65
2026-01-14,AAPL,259.9599914550781,260.34,271.88
2026-01-15,AAPL,258.2099914550781,259.74,270.94
2026-01-16,AAPL,255.52999877929688,259.06,269.99
2026-01-20,AAPL,246.6999969482422,257.3,268.86
2026-01-21,AAPL,247.6499938964844,255.62,267.82
2026-01-22,AAPL,248.3500061035156,253.92,266.83
2026-01-23,AAPL,248.0399932861328,252.06,265.86
2026-01-26,AAPL,255.41000366210932,251.41,265.08
2026-01-27,AAPL,258.2699890136719,251.42,264.42
2026-01-28,AAPL,256.44000244140625,251.55,263.7
2026-01-29,AAPL,258.2799987792969,253.21,263.17
2026-01-30,AAPL,259.4800109863281,254.9,262.66
2026-02-02,AAPL,270.010009765625,257.99,262.6
2026-02-03,AAPL,269.4800109863281,261.05,262.51
2026-02-04,AAPL,276.489990234375,264.06,262.61
2026-02-05,AAPL,275.9100036621094,266.58,262.77
2026-02-06,AAPL,278.1199951171875,269.68,262.96
2026-02-09,AAPL,274.6199951171875,272.02,262.99
2026-02-10,AAPL,273.67999267578125,274.04,263.0
2026-02-11,AAPL,275.5,274.83,263.06
2026-02-12,AAPL,261.7300109863281,273.72,262.68
2026-02-13,AAPL,255.77999877929688,270.76,262.14
2026-02-17,AAPL,263.8800048828125,269.04,261.91
2026-02-18,AAPL,264.3500061035156,267.08,261.81
2026-02-19,AAPL,260.5799865722656,265.07,261.75
2026-02-20,AAPL,264.5799865722656,263.77,261.89
2026-02-23,AAPL,266.17999267578125,262.44,262.13
2026-02-24,AAPL,272.1400146484375,263.93,262.55
2026-02-25,AAPL,274.2300109863281,266.56,263.02
2026-02-26,AAPL,272.95001220703125,267.86,263.42
2026-02-27,AAPL,264.17999267578125,267.83,263.56
2026-03-02,AAPL,264.7200012207031,268.43,263.78
2026-03-03,AAPL,263.75,268.31,264.05
2026-03-04,AAPL,262.5199890136719,267.78,264.58
2026-03-05,AAPL,260.2900085449219,266.09,265.0
2026-03-06,AAPL,257.4599914550781,263.7,265.3
2026-03-09,AAPL,259.8800048828125,261.83,265.7
2026-03-10,AAPL,260.8299865722656,261.35,265.88
2026-03-11,AAPL,260.8099975585937,260.79,265.96
2026-03-12,AAPL,255.759994506836,259.65,265.94
2026-03-13,AAPL,250.1199951171875,257.88,265.67
2026-03-16,AAPL,252.82000732421875,256.81,265.44
2026-03-17,AAPL,254.22999572753903,256.35,264.92
2026-03-18,AAPL,249.94000244140625,254.93,264.27
2026-03-19,AAPL,248.9600067138672,253.23,263.35
2026-03-20,AAPL,247.9900054931641,251.4,262.42
2026-03-23,AAPL,251.4900054931641,250.79,261.53
2026-03-24,AAPL,251.63999938964844,251.01,260.77
2026-03-25,AAPL,252.6199951171875,250.98,260.06
2026-03-26,AAPL,252.88999938964844,250.79,259.31
2026-03-27,AAPL,248.8000030517578,250.63,258.88
2026-03-30,AAPL,246.6300048828125,250.29,258.57
2026-03-31,AAPL,253.7899932861328,251.12,258.24
2026-04-01,AAPL,255.6300048828125,251.71,257.95
2026-04-02,AAPL,255.9199981689453,252.33,257.79
2026-04-06,AAPL,258.8599853515625,253.22,257.6
2026-04-07,AAPL,253.5,253.3,257.18
2026-04-08,AAPL,258.8999938964844,254.75,256.74
2026-04-09,AAPL,260.489990234375,256.73,256.28
2026-04-10,AAPL,260.4800109863281,257.68,255.86
2026-04-13,AAPL,259.20001220703125,258.19,255.7
2026-04-14,AAPL,258.8299865722656,258.61,255.5
2026-04-15,AAPL,266.42999267578125,259.69,255.59
2026-04-16,AAPL,263.3999938964844,261.1,255.62
2026-04-17,AAPL,270.2300109863281,262.72,255.95
2026-04-20,AAPL,273.04998779296875,264.52,256.47
2026-04-21,AAPL,266.1700134277344,265.33,256.68
2026-04-22,AAPL,273.1700134277344,267.33,257.09
2026-04-23,AAPL,273.42999267578125,269.41,257.51
2026-04-24,AAPL,271.0599975585937,270.07,258.02
2026-04-27,AAPL,267.6099853515625,270.67,258.61
2026-04-28,AAPL,270.7099914550781,270.74,259.2
2026-04-29,AAPL,270.1700134277344,270.33,259.73
2026-04-30,AAPL,271.3500061035156,271.07,260.45
2026-05-01,AAPL,280.1400146484375,272.07,261.49
2026-05-04,AAPL,276.8299865722656,272.55,262.45
2026-05-05,AAPL,284.17999267578125,274.43,263.54
2026-05-06,AAPL,287.510009765625,277.27,264.73
2026-05-07,AAPL,287.44000244140625,279.66,265.89
2026-05-08,AAPL,293.32000732421875,282.97,267.24
2026-05-11,AAPL,292.67999267578125,286.01,268.7
2026-05-12,AAPL,294.79998779296875,288.11,270.31
2026-05-13,AAPL,298.8699951171875,291.26,271.81
2026-05-14,AAPL,298.2099914550781,293.26,273.23
2026-05-15,AAPL,300.2300109863281,295.08,274.71
2026-05-18,AAPL,297.8399963378906,296.56,276.01
2026-05-19,AAPL,298.9700012207031,297.37,277.52
2026-05-20,AAPL,302.25,298.74,278.97
2026-05-21,AAPL,304.989990234375,300.19,280.45
2026-05-22,AAPL,308.82000732421875,301.62,282.06
2026-05-26,AAPL,308.3299865722656,303.06,283.7
2026-05-27,AAPL,310.8500061035156,304.58,285.43
2026-05-28,AAPL,312.510009765625,306.67,286.97
2026-05-29,AAPL,312.0599975585937,308.54,288.59
2023-05-30,AMD,125.2699966430664,125.27,125.27
2023-05-31,AMD,118.20999908447266,121.74,121.74
2023-06-01,AMD,119.47000122070312,120.98,120.98
2023-06-02,AMD,117.86000061035156,120.2,120.2
2023-06-05,AMD,117.93000030517578,119.75,119.75
2023-06-06,AMD,124.2300033569336,120.5,120.5
2023-06-07,AMD,117.83000183105467,120.11,120.11
2023-06-08,AMD,121.0500030517578,119.51,120.23
2023-06-09,AMD,124.91999816894533,120.47,120.75
2023-06-12,AMD,129.19000244140625,121.86,121.6
2023-06-13,AMD,124.52999877929688,122.81,121.86
2023-06-14,AMD,127.33000183105467,124.15,122.32
2023-06-15,AMD,124.23999786376952,124.16,122.47
2023-06-16,AMD,120.08000183105467,124.48,122.3
2023-06-20,AMD,118.93000030517578,124.17,122.07
2023-06-21,AMD,112.11000061035156,122.34,121.45
2023-06-22,AMD,110.6999969482422,119.7,120.82
2023-06-23,AMD,110.01000213623048,117.63,120.22
2023-06-26,AMD,107.51000213623048,114.8,119.55
2023-06-27,AMD,110.38999938964844,112.82,119.09
2023-06-28,AMD,110.16999816894533,111.4,118.66
2023-06-29,AMD,111.23999786376952,110.3,118.33
2023-06-30,AMD,113.91000366210938,110.56,118.14
2023-07-03,AMD,115.81999969482422,111.29,118.04
2023-07-05,AMD,113.9499969482422,111.86,117.88
2023-07-06,AMD,113.4800033569336,112.71,117.71
2023-07-07,AMD,113.16999816894533,113.11,117.54
2023-07-10,AMD,113.58000183105467,113.59,117.4
2023-07-11,AMD,111.31999969482422,113.6,117.19
2023-07-12,AMD,114.58000183105467,113.7,117.1
2023-07-13,AMD,115.91999816894533,113.71,116.79
2023-07-14,AMD,115.94000244140624,114.0,116.71
2023-07-17,AMD,118.31999969482422,114.69,116.67
2023-07-18,AMD,117.93000030517578,115.37,116.68
2023-07-19,AMD,116.43000030517578,115.78,116.63
2023-07-20,AMD,110.25,115.62,116.16
2023-07-21,AMD,110.9499969482422,115.11,115.93
2023-07-24,AMD,110.61000061035156,114.35,115.58
2023-07-25,AMD,113.0,113.93,115.19
2023-07-26,AMD,110.08999633789062,112.75,114.55
2023-07-27,AMD,111.0999984741211,111.78,114.1
2023-07-28,AMD,112.95999908447266,111.28,113.62
2023-07-31,AMD,114.4000015258789,111.87,113.29
2023-08-01,AMD,117.5999984741211,112.82,113.21
2023-08-02,AMD,109.3499984741211,112.64,112.89
2023-08-03,AMD,113.1500015258789,112.66,112.93
2023-08-04,AMD,115.81999969482422,113.48,113.1
2023-08-07,AMD,116.80999755859376,114.3,113.32
2023-08-08,AMD,113.2300033569336,114.34,113.52
2023-08-09,AMD,110.47000122070312,113.78,113.52
2023-08-10,AMD,110.2300033569336,112.72,113.52
2023-08-11,AMD,107.56999969482422,112.47,113.4
2023-08-14,AMD,111.9800033569336,112.3,113.33
2023-08-15,AMD,111.3499984741211,111.66,113.18
2023-08-16,AMD,107.19000244140624,110.29,112.96
2023-08-17,AMD,104.44000244140624,109.03,112.66
2023-08-18,AMD,105.4499969482422,108.32,112.4
2023-08-21,AMD,108.22000122070312,108.03,112.22
2023-08-22,AMD,105.66000366210938,107.76,112.03
2023-08-23,AMD,109.43000030517578,107.39,111.86
2023-08-24,AMD,101.8000030517578,106.03,111.39
2023-08-25,AMD,102.25,105.32,110.93
2023-08-28,AMD,102.61000061035156,105.06,110.41
2023-08-29,AMD,105.91999816894533,105.13,110.01
2023-08-30,AMD,106.58999633789062,104.89,109.68
2023-08-31,AMD,105.72000122070312,104.9,109.53
2023-09-01,AMD,109.4499969482422,104.91,109.48
2023-09-05,AMD,110.77999877929688,106.19,109.49
2023-09-06,AMD,109.27999877929688,107.19,109.36
2023-09-07,AMD,106.58999633789062,107.76,109.25
2023-09-08,AMD,106.08999633789062,107.79,109.08
2023-09-11,AMD,105.31999969482422,107.6,108.83
2023-09-12,AMD,105.30999755859376,107.55,108.52
2023-09-13,AMD,107.70999908447266,107.3,108.19
2023-09-14,AMD,106.62999725341795,106.7,108.1
2023-09-15,AMD,101.48999786376952,105.59,107.71
2023-09-18,AMD,102.37000274658205,104.99,107.26
2023-09-19,AMD,101.61000061035156,104.35,106.76
2023-09-20,AMD,100.33999633789062,103.64,106.33
2023-09-21,AMD,96.11000061035156,102.32,105.85
2023-09-22,AMD,96.1999969482422,100.68,105.38
2023-09-25,AMD,97.37999725341795,99.36,105.04
2023-09-26,AMD,95.95999908447266,98.57,104.51
2023-09-27,AMD,98.06999969482422,97.95,104.07
2023-09-28,AMD,102.76000213623048,98.12,103.92
2023-09-29,AMD,102.81999969482422,98.47,103.86
2023-10-02,AMD,103.2699966430664,99.49,103.79
2023-10-03,AMD,100.08000183105467,100.05,103.52
2023-10-04,AMD,104.06999969482422,101.0,103.47
2023-10-05,AMD,102.91000366210938,102.0,103.25
2023-10-06,AMD,107.23999786376952,103.31,103.43
2023-10-09,AMD,106.97000122070312,103.91,103.59
2023-10-10,AMD,109.01000213623048,104.79,103.8
2023-10-11,AMD,108.30999755859376,105.51,103.88
2023-10-12,AMD,108.79000091552734,106.76,103.95
2023-10-13,AMD,105.08999633789062,106.9,103.93
2023-10-16,AMD,106.45999908447266,107.41,103.83
2023-10-17,AMD,105.13999938964844,107.11,103.65
2023-10-18,AMD,102.16999816894533,106.42,103.41
2023-10-19,AMD,102.4000015258789,105.48,103.27
2023-10-20,AMD,101.80999755859376,104.55,103.13
2023-10-23,AMD,100.01000213623048,103.3,102.95
2023-10-24,AMD,101.66999816894533,102.81,102.83
2023-10-25,AMD,96.05999755859376,101.32,102.44
2023-10-26,AMD,93.66999816894533,99.68,102.01
2023-10-27,AMD,96.43000030517578,98.86,101.84
2023-10-30,AMD,96.18000030517578,97.98,101.63
2023-10-31,AMD,98.5,97.5,101.53
2023-11-01,AMD,108.04000091552734,98.65,101.79
2023-11-02,AMD,107.83000183105467,99.53,102.18
2023-11-03,AMD,112.25,101.84,102.71
2023-11-06,AMD,111.75,104.43,103.19
2023-11-07,AMD,113.4499969482422,106.86,103.77
2023-11-08,AMD,113.58999633789062,109.34,104.29
2023-11-09,AMD,113.48999786376952,111.49,104.65
2023-11-10,AMD,118.58999633789062,112.99,105.17
2023-11-13,AMD,116.79000091552734,114.27,105.62
2023-11-14,AMD,119.87999725341795,115.36,106.28
2023-11-15,AMD,118.0,116.26,106.75
2023-11-16,AMD,119.83000183105467,117.17,107.31
2023-11-17,AMD,120.62000274658205,118.17,107.76
2023-11-20,AMD,121.52999877929688,119.32,108.24
2023-11-21,AMD,119.16000366210938,119.4,108.58
2023-11-22,AMD,122.51000213623048,120.22,109.06
2023-11-24,AMD,122.30999755859376,120.57,109.51
2023-11-27,AMD,122.6500015258789,121.23,110.09
2023-11-28,AMD,122.01000213623048,121.54,110.61
2023-11-29,AMD,123.8499984741211,122.0,111.23
2023-11-30,AMD,121.16000366210938,121.95,111.87
2023-12-01,AMD,121.38999938964844,122.27,112.5
2023-12-04,AMD,118.56999969482422,121.71,113.06
2023-12-05,AMD,118.37999725341795,121.14,113.67
2023-12-06,AMD,116.81999969482422,120.31,114.18
2023-12-07,AMD,128.3699951171875,121.22,115.25
2023-12-08,AMD,128.9199981689453,121.94,116.43
2023-12-11,AMD,134.41000366210938,123.84,117.69
2023-12-12,AMD,137.61000061035156,126.15,119.08
2023-12-13,AMD,138.19000244140625,128.96,120.4
2023-12-14,AMD,138.0,131.76,121.4
2023-12-15,AMD,139.14999389648438,134.95,122.44
2023-12-18,AMD,138.89999389648438,136.45,123.33
2023-12-19,AMD,140.14999389648438,138.06,124.28
2023-12-20,AMD,135.47000122070312,138.21,125.01
2023-12-21,AMD,139.91000366210938,138.54,125.89
2023-12-22,AMD,139.60000610351562,138.74,126.76
2023-12-26,AMD,143.41000366210938,139.51,127.59
2023-12-27,AMD,146.07000732421875,140.5,128.56
2023-12-28,AMD,148.75999450683594,141.91,129.52
2023-12-29,AMD,147.41000366210938,142.95,130.5
2024-01-02,AMD,138.5800018310547,143.39,131.13
2024-01-03,AMD,135.32000732421875,142.74,131.62
2024-01-04,AMD,136.00999450683594,142.22,132.1
2024-01-05,AMD,138.5800018310547,141.53,132.75
2024-01-08,AMD,146.17999267578125,141.55,133.54
2024-01-09,AMD,149.25999450683594,141.62,134.44
2024-01-10,AMD,148.5399932861328,141.78,135.3
2024-01-11,AMD,148.02000427246094,143.13,136.17
2024-01-12,AMD,146.55999755859375,144.74,136.92
2024-01-16,AMD,158.74000549316406,147.98,138.18
2024-01-17,AMD,160.1699981689453,151.07,139.47
2024-01-18,AMD,162.6699981689453,153.42,140.94
2024-01-19,AMD,174.22999572753906,156.99,142.8
2024-01-22,AMD,168.17999267578125,159.8,144.51
2024-01-23,AMD,168.4199981689453,162.71,145.85
2024-01-24,AMD,178.2899932861328,167.24,147.49
2024-01-25,AMD,180.3300018310547,170.33,149.02
2024-01-26,AMD,177.25,172.77,150.34
2024-01-29,AMD,177.8300018310547,174.93,151.67
2024-01-30,AMD,172.05999755859375,174.62,152.8
2024-01-31,AMD,167.69000244140625,174.55,153.75
2024-02-01,AMD,170.47999572753906,174.85,154.81
2024-02-02,AMD,177.66000366210938,174.76,156.06
2024-02-05,AMD,174.22999572753906,173.89,157.35
2024-02-06,AMD,167.8800048828125,172.55,158.28
2024-02-07,AMD,170.94000244140625,171.56,159.32
2024-02-08,AMD,169.35000610351562,171.18,160.19
2024-02-09,AMD,172.47999572753906,171.86,161.07
2024-02-12,AMD,171.91000366210938,172.06,161.84
2024-02-13,AMD,171.5399932861328,171.19,162.65
2024-02-14,AMD,178.6999969482422,171.83,163.98
2024-02-15,AMD,176.75999450683594,173.1,165.36
2024-02-16,AMD,173.8699951171875,173.52,166.63
2024-02-20,AMD,165.69000244140625,172.99,167.53
2024-02-21,AMD,164.2899932861328,171.82,168.13
2024-02-22,AMD,181.8600006103516,173.24,169.22
2024-02-23,AMD,176.52000427246094,173.96,170.15
2024-02-26,AMD,176.00999450683594,173.57,171.09
2024-02-27,AMD,178.0,173.75,172.13
2024-02-28,AMD,176.5399932861328,174.13,172.73
2024-02-29,AMD,192.52999877929688,177.96,173.81
2024-03-01,AMD,202.63999938964844,183.44,175.14
2024-03-04,AMD,205.3600006103516,186.8,176.18
2024-03-05,AMD,205.1300048828125,190.89,177.41
2024-03-06,AMD,210.6300048828125,195.83,178.81
2024-03-07,AMD,211.3800048828125,200.6,179.92
2024-03-08,AMD,207.38999938964844,205.01,180.82
2024-03-11,AMD,198.38999938964844,205.85,181.52
2024-03-12,AMD,202.759994506836,205.86,182.36
2024-03-13,AMD,194.7899932861328,204.35,183.11
2024-03-14,AMD,187.0599975585937,201.77,183.76
2024-03-15,AMD,191.0599975585937,198.98,184.44
2024-03-18,AMD,190.6499938964844,196.01,184.88
2024-03-19,AMD,181.4199981689453,192.3,185.12
2024-03-20,AMD,179.72999572753906,189.64,185.51
2024-03-21,AMD,178.67999267578125,186.2,185.77
2024-03-22,AMD,179.64999389648438,184.04,186.11
2024-03-25,AMD,178.6300048828125,182.83,186.32
2024-03-26,AMD,177.8699951171875,180.95,186.52
2024-03-27,AMD,179.58999633789062,179.37,186.79
2024-03-28,AMD,180.4900054931641,179.23,186.85
2024-04-01,AMD,183.33999633789065,179.75,187.06
2024-04-02,AMD,178.6999969482422,179.75,187.23
2024-04-03,AMD,180.7700042724609,179.91,187.73
2024-04-04,AMD,165.8300018310547,178.08,187.78
2024-04-05,AMD,170.4199981689453,177.02,187.4
2024-04-08,AMD,169.89999389648438,175.64,187.18
2024-04-09,AMD,170.77999877929688,174.25,187.0
2024-04-10,AMD,167.13999938964844,171.93,186.64
2024-04-11,AMD,170.5,170.76,186.44
2024-04-12,AMD,163.27999877929688,168.26,185.47
2024-04-15,AMD,160.32000732421875,167.48,184.05
2024-04-16,AMD,163.4600067138672,166.48,182.66
2024-04-17,AMD,154.02000427246094,164.21,180.95
2024-04-18,AMD,155.0800018310547,161.97,179.1
2024-04-19,AMD,146.63999938964844,159.04,176.94
2024-04-22,AMD,148.63999938964844,155.92,174.99
2024-04-23,AMD,152.27000427246094,154.35,173.45
2024-04-24,AMD,151.74000549316406,153.12,171.75
2024-04-25,AMD,153.75999450683594,151.74,170.38
2024-04-26,AMD,157.39999389648438,152.22,169.39
2024-04-29,AMD,160.1999969482422,152.95,168.36
2024-04-30,AMD,158.3800048828125,154.63,167.29
2024-05-01,AMD,144.27000427246094,154.0,166.05
2024-05-02,AMD,146.16000366210938,153.13,164.93
2024-05-03,AMD,150.60000610351562,152.97,163.99
2024-05-06,AMD,155.77999877929688,153.26,163.2
2024-05-07,AMD,154.42999267578125,152.83,162.39
2024-05-08,AMD,153.6199951171875,151.89,161.58
2024-05-09,AMD,152.38999938964844,151.04,160.68
2024-05-10,AMD,151.9199981689453,152.13,159.72
2024-05-13,AMD,150.55999755859375,152.76,158.63
2024-05-14,AMD,153.16000366210938,153.12,157.78
2024-05-15,AMD,159.6699981689453,153.68,157.08
2024-05-16,AMD,162.6199951171875,154.85,156.97
2024-05-17,AMD,164.47000122070312,156.4,156.77
2024-05-20,AMD,166.3300018310547,158.39,156.65
2024-05-21,AMD,164.66000366210938,160.21,156.45
2024-05-22,AMD,165.52000427246094,162.35,156.4
2024-05-23,AMD,160.42999267578125,163.39,156.06
2024-05-24,AMD,166.36000061035156,164.34,156.16
2024-05-28,AMD,171.61000061035156,165.63,156.54
2024-05-29,AMD,165.13999938964844,165.72,156.59
2024-05-30,AMD,166.75,165.78,157.02
2024-05-31,AMD,166.89999389648438,166.1,157.41
2024-06-03,AMD,163.5500030517578,165.82,157.98
2024-06-04,AMD,159.99000549316406,165.76,158.35
2024-06-05,AMD,166.1699981689453,165.73,158.82
2024-06-06,AMD,166.77999877929688,165.04,159.32
2024-06-07,AMD,167.8699951171875,165.43,159.79
2024-06-10,AMD,160.33999633789062,164.51,159.89
2024-06-11,AMD,158.9600067138672,163.38,159.85
2024-06-12,AMD,160.24000549316406,162.91,159.91
2024-06-13,AMD,159.89999389648438,162.89,160.43
2024-06-14,AMD,159.6300048828125,161.96,160.88
2024-06-17,AMD,158.39999389648438,160.76,161.14
2024-06-18,AMD,154.6300048828125,158.87,161.1
2024-06-20,AMD,161.77999877929688,159.08,161.34
2024-06-21,AMD,161.22999572753906,159.4,161.6
2024-06-24,AMD,160.25,159.4,161.86
2024-06-25,AMD,160.25,159.45,162.14
2024-06-26,AMD,157.5399932861328,159.15,162.37
2024-06-27,AMD,159.47000122070312,159.31,162.58
2024-06-28,AMD,162.2100067138672,160.39,162.67
2024-07-01,AMD,157.69000244140625,159.81,162.5
2024-07-02,AMD,164.30999755859375,160.25,162.5
2024-07-03,AMD,163.89999389648438,160.77,162.42
2024-07-05,AMD,171.89999389648438,162.43,162.66
2024-07-08,AMD,178.69000244140625,165.45,163.1
2024-07-09,AMD,177.10000610351562,167.97,163.65
2024-07-10,AMD,183.9600067138672,171.08,164.24
2024-07-11,AMD,181.94000244140625,174.54,164.58
2024-07-12,AMD,181.6100006103516,177.01,165.13
2024-07-15,AMD,179.8300018310547,179.29,165.57
2024-07-16,AMD,177.5500030517578,180.1,165.92
2024-07-17,AMD,159.42999267578125,177.35,165.79
2024-07-18,AMD,155.77000427246094,174.3,165.64
2024-07-19,AMD,151.5800018310547,169.67,165.16
2024-07-22,AMD,155.8699951171875,165.95,164.79
2024-07-23,AMD,154.0,162.0,164.33
2024-07-24,AMD,144.6300048828125,156.98,163.81
2024-07-25,AMD,138.32000732421875,151.37,163.12
2024-07-26,AMD,139.99000549316406,148.59,162.45
2024-07-29,AMD,139.75,146.31,161.77
2024-07-30,AMD,138.44000244140625,144.43,161.07
2024-07-31,AMD,144.47999572753906,142.8,160.6
2024-08-01,AMD,132.5399932861328,139.74,159.87
2024-08-02,AMD,132.5,138.0,158.89
2024-08-05,AMD,134.82000732421875,137.5,158.01
2024-08-06,AMD,130.17999267578125,136.1,157.01
2024-08-07,AMD,128.6699981689453,134.52,155.96
2024-08-08,AMD,136.32000732421875,134.22,155.25
2024-08-09,AMD,134.27000427246094,132.76,154.41
2024-08-12,AMD,136.77000427246094,133.36,153.56
2024-08-13,AMD,141.1300048828125,134.59,153.01
2024-08-14,AMD,140.75,135.44,152.22
2024-08-15,AMD,147.36000061035156,137.9,151.67
2024-08-16,AMD,148.55999755859375,140.74,150.89
2024-08-19,AMD,155.27999877929688,143.45,150.11
2024-08-20,AMD,156.39999389648438,146.61,149.42
2024-08-21,AMD,157.80999755859375,149.61,148.55
2024-08-22,AMD,151.6999969482422,151.12,147.54
2024-08-23,AMD,154.97999572753906,153.16,146.66
2024-08-26,AMD,149.99000549316406,153.53,145.66
2024-08-27,AMD,150.5,153.81,144.76
2024-08-28,AMD,146.36000061035156,152.53,144.32
2024-08-29,AMD,145.49000549316406,150.98,143.98
2024-08-30,AMD,148.55999755859375,149.65,143.88
2024-09-03,AMD,136.94000244140625,147.55,143.25
2024-09-04,AMD,140.8699951171875,145.53,142.81
2024-09-05,AMD,139.44000244140625,144.02,142.64
2024-09-06,AMD,134.35000610351562,141.72,142.51
2024-09-09,AMD,138.14999389648438,140.54,142.45
2024-09-10,AMD,142.83999633789062,140.16,142.55
2024-09-11,AMD,149.86000061035156,140.35,142.93
2024-09-12,AMD,150.77000427246094,142.33,143.14
2024-09-13,AMD,152.30999755859375,143.96,143.8
2024-09-16,AMD,152.0800018310547,145.77,144.45
2024-09-17,AMD,150.82000732421875,148.12,144.98
2024-09-18,AMD,148.2899932861328,149.57,145.59
2024-09-19,AMD,156.74000549316406,151.55,146.52
2024-09-20,AMD,155.9499969482422,152.42,147.18
2024-09-23,AMD,156.75,153.28,147.93
2024-09-24,AMD,158.32000732421875,154.14,148.65
2024-09-25,AMD,162.02000427246094,155.56,149.34
2024-09-26,AMD,167.49000549316406,157.94,150.23
2024-09-27,AMD,164.35000610351562,160.23,150.8
2024-09-30,AMD,164.0800018310547,161.28,151.32
2024-10-01,AMD,159.75,161.82,151.47
2024-10-02,AMD,159.77999877929688,162.26,151.58
2024-10-03,AMD,162.85000610351562,162.9,151.75
2024-10-04,AMD,170.89999389648438,164.17,152.39
2024-10-07,AMD,170.97000122070312,164.67,152.92
2024-10-08,AMD,172.8000030517578,165.88,153.68
2024-10-09,AMD,171.02000427246094,166.87,154.36
2024-10-10,AMD,164.17999267578125,167.5,154.96
2024-10-11,AMD,167.88999938964844,168.66,155.7
2024-10-14,AMD,165.27000427246094,169.0,156.26
2024-10-15,AMD,156.63999938964844,166.97,156.92
2024-10-16,AMD,156.1300048828125,164.85,157.43
2024-10-17,AMD,156.25,162.48,157.99
2024-10-18,AMD,155.97000122070312,160.33,158.71
2024-10-21,AMD,157.89999389648438,159.44,159.37
2024-10-22,AMD,154.08999633789062,157.46,159.74
2024-10-23,AMD,152.91000366210938,155.7,159.84
2024-10-24,AMD,153.44000244140625,155.24,159.93
2024-10-25,AMD,156.22999572753906,155.26,160.06
2024-10-28,AMD,159.9199981689453,155.78,160.32
2024-10-29,AMD,166.25,157.25,160.84
2024-10-30,AMD,148.60000610351562,155.92,160.85
2024-10-31,AMD,144.07000732421875,154.49,160.43
2024-11-01,AMD,141.86000061035156,152.91,159.96
2024-11-04,AMD,140.7100067138672,151.09,159.42
2024-11-05,AMD,141.66000366210938,149.01,158.87
2024-11-06,AMD,145.10000610351562,146.89,158.3
2024-11-07,AMD,149.82000732421875,144.55,157.71
2024-11-08,AMD,147.9499969482422,144.45,157.17
2024-11-11,AMD,147.35000610351562,144.92,156.61
2024-11-12,AMD,143.6300048828125,145.17,156.07
2024-11-13,AMD,139.3000030517578,144.97,155.39
2024-11-14,AMD,138.83999633789062,144.57,154.59
2024-11-15,AMD,134.89999389648438,143.11,153.39
2024-11-18,AMD,138.92999267578125,141.56,152.32
2024-11-19,AMD,139.38999938964844,140.33,151.21
2024-11-20,AMD,137.60000610351562,138.94,150.09
2024-11-21,AMD,137.49000549316406,138.06,149.2
2024-11-22,AMD,138.35000610351562,137.93,148.22
2024-11-25,AMD,141.1300048828125,138.26,147.41
2024-11-26,AMD,137.72000122070312,138.66,146.78
2024-11-27,AMD,136.24000549316406,138.27,146.12
2024-11-29,AMD,137.17999267578125,137.96,145.48
2024-12-02,AMD,142.05999755859375,138.6,145.02
2024-12-03,AMD,141.97999572753906,139.24,144.49
2024-12-04,AMD,143.99000549316406,140.04,144.15
2024-12-05,AMD,141.36000061035156,140.08,143.77
2024-12-06,AMD,138.58999633789062,140.2,143.27
2024-12-09,AMD,130.8699951171875,139.43,142.43
2024-12-10,AMD,127.73999786376952,138.08,141.36
2024-12-11,AMD,130.14999389648438,136.38,140.15
2024-12-12,AMD,130.60000610351562,134.76,139.55
2024-12-13,AMD,126.91000366210938,132.32,138.98
2024-12-16,AMD,126.69000244140624,130.22,138.47
2024-12-17,AMD,125.0199966430664,128.28,137.95
2024-12-18,AMD,121.41000366210938,126.93,137.28
2024-12-19,AMD,118.87999725341795,125.67,136.4
2024-12-20,AMD,119.20999908447266,124.1,135.38
2024-12-23,AMD,124.5999984741211,123.25,134.6
2024-12-24,AMD,126.29000091552734,123.16,133.9
2024-12-26,AMD,125.05999755859376,122.92,133.28
2024-12-27,AMD,125.19000244140624,122.95,132.81
2024-12-30,AMD,122.44000244140624,123.1,132.27
2024-12-31,AMD,120.79000091552734,123.37,131.8
2025-01-02,AMD,120.62999725341795,123.57,131.19
2025-01-03,AMD,125.37000274658205,123.68,130.72
2025-01-06,AMD,129.5500030517578,124.15,130.45
2025-01-07,AMD,127.33000183105467,124.47,130.11
2025-01-08,AMD,121.83999633789062,123.99,129.56
2025-01-10,AMD,116.04000091552734,123.08,128.72
2025-01-13,AMD,117.31999969482422,122.58,128.04
2025-01-14,AMD,116.08999633789062,121.93,127.37
2025-01-15,AMD,119.95999908447266,121.16,126.8
2025-01-16,AMD,118.44000244140624,119.57,126.01
2025-01-17,AMD,121.45999908447266,118.74,125.33
2025-01-21,AMD,122.27999877929688,118.8,124.6
2025-01-22,AMD,123.75,119.9,124.02
2025-01-23,AMD,123.04000091552734,120.72,123.5
2025-01-24,AMD,122.83999633789062,121.68,123.23
2025-01-27,AMD,115.01000213623048,120.97,122.81
2025-01-28,AMD,114.16999816894533,120.36,122.27
2025-01-29,AMD,117.3499984741211,119.78,121.83
2025-01-30,AMD,118.86000061035156,119.29,121.56
2025-01-31,AMD,115.9499969482422,118.17,121.21
2025-02-03,AMD,114.2699966430664,116.92,120.85
2025-02-04,AMD,119.5,116.44,120.78
2025-02-05,AMD,112.01000213623048,116.02,120.55
2025-02-06,AMD,110.16000366210938,115.44,120.25
2025-02-07,AMD,107.55999755859376,114.04,119.68
2025-02-10,AMD,110.4800033569336,112.85,119.16
2025-02-11,AMD,111.0999984741211,112.15,118.69
2025-02-12,AMD,111.72000122070312,111.79,118.24
2025-02-13,AMD,111.80999755859376,110.69,117.89
2025-02-14,AMD,113.0999984741211,110.85,117.63
2025-02-18,AMD,114.27999877929688,111.44,117.42
2025-02-19,AMD,114.69000244140624,112.45,117.07
2025-02-20,AMD,114.16999816894533,112.98,116.55
2025-02-21,AMD,110.83999633789062,112.94,116.0
2025-02-24,AMD,108.11000061035156,112.43,115.55
2025-02-25,AMD,103.95999908447266,111.31,115.14
2025-02-26,AMD,104.73999786376952,110.11,114.72
2025-02-27,AMD,99.51000213623048,108.0,114.17
2025-02-28,AMD,99.86000061035156,105.88,113.5
2025-03-03,AMD,98.2300033569336,103.61,112.83
2025-03-04,AMD,100.75,102.17,112.14
2025-03-05,AMD,101.66999816894533,101.25,111.45
2025-03-06,AMD,98.8499984741211,100.52,110.62
2025-03-07,AMD,100.30999755859376,99.88,109.86
2025-03-10,AMD,96.62999725341795,99.47,108.99
2025-03-11,AMD,96.76000213623048,99.03,108.38
2025-03-12,AMD,100.79000091552734,99.39,107.93
2025-03-13,AMD,98.11000061035156,99.02,107.29
2025-03-14,AMD,100.97000122070312,98.92,106.7
2025-03-17,AMD,104.58999633789062,99.74,106.32
2025-03-18,AMD,103.51000213623048,100.19,105.96
2025-03-19,AMD,106.2300033569336,101.57,105.52
2025-03-20,AMD,107.13999938964844,103.05,105.35
2025-03-21,AMD,106.44000244140624,103.86,105.23
2025-03-24,AMD,113.8499984741211,106.1,105.44
2025-03-25,AMD,114.80999755859376,108.08,105.58
2025-03-26,AMD,110.19000244140624,108.88,105.55
2025-03-27,AMD,106.6500015258789,109.33,105.38
2025-03-28,AMD,103.22000122070312,108.9,105.1
2025-03-31,AMD,102.73999786376952,108.27,104.75
2025-04-01,AMD,102.77999877929688,107.75,104.37
2025-04-02,AMD,102.95999908447266,106.19,103.98
2025-04-03,AMD,93.8000030517578,103.19,103.3
2025-04-04,AMD,85.76000213623047,99.7,102.46
2025-04-07,AMD,83.63999938964844,96.41,101.65
2025-04-08,AMD,78.20999908447266,92.84,100.79
2025-04-09,AMD,96.83999633789062,92.0,100.53
2025-04-10,AMD,88.69999694824219,89.99,100.17
2025-04-11,AMD,93.4000015258789,88.62,99.95
2025-04-14,AMD,94.5,88.72,99.83
2025-04-15,AMD,95.29000091552734,90.08,99.64
2025-04-16,AMD,88.29000091552734,90.75,99.2
2025-04-17,AMD,87.5,92.07,98.82
2025-04-21,AMD,85.55999755859375,90.46,98.33
2025-04-22,AMD,86.26000213623047,90.11,97.98
2025-04-23,AMD,90.38999938964844,89.68,97.77
2025-04-24,AMD,94.47000122070312,89.68,97.56
2025-04-25,AMD,96.6500015258789,89.87,97.51
2025-04-28,AMD,96.38999938964844,91.03,97.36
2025-04-29,AMD,96.05999755859376,92.25,97.07
2025-04-30,AMD,97.3499984741211,93.94,96.87
2025-05-01,AMD,96.6500015258789,95.42,96.55
2025-05-02,AMD,98.8000030517578,96.62,96.27
2025-05-05,AMD,100.58999633789062,97.5,96.08
2025-05-06,AMD,98.62000274658205,97.78,95.57
2025-05-07,AMD,100.36000061035156,98.35,95.09
2025-05-08,AMD,101.6999969482422,99.15,94.8
2025-05-09,AMD,102.83999633789062,99.94,94.68
2025-05-12,AMD,108.12000274658205,101.58,94.84
2025-05-13,AMD,112.45999908447266,103.53,95.16
2025-05-14,AMD,117.72000122070312,105.97,95.66
2025-05-15,AMD,114.98999786376952,108.31,96.06
2025-05-16,AMD,117.16999816894533,110.71,96.84
2025-05-19,AMD,114.73999786376952,112.58,97.81
2025-05-20,AMD,113.51000213623048,114.1,98.8
2025-05-21,AMD,112.05999755859376,114.66,99.93
2025-05-22,AMD,110.70999908447266,114.41,100.39
2025-05-23,AMD,110.30999755859376,113.36,101.12
2025-05-27,AMD,114.55999755859376,113.29,101.82
2025-05-28,AMD,112.86000061035156,112.68,102.43
2025-05-29,AMD,113.02999877929688,112.43,103.02
2025-05-30,AMD,110.7300033569336,112.04,103.77
2025-06-02,AMD,114.62999725341795,112.4,104.68
2025-06-03,AMD,117.30999755859376,113.35,105.73
2025-06-04,AMD,118.58000183105467,114.53,106.81
2025-06-05,AMD,115.69000244140624,114.69,107.66
2025-06-06,AMD,116.19000244140624,115.17,108.38
2025-06-09,AMD,121.7300033569336,116.41,109.22
2025-06-10,AMD,123.23999786376952,118.2,110.11
2025-06-11,AMD,121.13999938964844,119.13,110.95
2025-06-12,AMD,118.5,119.3,111.65
2025-06-13,AMD,116.16000366210938,118.95,112.3
2025-06-16,AMD,126.38999938964844,120.48,113.22
2025-06-17,AMD,127.0999984741211,122.04,114.1
2025-06-18,AMD,126.79000091552734,122.76,115.04
2025-06-20,AMD,128.24000549316406,123.47,115.97
2025-06-23,AMD,129.5800018310547,124.68,116.9
2025-06-24,AMD,138.42999267578125,127.53,118.09
2025-06-25,AMD,143.39999389648438,131.42,119.26
2025-06-26,AMD,143.67999267578125,133.89,120.31
2025-06-27,AMD,143.80999755859375,136.28,121.18
2025-06-30,AMD,141.89999389648438,138.43,122.07
2025-07-01,AMD,136.11000061035156,139.56,122.7
2025-07-02,AMD,138.52000427246094,140.84,123.5
2025-07-03,AMD,137.91000366210938,140.76,124.31
2025-07-07,AMD,134.8000030517578,139.53,125.07
2025-07-08,AMD,137.82000732421875,138.7,125.97
2025-07-09,AMD,138.41000366210938,137.92,126.91
2025-07-10,AMD,144.16000366210938,138.25,127.89
2025-07-11,AMD,146.4199981689453,139.72,129.01
2025-07-14,AMD,146.24000549316406,140.82,130.12
2025-07-15,AMD,155.61000061035156,143.35,131.62
2025-07-16,AMD,160.0800018310547,146.96,133.13
2025-07-17,AMD,160.41000366210938,150.19,134.57
2025-07-18,AMD,156.99000549316406,152.84,135.85
2025-07-21,AMD,157.0,154.68,137.23
2025-07-22,AMD,154.72000122070312,155.86,138.51
2025-07-23,AMD,158.64999389648438,157.64,139.74
2025-07-24,AMD,162.1199951171875,158.57,141.04
2025-07-25,AMD,166.47000122070312,159.48,142.55
2025-07-28,AMD,173.66000366210938,161.37,144.39
2025-07-29,AMD,177.44000244140625,164.29,146.43
2025-07-30,AMD,179.50999450683594,167.51,148.2
2025-07-31,AMD,176.30999755859375,170.59,149.84
2025-08-01,AMD,171.6999969482422,172.46,151.34
2025-08-04,AMD,176.77999877929688,174.55,152.95
2025-08-05,AMD,174.30999755859375,175.67,154.45
2025-08-06,AMD,163.1199951171875,174.17,155.27
2025-08-07,AMD,172.39999389648438,173.45,156.24
2025-08-08,AMD,172.75999450683594,172.48,157.2
2025-08-11,AMD,172.27999877929688,171.91,158.15
2025-08-12,AMD,174.9499969482422,172.37,159.26
2025-08-13,AMD,184.4199981689453,173.46,160.87
2025-08-14,AMD,180.9499969482422,174.41,162.28
2025-08-15,AMD,177.50999450683594,176.47,163.6
2025-08-18,AMD,176.13999938964844,177.0,164.98
2025-08-19,AMD,166.5500030517578,176.11,165.94
2025-08-20,AMD,165.1999969482422,175.1,166.83
2025-08-21,AMD,163.7100067138672,173.5,167.48
2025-08-22,AMD,167.75999450683594,171.12,168.19
2025-08-25,AMD,163.36000061035156,168.6,168.76
2025-08-26,AMD,166.6199951171875,167.05,169.13
2025-08-27,AMD,167.1300048828125,165.76,169.36
2025-08-28,AMD,168.5800018310547,166.05,169.64
2025-08-29,AMD,162.6300048828125,165.68,169.82
2025-09-02,AMD,162.32000732421875,165.49,170.0
2025-09-03,AMD,162.1300048828125,164.68,170.25
2025-09-04,AMD,161.7899932861328,164.46,170.35
2025-09-05,AMD,151.13999938964844,162.25,169.99
2025-09-08,AMD,151.41000366210938,160.0,169.49
2025-09-09,AMD,155.82000732421875,158.18,168.89
2025-09-10,AMD,159.5399932861328,157.74,168.29
2025-09-11,AMD,155.6699981689453,156.79,167.5
2025-09-12,AMD,158.57000732421875,156.28,166.91
2025-09-15,AMD,161.16000366210938,156.19,166.56
2025-09-16,AMD,160.4600067138672,157.52,166.01
2025-09-17,AMD,159.16000366210938,158.63,165.51
2025-09-18,AMD,157.9199981689453,158.93,165.33
2025-09-19,AMD,157.38999938964844,158.62,164.83
2025-09-22,AMD,159.7899932861328,159.21,164.4
2025-09-23,AMD,160.89999389648438,159.54,164.02
2025-09-24,AMD,160.8800048828125,159.5,163.55
2025-09-25,AMD,161.27000427246094,159.62,162.78
2025-09-26,AMD,159.4600067138672,159.66,162.07
2025-09-29,AMD,161.36000061035156,160.15,161.53
2025-09-30,AMD,161.7899932861328,160.78,161.05
2025-10-01,AMD,164.00999450683594,161.38,160.96
2025-10-02,AMD,169.72999572753906,162.64,161.12
2025-10-03,AMD,164.6699981689453,163.18,161.15
2025-10-06,AMD,203.7100067138672,169.25,162.35
2025-10-07,AMD,211.509994506836,176.68,163.95
2025-10-08,AMD,235.5599975585937,187.28,166.25
2025-10-09,AMD,232.88999938964844,197.44,168.44
2025-10-10,AMD,214.8999938964844,204.71,169.98
2025-10-13,AMD,216.4199981689453,211.38,171.78
2025-10-14,AMD,218.08999633789065,219.01,173.64
2025-10-15,AMD,238.6000061035156,224.0,176.19
2025-10-16,AMD,234.5599975585937,227.29,178.61
2025-10-17,AMD,233.0800018310547,226.93,181.34
2025-10-20,AMD,240.5599975585937,228.03,184.31
2025-10-21,AMD,238.02999877929688,231.33,187.05
2025-10-22,AMD,230.22999572753903,233.31,189.41
2025-10-23,AMD,234.9900054931641,235.72,192.05
2025-10-24,AMD,252.9199981689453,237.77,195.2
2025-10-27,AMD,259.6700134277344,241.35,198.48
2025-10-28,AMD,258.010009765625,244.92,201.74
2025-10-29,AMD,264.3299865722656,248.31,205.24
2025-10-30,AMD,254.83999633789065,250.71,208.47
2025-10-31,AMD,256.1199951171875,254.41,211.76
2025-11-03,AMD,259.6499938964844,257.93,215.09
2025-11-04,AMD,250.0500030517578,257.52,218.06
2025-11-05,AMD,256.3299865722656,257.05,221.24
2025-11-06,AMD,237.6999969482422,254.15,223.79
2025-11-07,AMD,233.5399932861328,249.75,226.26
2025-11-10,AMD,243.97999572753903,248.2,229.02
2025-11-11,AMD,237.5200042724609,245.54,231.54
2025-11-12,AMD,258.8900146484375,245.43,234.7
2025-11-13,AMD,247.9600067138672,245.13,237.31
2025-11-14,AMD,246.8099975585937,243.77,240.05
2025-11-17,AMD,240.5200042724609,244.17,241.28
2025-11-18,AMD,230.2899932861328,243.71,241.9
2025-11-19,AMD,223.5500030517578,240.79,241.5
2025-11-20,AMD,206.0200042724609,236.29,240.61
2025-11-21,AMD,203.77999877929688,228.42,240.23
2025-11-24,AMD,215.0500030517578,223.72,240.19
2025-11-25,AMD,206.1300048828125,217.91,239.79
2025-11-26,AMD,214.2400054931641,214.15,238.98
2025-11-28,AMD,217.52999877929688,212.33,238.41
2025-12-01,AMD,219.759994506836,211.79,237.97
2025-12-02,AMD,215.2400054931641,213.1,237.12
2025-12-03,AMD,217.6000061035156,215.08,236.44
2025-12-04,AMD,215.97999572753903,215.21,235.97
2025-12-05,AMD,217.97000122070312,216.9,235.4
2025-12-08,AMD,221.1100006103516,217.88,234.34
2025-12-09,AMD,221.6199951171875,218.47,233.07
2025-12-10,AMD,221.4199981689453,218.71,231.85
2025-12-11,AMD,221.42999267578125,219.59,230.42
2025-12-12,AMD,210.77999877929688,218.62,228.95
2025-12-15,AMD,207.5800018310547,217.42,227.33
2025-12-16,AMD,209.1699981689453,216.16,225.65
2025-12-17,AMD,198.1100006103516,212.87,223.92
2025-12-18,AMD,201.0599975585937,209.94,222.08
2025-12-19,AMD,213.42999267578125,208.79,221.27
2025-12-22,AMD,214.9499969482422,207.87,220.65
2025-12-23,AMD,214.8999938964844,208.46,219.68
2025-12-24,AMD,215.0399932861328,209.52,218.93
2025-12-26,AMD,214.9900054931641,210.35,217.47
2025-12-29,AMD,215.6100006103516,212.85,216.39
2025-12-30,AMD,215.33999633789065,214.89,215.34
2025-12-31,AMD,214.16000366210932,215.0,214.46
2026-01-02,AMD,223.47000122070312,216.22,214.23
2026-01-05,AMD,221.0800018310547,217.1,214.15
2026-01-06,AMD,214.3500061035156,217.0,214.43
2026-01-07,AMD,210.0200042724609,216.29,214.64
2026-01-08,AMD,204.67999267578125,214.73,214.29
2026-01-09,AMD,203.1699981689453,212.99,214.19
2026-01-12,AMD,207.69000244140625,212.07,213.97
2026-01-13,AMD,220.97000122070312,211.71,214.09
2026-01-14,AMD,223.6000061035156,212.07,214.22
2026-01-15,AMD,227.9199981689453,214.01,214.64
2026-01-16,AMD,231.8300018310547,217.12,215.11
2026-01-20,AMD,231.9199981689453,221.01,215.65
2026-01-21,AMD,249.8000030517578,227.68,216.71
2026-01-22,AMD,253.72999572753903,234.25,217.79
2026-01-23,AMD,259.67999267578125,239.78,219.06
2026-01-26,AMD,251.3099975585937,243.74,220.06
2026-01-27,AMD,252.02999877929688,247.19,221.08
2026-01-28,AMD,252.7400054931641,250.17,222.48
2026-01-29,AMD,252.17999267578125,253.07,223.96
2026-01-30,AMD,236.72999572753903,251.2,224.88
2026-02-02,AMD,246.2700042724609,250.13,226.49
2026-02-03,AMD,242.1100006103516,247.62,227.86
2026-02-04,AMD,200.19000244140625,240.32,227.42
2026-02-05,AMD,192.5,231.82,226.67
2026-02-06,AMD,208.44000244140625,225.49,226.45
2026-02-09,AMD,216.0,220.32,226.48
2026-02-10,AMD,213.57000732421875,217.01,226.44
2026-02-11,AMD,213.5800018310547,212.34,226.37
2026-02-12,AMD,205.94000244140625,207.17,226.06
2026-02-13,AMD,207.32000732421875,208.19,225.83
2026-02-17,AMD,203.0800018310547,209.7,225.15
2026-02-18,AMD,200.1199951171875,208.52,224.45
2026-02-19,AMD,203.3699951171875,206.71,224.08
2026-02-20,AMD,200.1499938964844,204.79,223.75
2026-02-23,AMD,196.6000061035156,202.37,223.48
2026-02-24,AMD,213.83999633789065,203.5,223.84
2026-02-25,AMD,210.8600006103516,204.0,223.95
2026-02-26,AMD,203.67999267578125,204.09,223.37
2026-02-27,AMD,200.2100067138672,204.1,222.59
2026-03-02,AMD,198.6199951171875,203.42,221.61
2026-03-03,AMD,190.9499969482422,202.11,220.25
2026-03-04,AMD,202.07000732421875,202.89,219.26
2026-03-05,AMD,199.4499969482422,200.83,217.58
2026-03-06,AMD,192.42999267578125,198.2,215.53
2026-03-09,AMD,202.67999267578125,198.06,213.63
2026-03-10,AMD,203.22999572753903,198.49,212.03
2026-03-11,AMD,204.8300018310547,199.38,210.46
2026-03-12,AMD,197.7400054931641,200.35,208.62
2026-03-13,AMD,193.38999938964844,199.11,206.66
2026-03-16,AMD,196.5800018310547,198.7,205.33
2026-03-17,AMD,196.3099975585937,199.25,203.66
2026-03-18,AMD,199.4600067138672,198.79,202.24
2026-03-19,AMD,205.2700042724609,199.08,202.41
2026-03-20,AMD,201.3300018310547,198.58,202.7
2026-03-23,AMD,202.67999267578125,199.29,202.51
2026-03-24,AMD,205.3699951171875,201.0,202.16
2026-03-25,AMD,220.2700042724609,204.38,202.38
2026-03-26,AMD,203.7700042724609,205.45,202.05
2026-03-27,AMD,201.9900054931641,205.81,201.92
2026-03-30,AMD,196.0399932861328,204.49,201.55
2026-03-31,AMD,203.42999267578125,204.79,201.56
2026-04-01,AMD,210.2100067138672,205.87,201.89
2026-04-02,AMD,217.5,207.6,202.36
2026-04-06,AMD,220.17999267578125,207.59,203.03
2026-04-07,AMD,221.52999877929688,210.13,203.86
2026-04-08,AMD,231.82000732421875,214.39,204.46
2026-04-09,AMD,236.63999938964844,220.19,205.32
2026-04-10,AMD,245.0399932861328,226.13,206.7
2026-04-13,AMD,246.8300018310547,231.36,208.25
2026-04-14,AMD,255.07000732421875,236.73,210.14
2026-04-15,AMD,258.1199951171875,242.15,212.38
2026-04-16,AMD,278.260009765625,250.25,214.91
2026-04-17,AMD,278.3900146484375,256.91,217.55
2026-04-20,AMD,274.95001220703125,262.38,220.3
2026-04-21,AMD,284.489990234375,268.02,223.02
2026-04-22,AMD,303.4599914550781,276.11,226.37
2026-04-23,AMD,305.3299865722656,283.29,229.72
2026-04-24,AMD,347.8099975585937,296.1,234.72
2026-04-27,AMD,334.6300048828125,304.15,239.43
2026-04-28,AMD,323.2099914550781,310.55,243.65
2026-04-29,AMD,337.1099853515625,319.43,248.34
2026-04-30,AMD,354.489990234375,329.43,253.51
2026-05-01,AMD,360.5400085449219,337.59,258.68
2026-05-04,AMD,341.5400085449219,342.76,263.36
2026-05-05,AMD,355.260009765625,343.83,268.44
2026-05-06,AMD,421.3900146484375,356.22,275.64
2026-05-07,AMD,408.4599914550781,368.4,281.92
2026-05-08,AMD,455.1900024414063,385.27,290.3
2026-05-11,AMD,458.7900085449219,400.17,298.86
2026-05-12,AMD,448.2900085449219,412.7,307.27
2026-05-13,AMD,445.5,427.55,315.33
2026-05-14,AMD,449.7000122070313,441.05,323.32
2026-05-15,AMD,424.1000061035156,441.43,330.2
2026-05-18,AMD,420.989990234375,443.22,336.9
2026-05-19,AMD,414.0499877929688,437.35,343.32
2026-05-20,AMD,447.5799865722656,435.74,350.51
2026-05-21,AMD,449.5899963378906,435.93,357.61
2026-05-22,AMD,467.510009765625,439.07,365.02
2026-05-26,AMD,503.8900146484375,446.82,373.59
2026-05-27,AMD,495.5400085449219,457.02,381.61
2026-05-28,AMD,518.0900268554688,470.89,390.27
2026-05-29,AMD,516.0999755859375,485.47,398.2
2023-05-30,AMZN,121.66000366210938,121.66,121.66
2023-05-31,AMZN,120.58000183105467,121.12,121.12
2023-06-01,AMZN,122.7699966430664,121.67,121.67
2023-06-02,AMZN,124.25,122.32,122.32
2023-06-05,AMZN,125.3000030517578,122.91,122.91
2023-06-06,AMZN,126.61000061035156,123.53,123.53
2023-06-07,AMZN,121.2300033569336,123.2,123.2
2023-06-08,AMZN,124.25,123.57,123.33
2023-06-09,AMZN,123.43000030517578,123.98,123.34
2023-06-12,AMZN,126.56999969482422,124.52,123.67
2023-06-13,AMZN,126.66000366210938,124.86,123.94
2023-06-14,AMZN,126.41999816894533,125.02,124.14
2023-06-15,AMZN,127.11000061035156,125.1,124.37
2023-06-16,AMZN,125.48999786376952,125.7,124.45
2023-06-20,AMZN,125.77999877929688,125.92,124.54
2023-06-21,AMZN,124.83000183105467,126.12,124.56
2023-06-22,AMZN,130.14999389648438,126.63,124.89
2023-06-23,AMZN,129.3300018310547,127.02,125.13
2023-06-26,AMZN,127.33000183105467,127.15,125.25
2023-06-27,AMZN,129.17999267578125,127.44,125.45
2023-06-28,AMZN,129.0399932861328,127.95,125.62
2023-06-29,AMZN,127.9000015258789,128.25,125.72
2023-06-30,AMZN,130.36000061035156,129.04,125.92
2023-07-03,AMZN,130.22000122070312,129.05,126.1
2023-07-05,AMZN,130.3800048828125,129.2,126.27
2023-07-06,AMZN,128.36000061035156,129.35,126.35
2023-07-07,AMZN,129.77999877929688,129.43,126.48
2023-07-10,AMZN,127.12999725341795,129.16,126.5
2023-07-11,AMZN,128.77999877929688,129.29,126.58
2023-07-12,AMZN,130.8000030517578,129.35,126.72
2023-07-13,AMZN,134.3000030517578,129.93,127.14
2023-07-14,AMZN,134.67999267578125,130.55,127.61
2023-07-17,AMZN,133.55999755859375,131.29,127.97
2023-07-18,AMZN,132.8300018310547,131.73,128.26
2023-07-19,AMZN,135.36000061035156,132.9,128.59
2023-07-20,AMZN,129.9600067138672,133.07,128.71
2023-07-21,AMZN,130.0,132.96,129.0
2023-07-24,AMZN,128.8000030517578,132.17,129.15
2023-07-25,AMZN,129.1300048828125,131.38,129.34
2023-07-26,AMZN,128.14999389648438,130.6,129.39
2023-07-27,AMZN,128.25,129.95,129.45
2023-07-28,AMZN,132.2100067138672,129.5,129.64
2023-07-31,AMZN,133.67999267578125,130.03,129.86
2023-08-01,AMZN,131.69000244140625,130.27,130.06
2023-08-02,AMZN,128.2100067138672,130.19,130.15
2023-08-03,AMZN,128.91000366210938,130.16,130.28
2023-08-04,AMZN,139.57000732421875,131.79,130.6
2023-08-07,AMZN,142.22000122070312,133.78,131.03
2023-08-08,AMZN,139.94000244140625,134.89,131.45
2023-08-09,AMZN,137.85000610351562,135.48,131.74
2023-08-10,AMZN,138.55999755859375,136.47,132.05
2023-08-11,AMZN,138.41000366210938,137.92,132.4
2023-08-14,AMZN,140.57000732421875,139.59,132.74
2023-08-15,AMZN,137.6699981689453,139.32,132.99
2023-08-16,AMZN,135.07000732421875,138.3,133.15
2023-08-17,AMZN,133.97999572753906,137.44,133.34
2023-08-18,AMZN,133.22000122070312,136.78,133.45
2023-08-21,AMZN,134.67999267578125,136.23,133.7
2023-08-22,AMZN,134.25,135.63,133.88
2023-08-23,AMZN,135.52000427246094,134.91,134.04
2023-08-24,AMZN,131.83999633789062,134.08,133.96
2023-08-25,AMZN,133.25999450683594,133.82,133.91
2023-08-28,AMZN,133.13999938964844,133.7,133.9
2023-08-29,AMZN,134.91000366210938,133.94,133.97
2023-08-30,AMZN,135.07000732421875,134.0,133.96
2023-08-31,AMZN,138.00999450683594,134.54,134.23
2023-09-01,AMZN,138.1199951171875,134.91,134.5
2023-09-05,AMZN,137.27000427246094,135.68,134.78
2023-09-06,AMZN,135.36000061035156,135.98,134.99
2023-09-07,AMZN,137.85000610351562,136.66,135.31
2023-09-08,AMZN,138.22999572753906,137.13,135.64
2023-09-11,AMZN,143.10000610351562,138.28,136.01
2023-09-12,AMZN,141.22999572753906,138.74,136.26
2023-09-13,AMZN,144.85000610351562,139.7,136.7
2023-09-14,AMZN,144.72000122070312,140.76,137.25
2023-09-15,AMZN,140.38999938964844,141.48,137.63
2023-09-18,AMZN,139.97999572753906,141.79,137.64
2023-09-19,AMZN,137.6300048828125,141.7,137.49
2023-09-20,AMZN,135.2899932861328,140.58,137.33
2023-09-21,AMZN,129.3300018310547,138.88,137.05
2023-09-22,AMZN,129.1199951171875,136.64,136.74
2023-09-25,AMZN,131.27000427246094,134.72,136.5
2023-09-26,AMZN,125.9800033569336,132.66,136.01
2023-09-27,AMZN,125.9800033569336,130.66,135.62
2023-09-28,AMZN,125.9800033569336,128.99,135.32
2023-09-29,AMZN,127.12000274658205,127.83,135.09
2023-10-02,AMZN,129.4600067138672,127.84,134.96
2023-10-03,AMZN,124.72000122070312,127.22,134.63
2023-10-04,AMZN,127.0,126.61,134.39
2023-10-05,AMZN,125.95999908447266,126.6,134.07
2023-10-06,AMZN,127.95999908447266,126.89,133.94
2023-10-09,AMZN,128.25999450683594,127.21,133.78
2023-10-10,AMZN,129.47999572753906,127.55,133.65
2023-10-11,AMZN,131.8300018310547,127.89,133.55
2023-10-12,AMZN,132.3300018310547,128.97,133.46
2023-10-13,AMZN,129.7899932861328,129.37,133.19
2023-10-16,AMZN,132.5500030517578,130.31,133.0
2023-10-17,AMZN,131.47000122070312,130.82,132.81
2023-10-18,AMZN,128.1300048828125,130.8,132.57
2023-10-19,AMZN,128.39999389648438,130.64,132.25
2023-10-20,AMZN,125.16999816894533,129.69,131.82
2023-10-23,AMZN,126.55999755859376,128.87,131.26
2023-10-24,AMZN,128.55999755859375,128.69,130.84
2023-10-25,AMZN,121.38999938964844,127.1,130.06
2023-10-26,AMZN,119.56999969482422,125.4,129.22
2023-10-27,AMZN,127.73999786376952,125.34,128.8
2023-10-30,AMZN,132.7100067138672,125.96,128.56
2023-10-31,AMZN,133.08999633789062,127.09,128.41
2023-11-01,AMZN,137.0,128.58,128.46
2023-11-02,AMZN,138.07000732421875,129.94,128.76
2023-11-03,AMZN,138.60000610351562,132.4,129.07
2023-11-06,AMZN,139.74000549316406,135.28,129.35
2023-11-07,AMZN,142.7100067138672,137.42,129.91
2023-11-08,AMZN,142.0800018310547,138.76,130.45
2023-11-09,AMZN,140.60000610351562,139.83,130.94
2023-11-10,AMZN,143.55999755859375,140.77,131.48
2023-11-13,AMZN,142.58999633789062,141.41,131.92
2023-11-14,AMZN,145.8000030517578,142.44,132.62
2023-11-15,AMZN,143.1999969482422,142.93,133.16
2023-11-16,AMZN,142.8300018310547,142.95,133.73
2023-11-17,AMZN,145.17999267578125,143.39,134.3
2023-11-20,AMZN,146.1300048828125,144.18,134.9
2023-11-21,AMZN,143.89999389648438,144.23,135.38
2023-11-22,AMZN,146.7100067138672,144.82,135.87
2023-11-24,AMZN,146.74000549316406,144.96,136.35
2023-11-27,AMZN,147.72999572753906,145.6,136.95
2023-11-28,AMZN,147.02999877929688,146.2,137.43
2023-11-29,AMZN,146.32000732421875,146.37,137.93
2023-11-30,AMZN,146.08999633789062,146.36,138.53
2023-12-01,AMZN,147.02999877929688,146.81,139.15
2023-12-04,AMZN,144.83999633789062,146.54,139.8
2023-12-05,AMZN,146.8800048828125,146.56,140.48
2023-12-06,AMZN,144.52000427246094,146.1,141.01
2023-12-07,AMZN,146.8800048828125,146.08,141.86
2023-12-08,AMZN,147.4199981689453,146.24,142.79
2023-12-11,AMZN,145.88999938964844,146.21,143.4
2023-12-12,AMZN,147.47999572753906,146.27,143.89
2023-12-13,AMZN,148.83999633789062,146.84,144.41
2023-12-14,AMZN,147.4199981689453,146.92,144.76
2023-12-15,AMZN,149.97000122070312,147.7,145.16
2023-12-18,AMZN,154.07000732421875,148.73,145.67
2023-12-19,AMZN,153.7899932861328,149.64,146.14
2023-12-20,AMZN,152.1199951171875,150.53,146.45
2023-12-21,AMZN,153.83999633789062,151.44,146.85
2023-12-22,AMZN,153.4199981689453,152.09,147.27
2023-12-26,AMZN,153.41000366210938,152.95,147.6
2023-12-27,AMZN,153.33999633789062,153.43,147.96
2023-12-28,AMZN,153.3800048828125,153.33,148.21
2023-12-29,AMZN,151.94000244140625,153.06,148.5
2024-01-02,AMZN,149.92999267578125,152.75,148.74
2024-01-03,AMZN,148.47000122070312,151.98,148.85
2024-01-04,AMZN,144.57000732421875,150.72,148.8
2024-01-05,AMZN,145.24000549316406,149.55,148.84
2024-01-08,AMZN,149.10000610351562,148.95,148.92
2024-01-09,AMZN,151.3699951171875,148.66,149.08
2024-01-10,AMZN,153.72999572753906,148.92,149.28
2024-01-11,AMZN,155.17999267578125,149.67,149.55
2024-01-12,AMZN,154.6199951171875,150.54,149.83
2024-01-16,AMZN,153.16000366210938,151.77,150.06
2024-01-17,AMZN,151.7100067138672,152.7,150.22
2024-01-18,AMZN,153.5,153.32,150.51
2024-01-19,AMZN,155.33999633789062,153.89,150.79
2024-01-22,AMZN,154.77999877929688,154.04,151.13
2024-01-23,AMZN,156.02000427246094,154.16,151.43
2024-01-24,AMZN,156.8699951171875,154.48,151.75
2024-01-25,AMZN,157.75,155.14,152.15
2024-01-26,AMZN,159.1199951171875,156.2,152.53
2024-01-29,AMZN,161.25999450683594,157.31,152.95
2024-01-30,AMZN,159.0,157.83,153.33
2024-01-31,AMZN,155.1999969482422,157.89,153.51
2024-02-01,AMZN,159.27999877929688,158.35,153.68
2024-02-02,AMZN,171.80999755859375,160.49,154.28
2024-02-05,AMZN,170.30999755859375,162.28,154.89
2024-02-06,AMZN,169.14999389648438,163.72,155.4
2024-02-07,AMZN,170.52999877929688,165.04,155.97
2024-02-08,AMZN,169.83999633789062,166.59,156.52
2024-02-09,AMZN,174.4499969482422,169.34,157.22
2024-02-12,AMZN,172.33999633789062,171.2,157.85
2024-02-13,AMZN,168.63999938964844,170.75,158.41
2024-02-14,AMZN,170.97999572753906,170.85,159.11
2024-02-15,AMZN,169.8000030517578,170.94,159.82
2024-02-16,AMZN,169.50999450683594,170.79,160.65
2024-02-20,AMZN,167.0800018310547,170.4,161.38
2024-02-21,AMZN,168.58999633789062,169.56,162.03
2024-02-22,AMZN,174.5800018310547,169.88,162.8
2024-02-23,AMZN,174.99000549316406,170.79,163.51
2024-02-26,AMZN,174.72999572753906,171.33,164.16
2024-02-27,AMZN,173.5399932861328,171.86,164.8
2024-02-28,AMZN,173.16000366210938,172.38,165.46
2024-02-29,AMZN,176.75999450683594,173.76,166.3
2024-03-01,AMZN,178.22000122070312,175.14,167.12
2024-03-04,AMZN,177.5800018310547,175.57,167.86
2024-03-05,AMZN,174.1199951171875,175.44,168.51
2024-03-06,AMZN,173.50999450683594,175.27,169.09
2024-03-07,AMZN,176.82000732421875,175.74,169.75
2024-03-08,AMZN,175.35000610351562,176.05,170.34
2024-03-11,AMZN,171.9600067138672,175.37,170.77
2024-03-12,AMZN,175.38999938964844,174.96,171.24
2024-03-13,AMZN,176.55999755859375,174.82,171.83
2024-03-14,AMZN,178.75,175.48,172.61
2024-03-15,AMZN,174.4199981689453,175.61,173.12
2024-03-18,AMZN,174.47999572753906,175.27,173.2
2024-03-19,AMZN,175.89999389648438,175.35,173.39
2024-03-20,AMZN,178.14999389648438,176.24,173.69
2024-03-21,AMZN,178.14999389648438,176.63,173.94
2024-03-22,AMZN,178.8699951171875,176.96,174.25
2024-03-25,AMZN,179.7100067138672,177.1,174.42
2024-03-26,AMZN,178.3000030517578,177.65,174.62
2024-03-27,AMZN,179.8300018310547,178.42,174.99
2024-03-28,AMZN,180.3800048828125,179.06,175.31
2024-04-01,AMZN,180.97000122070312,179.46,175.68
2024-04-02,AMZN,180.69000244140625,179.82,176.05
2024-04-03,AMZN,182.41000366210932,180.33,176.56
2024-04-04,AMZN,180.0,180.37,176.94
2024-04-05,AMZN,185.07000732421875,181.34,177.29
2024-04-08,AMZN,185.19000244140625,182.1,177.63
2024-04-09,AMZN,185.6699981689453,182.86,178.0
2024-04-10,AMZN,185.9499969482422,183.57,178.41
2024-04-11,AMZN,189.0500030517578,184.76,178.94
2024-04-12,AMZN,186.1300048828125,185.29,179.25
2024-04-15,AMZN,183.6199951171875,185.81,179.43
2024-04-16,AMZN,183.32000732421875,185.56,179.62
2024-04-17,AMZN,181.27999877929688,185.0,179.86
2024-04-18,AMZN,179.22000122070312,184.08,180.05
2024-04-19,AMZN,174.6300048828125,182.46,179.98
2024-04-22,AMZN,177.22999572753906,180.78,180.04
2024-04-23,AMZN,179.5399932861328,179.83,180.3
2024-04-24,AMZN,176.58999633789062,178.83,180.34
2024-04-25,AMZN,173.6699981689453,177.45,180.24
2024-04-26,AMZN,179.6199951171875,177.21,180.27
2024-04-29,AMZN,180.9600067138672,177.46,180.49
2024-04-30,AMZN,175.0,177.52,180.5
2024-05-01,AMZN,179.0,177.77,180.61
2024-05-02,AMZN,184.72000122070312,178.51,180.83
2024-05-03,AMZN,186.2100067138672,179.88,181.09
2024-05-06,AMZN,188.6999969482422,182.03,181.42
2024-05-07,AMZN,188.759994506836,183.34,181.72
2024-05-08,AMZN,188.0,184.34,182.05
2024-05-09,AMZN,189.5,186.41,182.37
2024-05-10,AMZN,187.47999572753903,187.62,182.61
2024-05-13,AMZN,186.57000732421875,187.89,182.79
2024-05-14,AMZN,187.07000732421875,188.01,183.01
2024-05-15,AMZN,185.9900054931641,187.62,183.12
2024-05-16,AMZN,183.6300048828125,186.89,183.25
2024-05-17,AMZN,184.6999969482422,186.42,183.23
2024-05-20,AMZN,183.5399932861328,185.57,183.18
2024-05-21,AMZN,183.1499938964844,184.95,183.09
2024-05-22,AMZN,183.1300048828125,184.46,183.0
2024-05-23,AMZN,181.0500030517578,183.6,182.73
2024-05-24,AMZN,180.75,182.85,182.55
2024-05-28,AMZN,182.1499938964844,182.64,182.51
2024-05-29,AMZN,182.0200042724609,182.26,182.46
2024-05-30,AMZN,179.32000732421875,181.65,182.4
2024-05-31,AMZN,176.44000244140625,180.69,182.3
2024-06-03,AMZN,178.33999633789062,180.01,182.43
2024-06-04,AMZN,179.33999633789062,179.77,182.5
2024-06-05,AMZN,181.27999877929688,179.84,182.56
2024-06-06,AMZN,185.0,180.25,182.84
2024-06-07,AMZN,184.3000030517578,180.57,183.19
2024-06-10,AMZN,187.0599975585937,181.68,183.44
2024-06-11,AMZN,187.22999572753903,183.22,183.65
2024-06-12,AMZN,186.88999938964844,184.44,184.04
2024-06-13,AMZN,183.8300018310547,185.08,184.21
2024-06-14,AMZN,183.66000366210932,185.42,184.17
2024-06-17,AMZN,184.0599975585937,185.29,184.1
2024-06-18,AMZN,182.8099975585937,185.08,183.9
2024-06-20,AMZN,186.1000061035156,184.94,183.81
2024-06-21,AMZN,189.0800018310547,185.2,183.85
2024-06-24,AMZN,185.57000732421875,185.02,183.72
2024-06-25,AMZN,186.33999633789065,185.37,183.68
2024-06-26,AMZN,193.6100006103516,186.8,183.91
2024-06-27,AMZN,197.8500061035156,188.77,184.27
2024-06-28,AMZN,193.25,190.26,184.52
2024-07-01,AMZN,197.1999969482422,191.84,184.97
2024-07-02,AMZN,200.0,193.4,185.48
2024-07-03,AMZN,197.58999633789065,195.12,185.95
2024-07-05,AMZN,200.0,197.07,186.51
2024-07-08,AMZN,199.2899932861328,197.88,187.05
2024-07-09,AMZN,199.33999633789065,198.1,187.66
2024-07-10,AMZN,199.7899932861328,199.03,188.29
2024-07-11,AMZN,195.0500030517578,198.72,188.72
2024-07-12,AMZN,194.4900054931641,197.94,189.14
2024-07-15,AMZN,192.72000122070312,197.24,189.58
2024-07-16,AMZN,193.0200042724609,196.24,190.14
2024-07-17,AMZN,187.92999267578125,194.62,190.46
2024-07-18,AMZN,183.75,192.39,190.6
2024-07-19,AMZN,183.1300048828125,190.01,190.66
2024-07-22,AMZN,182.5500030517578,188.23,190.58
2024-07-23,AMZN,186.41000366210932,187.07,190.65
2024-07-24,AMZN,180.8300018310547,185.37,190.45
2024-07-25,AMZN,179.85000610351562,183.49,190.2
2024-07-26,AMZN,182.5,182.72,190.05
2024-07-29,AMZN,183.1999969482422,182.64,190.03
2024-07-30,AMZN,181.7100067138672,182.44,189.97
2024-07-31,AMZN,186.97999572753903,183.07,190.06
2024-08-01,AMZN,184.07000732421875,182.73,190.11
2024-08-02,AMZN,167.89999389648438,180.89,189.5
2024-08-05,AMZN,161.02000427246094,178.2,188.56
2024-08-06,AMZN,161.92999267578125,175.26,187.78
2024-08-07,AMZN,162.77000427246094,172.34,186.99
2024-08-08,AMZN,165.8000030517578,170.07,186.06
2024-08-09,AMZN,166.94000244140625,167.2,185.03
2024-08-12,AMZN,166.8000030517578,164.74,184.15
2024-08-13,AMZN,170.22999572753906,165.07,183.25
2024-08-14,AMZN,170.10000610351562,166.37,182.26
2024-08-15,AMZN,177.58999633789062,168.6,181.59
2024-08-16,AMZN,177.05999755859375,170.65,180.83
2024-08-19,AMZN,178.22000122070312,172.42,180.12
2024-08-20,AMZN,178.8800048828125,174.13,179.44
2024-08-21,AMZN,180.11000061035156,176.03,178.78
2024-08-22,AMZN,176.1300048828125,176.87,178.15
2024-08-23,AMZN,177.0399932861328,177.86,177.57
2024-08-26,AMZN,175.5,177.56,177.0
2024-08-27,AMZN,173.1199951171875,177.0,176.34
2024-08-28,AMZN,170.8000030517578,175.94,175.76
2024-08-29,AMZN,172.1199951171875,174.97,175.38
2024-08-30,AMZN,178.5,174.74,175.22
2024-09-03,AMZN,176.25,174.76,175.01
2024-09-04,AMZN,173.3300018310547,174.23,174.58
2024-09-05,AMZN,177.88999938964844,174.57,174.48
2024-09-06,AMZN,171.38999938964844,174.33,174.2
2024-09-09,AMZN,175.39999389648438,174.98,173.96
2024-09-10,AMZN,179.5500030517578,176.04,173.84
2024-09-11,AMZN,184.5200042724609,176.9,173.93
2024-09-12,AMZN,187.0,178.44,173.93
2024-09-13,AMZN,186.4900054931641,180.32,174.01
2024-09-16,AMZN,184.88999938964844,181.32,174.58
2024-09-17,AMZN,186.8800048828125,183.53,175.44
2024-09-18,AMZN,186.42999267578125,185.11,176.26
2024-09-19,AMZN,189.8699951171875,186.58,177.16
2024-09-20,AMZN,191.6000061035156,187.59,178.02
2024-09-23,AMZN,193.8800048828125,188.58,178.92
2024-09-24,AMZN,193.9600067138672,189.64,179.82
2024-09-25,AMZN,192.52999877929688,190.74,180.57
2024-09-26,AMZN,191.16000366210932,191.35,181.27
2024-09-27,AMZN,187.97000122070312,191.57,181.62
2024-09-30,AMZN,186.3300018310547,191.06,181.92
2024-10-01,AMZN,185.1300048828125,190.14,182.16
2024-10-02,AMZN,184.759994506836,188.83,182.35
2024-10-03,AMZN,181.9600067138672,187.12,182.41
2024-10-04,AMZN,186.509994506836,186.26,182.76
2024-10-07,AMZN,180.8000030517578,184.78,182.88
2024-10-08,AMZN,182.72000122070312,184.03,183.12
2024-10-09,AMZN,185.1699981689453,183.86,183.53
2024-10-10,AMZN,186.6499938964844,184.08,184.05
2024-10-11,AMZN,188.82000732421875,184.66,184.61
2024-10-14,AMZN,187.5399932861328,185.46,184.91
2024-10-15,AMZN,187.69000244140625,185.63,185.29
2024-10-16,AMZN,186.88999938964844,186.5,185.75
2024-10-17,AMZN,187.52999877929688,187.18,186.07
2024-10-18,AMZN,188.9900054931641,187.73,186.65
2024-10-21,AMZN,189.07000732421875,188.08,187.11
2024-10-22,AMZN,189.6999969482422,188.2,187.45
2024-10-23,AMZN,184.7100067138672,187.8,187.45
2024-10-24,AMZN,186.3800048828125,187.61,187.43
2024-10-25,AMZN,187.8300018310547,187.74,187.48
2024-10-28,AMZN,188.38999938964844,187.87,187.6
2024-10-29,AMZN,190.8300018310547,188.13,187.73
2024-10-30,AMZN,192.72999572753903,188.65,187.94
2024-10-31,AMZN,186.3999938964844,188.18,187.82
2024-11-01,AMZN,197.92999267578125,190.07,188.03
2024-11-04,AMZN,195.77999877929688,191.41,188.1
2024-11-05,AMZN,199.5,193.08,188.28
2024-11-06,AMZN,207.08999633789065,195.75,188.77
2024-11-07,AMZN,210.0500030517578,198.5,189.4
2024-11-08,AMZN,208.17999267578125,200.7,190.07
2024-11-11,AMZN,206.83999633789065,203.62,190.75
2024-11-12,AMZN,208.91000366210932,205.19,191.54
2024-11-13,AMZN,214.1000061035156,207.81,192.52
2024-11-14,AMZN,211.47999572753903,209.52,193.51
2024-11-15,AMZN,202.6100006103516,208.88,194.04
2024-11-18,AMZN,201.6999969482422,207.69,194.74
2024-11-19,AMZN,204.6100006103516,207.18,195.47
2024-11-20,AMZN,202.8800048828125,206.61,196.06
2024-11-21,AMZN,198.3800048828125,205.11,196.45
2024-11-22,AMZN,197.1199951171875,202.68,196.73
2024-11-25,AMZN,201.4499969482422,201.25,197.19
2024-11-26,AMZN,207.8600006103516,202.0,197.86
2024-11-27,AMZN,205.7400054931641,202.58,198.49
2024-11-29,AMZN,207.88999938964844,203.05,199.17
2024-12-02,AMZN,210.7100067138672,204.16,199.9
2024-12-03,AMZN,213.44000244140625,206.32,200.71
2024-12-04,AMZN,218.16000366210932,209.32,201.66
2024-12-05,AMZN,220.5500030517578,212.05,202.85
2024-12-06,AMZN,227.02999877929688,214.79,204.21
2024-12-09,AMZN,226.08999633789065,217.7,205.48
2024-12-10,AMZN,225.0399932861328,220.15,206.7
2024-12-11,AMZN,230.259994506836,222.94,208.02
2024-12-12,AMZN,228.97000122070312,225.16,209.22
2024-12-13,AMZN,227.4600067138672,226.49,210.59
2024-12-16,AMZN,232.92999267578125,228.25,211.76
2024-12-17,AMZN,231.1499938964844,228.84,212.94
2024-12-18,AMZN,220.5200042724609,228.05,213.64
2024-12-19,AMZN,223.2899932861328,227.8,214.18
2024-12-20,AMZN,224.9199981689453,227.03,214.68
2024-12-23,AMZN,225.0599975585937,226.48,215.24
2024-12-24,AMZN,229.0500030517578,226.7,215.98
2024-12-26,AMZN,227.0500030517578,225.86,216.58
2024-12-27,AMZN,223.75,224.81,216.9
2024-12-30,AMZN,221.3000030517578,224.92,217.23
2024-12-31,AMZN,219.38999938964844,224.36,217.79
2025-01-02,AMZN,220.22000122070312,223.69,218.41
2025-01-03,AMZN,224.19000244140625,223.56,219.06
2025-01-06,AMZN,227.6100006103516,223.36,219.89
2025-01-07,AMZN,222.1100006103516,222.65,220.68
2025-01-08,AMZN,222.1300048828125,222.42,221.51
2025-01-10,AMZN,218.94000244140625,222.08,222.09
2025-01-13,AMZN,218.4600067138672,221.95,222.45
2025-01-14,AMZN,217.759994506836,221.6,222.85
2025-01-15,AMZN,223.3500061035156,221.48,223.36
2025-01-16,AMZN,220.66000366210932,220.49,223.69
2025-01-17,AMZN,225.94000244140625,221.03,224.11
2025-01-21,AMZN,230.7100067138672,222.26,224.53
2025-01-22,AMZN,235.009994506836,224.56,225.01
2025-01-23,AMZN,235.4199981689453,226.98,225.29
2025-01-24,AMZN,234.8500061035156,229.42,225.58
2025-01-27,AMZN,235.4199981689453,231.14,225.93
2025-01-28,AMZN,238.1499938964844,233.64,226.19
2025-01-29,AMZN,237.07000732421875,235.23,226.46
2025-01-30,AMZN,234.63999938964844,235.79,226.7
2025-01-31,AMZN,237.67999267578125,236.18,226.86
2025-02-03,AMZN,237.4199981689453,236.46,227.07
2025-02-04,AMZN,242.0599975585937,237.49,227.79
2025-02-05,AMZN,236.1699981689453,237.6,228.22
2025-02-06,AMZN,238.8300018310547,237.7,228.68
2025-02-07,AMZN,229.1499938964844,236.56,228.82
2025-02-10,AMZN,233.13999938964844,236.35,228.95
2025-02-11,AMZN,232.759994506836,235.65,229.14
2025-02-12,AMZN,228.92999267578125,234.43,229.32
2025-02-13,AMZN,230.3699951171875,232.76,229.62
2025-02-14,AMZN,228.67999267578125,231.69,229.93
2025-02-18,AMZN,226.6499938964844,229.95,230.14
2025-02-19,AMZN,226.6300048828125,229.59,230.22
2025-02-20,AMZN,222.8800048828125,228.13,230.07
2025-02-21,AMZN,216.5800018310547,225.82,229.88
2025-02-24,AMZN,212.7100067138672,223.5,229.57
2025-02-25,AMZN,212.8000030517578,220.99,229.36
2025-02-26,AMZN,214.3500061035156,218.94,229.23
2025-02-27,AMZN,208.7400054931641,216.38,228.93
2025-02-28,AMZN,212.27999877929688,214.33,228.56
2025-03-03,AMZN,205.0200042724609,211.78,228.03
2025-03-04,AMZN,203.8000030517578,209.96,227.3
2025-03-05,AMZN,208.3600006103516,209.34,226.55
2025-03-06,AMZN,200.6999969482422,207.61,225.41
2025-03-07,AMZN,199.25,205.45,224.2
2025-03-10,AMZN,194.5399932861328,203.42,222.86
2025-03-11,AMZN,196.58999633789065,201.18,221.56
2025-03-12,AMZN,198.88999938964844,200.3,220.26
2025-03-13,AMZN,193.88999938964844,198.89,218.82
2025-03-14,AMZN,197.9499969482422,197.4,217.59
2025-03-17,AMZN,195.7400054931641,196.69,216.2
2025-03-18,AMZN,192.82000732421875,195.77,214.71
2025-03-19,AMZN,195.5399932861328,195.92,213.16
2025-03-20,AMZN,194.9499969482422,195.68,211.78
2025-03-21,AMZN,196.2100067138672,195.3,210.36
2025-03-24,AMZN,203.259994506836,196.64,209.5
2025-03-25,AMZN,205.7100067138672,197.75,208.59
2025-03-26,AMZN,201.1300048828125,198.52,207.53
2025-03-27,AMZN,201.3600006103516,199.74,206.61
2025-03-28,AMZN,192.72000122070312,199.33,205.36
2025-03-31,AMZN,190.259994506836,198.66,204.08
2025-04-01,AMZN,192.1699981689453,198.09,202.93
2025-04-02,AMZN,196.009994506836,197.05,201.91
2025-04-03,AMZN,178.41000366210938,193.15,200.42
2025-04-04,AMZN,171.0,188.85,198.91
2025-04-07,AMZN,175.25999450683594,185.12,197.66
2025-04-08,AMZN,170.66000366210938,181.97,196.25
2025-04-09,AMZN,191.1000061035156,182.09,195.48
2025-04-10,AMZN,181.22000122070312,180.52,194.56
2025-04-11,AMZN,184.8699951171875,178.93,193.65
2025-04-14,AMZN,182.1199951171875,179.46,192.88
2025-04-15,AMZN,179.58999633789062,180.69,192.08
2025-04-16,AMZN,174.3300018310547,180.56,190.94
2025-04-17,AMZN,172.61000061035156,180.83,190.01
2025-04-21,AMZN,167.32000732421875,177.44,188.94
2025-04-22,AMZN,173.17999267578125,176.29,188.23
2025-04-23,AMZN,180.6000061035156,175.68,187.7
2025-04-24,AMZN,186.5399932861328,176.31,187.28
2025-04-25,AMZN,188.9900054931641,177.65,187.12
2025-04-28,AMZN,187.6999969482422,179.56,186.78
2025-04-29,AMZN,187.38999938964844,181.67,186.5
2025-04-30,AMZN,184.4199981689453,184.12,186.22
2025-05-01,AMZN,190.1999969482422,186.55,186.04
2025-05-02,AMZN,189.97999572753903,187.89,185.88
2025-05-05,AMZN,186.3500061035156,187.86,185.55
2025-05-06,AMZN,185.009994506836,187.29,184.94
2025-05-07,AMZN,188.7100067138672,187.44,184.37
2025-05-08,AMZN,192.0800018310547,188.11,184.07
2025-05-09,AMZN,193.0599975585937,189.34,183.8
2025-05-12,AMZN,208.63999938964844,191.98,184.33
2025-05-13,AMZN,211.3699951171875,195.03,185.03
2025-05-14,AMZN,210.25,198.45,185.63
2025-05-15,AMZN,205.1699981689453,201.33,185.94
2025-05-16,AMZN,205.58999633789065,203.74,186.84
2025-05-19,AMZN,206.16000366210932,205.75,188.02
2025-05-20,AMZN,204.07000732421875,207.32,188.98
2025-05-21,AMZN,201.1199951171875,206.25,189.99
2025-05-22,AMZN,203.1000061035156,205.07,190.39
2025-05-23,AMZN,200.9900054931641,203.74,191.05
2025-05-27,AMZN,206.0200042724609,203.86,191.76
2025-05-28,AMZN,204.72000122070312,203.74,192.51
2025-05-29,AMZN,205.6999969482422,203.67,193.38
2025-05-30,AMZN,205.009994506836,203.81,194.4
2025-06-02,AMZN,206.6499938964844,204.6,195.54
2025-06-03,AMZN,205.7100067138672,204.97,196.82
2025-06-04,AMZN,207.22999572753903,205.86,197.95
2025-06-05,AMZN,207.91000366210932,206.13,198.86
2025-06-06,AMZN,213.57000732421875,207.4,199.76
2025-06-09,AMZN,216.97999572753903,209.01,200.7
2025-06-10,AMZN,217.6100006103516,210.81,201.69
2025-06-11,AMZN,213.1999969482422,211.74,202.55
2025-06-12,AMZN,213.2400054931641,212.82,203.51
2025-06-13,AMZN,212.1000061035156,213.52,204.24
2025-06-16,AMZN,216.1000061035156,214.69,205.11
2025-06-17,AMZN,214.82000732421875,214.86,206.06
2025-06-18,AMZN,212.5200042724609,214.23,206.98
2025-06-20,AMZN,209.69000244140625,213.1,207.68
2025-06-23,AMZN,208.47000122070312,212.42,208.23
2025-06-24,AMZN,212.7700042724609,212.35,208.88
2025-06-25,AMZN,211.9900054931641,212.34,208.99
2025-06-26,AMZN,217.1199951171875,212.48,209.19
2025-06-27,AMZN,223.3000030517578,213.69,209.62
2025-06-30,AMZN,219.38999938964844,214.68,210.1
2025-07-01,AMZN,220.4600067138672,216.21,210.59
2025-07-02,AMZN,219.9199981689453,217.85,211.05
2025-07-03,AMZN,223.41000366210932,219.37,211.69
2025-07-07,AMZN,223.47000122070312,221.01,212.44
2025-07-08,AMZN,219.3600006103516,221.33,212.98
2025-07-09,AMZN,222.5399932861328,221.22,213.7
2025-07-10,AMZN,222.259994506836,221.63,214.24
2025-07-11,AMZN,225.0200042724609,222.28,214.92
2025-07-14,AMZN,225.69000244140625,223.11,215.58
2025-07-15,AMZN,226.3500061035156,223.53,216.3
2025-07-16,AMZN,223.19000244140625,223.49,216.85
2025-07-17,AMZN,223.8800048828125,224.13,217.45
2025-07-18,AMZN,226.1300048828125,224.65,218.08
2025-07-21,AMZN,229.3000030517578,225.65,218.8
2025-07-22,AMZN,227.47000122070312,226.0,219.26
2025-07-23,AMZN,228.2899932861328,226.37,219.64
2025-07-24,AMZN,232.22999572753903,227.21,220.12
2025-07-25,AMZN,231.44000244140625,228.39,220.73
2025-07-28,AMZN,232.7899932861328,229.66,221.38
2025-07-29,AMZN,231.009994506836,230.36,222.01
2025-07-30,AMZN,230.19000244140625,230.49,222.48
2025-07-31,AMZN,234.1100006103516,231.44,223.13
2025-08-01,AMZN,214.75,229.5,223.2
2025-08-04,AMZN,211.6499938964844,226.56,223.27
2025-08-05,AMZN,213.75,224.04,223.44
2025-08-06,AMZN,222.3099975585937,222.54,223.76
2025-08-07,AMZN,223.1300048828125,221.41,224.13
2025-08-08,AMZN,222.69000244140625,220.34,224.32
2025-08-11,AMZN,221.3000030517578,218.51,224.25
2025-08-12,AMZN,221.47000122070312,219.47,224.32
2025-08-13,AMZN,224.5599975585937,221.32,224.46
2025-08-14,AMZN,230.97999572753903,223.78,224.82
2025-08-15,AMZN,231.02999877929688,225.02,225.08
2025-08-18,AMZN,231.4900054931641,226.22,225.35
2025-08-19,AMZN,228.009994506836,226.98,225.63
2025-08-20,AMZN,223.8099975585937,227.34,225.68
2025-08-21,AMZN,221.9499969482422,227.4,225.67
2025-08-22,AMZN,228.83999633789065,228.02,225.79
2025-08-25,AMZN,227.94000244140625,227.58,225.87
2025-08-26,AMZN,228.7100067138672,227.25,225.95
2025-08-27,AMZN,229.1199951171875,226.91,226.14
2025-08-28,AMZN,231.6000061035156,227.42,226.4
2025-08-29,AMZN,229.0,228.17,226.5
2025-09-02,AMZN,225.33999633789065,228.65,226.37
2025-09-03,AMZN,225.9900054931641,228.24,226.32
2025-09-04,AMZN,235.67999267578125,229.35,226.56
2025-09-05,AMZN,232.3300018310547,229.87,226.57
2025-09-08,AMZN,235.83999633789065,230.83,226.71
2025-09-09,AMZN,238.2400054931641,231.77,226.89
2025-09-10,AMZN,230.3300018310547,231.96,226.87
2025-09-11,AMZN,229.9499969482422,232.62,226.86
2025-09-12,AMZN,228.1499938964844,232.93,226.66
2025-09-15,AMZN,231.42999267578125,232.32,227.22
2025-09-16,AMZN,234.0500030517578,232.57,227.97
2025-09-17,AMZN,231.6199951171875,231.97,228.56
2025-09-18,AMZN,231.22999572753903,230.97,228.86
2025-09-19,AMZN,231.47999572753903,231.13,229.14
2025-09-22,AMZN,227.6300048828125,230.8,229.3
2025-09-23,AMZN,220.7100067138672,229.74,229.28
2025-09-24,AMZN,220.2100067138672,228.13,229.24
2025-09-25,AMZN,218.1499938964844,225.86,229.03
2025-09-26,AMZN,219.77999877929688,224.17,228.65
2025-09-29,AMZN,222.1699981689453,222.88,228.36
2025-09-30,AMZN,219.57000732421875,221.17,227.96
2025-10-01,AMZN,220.6300048828125,220.17,227.72
2025-10-02,AMZN,222.41000366210932,220.42,227.67
2025-10-03,AMZN,219.509994506836,220.32,227.59
2025-10-06,AMZN,220.8999938964844,220.71,227.32
2025-10-07,AMZN,221.77999877929688,221.0,227.12
2025-10-08,AMZN,225.22000122070312,221.43,227.0
2025-10-09,AMZN,227.7400054931641,222.6,226.96
2025-10-10,AMZN,216.3699951171875,221.99,226.45
2025-10-13,AMZN,220.07000732421875,221.66,226.15
2025-10-14,AMZN,216.38999938964844,221.21,225.85
2025-10-15,AMZN,215.57000732421875,220.45,225.5
2025-10-16,AMZN,214.47000122070312,219.4,224.8
2025-10-17,AMZN,213.0399932861328,217.66,224.15
2025-10-20,AMZN,216.47999572753903,216.06,223.51
2025-10-21,AMZN,222.02999877929688,216.86,222.97
2025-10-22,AMZN,217.9499969482422,216.56,222.56
2025-10-23,AMZN,221.08999633789065,217.23,222.26
2025-10-24,AMZN,224.2100067138672,218.47,222.13
2025-10-27,AMZN,226.97000122070312,220.25,221.98
2025-10-28,AMZN,229.25,222.57,221.82
2025-10-29,AMZN,230.3000030517578,224.54,221.78
2025-10-30,AMZN,222.8600006103516,224.66,221.5
2025-10-31,AMZN,244.22000122070312,228.41,221.92
2025-11-03,AMZN,254.0,233.12,222.8
2025-11-04,AMZN,249.32000732421875,236.7,223.76
2025-11-05,AMZN,250.1999969482422,240.02,224.76
2025-11-06,AMZN,243.0399932861328,241.99,225.58
2025-11-07,AMZN,244.41000366210932,244.01,226.41
2025-11-10,AMZN,248.3999938964844,247.66,227.28
2025-11-11,AMZN,249.1000061035156,248.35,228.26
2025-11-12,AMZN,244.1999969482422,246.95,229.05
2025-11-13,AMZN,237.5800018310547,245.28,229.56
2025-11-14,AMZN,234.69000244140625,243.06,230.06
2025-11-17,AMZN,232.8699951171875,241.61,230.46
2025-11-18,AMZN,222.5500030517578,238.48,230.49
2025-11-19,AMZN,222.69000244140625,234.81,230.4
2025-11-20,AMZN,217.13999938964844,230.25,230.05
2025-11-21,AMZN,220.69000244140625,226.89,230.19
2025-11-24,AMZN,226.27999877929688,225.27,230.4
2025-11-25,AMZN,229.6699981689453,224.56,230.84
2025-11-26,AMZN,229.16000366210932,224.03,231.3
2025-11-28,AMZN,233.22000122070312,225.55,231.92
2025-12-01,AMZN,233.8800048828125,227.15,232.62
2025-12-02,AMZN,234.4199981689453,229.62,233.21
2025-12-03,AMZN,232.3800048828125,231.29,233.56
2025-12-04,AMZN,229.1100006103516,231.69,233.93
2025-12-05,AMZN,229.52999877929688,231.67,234.21
2025-12-08,AMZN,226.88999938964844,231.35,234.3
2025-12-09,AMZN,227.9199981689453,230.59,234.33
2025-12-10,AMZN,231.77999877929688,230.29,234.42
2025-12-11,AMZN,230.27999877929688,229.7,234.42
2025-12-12,AMZN,226.19000244140625,228.81,234.53
2025-12-15,AMZN,222.5399932861328,227.88,233.8
2025-12-16,AMZN,222.5599975585937,226.88,232.76
2025-12-17,AMZN,221.2700042724609,226.08,231.82
2025-12-18,AMZN,226.759994506836,225.91,231.04
2025-12-19,AMZN,227.3500061035156,225.28,230.52
2025-12-22,AMZN,228.42999267578125,225.01,229.98
2025-12-23,AMZN,232.13999938964844,225.86,229.44
2025-12-24,AMZN,232.3800048828125,227.27,228.89
2025-12-26,AMZN,232.5200042724609,228.69,228.5
2025-12-29,AMZN,232.07000732421875,230.24,228.31
2025-12-30,AMZN,232.52999877929688,231.06,228.24
2025-12-31,AMZN,230.82000732421875,231.56,228.17
2026-01-02,AMZN,226.5,231.28,228.3
2026-01-05,AMZN,233.0599975585937,231.41,228.65
2026-01-06,AMZN,240.92999267578125,232.63,229.44
2026-01-07,AMZN,241.5599975585937,233.92,230.14
2026-01-08,AMZN,246.2899932861328,235.96,230.8
2026-01-09,AMZN,247.3800048828125,238.08,231.4
2026-01-12,AMZN,246.47000122070312,240.31,231.97
2026-01-13,AMZN,242.6000061035156,242.61,232.28
2026-01-14,AMZN,236.6499938964844,243.13,232.38
2026-01-15,AMZN,238.17999267578125,242.73,232.5
2026-01-16,AMZN,239.1199951171875,242.38,232.73
2026-01-20,AMZN,231.0,240.2,232.79
2026-01-21,AMZN,231.3099975585937,237.9,232.85
2026-01-22,AMZN,234.33999633789065,236.17,233.1
2026-01-23,AMZN,239.16000366210932,235.68,233.47
2026-01-26,AMZN,238.4199981689453,235.93,233.69
2026-01-27,AMZN,244.67999267578125,236.86,234.17
2026-01-28,AMZN,243.009994506836,237.42,234.73
2026-01-29,AMZN,241.72999572753903,238.95,235.37
2026-01-30,AMZN,239.3000030517578,240.09,235.93
2026-02-02,AMZN,242.9600067138672,241.32,236.65
2026-02-03,AMZN,238.6199951171875,241.25,237.05
2026-02-04,AMZN,232.9900054931641,240.47,237.24
2026-02-05,AMZN,222.69000244140625,237.33,237.05
2026-02-06,AMZN,210.32000732421875,232.66,236.32
2026-02-09,AMZN,208.72000122070312,227.94,235.53
2026-02-10,AMZN,206.9600067138672,223.32,234.68
2026-02-11,AMZN,204.0800018310547,217.77,233.75
2026-02-12,AMZN,199.6000061035156,212.19,232.65
2026-02-13,AMZN,198.7899932861328,207.31,231.58
2026-02-17,AMZN,201.1499938964844,204.23,230.74
2026-02-18,AMZN,204.7899932861328,203.44,229.79
2026-02-19,AMZN,204.8600006103516,202.89,228.59
2026-02-20,AMZN,210.1100006103516,203.34,227.54
2026-02-23,AMZN,205.2700042724609,203.51,226.18
2026-02-24,AMZN,208.5599975585937,204.79,224.88
2026-02-25,AMZN,210.63999938964844,206.48,223.69
2026-02-26,AMZN,207.9199981689453,207.45,222.53
2026-02-27,AMZN,210.0,208.19,221.64
2026-03-02,AMZN,208.38999938964844,208.7,220.65
2026-03-03,AMZN,208.72999572753903,208.5,219.64
2026-03-04,AMZN,216.82000732421875,210.15,219.16
2026-03-05,AMZN,218.94000244140625,211.63,218.75
2026-03-06,AMZN,213.2100067138672,212.0,218.05
2026-03-09,AMZN,213.4900054931641,212.8,217.19
2026-03-10,AMZN,214.3300018310547,213.42,216.39
2026-03-11,AMZN,212.6499938964844,214.02,215.32
2026-03-12,AMZN,209.52999877929688,214.14,214.21
2026-03-13,AMZN,207.6699981689453,212.83,213.07
2026-03-16,AMZN,211.7400054931641,211.8,212.15
2026-03-17,AMZN,215.1999969482422,212.09,211.23
2026-03-18,AMZN,209.8699951171875,211.57,210.27
2026-03-19,AMZN,208.759994506836,210.77,209.46
2026-03-20,AMZN,205.3699951171875,209.73,208.88
2026-03-23,AMZN,210.13999938964844,209.82,208.88
2026-03-24,AMZN,207.2400054931641,209.76,208.83
2026-03-25,AMZN,211.7100067138672,209.76,208.99
2026-03-26,AMZN,207.5399932861328,208.66,209.1
2026-03-27,AMZN,199.33999633789065,207.16,209.09
2026-03-30,AMZN,200.9499969482422,206.04,209.16
2026-03-31,AMZN,208.2700042724609,206.46,209.4
2026-04-01,AMZN,210.57000732421875,206.52,209.59
2026-04-02,AMZN,209.7700042724609,206.88,209.76
2026-04-06,AMZN,212.7899932861328,207.03,209.85
2026-04-07,AMZN,213.7700042724609,207.92,210.13
2026-04-08,AMZN,221.25,211.05,210.55
2026-04-09,AMZN,233.6499938964844,215.72,211.32
2026-04-10,AMZN,238.3800048828125,220.03,212.34
2026-04-13,AMZN,239.88999938964844,224.21,213.33
2026-04-14,AMZN,249.0200042724609,229.82,214.69
2026-04-15,AMZN,248.5,234.92,216.01
2026-04-16,AMZN,249.6999969482422,240.06,217.11
2026-04-17,AMZN,250.5599975585937,244.24,218.16
2026-04-20,AMZN,248.27999877929688,246.33,219.33
2026-04-21,AMZN,249.91000366210932,247.98,220.54
2026-04-22,AMZN,255.3600006103516,250.19,221.91
2026-04-23,AMZN,255.0800018310547,251.06,223.33
2026-04-24,AMZN,263.989990234375,253.27,225.14
2026-04-27,AMZN,261.1199951171875,254.9,226.92
2026-04-28,AMZN,259.70001220703125,256.21,228.52
2026-04-29,AMZN,263.0400085449219,258.31,230.12
2026-04-30,AMZN,265.0599975585937,260.48,231.96
2026-05-01,AMZN,268.260009765625,262.32,233.94
2026-05-04,AMZN,272.04998779296875,264.75,236.16
2026-05-05,AMZN,273.54998779296875,266.11,238.28
2026-05-06,AMZN,274.989990234375,268.09,240.53
2026-05-07,AMZN,271.1700134277344,269.73,242.52
2026-05-08,AMZN,272.67999267578125,271.11,244.69
2026-05-11,AMZN,268.989990234375,271.67,247.01
2026-05-12,AMZN,265.82000732421875,271.32,249.17
2026-05-13,AMZN,270.1300048828125,271.05,251.23
2026-05-14,AMZN,267.2200012207031,270.14,253.12
2026-05-15,AMZN,264.1400146484375,268.59,254.94
2026-05-18,AMZN,264.8599853515625,267.69,256.67
2026-05-19,AMZN,259.3399963378906,265.79,258.19
2026-05-20,AMZN,265.010009765625,265.22,259.65
2026-05-21,AMZN,268.4599914550781,265.59,260.81
2026-05-22,AMZN,266.32000732421875,265.05,261.74
2026-05-26,AMZN,265.2900085449219,264.77,262.59
2026-05-27,AMZN,271.8500061035156,265.88,263.35
2026-05-28,AMZN,274.0,267.18,264.2
2026-05-29,AMZN,270.6400146484375,268.8,264.9
2023-05-29,AXISBANK.NS,929.7999877929688,929.8,929.8
2023-05-30,AXISBANK.NS,937.4500122070312,933.63,933.63
2023-05-31,AXISBANK.NS,914.8499755859376,927.37,927.37
2023-06-01,AXISBANK.NS,919.7000122070312,925.45,925.45
2023-06-02,AXISBANK.NS,926.0999755859376,925.58,925.58
2023-06-05,AXISBANK.NS,950.8499755859376,929.79,929.79
2023-06-06,AXISBANK.NS,968.2000122070312,935.28,935.28
2023-06-07,AXISBANK.NS,976.75,941.99,940.46
2023-06-08,AXISBANK.NS,962.0999755859376,945.51,942.87
2023-06-09,AXISBANK.NS,974.75,954.06,946.05
2023-06-12,AXISBANK.NS,974.2000122070312,961.85,948.61
2023-06-13,AXISBANK.NS,985.8499755859376,970.39,951.72
2023-06-14,AXISBANK.NS,977.7000122070312,974.22,953.72
2023-06-15,AXISBANK.NS,977.1500244140624,975.5,955.39
2023-06-16,AXISBANK.NS,981.5499877929688,976.19,957.13
2023-06-19,AXISBANK.NS,965.6500244140624,976.69,957.67
2023-06-20,AXISBANK.NS,974.8499755859376,976.71,958.68
2023-06-21,AXISBANK.NS,966.0,975.54,959.08
2023-06-22,AXISBANK.NS,966.5999755859376,972.79,959.48
2023-06-23,AXISBANK.NS,958.4000244140624,970.03,959.42
2023-06-26,AXISBANK.NS,960.5499877929688,967.66,959.48
2023-06-27,AXISBANK.NS,973.25,966.47,960.1
2023-06-28,AXISBANK.NS,978.2000122070312,968.26,960.89
2023-06-30,AXISBANK.NS,987.4500122070312,970.06,962.0
2023-07-03,AXISBANK.NS,982.0999755859376,972.36,962.8
2023-07-04,AXISBANK.NS,970.7000122070312,972.95,963.11
2023-07-05,AXISBANK.NS,966.5,974.11,963.23
2023-07-06,AXISBANK.NS,980.9500122070312,977.02,963.86
2023-07-07,AXISBANK.NS,976.7000122070312,977.51,964.31
2023-07-10,AXISBANK.NS,964.0499877929688,975.49,964.3
2023-07-11,AXISBANK.NS,953.2000122070312,970.6,965.08
2023-07-12,AXISBANK.NS,950.0,966.01,965.5
2023-07-13,AXISBANK.NS,960.1500244140624,964.51,967.01
2023-07-14,AXISBANK.NS,957.0499877929688,963.16,968.25
2023-07-17,AXISBANK.NS,964.8499755859376,960.86,969.54
2023-07-18,AXISBANK.NS,963.6500244140624,958.99,969.97
2023-07-19,AXISBANK.NS,964.2999877929688,959.03,969.84
2023-07-20,AXISBANK.NS,977.9000244140624,962.56,969.88
2023-07-21,AXISBANK.NS,971.2999877929688,965.6,970.19
2023-07-24,AXISBANK.NS,971.5,967.22,970.08
2023-07-25,AXISBANK.NS,962.5,968.0,969.69
2023-07-26,AXISBANK.NS,976.7999877929688,969.71,969.39
2023-07-27,AXISBANK.NS,959.9000244140624,969.17,968.79
2023-07-28,AXISBANK.NS,949.9500122070312,967.12,967.89
2023-07-31,AXISBANK.NS,953.9000244140624,963.69,966.96
2023-08-01,AXISBANK.NS,959.9000244140624,962.06,966.77
2023-08-02,AXISBANK.NS,945.25,958.31,965.79
2023-08-03,AXISBANK.NS,935.5499877929688,954.46,964.77
2023-08-04,AXISBANK.NS,952.25,950.96,964.29
2023-08-07,AXISBANK.NS,947.4000244140624,949.17,963.93
2023-08-08,AXISBANK.NS,952.9000244140624,949.59,963.67
2023-08-09,AXISBANK.NS,950.0,949.04,962.9
2023-08-10,AXISBANK.NS,939.75,946.16,961.61
2023-08-11,AXISBANK.NS,937.2000122070312,945.01,959.94
2023-08-14,AXISBANK.NS,939.9500122070312,945.64,958.53
2023-08-16,AXISBANK.NS,933.0499877929688,942.89,957.28
2023-08-17,AXISBANK.NS,936.5499877929688,941.34,956.28
2023-08-18,AXISBANK.NS,943.0499877929688,939.94,955.02
2023-08-21,AXISBANK.NS,952.5999755859376,940.31,954.21
2023-08-22,AXISBANK.NS,957.0499877929688,942.78,953.98
2023-08-23,AXISBANK.NS,979.25,948.79,954.85
2023-08-24,AXISBANK.NS,981.3499755859376,954.7,955.89
2023-08-25,AXISBANK.NS,983.0999755859376,961.85,956.66
2023-08-28,AXISBANK.NS,990.2000122070312,969.51,957.76
2023-08-29,AXISBANK.NS,980.7000122070312,974.89,958.29
2023-08-30,AXISBANK.NS,983.3499755859376,979.29,958.95
2023-08-31,AXISBANK.NS,973.5,981.64,959.26
2023-09-01,AXISBANK.NS,991.1500244140624,983.34,959.7
2023-09-04,AXISBANK.NS,982.25,983.46,960.06
2023-09-05,AXISBANK.NS,981.4500122070312,983.23,960.39
2023-09-06,AXISBANK.NS,965.0499877929688,979.64,960.48
2023-09-07,AXISBANK.NS,978.2000122070312,979.28,960.53
2023-09-08,AXISBANK.NS,980.2999877929688,978.84,961.21
2023-09-11,AXISBANK.NS,1000.4000244140624,982.69,962.89
2023-09-12,AXISBANK.NS,1000.9000244140624,984.08,964.45
2023-09-13,AXISBANK.NS,1014.4500122070312,988.68,966.27
2023-09-14,AXISBANK.NS,1020.9000244140624,994.31,968.79
2023-09-15,AXISBANK.NS,1027.1500244140625,1003.19,971.85
2023-09-18,AXISBANK.NS,1024.75,1009.84,974.26
2023-09-20,AXISBANK.NS,1027.300048828125,1016.55,976.93
2023-09-21,AXISBANK.NS,1014.4500122070312,1018.56,978.98
2023-09-22,AXISBANK.NS,1018.25,1021.04,981.25
2023-09-25,AXISBANK.NS,1018.9500122070312,1021.68,983.89
2023-09-26,AXISBANK.NS,1014.1500244140624,1020.71,986.46
2023-09-27,AXISBANK.NS,1025.199951171875,1020.44,989.3
2023-09-28,AXISBANK.NS,1030.9000244140625,1021.31,992.56
2023-09-29,AXISBANK.NS,1036.699951171875,1022.66,995.9
2023-10-03,AXISBANK.NS,1041.050048828125,1026.46,999.17
2023-10-04,AXISBANK.NS,995.5499877929688,1023.21,1000.6
2023-10-05,AXISBANK.NS,1003.25,1020.97,1002.14
2023-10-06,AXISBANK.NS,1000.9500122070312,1019.09,1002.86
2023-10-09,AXISBANK.NS,996.25,1014.95,1003.36
2023-10-10,AXISBANK.NS,1012.25,1012.29,1004.33
2023-10-11,AXISBANK.NS,1019.0999755859376,1009.77,1005.29
2023-10-12,AXISBANK.NS,1018.4500122070312,1006.54,1006.55
2023-10-13,AXISBANK.NS,994.0499877929688,1006.33,1006.91
2023-10-16,AXISBANK.NS,1004.7999877929688,1006.55,1007.95
2023-10-17,AXISBANK.NS,1008.0499877929688,1007.56,1008.52
2023-10-18,AXISBANK.NS,992.8499755859376,1007.08,1008.87
2023-10-19,AXISBANK.NS,991.4000244140624,1004.1,1009.2
2023-10-20,AXISBANK.NS,980.3499755859376,998.56,1009.71
2023-10-23,AXISBANK.NS,964.2999877929688,990.83,1009.25
2023-10-25,AXISBANK.NS,955.4500122070312,985.31,1008.42
2023-10-26,AXISBANK.NS,972.0499877929688,980.64,1007.47
2023-10-27,AXISBANK.NS,1002.75,979.88,1007.54
2023-10-30,AXISBANK.NS,989.2000122070312,979.36,1006.69
2023-10-31,AXISBANK.NS,981.8499755859376,977.99,1005.39
2023-11-01,AXISBANK.NS,971.7999877929688,976.77,1003.55
2023-11-02,AXISBANK.NS,982.9500122070312,979.44,1002.15
2023-11-03,AXISBANK.NS,988.8499755859376,984.21,1000.87
2023-11-06,AXISBANK.NS,1009.4000244140624,989.54,1000.7
2023-11-07,AXISBANK.NS,1020.9000244140624,992.14,1000.79
2023-11-08,AXISBANK.NS,1021.7000122070312,996.78,1000.88
2023-11-09,AXISBANK.NS,1021.9000244140624,1002.5,1001.14
2023-11-10,AXISBANK.NS,1029.199951171875,1010.7,1001.27
2023-11-13,AXISBANK.NS,1025.3499755859375,1016.76,1001.09
2023-11-15,AXISBANK.NS,1041.3499755859375,1024.26,1001.24
2023-11-16,AXISBANK.NS,1026.3499755859375,1026.68,1000.75
2023-11-17,AXISBANK.NS,994.3499755859376,1022.89,1000.71
2023-11-20,AXISBANK.NS,988.7000122070312,1018.17,1000.23
2023-11-21,AXISBANK.NS,991.7999877929688,1013.87,999.92
2023-11-22,AXISBANK.NS,998.0999755859376,1009.43,999.99
2023-11-23,AXISBANK.NS,999.0499877929688,1005.67,999.55
2023-11-24,AXISBANK.NS,1008.5,1000.98,999.19
2023-11-28,AXISBANK.NS,1021.1500244140624,1000.24,999.28
2023-11-29,AXISBANK.NS,1060.1500244140625,1009.64,1001.49
2023-11-30,AXISBANK.NS,1074.25,1021.86,1003.8
2023-12-01,AXISBANK.NS,1104.6500244140625,1037.98,1007.02
2023-12-04,AXISBANK.NS,1125.5999755859375,1056.19,1011.45
2023-12-05,AXISBANK.NS,1132.449951171875,1075.25,1016.15
2023-12-06,AXISBANK.NS,1120.5,1091.25,1020.82
2023-12-07,AXISBANK.NS,1117.8499755859375,1105.06,1025.94
2023-12-08,AXISBANK.NS,1131.199951171875,1115.21,1031.8
2023-12-11,AXISBANK.NS,1116.5,1121.25,1036.61
2023-12-12,AXISBANK.NS,1131.0,1125.01,1040.89
2023-12-13,AXISBANK.NS,1114.8499755859375,1123.48,1045.07
2023-12-14,AXISBANK.NS,1120.449951171875,1121.76,1049.69
2023-12-15,AXISBANK.NS,1120.3499755859375,1121.74,1054.65
2023-12-18,AXISBANK.NS,1111.3499755859375,1120.81,1058.93
2023-12-19,AXISBANK.NS,1120.25,1119.25,1063.31
2023-12-20,AXISBANK.NS,1110.25,1118.36,1066.67
2023-12-21,AXISBANK.NS,1095.4000244140625,1113.27,1069.15
2023-12-22,AXISBANK.NS,1088.300048828125,1109.48,1071.37
2023-12-26,AXISBANK.NS,1094.25,1105.74,1073.78
2023-12-27,AXISBANK.NS,1106.3499755859375,1103.74,1076.35
2023-12-28,AXISBANK.NS,1107.8499755859375,1103.24,1079.1
2023-12-29,AXISBANK.NS,1102.300048828125,1100.67,1081.14
2024-01-01,AXISBANK.NS,1097.699951171875,1098.88,1083.51
2024-01-02,AXISBANK.NS,1093.25,1098.57,1086.81
2024-01-03,AXISBANK.NS,1098.5999755859375,1100.04,1090.47
2024-01-04,AXISBANK.NS,1123.4000244140625,1104.21,1094.86
2024-01-05,AXISBANK.NS,1136.949951171875,1108.58,1099.49
2024-01-08,AXISBANK.NS,1122.0,1110.6,1103.59
2024-01-09,AXISBANK.NS,1116.550048828125,1112.64,1107.19
2024-01-10,AXISBANK.NS,1107.0,1113.96,1110.05
2024-01-11,AXISBANK.NS,1125.75,1118.61,1112.24
2024-01-12,AXISBANK.NS,1120.3499755859375,1121.71,1113.77
2024-01-15,AXISBANK.NS,1119.5,1121.16,1114.27
2024-01-16,AXISBANK.NS,1119.0999755859375,1118.61,1114.05
2024-01-17,AXISBANK.NS,1082.300048828125,1112.94,1112.38
2024-01-18,AXISBANK.NS,1097.5,1110.21,1111.61
2024-01-19,AXISBANK.NS,1116.550048828125,1111.58,1111.57
2024-01-23,AXISBANK.NS,1089.25,1106.36,1110.17
2024-01-24,AXISBANK.NS,1059.1500244140625,1097.62,1108.26
2024-01-25,AXISBANK.NS,1042.25,1086.59,1105.3
2024-01-29,AXISBANK.NS,1061.25,1078.32,1103.52
2024-01-30,AXISBANK.NS,1054.0999755859375,1074.29,1101.31
2024-01-31,AXISBANK.NS,1067.75,1070.04,1099.55
2024-02-01,AXISBANK.NS,1084.25,1065.43,1098.65
2024-02-02,AXISBANK.NS,1067.050048828125,1062.26,1096.88
2024-02-05,AXISBANK.NS,1061.5,1062.59,1095.25
2024-02-06,AXISBANK.NS,1050.050048828125,1063.71,1093.74
2024-02-07,AXISBANK.NS,1069.0999755859375,1064.83,1093.1
2024-02-08,AXISBANK.NS,1035.9000244140625,1062.23,1091.15
2024-02-09,AXISBANK.NS,1051.4000244140625,1059.89,1089.32
2024-02-12,AXISBANK.NS,1046.699951171875,1054.53,1087.28
2024-02-13,AXISBANK.NS,1070.75,1055.06,1086.23
2024-02-14,AXISBANK.NS,1096.8499755859375,1060.11,1086.2
2024-02-15,AXISBANK.NS,1072.199951171875,1063.27,1085.5
2024-02-16,AXISBANK.NS,1068.75,1063.22,1084.51
2024-02-19,AXISBANK.NS,1062.949951171875,1067.09,1082.49
2024-02-20,AXISBANK.NS,1088.5999755859375,1072.4,1080.88
2024-02-21,AXISBANK.NS,1084.199951171875,1077.76,1079.62
2024-02-22,AXISBANK.NS,1100.9000244140625,1082.06,1079.1
2024-02-23,AXISBANK.NS,1096.800048828125,1082.06,1078.76
2024-02-26,AXISBANK.NS,1085.199951171875,1083.91,1077.41
2024-02-27,AXISBANK.NS,1079.050048828125,1085.39,1076.03
2024-02-28,AXISBANK.NS,1074.199951171875,1086.99,1074.52
2024-02-29,AXISBANK.NS,1075.0999755859375,1085.06,1073.05
2024-03-01,AXISBANK.NS,1099.25,1087.21,1073.62
2024-03-04,AXISBANK.NS,1106.75,1088.05,1073.93
2024-03-05,AXISBANK.NS,1100.800048828125,1088.62,1073.4
2024-03-06,AXISBANK.NS,1125.0,1094.31,1074.59
2024-03-07,AXISBANK.NS,1111.449951171875,1098.94,1076.34
2024-03-11,AXISBANK.NS,1105.0999755859375,1103.35,1078.43
2024-03-12,AXISBANK.NS,1097.0,1106.48,1079.62
2024-03-13,AXISBANK.NS,1080.4000244140625,1103.79,1080.5
2024-03-14,AXISBANK.NS,1058.25,1096.86,1080.18
2024-03-15,AXISBANK.NS,1046.4000244140625,1089.09,1078.92
2024-03-18,AXISBANK.NS,1061.3499755859375,1079.99,1078.73
2024-03-19,AXISBANK.NS,1050.800048828125,1071.33,1078.37
2024-03-20,AXISBANK.NS,1034.75,1061.28,1077.86
2024-03-21,AXISBANK.NS,1035.5999755859375,1052.51,1076.75
2024-03-22,AXISBANK.NS,1033.300048828125,1045.78,1076.66
2024-03-26,AXISBANK.NS,1040.550048828125,1043.25,1076.3
2024-03-27,AXISBANK.NS,1052.8499755859375,1044.17,1076.5
2024-03-28,AXISBANK.NS,1047.199951171875,1042.15,1075.72
2024-04-01,AXISBANK.NS,1053.0999755859375,1042.48,1074.26
2024-04-02,AXISBANK.NS,1047.199951171875,1044.26,1073.43
2024-04-03,AXISBANK.NS,1063.25,1048.21,1073.24
2024-04-04,AXISBANK.NS,1062.949951171875,1052.44,1073.24
2024-04-05,AXISBANK.NS,1059.0999755859375,1055.09,1072.26
2024-04-08,AXISBANK.NS,1076.050048828125,1058.41,1071.99
2024-04-09,AXISBANK.NS,1080.0,1063.09,1071.29
2024-04-10,AXISBANK.NS,1087.800048828125,1068.05,1070.99
2024-04-12,AXISBANK.NS,1073.449951171875,1071.8,1070.6
2024-04-15,AXISBANK.NS,1057.949951171875,1071.04,1069.9
2024-04-16,AXISBANK.NS,1051.9000244140625,1069.46,1069.15
2024-04-18,AXISBANK.NS,1024.0,1064.45,1067.45
2024-04-19,AXISBANK.NS,1029.0999755859375,1057.74,1065.11
2024-04-22,AXISBANK.NS,1053.949951171875,1054.02,1063.35
2024-04-23,AXISBANK.NS,1055.75,1049.44,1061.85
2024-04-24,AXISBANK.NS,1063.25,1047.99,1059.79
2024-04-25,AXISBANK.NS,1127.0,1057.85,1060.31
2024-04-26,AXISBANK.NS,1130.300048828125,1069.05,1061.15
2024-04-29,AXISBANK.NS,1159.25,1088.37,1063.23
2024-04-30,AXISBANK.NS,1165.9000244140625,1107.91,1066.08
2024-05-02,AXISBANK.NS,1149.8499755859375,1121.61,1069.13
2024-05-03,AXISBANK.NS,1141.5,1133.86,1072.3
2024-05-06,AXISBANK.NS,1143.6500244140625,1145.35,1075.04
2024-05-07,AXISBANK.NS,1127.699951171875,1145.45,1077.61
2024-05-08,AXISBANK.NS,1128.6500244140625,1145.21,1080.74
2024-05-09,AXISBANK.NS,1115.6500244140625,1138.99,1083.4
2024-05-10,AXISBANK.NS,1120.0999755859375,1132.44,1086.3
2024-05-13,AXISBANK.NS,1132.0,1129.89,1089.35
2024-05-14,AXISBANK.NS,1122.8499755859375,1127.23,1091.68
2024-05-15,AXISBANK.NS,1128.050048828125,1125.0,1094.37
2024-05-16,AXISBANK.NS,1139.300048828125,1126.66,1097.25
2024-05-17,AXISBANK.NS,1141.3499755859375,1128.47,1100.39
2024-05-21,AXISBANK.NS,1137.6500244140625,1131.61,1102.87
2024-05-22,AXISBANK.NS,1126.0,1132.46,1104.97
2024-05-23,AXISBANK.NS,1165.25,1137.21,1108.51
2024-05-24,AXISBANK.NS,1174.0,1144.51,1111.77
2024-05-27,AXISBANK.NS,1187.0,1152.94,1115.34
2024-05-28,AXISBANK.NS,1183.4000244140625,1159.24,1118.53
2024-05-29,AXISBANK.NS,1159.75,1161.86,1121.4
2024-05-30,AXISBANK.NS,1167.949951171875,1166.19,1125.07
2024-05-31,AXISBANK.NS,1162.1500244140625,1171.36,1128.74
2024-06-03,AXISBANK.NS,1223.9000244140625,1179.74,1135.41
2024-06-04,AXISBANK.NS,1131.25,1173.63,1138.81
2024-06-05,AXISBANK.NS,1184.5,1173.27,1143.16
2024-06-06,AXISBANK.NS,1170.949951171875,1171.49,1147.0
2024-06-07,AXISBANK.NS,1186.800048828125,1175.36,1151.12
2024-06-10,AXISBANK.NS,1200.0,1179.94,1153.56
2024-06-11,AXISBANK.NS,1194.5999755859375,1184.57,1155.7
2024-06-12,AXISBANK.NS,1187.9000244140625,1179.43,1156.65
2024-06-13,AXISBANK.NS,1174.6500244140625,1185.63,1156.95
2024-06-14,AXISBANK.NS,1181.050048828125,1185.14,1157.99
2024-06-18,AXISBANK.NS,1191.9000244140625,1188.13,1159.67
2024-06-19,AXISBANK.NS,1226.6500244140625,1193.82,1162.43
2024-06-20,AXISBANK.NS,1239.5,1199.46,1166.16
2024-06-21,AXISBANK.NS,1237.449951171875,1205.59,1169.79
2024-06-24,AXISBANK.NS,1228.0999755859375,1211.33,1173.53
2024-06-25,AXISBANK.NS,1271.449951171875,1225.16,1178.58
2024-06-26,AXISBANK.NS,1285.4000244140625,1240.06,1183.69
2024-06-27,AXISBANK.NS,1288.949951171875,1253.93,1189.23
2024-06-28,AXISBANK.NS,1265.25,1259.44,1193.8
2024-07-01,AXISBANK.NS,1261.9000244140625,1262.64,1197.89
2024-07-02,AXISBANK.NS,1253.4000244140625,1264.92,1201.62
2024-07-03,AXISBANK.NS,1280.0,1272.34,1206.37
2024-07-04,AXISBANK.NS,1280.9000244140625,1273.69,1211.53
2024-07-05,AXISBANK.NS,1287.050048828125,1273.92,1215.59
2024-07-08,AXISBANK.NS,1287.8499755859375,1273.76,1219.39
2024-07-09,AXISBANK.NS,1289.4000244140625,1277.21,1222.8
2024-07-10,AXISBANK.NS,1291.6500244140625,1281.46,1226.41
2024-07-11,AXISBANK.NS,1296.75,1287.66,1230.98
2024-07-12,AXISBANK.NS,1317.300048828125,1292.99,1235.95
2024-07-15,AXISBANK.NS,1307.449951171875,1296.78,1240.8
2024-07-16,AXISBANK.NS,1304.0,1299.2,1243.47
2024-07-18,AXISBANK.NS,1309.4000244140625,1302.28,1249.41
2024-07-19,AXISBANK.NS,1292.3499755859375,1302.7,1253.0
2024-07-22,AXISBANK.NS,1282.5,1301.39,1256.72
2024-07-23,AXISBANK.NS,1263.25,1296.61,1259.27
2024-07-24,AXISBANK.NS,1239.25,1285.46,1260.58
2024-07-25,AXISBANK.NS,1175.9000244140625,1266.66,1259.95
2024-07-26,AXISBANK.NS,1177.3499755859375,1248.57,1259.6
2024-07-29,AXISBANK.NS,1170.050048828125,1228.66,1259.45
2024-07-30,AXISBANK.NS,1170.0,1211.19,1259.08
2024-07-31,AXISBANK.NS,1166.0999755859375,1194.56,1258.22
2024-08-01,AXISBANK.NS,1172.300048828125,1181.56,1256.41
2024-08-02,AXISBANK.NS,1160.8499755859375,1170.36,1253.79
2024-08-05,AXISBANK.NS,1133.5,1164.31,1250.32
2024-08-06,AXISBANK.NS,1126.0999755859375,1156.99,1246.92
2024-08-07,AXISBANK.NS,1136.800048828125,1152.24,1242.43
2024-08-08,AXISBANK.NS,1138.1500244140625,1147.69,1237.52
2024-08-09,AXISBANK.NS,1142.75,1144.35,1232.65
2024-08-12,AXISBANK.NS,1164.300048828125,1143.21,1229.29
2024-08-13,AXISBANK.NS,1159.5999755859375,1143.03,1225.88
2024-08-14,AXISBANK.NS,1153.0999755859375,1145.83,1222.53
2024-08-16,AXISBANK.NS,1166.8499755859375,1151.65,1218.76
2024-08-19,AXISBANK.NS,1153.25,1154.0,1214.51
2024-08-20,AXISBANK.NS,1168.0,1158.26,1210.54
2024-08-21,AXISBANK.NS,1174.4000244140625,1162.79,1206.76
2024-08-22,AXISBANK.NS,1169.949951171875,1163.59,1202.77
2024-08-23,AXISBANK.NS,1165.949951171875,1164.5,1198.58
2024-08-26,AXISBANK.NS,1170.300048828125,1166.96,1194.37
2024-08-27,AXISBANK.NS,1181.25,1169.01,1189.83
2024-08-28,AXISBANK.NS,1170.949951171875,1171.54,1185.28
2024-08-29,AXISBANK.NS,1175.4000244140625,1172.6,1181.0
2024-08-30,AXISBANK.NS,1175.25,1172.72,1176.53
2024-09-02,AXISBANK.NS,1188.800048828125,1175.41,1173.07
2024-09-03,AXISBANK.NS,1191.5999755859375,1179.08,1170.04
2024-09-04,AXISBANK.NS,1177.699951171875,1180.14,1167.19
2024-09-05,AXISBANK.NS,1180.550048828125,1180.04,1165.24
2024-09-06,AXISBANK.NS,1158.75,1178.29,1164.66
2024-09-09,AXISBANK.NS,1170.8499755859375,1177.64,1164.45
2024-09-10,AXISBANK.NS,1187.199951171875,1179.35,1165.02
2024-09-11,AXISBANK.NS,1186.0999755859375,1178.96,1165.55
2024-09-12,AXISBANK.NS,1203.3499755859375,1180.64,1166.8
2024-09-13,AXISBANK.NS,1217.449951171875,1186.32,1168.3
2024-09-16,AXISBANK.NS,1231.050048828125,1193.54,1170.64
2024-09-17,AXISBANK.NS,1232.0999755859375,1204.01,1173.93
2024-09-18,AXISBANK.NS,1240.449951171875,1213.96,1177.74
2024-09-19,AXISBANK.NS,1242.699951171875,1221.89,1181.27
2024-09-20,AXISBANK.NS,1245.0,1230.3,1184.83
2024-09-23,AXISBANK.NS,1246.800048828125,1236.51,1188.3
2024-09-24,AXISBANK.NS,1239.550048828125,1239.66,1190.81
2024-09-25,AXISBANK.NS,1268.0999755859375,1244.96,1194.42
2024-09-26,AXISBANK.NS,1277.0999755859375,1251.39,1198.56
2024-09-27,AXISBANK.NS,1273.1500244140625,1256.06,1202.1
2024-09-30,AXISBANK.NS,1232.199951171875,1254.56,1204.73
2024-10-01,AXISBANK.NS,1226.6500244140625,1251.94,1206.69
2024-10-03,AXISBANK.NS,1175.699951171875,1241.78,1206.73
2024-10-04,AXISBANK.NS,1178.4000244140625,1233.04,1207.01
2024-10-07,AXISBANK.NS,1145.699951171875,1215.56,1206.34
2024-10-08,AXISBANK.NS,1153.300048828125,1197.87,1205.77
2024-10-09,AXISBANK.NS,1170.1500244140625,1183.16,1205.4
2024-10-10,AXISBANK.NS,1184.25,1176.31,1205.84
2024-10-11,AXISBANK.NS,1172.449951171875,1168.56,1205.75
2024-10-14,AXISBANK.NS,1164.3499755859375,1166.94,1205.38
2024-10-15,AXISBANK.NS,1153.8499755859375,1163.44,1204.22
2024-10-16,AXISBANK.NS,1153.199951171875,1164.51,1202.94
2024-10-17,AXISBANK.NS,1131.8499755859375,1161.44,1201.41
2024-10-18,AXISBANK.NS,1196.8499755859375,1165.26,1201.95
2024-10-21,AXISBANK.NS,1190.300048828125,1166.12,1203.0
2024-10-22,AXISBANK.NS,1175.75,1166.59,1203.17
2024-10-23,AXISBANK.NS,1160.4000244140625,1166.03,1202.27
2024-10-24,AXISBANK.NS,1167.3499755859375,1167.96,1201.65
2024-10-25,AXISBANK.NS,1189.3499755859375,1173.12,1201.18
2024-10-28,AXISBANK.NS,1171.5999755859375,1178.8,1199.65
2024-10-29,AXISBANK.NS,1186.8499755859375,1177.37,1198.18
2024-10-30,AXISBANK.NS,1170.4000244140625,1174.53,1196.12
2024-10-31,AXISBANK.NS,1159.550048828125,1172.21,1193.43
2024-11-01,AXISBANK.NS,1169.550048828125,1173.52,1190.99
2024-11-04,AXISBANK.NS,1139.25,1169.51,1187.46
2024-11-05,AXISBANK.NS,1171.699951171875,1166.99,1184.96
2024-11-06,AXISBANK.NS,1166.5,1166.26,1182.53
2024-11-07,AXISBANK.NS,1159.9000244140625,1162.41,1178.92
2024-11-08,AXISBANK.NS,1160.949951171875,1161.06,1175.05
2024-11-11,AXISBANK.NS,1171.0,1162.69,1171.64
2024-11-12,AXISBANK.NS,1158.1500244140625,1161.06,1169.17
2024-11-13,AXISBANK.NS,1139.1500244140625,1161.05,1166.26
2024-11-14,AXISBANK.NS,1140.699951171875,1156.62,1165.09
2024-11-18,AXISBANK.NS,1126.199951171875,1150.86,1163.35
2024-11-19,AXISBANK.NS,1133.949951171875,1147.16,1162.96
2024-11-21,AXISBANK.NS,1139.1500244140625,1144.04,1162.49
2024-11-22,AXISBANK.NS,1142.4000244140625,1139.96,1161.56
2024-11-25,AXISBANK.NS,1155.9000244140625,1139.64,1160.62
2024-11-26,AXISBANK.NS,1144.800048828125,1140.44,1159.7
2024-11-27,AXISBANK.NS,1149.6500244140625,1141.72,1159.21
2024-11-28,AXISBANK.NS,1132.5,1142.62,1158.49
2024-11-29,AXISBANK.NS,1136.300048828125,1142.96,1157.93
2024-12-02,AXISBANK.NS,1137.0999755859375,1142.66,1158.11
2024-12-03,AXISBANK.NS,1160.5,1145.25,1156.9
2024-12-04,AXISBANK.NS,1159.449951171875,1145.76,1155.87
2024-12-05,AXISBANK.NS,1166.4000244140625,1148.84,1155.56
2024-12-06,AXISBANK.NS,1184.550048828125,1153.83,1156.36
2024-12-09,AXISBANK.NS,1163.25,1158.22,1156.22
2024-12-10,AXISBANK.NS,1153.6500244140625,1160.7,1155.03
2024-12-11,AXISBANK.NS,1147.25,1162.15,1154.22
2024-12-12,AXISBANK.NS,1145.6500244140625,1160.03,1152.85
2024-12-13,AXISBANK.NS,1148.1500244140625,1158.41,1152.11
2024-12-16,AXISBANK.NS,1150.9000244140625,1156.2,1151.82
2024-12-17,AXISBANK.NS,1136.25,1149.3,1150.71
2024-12-18,AXISBANK.NS,1122.25,1143.44,1150.14
2024-12-19,AXISBANK.NS,1108.9000244140625,1137.05,1148.05
2024-12-20,AXISBANK.NS,1071.8499755859375,1126.28,1144.89
2024-12-23,AXISBANK.NS,1079.1500244140625,1116.78,1142.2
2024-12-24,AXISBANK.NS,1078.9000244140625,1106.89,1139.47
2024-12-26,AXISBANK.NS,1076.699951171875,1096.29,1136.32
2024-12-27,AXISBANK.NS,1077.449951171875,1087.89,1133.63
2024-12-30,AXISBANK.NS,1069.949951171875,1080.41,1131.33
2024-12-31,AXISBANK.NS,1064.699951171875,1074.1,1128.79
2025-01-01,AXISBANK.NS,1071.800048828125,1074.09,1126.98
2025-01-02,AXISBANK.NS,1086.5999755859375,1075.16,1125.4
2025-01-03,AXISBANK.NS,1084.9000244140625,1076.01,1123.59
2025-01-06,AXISBANK.NS,1063.4000244140625,1074.11,1120.96
2025-01-07,AXISBANK.NS,1067.5,1072.69,1118.01
2025-01-08,AXISBANK.NS,1074.949951171875,1073.41,1115.69
2025-01-09,AXISBANK.NS,1061.75,1072.99,1112.76
2025-01-10,AXISBANK.NS,1040.699951171875,1068.54,1109.69
2025-01-13,AXISBANK.NS,1049.300048828125,1063.21,1106.79
2025-01-14,AXISBANK.NS,1051.6500244140625,1058.46,1103.95
2025-01-15,AXISBANK.NS,1026.800048828125,1053.24,1099.49
2025-01-16,AXISBANK.NS,1038.0,1049.02,1095.44
2025-01-17,AXISBANK.NS,991.0499877929688,1037.04,1089.6
2025-01-20,AXISBANK.NS,988.0499877929688,1026.51,1083.05
2025-01-21,AXISBANK.NS,970.2000122070312,1016.44,1076.61
2025-01-22,AXISBANK.NS,959.2999877929688,1003.58,1070.13
2025-01-23,AXISBANK.NS,951.0499877929688,989.21,1063.59
2025-01-24,AXISBANK.NS,948.5,978.02,1057.02
2025-01-27,AXISBANK.NS,948.0999755859376,965.18,1050.35
2025-01-28,AXISBANK.NS,983.7999877929688,964.14,1044.78
2025-01-29,AXISBANK.NS,983.4000244140624,963.48,1039.69
2025-01-30,AXISBANK.NS,984.7000122070312,965.55,1035.1
2025-01-31,AXISBANK.NS,986.0999755859376,969.38,1031.01
2025-02-01,AXISBANK.NS,998.1500244140624,976.11,1028.55
2025-02-03,AXISBANK.NS,989.4000244140624,981.95,1025.56
2025-02-04,AXISBANK.NS,1015.2999877929688,991.55,1023.44
2025-02-05,AXISBANK.NS,1013.2999877929688,995.76,1021.33
2025-02-06,AXISBANK.NS,1020.7000122070312,1001.09,1019.44
2025-02-07,AXISBANK.NS,1024.0999755859375,1006.72,1017.91
2025-02-10,AXISBANK.NS,1011.75,1010.39,1016.14
2025-02-11,AXISBANK.NS,1007.4000244140624,1011.71,1014.0
2025-02-12,AXISBANK.NS,1006.9000244140624,1014.21,1011.34
2025-02-13,AXISBANK.NS,1008.2000122070312,1013.19,1008.78
2025-02-14,AXISBANK.NS,997.5,1010.94,1006.59
2025-02-17,AXISBANK.NS,992.9500122070312,1006.97,1004.1
2025-02-18,AXISBANK.NS,994.1500244140624,1002.69,1001.41
2025-02-19,AXISBANK.NS,1011.3499755859376,1002.64,999.73
2025-02-20,AXISBANK.NS,1017.2000122070312,1004.04,998.95
2025-02-21,AXISBANK.NS,1008.9500122070312,1004.33,997.6
2025-02-24,AXISBANK.NS,1010.0499877929688,1004.59,996.21
2025-02-25,AXISBANK.NS,1009.0999755859376,1006.25,995.62
2025-02-27,AXISBANK.NS,1016.7000122070312,1009.64,994.91
2025-02-28,AXISBANK.NS,1015.5499877929688,1012.7,995.73
2025-03-03,AXISBANK.NS,1007.25,1012.11,996.37
2025-03-04,AXISBANK.NS,1001.7999877929688,1009.91,997.42
2025-03-05,AXISBANK.NS,1014.4500122070312,1010.7,999.26
2025-03-06,AXISBANK.NS,1034.0999755859375,1014.14,1002.03
2025-03-07,AXISBANK.NS,1037.6500244140625,1018.21,1005.0
2025-03-10,AXISBANK.NS,1035.8499755859375,1020.95,1007.93
2025-03-11,AXISBANK.NS,1025.6500244140625,1022.39,1009.32
2025-03-12,AXISBANK.NS,1011.2000122070312,1022.96,1010.25
2025-03-13,AXISBANK.NS,1010.2000122070312,1024.16,1011.1
2025-03-17,AXISBANK.NS,1034.1500244140625,1026.97,1012.7
2025-03-18,AXISBANK.NS,1034.1500244140625,1026.98,1013.9
2025-03-19,AXISBANK.NS,1052.050048828125,1029.04,1015.99
2025-03-20,AXISBANK.NS,1054.3499755859375,1031.68,1017.29
2025-03-21,AXISBANK.NS,1070.1500244140625,1038.04,1019.19
2025-03-24,AXISBANK.NS,1097.8499755859375,1050.41,1021.76
2025-03-25,AXISBANK.NS,1118.550048828125,1065.89,1024.91
2025-03-26,AXISBANK.NS,1096.25,1074.76,1027.72
2025-03-27,AXISBANK.NS,1098.3499755859375,1083.94,1030.75
2025-03-28,AXISBANK.NS,1102.0,1091.07,1033.92
2025-04-01,AXISBANK.NS,1085.5999755859375,1095.54,1036.5
2025-04-02,AXISBANK.NS,1084.449951171875,1097.58,1039.4
2025-04-03,AXISBANK.NS,1089.8499755859375,1096.44,1042.63
2025-04-04,AXISBANK.NS,1091.300048828125,1092.54,1045.87
2025-04-07,AXISBANK.NS,1047.949951171875,1085.64,1047.09
2025-04-08,AXISBANK.NS,1077.8499755859375,1082.71,1049.11
2025-04-09,AXISBANK.NS,1061.6500244140625,1076.95,1050.87
2025-04-11,AXISBANK.NS,1068.949951171875,1074.57,1052.83
2025-04-15,AXISBANK.NS,1112.800048828125,1078.62,1056.29
2025-04-16,AXISBANK.NS,1161.300048828125,1088.83,1061.11
2025-04-17,AXISBANK.NS,1190.800048828125,1103.04,1066.95
2025-04-21,AXISBANK.NS,1223.0,1128.05,1074.14
2025-04-22,AXISBANK.NS,1216.800048828125,1147.9,1081.31
2025-04-23,AXISBANK.NS,1206.9000244140625,1168.65,1087.72
2025-04-24,AXISBANK.NS,1207.0999755859375,1188.39,1093.49
2025-04-25,AXISBANK.NS,1166.300048828125,1196.03,1097.78
2025-04-28,AXISBANK.NS,1192.800048828125,1200.53,1103.01
2025-04-29,AXISBANK.NS,1187.300048828125,1200.03,1108.4
2025-04-30,AXISBANK.NS,1185.0,1194.6,1114.19
2025-05-02,AXISBANK.NS,1183.4000244140625,1189.83,1119.97
2025-05-05,AXISBANK.NS,1173.199951171875,1185.01,1124.6
2025-05-06,AXISBANK.NS,1161.4000244140625,1178.49,1128.84
2025-05-07,AXISBANK.NS,1161.300048828125,1177.77,1132.48
2025-05-08,AXISBANK.NS,1172.199951171875,1174.83,1136.41
2025-05-09,AXISBANK.NS,1151.0999755859375,1169.66,1139.11
2025-05-12,AXISBANK.NS,1203.0,1172.23,1142.62
2025-05-13,AXISBANK.NS,1193.5999755859375,1173.69,1145.12
2025-05-14,AXISBANK.NS,1195.5,1176.87,1148.43
2025-05-15,AXISBANK.NS,1209.0999755859375,1183.69,1152.12
2025-05-16,AXISBANK.NS,1208.800048828125,1190.47,1155.68
2025-05-19,AXISBANK.NS,1202.800048828125,1194.84,1159.58
2025-05-20,AXISBANK.NS,1195.800048828125,1201.23,1163.3
2025-05-21,AXISBANK.NS,1197.800048828125,1200.49,1166.89
2025-05-22,AXISBANK.NS,1188.5,1199.76,1170.13
2025-05-23,AXISBANK.NS,1210.0999755859375,1201.84,1175.54
2025-05-26,AXISBANK.NS,1215.199951171875,1202.71,1180.12
2025-05-27,AXISBANK.NS,1195.5999755859375,1200.83,1184.58
2025-05-28,AXISBANK.NS,1194.699951171875,1199.67,1188.77
2025-05-29,AXISBANK.NS,1201.699951171875,1200.51,1191.74
2025-05-30,AXISBANK.NS,1192.199951171875,1199.71,1192.77
2025-06-02,AXISBANK.NS,1194.4000244140625,1200.56,1192.89
2025-06-03,AXISBANK.NS,1181.5,1196.47,1191.5
2025-06-04,AXISBANK.NS,1171.0,1190.16,1189.98
2025-06-05,AXISBANK.NS,1159.0,1184.93,1188.38
2025-06-06,AXISBANK.NS,1194.5999755859375,1184.91,1187.96
2025-06-09,AXISBANK.NS,1219.9000244140625,1187.51,1189.75
2025-06-10,AXISBANK.NS,1232.800048828125,1193.31,1191.08
2025-06-11,AXISBANK.NS,1231.4000244140625,1198.6,1192.55
2025-06-12,AXISBANK.NS,1212.9000244140625,1203.09,1193.48
2025-06-13,AXISBANK.NS,1205.800048828125,1208.06,1194.23
2025-06-16,AXISBANK.NS,1215.4000244140625,1216.11,1195.64
2025-06-17,AXISBANK.NS,1215.0999755859375,1219.04,1197.43
2025-06-18,AXISBANK.NS,1221.0,1219.2,1199.42
2025-06-19,AXISBANK.NS,1217.5,1217.01,1200.93
2025-06-20,AXISBANK.NS,1220.699951171875,1215.49,1203.25
2025-06-23,AXISBANK.NS,1214.0999755859375,1215.66,1203.62
2025-06-24,AXISBANK.NS,1221.199951171875,1217.86,1204.54
2025-06-25,AXISBANK.NS,1213.300048828125,1217.56,1205.13
2025-06-26,AXISBANK.NS,1233.5,1220.19,1205.94
2025-06-27,AXISBANK.NS,1225.0999755859375,1220.77,1206.49
2025-06-30,AXISBANK.NS,1199.199951171875,1218.16,1206.37
2025-07-01,AXISBANK.NS,1173.300048828125,1211.39,1205.62
2025-07-02,AXISBANK.NS,1175.300048828125,1205.84,1204.87
2025-07-03,AXISBANK.NS,1171.0999755859375,1198.69,1204.29
2025-07-04,AXISBANK.NS,1177.5999755859375,1193.59,1203.2
2025-07-07,AXISBANK.NS,1175.0999755859375,1185.24,1201.87
2025-07-08,AXISBANK.NS,1165.4000244140625,1176.71,1200.86
2025-07-09,AXISBANK.NS,1164.699951171875,1171.79,1199.86
2025-07-10,AXISBANK.NS,1164.300048828125,1170.5,1198.61
2025-07-11,AXISBANK.NS,1173.800048828125,1170.29,1198.0
2025-07-14,AXISBANK.NS,1172.699951171875,1170.51,1197.28
2025-07-15,AXISBANK.NS,1165.9000244140625,1168.84,1196.76
2025-07-16,AXISBANK.NS,1168.4000244140625,1167.89,1196.67
2025-07-17,AXISBANK.NS,1159.800048828125,1167.09,1196.7
2025-07-18,AXISBANK.NS,1099.300048828125,1157.74,1193.52
2025-07-21,AXISBANK.NS,1099.5999755859375,1148.5,1189.51
2025-07-22,AXISBANK.NS,1098.0,1137.67,1185.02
2025-07-23,AXISBANK.NS,1104.800048828125,1127.97,1180.8
2025-07-24,AXISBANK.NS,1095.0999755859375,1117.86,1176.87
2025-07-25,AXISBANK.NS,1086.0999755859375,1106.1,1172.88
2025-07-28,AXISBANK.NS,1073.5999755859375,1093.79,1168.15
2025-07-29,AXISBANK.NS,1064.199951171875,1088.77,1163.12
2025-07-30,AXISBANK.NS,1073.300048828125,1085.01,1158.2
2025-07-31,AXISBANK.NS,1068.4000244140625,1080.79,1153.23
2025-08-01,AXISBANK.NS,1062.4000244140625,1074.73,1147.95
2025-08-04,AXISBANK.NS,1068.5999755859375,1070.94,1143.1
2025-08-05,AXISBANK.NS,1070.800048828125,1068.76,1138.09
2025-08-06,AXISBANK.NS,1071.0,1068.39,1133.35
2025-08-07,AXISBANK.NS,1076.199951171875,1070.1,1128.1
2025-08-08,AXISBANK.NS,1058.0999755859375,1067.93,1122.54
2025-08-11,AXISBANK.NS,1073.300048828125,1068.63,1118.34
2025-08-12,AXISBANK.NS,1070.0,1069.71,1114.9
2025-08-13,AXISBANK.NS,1066.0,1069.34,1111.25
2025-08-14,AXISBANK.NS,1068.199951171875,1068.97,1107.82
2025-08-18,AXISBANK.NS,1082.5999755859375,1070.63,1104.66
2025-08-19,AXISBANK.NS,1083.199951171875,1071.63,1101.59
2025-08-20,AXISBANK.NS,1080.199951171875,1074.79,1098.75
2025-08-21,AXISBANK.NS,1078.9000244140625,1075.59,1095.89
2025-08-22,AXISBANK.NS,1070.9000244140625,1075.71,1092.78
2025-08-25,AXISBANK.NS,1070.0,1076.29,1089.32
2025-08-26,AXISBANK.NS,1050.0999755859375,1073.7,1085.23
2025-08-28,AXISBANK.NS,1051.9000244140625,1069.31,1081.43
2025-08-29,AXISBANK.NS,1045.199951171875,1063.89,1077.33
2025-09-01,AXISBANK.NS,1061.5,1061.21,1074.05
2025-09-02,AXISBANK.NS,1056.199951171875,1057.97,1072.61
2025-09-03,AXISBANK.NS,1054.699951171875,1055.66,1071.12
2025-09-04,AXISBANK.NS,1050.4000244140625,1052.86,1069.53
2025-09-05,AXISBANK.NS,1055.9000244140625,1053.69,1067.9
2025-09-08,AXISBANK.NS,1055.5,1054.2,1066.58
2025-09-09,AXISBANK.NS,1052.199951171875,1055.2,1065.45
2025-09-10,AXISBANK.NS,1070.0999755859375,1056.43,1065.33
2025-09-11,AXISBANK.NS,1087.4000244140625,1060.89,1066.11
2025-09-12,AXISBANK.NS,1105.300048828125,1068.11,1067.17
2025-09-15,AXISBANK.NS,1104.4000244140625,1075.83,1068.37
2025-09-16,AXISBANK.NS,1121.199951171875,1085.16,1070.33
2025-09-17,AXISBANK.NS,1126.0,1095.23,1072.25
2025-09-18,AXISBANK.NS,1133.0,1106.77,1074.32
2025-09-19,AXISBANK.NS,1135.9000244140625,1116.17,1076.48
2025-09-22,AXISBANK.NS,1144.4000244140625,1124.31,1078.76
2025-09-23,AXISBANK.NS,1170.800048828125,1133.67,1082.51
2025-09-24,AXISBANK.NS,1158.9000244140625,1141.46,1085.37
2025-09-25,AXISBANK.NS,1166.5999755859375,1147.94,1088.59
2025-09-26,AXISBANK.NS,1154.0,1151.94,1091.52
2025-09-29,AXISBANK.NS,1132.199951171875,1151.83,1093.65
2025-09-30,AXISBANK.NS,1131.5999755859375,1151.21,1095.29
2025-10-01,AXISBANK.NS,1159.5,1153.37,1097.83
2025-10-03,AXISBANK.NS,1181.0,1154.83,1101.19
2025-10-06,AXISBANK.NS,1212.800048828125,1162.53,1105.65
2025-10-07,AXISBANK.NS,1186.800048828125,1165.41,1109.52
2025-10-08,AXISBANK.NS,1180.5999755859375,1169.21,1113.2
2025-10-09,AXISBANK.NS,1167.4000244140625,1174.24,1117.11
2025-10-10,AXISBANK.NS,1180.4000244140625,1181.21,1121.4
2025-10-13,AXISBANK.NS,1189.5999755859375,1185.51,1126.21
2025-10-14,AXISBANK.NS,1176.800048828125,1184.91,1130.05
2025-10-15,AXISBANK.NS,1169.5999755859375,1178.74,1133.83
2025-10-16,AXISBANK.NS,1196.300048828125,1180.1,1138.55
2025-10-17,AXISBANK.NS,1200.199951171875,1182.9,1143.55
2025-10-20,AXISBANK.NS,1226.0,1191.27,1149.22
2025-10-21,AXISBANK.NS,1237.300048828125,1199.4,1155.28
2025-10-23,AXISBANK.NS,1258.800048828125,1209.29,1162.16
2025-10-24,AXISBANK.NS,1241.9000244140625,1218.59,1167.89
2025-10-27,AXISBANK.NS,1254.0999755859375,1230.66,1173.45
2025-10-28,AXISBANK.NS,1246.300048828125,1237.8,1178.15
2025-10-29,AXISBANK.NS,1248.800048828125,1244.74,1182.96
2025-10-30,AXISBANK.NS,1238.5999755859375,1246.54,1186.87
2025-10-31,AXISBANK.NS,1232.800048828125,1245.9,1190.43
2025-11-03,AXISBANK.NS,1233.699951171875,1242.31,1193.79
2025-11-04,AXISBANK.NS,1226.5999755859375,1240.13,1196.81
2025-11-06,AXISBANK.NS,1228.5,1236.47,1199.62
2025-11-07,AXISBANK.NS,1222.800048828125,1233.11,1201.35
2025-11-10,AXISBANK.NS,1217.0,1228.57,1203.29
2025-11-11,AXISBANK.NS,1222.5,1226.27,1205.15
2025-11-12,AXISBANK.NS,1221.5999755859375,1224.67,1207.4
2025-11-13,AXISBANK.NS,1225.199951171875,1223.46,1210.5
2025-11-14,AXISBANK.NS,1241.5999755859375,1225.6,1214.17
2025-11-17,AXISBANK.NS,1249.5999755859375,1228.61,1217.17
2025-11-18,AXISBANK.NS,1265.4000244140625,1234.7,1219.99
2025-11-19,AXISBANK.NS,1270.4000244140625,1242.33,1221.91
2025-11-20,AXISBANK.NS,1285.199951171875,1251.29,1225.19
2025-11-21,AXISBANK.NS,1275.800048828125,1259.03,1228.36
2025-11-24,AXISBANK.NS,1269.0,1265.29,1231.75
2025-11-25,AXISBANK.NS,1266.300048828125,1268.81,1234.61
2025-11-26,AXISBANK.NS,1290.199951171875,1274.61,1237.96
2025-11-27,AXISBANK.NS,1287.300048828125,1277.74,1241.65
2025-11-28,AXISBANK.NS,1279.699951171875,1279.07,1245.32
2025-12-01,AXISBANK.NS,1275.699951171875,1277.71,1247.96
2025-12-02,AXISBANK.NS,1258.0,1275.17,1249.89
2025-12-03,AXISBANK.NS,1270.699951171875,1275.41,1251.38
2025-12-04,AXISBANK.NS,1280.0,1277.37,1252.8
2025-12-05,AXISBANK.NS,1282.5,1276.27,1253.59
2025-12-08,AXISBANK.NS,1273.800048828125,1274.34,1254.66
2025-12-09,AXISBANK.NS,1275.9000244140625,1273.8,1255.38
2025-12-10,AXISBANK.NS,1278.5999755859375,1274.21,1256.46
2025-12-11,AXISBANK.NS,1272.699951171875,1276.31,1257.26
2025-12-12,AXISBANK.NS,1286.0999755859375,1278.51,1258.84
2025-12-15,AXISBANK.NS,1284.800048828125,1279.2,1260.57
2025-12-16,AXISBANK.NS,1219.5999755859375,1270.21,1260.1
2025-12-17,AXISBANK.NS,1224.699951171875,1263.2,1260.04
2025-12-18,AXISBANK.NS,1229.800048828125,1256.61,1260.08
2025-12-19,AXISBANK.NS,1230.5999755859375,1249.76,1260.34
2025-12-22,AXISBANK.NS,1233.199951171875,1244.11,1260.88
2025-12-23,AXISBANK.NS,1225.0,1235.39,1260.97
2025-12-24,AXISBANK.NS,1226.300048828125,1227.03,1261.12
2025-12-26,AXISBANK.NS,1228.199951171875,1228.26,1261.22
2025-12-29,AXISBANK.NS,1232.0,1229.3,1260.9
2025-12-30,AXISBANK.NS,1246.0,1231.61,1260.78
2025-12-31,AXISBANK.NS,1269.4000244140625,1237.16,1260.92
2026-01-01,AXISBANK.NS,1274.4000244140625,1243.04,1261.05
2026-01-02,AXISBANK.NS,1266.9000244140625,1249.03,1260.44
2026-01-05,AXISBANK.NS,1285.800048828125,1257.53,1260.77
2026-01-06,AXISBANK.NS,1293.800048828125,1266.9,1261.6
2026-01-07,AXISBANK.NS,1295.5,1275.97,1262.57
2026-01-08,AXISBANK.NS,1286.800048828125,1281.8,1262.46
2026-01-09,AXISBANK.NS,1272.0,1282.17,1261.95
2026-01-12,AXISBANK.NS,1274.199951171875,1282.14,1261.77
2026-01-13,AXISBANK.NS,1262.0,1281.44,1261.31
2026-01-14,AXISBANK.NS,1298.800048828125,1283.3,1262.67
2026-01-15,AXISBANK.NS,1298.800048828125,1284.01,1263.61
2026-01-16,AXISBANK.NS,1294.199951171875,1283.83,1264.08
2026-01-19,AXISBANK.NS,1307.5,1286.79,1264.91
2026-01-20,AXISBANK.NS,1293.5,1289.86,1265.57
2026-01-21,AXISBANK.NS,1284.9000244140625,1291.39,1265.87
2026-01-22,AXISBANK.NS,1294.800048828125,1296.07,1266.41
2026-01-23,AXISBANK.NS,1258.0,1290.24,1265.92
2026-01-27,AXISBANK.NS,1315.800048828125,1292.67,1266.91
2026-01-28,AXISBANK.NS,1319.800048828125,1296.33,1268.08
2026-01-29,AXISBANK.NS,1363.699951171875,1304.36,1272.88
2026-01-30,AXISBANK.NS,1370.4000244140625,1315.34,1277.74
2026-02-02,AXISBANK.NS,1311.5,1319.14,1280.46
2026-02-03,AXISBANK.NS,1356.199951171875,1327.91,1284.65
2026-02-04,AXISBANK.NS,1338.699951171875,1339.44,1288.16
2026-02-05,AXISBANK.NS,1330.5999755859375,1341.56,1291.68
2026-02-06,AXISBANK.NS,1341.5999755859375,1344.67,1295.53
2026-02-09,AXISBANK.NS,1341.4000244140625,1341.49,1299.3
2026-02-10,AXISBANK.NS,1356.699951171875,1339.53,1303.46
2026-02-11,AXISBANK.NS,1347.300048828125,1344.64,1306.83
2026-02-12,AXISBANK.NS,1340.0,1342.33,1309.19
2026-02-13,AXISBANK.NS,1332.300048828125,1341.41,1311.12
2026-02-16,AXISBANK.NS,1358.300048828125,1345.37,1314.16
2026-02-17,AXISBANK.NS,1357.199951171875,1347.6,1316.54
2026-02-18,AXISBANK.NS,1377.0,1352.69,1319.32
2026-02-19,AXISBANK.NS,1356.5999755859375,1352.67,1321.35
2026-02-20,AXISBANK.NS,1368.300048828125,1355.67,1324.07
2026-02-23,AXISBANK.NS,1386.699951171875,1362.34,1327.89
2026-02-24,AXISBANK.NS,1387.5999755859375,1370.24,1331.67
2026-02-25,AXISBANK.NS,1403.0,1376.63,1336.37
2026-02-26,AXISBANK.NS,1395.5,1382.1,1339.6
2026-02-27,AXISBANK.NS,1383.9000244140625,1383.09,1342.43
2026-03-02,AXISBANK.NS,1372.300048828125,1385.33,1345.04
2026-03-04,AXISBANK.NS,1351.300048828125,1382.9,1346.5
2026-03-05,AXISBANK.NS,1349.0999755859375,1377.53,1348.35
2026-03-06,AXISBANK.NS,1315.800048828125,1367.27,1349.38
2026-03-09,AXISBANK.NS,1288.300048828125,1350.89,1349.16
2026-03-10,AXISBANK.NS,1314.699951171875,1339.34,1351.05
2026-03-11,AXISBANK.NS,1255.800048828125,1321.04,1349.05
2026-03-12,AXISBANK.NS,1234.5,1301.36,1346.21
2026-03-13,AXISBANK.NS,1197.300048828125,1279.36,1340.66
2026-03-16,AXISBANK.NS,1214.699951171875,1260.16,1335.47
2026-03-17,AXISBANK.NS,1228.0999755859375,1247.63,1332.69
2026-03-18,AXISBANK.NS,1253.199951171875,1242.61,1329.26
2026-03-19,AXISBANK.NS,1207.0,1227.23,1324.87
2026-03-20,AXISBANK.NS,1203.9000244140625,1219.81,1320.65
2026-03-23,AXISBANK.NS,1170.5999755859375,1210.69,1314.95
2026-03-24,AXISBANK.NS,1192.699951171875,1210.03,1309.99
2026-03-25,AXISBANK.NS,1222.0999755859375,1211.09,1305.5
2026-03-27,AXISBANK.NS,1205.199951171875,1207.81,1300.77
2026-03-30,AXISBANK.NS,1161.300048828125,1194.69,1294.81
2026-04-01,AXISBANK.NS,1193.0999755859375,1192.7,1290.17
2026-04-02,AXISBANK.NS,1197.9000244140625,1191.84,1284.82
2026-04-06,AXISBANK.NS,1245.300048828125,1202.51,1281.09
2026-04-07,AXISBANK.NS,1250.0999755859375,1210.71,1276.86
2026-04-08,AXISBANK.NS,1333.0,1226.56,1276.08
2026-04-09,AXISBANK.NS,1318.5,1242.74,1274.42
2026-04-10,AXISBANK.NS,1350.800048828125,1269.81,1273.22
2026-04-13,AXISBANK.NS,1353.5999755859375,1292.74,1272.09
2026-04-15,AXISBANK.NS,1355.5,1315.26,1270.5
2026-04-16,AXISBANK.NS,1349.5999755859375,1330.16,1268.97
2026-04-17,AXISBANK.NS,1359.0999755859375,1345.73,1268.15
2026-04-20,AXISBANK.NS,1354.699951171875,1348.83,1267.56
2026-04-21,AXISBANK.NS,1377.699951171875,1357.29,1268.44
2026-04-22,AXISBANK.NS,1379.5999755859375,1361.4,1269.46
2026-04-23,AXISBANK.NS,1369.5999755859375,1363.69,1271.25
2026-04-24,AXISBANK.NS,1365.9000244140625,1365.17,1273.84
2026-04-27,AXISBANK.NS,1324.199951171875,1361.54,1274.15
2026-04-28,AXISBANK.NS,1289.0,1351.53,1275.26
2026-04-29,AXISBANK.NS,1296.4000244140625,1343.2,1277.32
2026-04-30,AXISBANK.NS,1268.300048828125,1327.57,1279.69
2026-05-01,AXISBANK.NS,1268.300048828125,1311.67,1281.48
2026-05-04,AXISBANK.NS,1275.0999755859375,1298.17,1283.04
2026-05-05,AXISBANK.NS,1259.699951171875,1283.0,1283.26
2026-05-06,AXISBANK.NS,1294.199951171875,1278.71,1286.17
2026-05-07,AXISBANK.NS,1292.699951171875,1279.24,1289.13
2026-05-08,AXISBANK.NS,1268.300048828125,1275.23,1292.38
2026-05-11,AXISBANK.NS,1272.300048828125,1275.8,1295.04
2026-05-12,AXISBANK.NS,1260.0999755859375,1274.63,1296.3
2026-05-13,AXISBANK.NS,1255.699951171875,1271.86,1297.99
2026-05-14,AXISBANK.NS,1254.5999755859375,1271.13,1301.1
2026-05-15,AXISBANK.NS,1244.800048828125,1264.07,1302.82
2026-05-18,AXISBANK.NS,1237.9000244140625,1256.24,1304.15
2026-05-19,AXISBANK.NS,1238.300048828125,1251.96,1303.92
2026-05-20,AXISBANK.NS,1249.800048828125,1248.74,1303.91
2026-05-21,AXISBANK.NS,1253.300048828125,1247.77,1301.25
2026-05-22,AXISBANK.NS,1285.4000244140625,1252.01,1300.15
2026-05-25,AXISBANK.NS,1311.199951171875,1260.1,1298.83
2026-05-26,AXISBANK.NS,1299.300048828125,1267.89,1297.02
2026-05-27,AXISBANK.NS,1304.0999755859375,1277.34,1295.31
2026-05-29,AXISBANK.NS,1286.5999755859375,1284.24,1293.21
2023-05-30,BAC,28.26000022888184,28.26,28.26
2023-05-31,BAC,27.790000915527344,28.03,28.03
2023-06-01,BAC,27.780000686645508,27.94,27.94
2023-06-02,BAC,28.709999084472656,28.14,28.14
2023-06-05,BAC,28.540000915527344,28.22,28.22
2023-06-06,BAC,29.229999542236328,28.39,28.39
2023-06-07,BAC,29.479999542236328,28.54,28.54
2023-06-08,BAC,29.229999542236328,28.68,28.63
2023-06-09,BAC,29.270000457763672,28.89,28.7
2023-06-12,BAC,29.1299991607666,29.08,28.74
2023-06-13,BAC,29.39999961853028,29.18,28.8
2023-06-14,BAC,29.1200008392334,29.27,28.83
2023-06-15,BAC,29.3700008392334,29.29,28.87
2023-06-16,BAC,29.190000534057617,29.24,28.89
2023-06-20,BAC,28.8700008392334,29.19,28.89
2023-06-21,BAC,28.56999969482422,29.09,28.87
2023-06-22,BAC,27.959999084472656,28.93,28.82
2023-06-23,BAC,27.75,28.69,28.76
2023-06-26,BAC,28.09000015258789,28.54,28.72
2023-06-27,BAC,28.239999771118164,28.38,28.7
2023-06-28,BAC,28.06999969482422,28.22,28.67
2023-06-29,BAC,28.65999984741211,28.19,28.67
2023-06-30,BAC,28.690000534057617,28.21,28.67
2023-07-03,BAC,29.200000762939453,28.39,28.69
2023-07-05,BAC,29.07999992370605,28.58,28.71
2023-07-06,BAC,28.280000686645508,28.6,28.69
2023-07-07,BAC,28.530000686645508,28.64,28.68
2023-07-10,BAC,28.65999984741211,28.73,28.68
2023-07-11,BAC,29.020000457763672,28.78,28.7
2023-07-12,BAC,29.36000061035156,28.88,28.72
2023-07-13,BAC,29.670000076293945,28.94,28.76
2023-07-14,BAC,29.11000061035156,28.95,28.81
2023-07-17,BAC,29.39999961853028,29.11,28.86
2023-07-18,BAC,30.700000762939453,29.42,28.93
2023-07-19,BAC,31.530000686645508,29.83,29.03
2023-07-20,BAC,31.690000534057617,30.21,29.11
2023-07-21,BAC,31.979999542236328,30.58,29.19
2023-07-24,BAC,32.650001525878906,31.01,29.31
2023-07-25,BAC,32.150001525878906,31.44,29.4
2023-07-26,BAC,32.40999984741211,31.87,29.51
2023-07-27,BAC,31.950000762939453,32.05,29.6
2023-07-28,BAC,31.89999961853028,32.1,29.69
2023-07-31,BAC,32.0,32.15,29.78
2023-08-01,BAC,31.6200008392334,32.1,29.86
2023-08-02,BAC,31.190000534057617,31.89,29.94
2023-08-03,BAC,31.40999984741211,31.78,30.03
2023-08-04,BAC,31.299999237060547,31.62,30.14
2023-08-07,BAC,31.8799991607666,31.61,30.28
2023-08-08,BAC,31.270000457763672,31.52,30.39
2023-08-09,BAC,30.86000061035156,31.36,30.47
2023-08-10,BAC,30.940000534057617,31.26,30.57
2023-08-11,BAC,31.290000915527344,31.28,30.66
2023-08-14,BAC,30.93000030517578,31.21,30.73
2023-08-15,BAC,29.940000534057617,31.02,30.76
2023-08-16,BAC,29.290000915527344,30.65,30.76
2023-08-17,BAC,29.280000686645508,30.36,30.8
2023-08-18,BAC,29.11000061035156,30.11,30.82
2023-08-21,BAC,29.14999961853028,29.86,30.83
2023-08-22,BAC,28.440000534057617,29.45,30.81
2023-08-23,BAC,28.450000762939453,29.09,30.78
2023-08-24,BAC,28.6200008392334,28.91,30.75
2023-08-25,BAC,28.5,28.79,30.73
2023-08-28,BAC,28.76000022888184,28.72,30.71
2023-08-29,BAC,29.170000076293945,28.73,30.66
2023-08-30,BAC,29.040000915527344,28.71,30.57
2023-08-31,BAC,28.670000076293945,28.74,30.47
2023-09-01,BAC,28.979999542236328,28.82,30.37
2023-09-05,BAC,28.64999961853028,28.82,30.24
2023-09-06,BAC,28.38999938964844,28.81,30.11
2023-09-07,BAC,28.1299991607666,28.72,29.97
2023-09-08,BAC,28.36000061035156,28.6,29.85
2023-09-11,BAC,28.479999542236328,28.52,29.74
2023-09-12,BAC,28.96999931335449,28.57,29.64
2023-09-13,BAC,28.8799991607666,28.55,29.54
2023-09-14,BAC,29.200000762939453,28.63,29.48
2023-09-15,BAC,28.84000015258789,28.69,29.39
2023-09-18,BAC,28.76000022888184,28.78,29.31
2023-09-19,BAC,28.64999961853028,28.83,29.2
2023-09-20,BAC,28.549999237060547,28.84,29.11
2023-09-21,BAC,28.049999237060547,28.7,29.02
2023-09-22,BAC,27.63999938964844,28.53,28.91
2023-09-25,BAC,27.600000381469727,28.3,28.78
2023-09-26,BAC,27.170000076293945,28.06,28.66
2023-09-27,BAC,27.270000457763672,27.85,28.57
2023-09-28,BAC,27.559999465942383,27.69,28.51
2023-09-29,BAC,27.3799991607666,27.52,28.45
2023-10-02,BAC,26.700000762939453,27.33,28.37
2023-10-03,BAC,25.90999984741211,27.08,28.26
2023-10-04,BAC,25.940000534057617,26.85,28.18
2023-10-05,BAC,26.059999465942383,26.69,28.1
2023-10-06,BAC,26.06999969482422,26.52,28.01
2023-10-09,BAC,26.309999465942383,26.34,27.94
2023-10-10,BAC,27.01000022888184,26.29,27.88
2023-10-11,BAC,27.020000457763672,26.33,27.81
2023-10-12,BAC,26.89999961853028,26.47,27.74
2023-10-13,BAC,26.76000022888184,26.59,27.67
2023-10-16,BAC,26.989999771118164,26.72,27.61
2023-10-17,BAC,27.6200008392334,26.94,27.57
2023-10-18,BAC,27.309999465942383,27.09,27.54
2023-10-19,BAC,26.959999084472656,27.08,27.5
2023-10-20,BAC,26.309999465942383,26.98,27.43
2023-10-23,BAC,25.56999969482422,26.79,27.33
2023-10-24,BAC,25.46999931335449,26.6,27.22
2023-10-25,BAC,25.549999237060547,26.4,27.1
2023-10-26,BAC,26.1200008392334,26.18,27.0
2023-10-27,BAC,25.170000076293945,25.88,26.88
2023-10-30,BAC,25.690000534057617,25.7,26.78
2023-10-31,BAC,26.34000015258789,25.7,26.7
2023-11-01,BAC,26.39999961853028,25.82,26.63
2023-11-02,BAC,27.6200008392334,26.13,26.61
2023-11-03,BAC,28.420000076293945,26.54,26.64
2023-11-06,BAC,28.32999992370605,26.85,26.66
2023-11-07,BAC,28.15999984741211,27.28,26.7
2023-11-08,BAC,27.88999938964844,27.59,26.72
2023-11-09,BAC,27.530000686645508,27.76,26.72
2023-11-10,BAC,27.68000030517578,27.95,26.73
2023-11-13,BAC,27.700000762939453,27.96,26.76
2023-11-14,BAC,29.21999931335449,28.07,26.87
2023-11-15,BAC,29.6200008392334,28.26,26.99
2023-11-16,BAC,29.540000915527344,28.45,27.11
2023-11-17,BAC,29.979999542236328,28.75,27.24
2023-11-20,BAC,30.01000022888184,29.11,27.36
2023-11-21,BAC,29.65999984741211,29.39,27.45
2023-11-22,BAC,29.6299991607666,29.67,27.54
2023-11-24,BAC,29.729999542236328,29.74,27.63
2023-11-27,BAC,29.559999465942383,29.73,27.73
2023-11-28,BAC,29.530000686645508,29.73,27.81
2023-11-29,BAC,30.309999465942383,29.78,27.9
2023-11-30,BAC,30.489999771118164,29.84,28.01
2023-12-01,BAC,30.959999084472656,30.03,28.14
2023-12-04,BAC,30.81999969482422,30.2,28.29
2023-12-05,BAC,30.57999992370605,30.32,28.46
2023-12-06,BAC,30.530000686645508,30.46,28.63
2023-12-07,BAC,30.65999984741211,30.62,28.8
2023-12-08,BAC,30.959999084472656,30.71,28.96
2023-12-11,BAC,30.850000381469727,30.77,29.15
2023-12-12,BAC,30.739999771118164,30.73,29.31
2023-12-13,BAC,32.040000915527344,30.91,29.5
2023-12-14,BAC,33.939998626708984,31.39,29.76
2023-12-15,BAC,33.599998474121094,31.83,29.96
2023-12-18,BAC,33.43000030517578,32.22,30.12
2023-12-19,BAC,33.5099983215332,32.59,30.3
2023-12-20,BAC,32.97999954223633,32.89,30.46
2023-12-21,BAC,33.20000076293945,33.24,30.63
2023-12-22,BAC,33.43000030517578,33.44,30.83
2023-12-26,BAC,33.86000061035156,33.43,31.04
2023-12-27,BAC,33.84000015258789,33.46,31.24
2023-12-28,BAC,33.880001068115234,33.53,31.4
2023-12-29,BAC,33.66999816894531,33.55,31.53
2024-01-02,BAC,33.900001525878906,33.68,31.68
2024-01-03,BAC,33.529998779296875,33.73,31.79
2024-01-04,BAC,33.79999923706055,33.78,31.92
2024-01-05,BAC,34.43000030517578,33.86,32.08
2024-01-08,BAC,34.15999984741211,33.91,32.23
2024-01-09,BAC,33.630001068115234,33.87,32.36
2024-01-10,BAC,33.599998474121094,33.86,32.5
2024-01-11,BAC,33.150001525878906,33.76,32.62
2024-01-12,BAC,32.79999923706055,33.65,32.7
2024-01-16,BAC,32.119998931884766,33.41,32.75
2024-01-17,BAC,31.799999237060547,33.04,32.78
2024-01-18,BAC,31.729999542236328,32.69,32.81
2024-01-19,BAC,32.220001220703125,32.49,32.87
2024-01-22,BAC,32.54999923706055,32.34,32.93
2024-01-23,BAC,32.77000045776367,32.28,33.0
2024-01-24,BAC,32.97999954223633,32.31,33.07
2024-01-25,BAC,33.38999938964844,32.49,33.16
2024-01-26,BAC,33.43000030517578,32.72,33.25
2024-01-29,BAC,33.61000061035156,32.99,33.3
2024-01-30,BAC,34.790000915527344,33.36,33.33
2024-01-31,BAC,34.0099983215332,33.57,33.34
2024-02-01,BAC,33.54999923706055,33.68,33.34
2024-02-02,BAC,33.470001220703125,33.75,33.34
2024-02-05,BAC,32.9900016784668,33.69,33.34
2024-02-06,BAC,33.040000915527344,33.64,33.34
2024-02-07,BAC,33.18000030517578,33.58,33.33
2024-02-08,BAC,33.119998931884766,33.34,33.3
2024-02-09,BAC,33.06999969482422,33.2,33.28
2024-02-12,BAC,33.619998931884766,33.21,33.27
2024-02-13,BAC,32.75,33.11,33.24
2024-02-14,BAC,33.130001068115234,33.13,33.21
2024-02-15,BAC,34.06999969482422,33.28,33.23
2024-02-16,BAC,34.09000015258789,33.41,33.24
2024-02-20,BAC,33.959999084472656,33.53,33.23
2024-02-21,BAC,33.70000076293945,33.62,33.21
2024-02-22,BAC,33.61000061035156,33.62,33.21
2024-02-23,BAC,33.91999816894531,33.78,33.22
2024-02-26,BAC,33.61000061035156,33.85,33.24
2024-02-27,BAC,34.279998779296875,33.88,33.29
2024-02-28,BAC,34.310001373291016,33.91,33.36
2024-02-29,BAC,34.52000045776367,33.99,33.45
2024-03-01,BAC,34.349998474121094,34.09,33.54
2024-03-04,BAC,35.150001525878906,34.31,33.63
2024-03-05,BAC,35.38999938964844,34.52,33.73
2024-03-06,BAC,35.41999816894531,34.77,33.82
2024-03-07,BAC,35.630001068115234,34.97,33.91
2024-03-08,BAC,35.599998474121094,35.15,33.98
2024-03-11,BAC,35.88999938964844,35.35,34.06
2024-03-12,BAC,35.959999084472656,35.58,34.14
2024-03-13,BAC,36.08000183105469,35.71,34.18
2024-03-14,BAC,35.689998626708984,35.75,34.24
2024-03-15,BAC,35.40999984741211,35.75,34.3
2024-03-18,BAC,36.0099983215332,35.81,34.38
2024-03-19,BAC,36.02999877929688,35.87,34.49
2024-03-20,BAC,36.75,35.99,34.61
2024-03-21,BAC,37.5099983215332,36.21,34.75
2024-03-22,BAC,37.04999923706055,36.35,34.89
2024-03-25,BAC,36.86000061035156,36.52,35.01
2024-03-26,BAC,37.09000015258789,36.76,35.13
2024-03-27,BAC,37.810001373291016,37.01,35.3
2024-03-28,BAC,37.91999816894531,37.28,35.46
2024-04-01,BAC,37.52000045776367,37.39,35.57
2024-04-02,BAC,37.29999923706055,37.36,35.68
2024-04-03,BAC,37.43999862670898,37.42,35.79
2024-04-04,BAC,36.91999816894531,37.43,35.9
2024-04-05,BAC,37.11000061035156,37.43,36.02
2024-04-08,BAC,37.5,37.39,36.14
2024-04-09,BAC,37.72999954223633,37.36,36.27
2024-04-10,BAC,36.650001525878906,37.24,36.35
2024-04-11,BAC,36.34999847412109,37.1,36.42
2024-04-12,BAC,35.790000915527344,36.86,36.46
2024-04-15,BAC,35.95000076293945,36.73,36.52
2024-04-16,BAC,34.68000030517578,36.38,36.5
2024-04-17,BAC,35.22999954223633,36.05,36.5
2024-04-18,BAC,35.77000045776367,35.77,36.51
2024-04-19,BAC,36.970001220703125,35.82,36.55
2024-04-22,BAC,37.72999954223633,36.02,36.62
2024-04-23,BAC,38.369998931884766,36.39,36.71
2024-04-24,BAC,38.31999969482422,36.72,36.78
2024-04-25,BAC,37.90999984741211,37.19,36.85
2024-04-26,BAC,37.83000183105469,37.56,36.92
2024-04-29,BAC,37.54999923706055,37.81,36.99
2024-04-30,BAC,37.0099983215332,37.82,37.02
2024-05-01,BAC,36.95000076293945,37.71,37.05
2024-05-02,BAC,36.880001068115234,37.49,37.06
2024-05-03,BAC,37.25,37.34,37.05
2024-05-06,BAC,37.68999862670898,37.31,37.07
2024-05-07,BAC,37.84000015258789,37.31,37.1
2024-05-08,BAC,37.709999084472656,37.33,37.12
2024-05-09,BAC,38.27999877929688,37.51,37.14
2024-05-10,BAC,38.45000076293945,37.73,37.16
2024-05-13,BAC,38.209999084472656,37.92,37.18
2024-05-14,BAC,38.4900016784668,38.1,37.22
2024-05-15,BAC,38.90999984741211,38.27,37.27
2024-05-16,BAC,39.220001220703125,38.47,37.34
2024-05-17,BAC,39.290000915527344,38.69,37.42
2024-05-20,BAC,38.81999969482422,38.77,37.46
2024-05-21,BAC,39.650001525878906,38.94,37.53
2024-05-22,BAC,39.7599983215332,39.16,37.63
2024-05-23,BAC,39.16999816894531,39.26,37.72
2024-05-24,BAC,39.70000076293945,39.37,37.85
2024-05-28,BAC,39.31999969482422,39.39,37.97
2024-05-29,BAC,38.720001220703125,39.31,38.1
2024-05-30,BAC,38.630001068115234,39.28,38.21
2024-05-31,BAC,39.9900016784668,39.33,38.35
2024-06-03,BAC,39.880001068115234,39.34,38.45
2024-06-04,BAC,39.68000030517578,39.42,38.52
2024-06-05,BAC,39.959999084472656,39.45,38.57
2024-06-06,BAC,39.70000076293945,39.51,38.62
2024-06-07,BAC,39.77999877929688,39.66,38.68
2024-06-10,BAC,39.66999816894531,39.81,38.74
2024-06-11,BAC,38.86000061035156,39.65,38.78
2024-06-12,BAC,39.40999984741211,39.58,38.86
2024-06-13,BAC,39.2599983215332,39.52,38.94
2024-06-14,BAC,39.2400016784668,39.42,39.02
2024-06-17,BAC,39.5099983215332,39.39,39.09
2024-06-18,BAC,39.9900016784668,39.42,39.17
2024-06-20,BAC,39.9900016784668,39.47,39.24
2024-06-21,BAC,39.4900016784668,39.56,39.3
2024-06-24,BAC,40.02000045776367,39.64,39.36
2024-06-25,BAC,39.380001068115234,39.66,39.39
2024-06-26,BAC,39.0,39.63,39.42
2024-06-27,BAC,39.25,39.59,39.44
2024-06-28,BAC,39.77000045776367,39.56,39.47
2024-07-01,BAC,40.0099983215332,39.56,39.5
2024-07-02,BAC,40.93000030517578,39.77,39.55
2024-07-03,BAC,40.900001525878906,39.89,39.62
2024-07-05,BAC,40.40999984741211,40.04,39.65
2024-07-08,BAC,40.619998931884766,40.27,39.67
2024-07-09,BAC,41.41999816894531,40.58,39.75
2024-07-10,BAC,41.7400016784668,40.86,39.82
2024-07-11,BAC,41.810001373291016,41.12,39.9
2024-07-12,BAC,41.59000015258789,41.21,40.0
2024-07-15,BAC,41.88999938964844,41.35,40.11
2024-07-16,BAC,44.130001068115234,41.89,40.24
2024-07-17,BAC,43.97999954223633,42.37,40.38
2024-07-18,BAC,43.0099983215332,42.59,40.49
2024-07-19,BAC,42.900001525878906,42.76,40.59
2024-07-22,BAC,42.29999923706055,42.83,40.68
2024-07-23,BAC,42.40999984741211,42.95,40.76
2024-07-24,BAC,42.18999862670898,42.99,40.85
2024-07-25,BAC,41.68000030517578,42.64,40.94
2024-07-26,BAC,41.66999816894531,42.31,41.02
2024-07-29,BAC,41.09000015258789,42.03,41.08
2024-07-30,BAC,41.27999877929688,41.8,41.15
2024-07-31,BAC,40.310001373291016,41.52,41.17
2024-08-01,BAC,39.5,41.1,41.16
2024-08-02,BAC,37.58000183105469,40.44,41.08
2024-08-05,BAC,36.650001525878906,39.73,40.98
2024-08-06,BAC,36.91999816894531,39.05,40.88
2024-08-07,BAC,37.29999923706055,38.51,40.81
2024-08-08,BAC,38.209999084472656,38.07,40.78
2024-08-09,BAC,38.27999877929688,37.78,40.75
2024-08-12,BAC,38.16999816894531,37.59,40.7
2024-08-13,BAC,38.459999084472656,37.71,40.64
2024-08-14,BAC,38.810001373291016,38.02,40.57
2024-08-15,BAC,39.02999877929688,38.32,40.51
2024-08-16,BAC,39.34000015258789,38.61,40.48
2024-08-19,BAC,39.66999816894531,38.82,40.44
2024-08-20,BAC,38.68999862670898,38.88,40.35
2024-08-21,BAC,38.75,38.96,40.25
2024-08-22,BAC,39.2400016784668,39.08,40.17
2024-08-23,BAC,39.77000045776367,39.21,40.11
2024-08-26,BAC,39.91999816894531,39.34,40.04
2024-08-27,BAC,39.66999816894531,39.39,39.89
2024-08-28,BAC,39.95000076293945,39.43,39.76
2024-08-29,BAC,40.16999816894531,39.64,39.66
2024-08-30,BAC,40.75,39.92,39.59
2024-09-03,BAC,40.70000076293945,40.13,39.54
2024-09-04,BAC,40.5,40.24,39.47
2024-09-05,BAC,40.13999938964844,40.27,39.41
2024-09-06,BAC,38.7599983215332,40.14,39.31
2024-09-09,BAC,39.470001220703125,40.07,39.24
2024-09-10,BAC,39.27999877929688,39.94,39.18
2024-09-11,BAC,39.0,39.69,39.1
2024-09-12,BAC,38.77999877929688,39.42,39.05
2024-09-13,BAC,38.650001525878906,39.15,39.02
2024-09-16,BAC,39.09999847412109,39.01,39.07
2024-09-17,BAC,39.54999923706055,39.12,39.17
2024-09-18,BAC,39.619998931884766,39.14,39.26
2024-09-19,BAC,40.869998931884766,39.37,39.38
2024-09-20,BAC,40.27000045776367,39.55,39.45
2024-09-23,BAC,39.869998931884766,39.7,39.5
2024-09-24,BAC,39.45000076293945,39.82,39.54
2024-09-25,BAC,39.25,39.84,39.57
2024-09-26,BAC,39.52000045776367,39.84,39.59
2024-09-27,BAC,39.400001525878906,39.8,39.6
2024-09-30,BAC,39.68000030517578,39.63,39.61
2024-10-01,BAC,39.220001220703125,39.48,39.6
2024-10-02,BAC,39.22999954223633,39.39,39.62
2024-10-03,BAC,39.25,39.36,39.63
2024-10-04,BAC,40.11000061035156,39.49,39.66
2024-10-07,BAC,39.959999084472656,39.55,39.67
2024-10-08,BAC,39.93000030517578,39.63,39.67
2024-10-09,BAC,40.18999862670898,39.7,39.69
2024-10-10,BAC,39.970001220703125,39.81,39.69
2024-10-11,BAC,41.95000076293945,40.19,39.75
2024-10-14,BAC,41.90999984741211,40.57,39.79
2024-10-15,BAC,42.13999938964844,40.86,39.83
2024-10-16,BAC,42.79999923706055,41.27,39.91
2024-10-17,BAC,42.59999847412109,41.65,39.99
2024-10-18,BAC,42.31999969482422,41.96,40.11
2024-10-21,BAC,41.7599983215332,42.21,40.19
2024-10-22,BAC,42.29999923706055,42.26,40.29
2024-10-23,BAC,42.34000015258789,42.32,40.4
2024-10-24,BAC,42.650001525878906,42.4,40.53
2024-10-25,BAC,41.88999938964844,42.27,40.64
2024-10-28,BAC,42.619998931884766,42.27,40.75
2024-10-29,BAC,42.52999877929688,42.3,40.85
2024-10-30,BAC,42.310001373291016,42.38,40.94
2024-10-31,BAC,41.81999969482422,42.31,40.97
2024-11-01,BAC,41.7599983215332,42.23,41.02
2024-11-04,BAC,41.33000183105469,42.04,41.07
2024-11-05,BAC,41.880001068115234,42.04,41.15
2024-11-06,BAC,45.40999984741211,42.43,41.36
2024-11-07,BAC,44.77000045776367,42.75,41.53
2024-11-08,BAC,45.130001068115234,43.16,41.73
2024-11-11,BAC,46.08000183105469,43.77,41.94
2024-11-12,BAC,45.86000061035156,44.35,42.16
2024-11-13,BAC,45.869998931884766,45.0,42.38
2024-11-14,BAC,45.900001525878906,45.57,42.6
2024-11-15,BAC,46.75,45.77,42.82
2024-11-18,BAC,46.720001220703125,46.04,43.05
2024-11-19,BAC,46.40999984741211,46.23,43.27
2024-11-20,BAC,46.060001373291016,46.22,43.46
2024-11-21,BAC,46.459999084472656,46.31,43.68
2024-11-22,BAC,47.0,46.47,43.85
2024-11-25,BAC,47.5,46.7,44.03
2024-11-26,BAC,47.75,46.84,44.22
2024-11-27,BAC,47.77000045776367,46.99,44.39
2024-11-29,BAC,47.5099983215332,47.15,44.55
2024-12-02,BAC,47.040000915527344,47.29,44.71
2024-12-03,BAC,46.81999969482422,47.34,44.87
2024-12-04,BAC,46.369998931884766,47.25,45.01
2024-12-05,BAC,47.0,47.18,45.17
2024-12-06,BAC,46.75,47.04,45.3
2024-12-09,BAC,45.90999984741211,46.77,45.44
2024-12-10,BAC,45.75,46.52,45.54
2024-12-11,BAC,46.08000183105469,46.38,45.66
2024-12-12,BAC,46.08000183105469,46.28,45.78
2024-12-13,BAC,45.66999816894531,46.18,45.91
2024-12-16,BAC,45.470001220703125,45.96,46.04
2024-12-17,BAC,45.04999923706055,45.72,46.16
2024-12-18,BAC,43.5,45.37,46.21
2024-12-19,BAC,43.380001068115234,45.03,46.15
2024-12-20,BAC,44.16999816894531,44.76,46.13
2024-12-23,BAC,43.88999938964844,44.45,46.09
2024-12-24,BAC,44.380001068115234,44.26,46.03
2024-12-26,BAC,44.54999923706055,44.13,45.99
2024-12-27,BAC,44.34000015258789,44.03,45.93
2024-12-30,BAC,43.90999984741211,44.09,45.87
2024-12-31,BAC,43.95000076293945,44.17,45.77
2025-01-02,BAC,44.290000915527344,44.19,45.69
2025-01-03,BAC,44.810001373291016,44.32,45.64
2025-01-06,BAC,45.400001525878906,44.46,45.62
2025-01-07,BAC,46.08000183105469,44.68,45.61
2025-01-08,BAC,46.209999084472656,44.95,45.58
2025-01-10,BAC,45.11000061035156,45.12,45.5
2025-01-13,BAC,45.060001373291016,45.28,45.41
2025-01-14,BAC,45.77999877929688,45.49,45.34
2025-01-15,BAC,47.09999847412109,45.82,45.33
2025-01-16,BAC,46.63999938964844,46.0,45.32
2025-01-17,BAC,46.52999877929688,46.06,45.31
2025-01-21,BAC,46.65999984741211,46.13,45.32
2025-01-22,BAC,45.790000915527344,46.22,45.28
2025-01-23,BAC,46.38999938964844,46.41,45.26
2025-01-24,BAC,46.52000045776367,46.52,45.28
2025-01-27,BAC,47.09000015258789,46.52,45.33
2025-01-28,BAC,46.84000015258789,46.55,45.35
2025-01-29,BAC,46.75,46.58,45.38
2025-01-30,BAC,46.720001220703125,46.59,45.41
2025-01-31,BAC,46.29999923706055,46.66,45.44
2025-02-03,BAC,46.209999084472656,46.63,45.48
2025-02-04,BAC,46.709999084472656,46.66,45.59
2025-02-05,BAC,47.11000061035156,46.66,45.71
2025-02-06,BAC,47.7400016784668,46.79,45.83
2025-02-07,BAC,47.400001525878906,46.88,45.95
2025-02-10,BAC,46.66999816894531,46.88,46.02
2025-02-11,BAC,46.790000915527344,46.95,46.1
2025-02-12,BAC,46.209999084472656,46.95,46.16
2025-02-13,BAC,46.33000183105469,46.89,46.24
2025-02-14,BAC,46.959999084472656,46.87,46.34
2025-02-18,BAC,46.52999877929688,46.7,46.41
2025-02-19,BAC,46.0099983215332,46.5,46.45
2025-02-20,BAC,45.29999923706055,46.3,46.45
2025-02-21,BAC,44.810001373291016,46.02,46.41
2025-02-24,BAC,44.459999084472656,45.77,46.35
2025-02-25,BAC,43.93999862670898,45.43,46.31
2025-02-26,BAC,43.93999862670898,45.0,46.27
2025-02-27,BAC,44.119998931884766,44.65,46.22
2025-02-28,BAC,46.09999847412109,44.67,46.19
2025-03-03,BAC,45.560001373291016,44.7,46.15
2025-03-04,BAC,42.66999816894531,44.4,46.02
2025-03-05,BAC,42.290000915527344,44.09,45.88
2025-03-06,BAC,41.459999084472656,43.73,45.73
2025-03-07,BAC,41.400001525878906,43.37,45.56
2025-03-10,BAC,39.83000183105469,42.76,45.34
2025-03-11,BAC,39.61000061035156,41.83,45.09
2025-03-12,BAC,39.90999984741211,41.02,44.86
2025-03-13,BAC,39.66999816894531,40.6,44.63
2025-03-14,BAC,40.88999938964844,40.4,44.43
2025-03-17,BAC,41.43999862670898,40.39,44.27
2025-03-18,BAC,41.650001525878906,40.43,44.12
2025-03-19,BAC,42.209999084472656,40.77,43.97
2025-03-20,BAC,42.47999954223633,41.18,43.81
2025-03-21,BAC,42.470001220703125,41.54,43.64
2025-03-24,BAC,43.06999969482422,42.03,43.49
2025-03-25,BAC,43.27999877929688,42.37,43.38
2025-03-26,BAC,42.81999969482422,42.57,43.25
2025-03-27,BAC,42.560001373291016,42.7,43.13
2025-03-28,BAC,41.25,42.56,42.96
2025-03-31,BAC,41.72999954223633,42.45,42.78
2025-04-01,BAC,41.4900016784668,42.31,42.61
2025-04-02,BAC,41.84999847412109,42.14,42.48
2025-04-03,BAC,37.220001220703125,41.27,42.21
2025-04-04,BAC,34.38999938964844,40.07,41.86
2025-04-07,BAC,35.58000183105469,39.07,41.56
2025-04-08,BAC,35.029998779296875,38.18,41.27
2025-04-09,BAC,37.150001525878906,37.53,41.04
2025-04-10,BAC,35.849998474121094,36.72,40.76
2025-04-11,BAC,35.95000076293945,35.88,40.43
2025-04-14,BAC,36.66999816894531,35.8,40.13
2025-04-15,BAC,37.9900016784668,36.32,39.97
2025-04-16,BAC,37.33000183105469,36.57,39.81
2025-04-17,BAC,37.40999984741211,36.91,39.67
2025-04-21,BAC,36.91999816894531,36.87,39.52
2025-04-22,BAC,38.31999969482422,37.23,39.47
2025-04-23,BAC,38.75,37.63,39.44
2025-04-24,BAC,39.58000183105469,38.04,39.43
2025-04-25,BAC,39.68999862670898,38.29,39.43
2025-04-28,BAC,39.77999877929688,38.64,39.4
2025-04-29,BAC,39.9900016784668,39.0,39.35
2025-04-30,BAC,39.880001068115234,39.43,39.29
2025-05-01,BAC,40.16999816894531,39.69,39.22
2025-05-02,BAC,41.06999969482422,40.02,39.17
2025-05-05,BAC,41.119998931884766,40.24,39.13
2025-05-06,BAC,40.84000015258789,40.41,39.06
2025-05-07,BAC,40.93000030517578,40.57,38.98
2025-05-08,BAC,41.59999847412109,40.8,38.94
2025-05-09,BAC,41.790000915527344,41.07,38.91
2025-05-12,BAC,43.36000061035156,41.53,38.98
2025-05-13,BAC,44.27999877929688,41.99,39.07
2025-05-14,BAC,44.7400016784668,42.51,39.17
2025-05-15,BAC,44.380001068115234,43.01,39.26
2025-05-16,BAC,44.68999862670898,43.55,39.51
2025-05-19,BAC,44.77000045776367,44.0,39.85
2025-05-20,BAC,44.68999862670898,44.42,40.16
2025-05-21,BAC,43.25,44.4,40.43
2025-05-22,BAC,43.310001373291016,44.26,40.64
2025-05-23,BAC,43.20000076293945,44.04,40.88
2025-05-27,BAC,44.220001220703125,44.02,41.16
2025-05-28,BAC,44.060001373291016,43.93,41.4
2025-05-29,BAC,44.2400016784668,43.85,41.61
2025-05-30,BAC,44.130001068115234,43.77,41.84
2025-06-02,BAC,44.08000183105469,43.89,42.06
2025-06-03,BAC,44.650001525878906,44.08,42.32
2025-06-04,BAC,44.36000061035156,44.25,42.52
2025-06-05,BAC,44.380001068115234,44.27,42.71
2025-06-06,BAC,44.970001220703125,44.4,42.89
2025-06-09,BAC,44.869998931884766,44.49,43.06
2025-06-10,BAC,45.09000015258789,44.63,43.24
2025-06-11,BAC,44.72999954223633,44.72,43.4
2025-06-12,BAC,44.619998931884766,44.72,43.55
2025-06-13,BAC,44.09000015258789,44.68,43.68
2025-06-16,BAC,44.40999984741211,44.68,43.8
2025-06-17,BAC,44.22999954223633,44.58,43.9
2025-06-18,BAC,45.060001373291016,44.6,44.04
2025-06-20,BAC,45.5,44.66,44.19
2025-06-23,BAC,46.29999923706055,44.89,44.35
2025-06-24,BAC,46.65999984741211,45.18,44.51
2025-06-25,BAC,46.84999847412109,45.57,44.63
2025-06-26,BAC,47.459999084472656,46.01,44.73
2025-06-27,BAC,47.119998931884766,46.42,44.81
2025-06-30,BAC,47.31999969482422,46.74,44.91
2025-07-01,BAC,48.150001525878906,47.12,45.03
2025-07-02,BAC,48.709999084472656,47.47,45.16
2025-07-03,BAC,48.93000030517578,47.79,45.3
2025-07-07,BAC,48.65999984741211,48.05,45.48
2025-07-08,BAC,47.150001525878906,48.01,45.61
2025-07-09,BAC,46.84000015258789,47.97,45.73
2025-07-10,BAC,46.970001220703125,47.92,45.82
2025-07-11,BAC,46.72999954223633,47.71,45.91
2025-07-14,BAC,47.06999969482422,47.48,46.0
2025-07-15,BAC,46.150001525878906,47.08,46.07
2025-07-16,BAC,46.02999877929688,46.71,46.14
2025-07-17,BAC,47.02000045776367,46.69,46.21
2025-07-18,BAC,47.31999969482422,46.76,46.31
2025-07-21,BAC,47.47999954223633,46.83,46.42
2025-07-22,BAC,47.77000045776367,46.98,46.51
2025-07-23,BAC,48.13999938964844,47.13,46.62
2025-07-24,BAC,48.38999938964844,47.45,46.73
2025-07-25,BAC,48.45000076293945,47.8,46.85
2025-07-28,BAC,48.22999954223633,47.97,46.97
2025-07-29,BAC,47.95000076293945,48.06,47.1
2025-07-30,BAC,47.959999084472656,48.13,47.22
2025-07-31,BAC,47.27000045776367,48.06,47.32
2025-08-01,BAC,45.65999984741211,47.7,47.34
2025-08-04,BAC,45.84999847412109,47.34,47.35
2025-08-05,BAC,45.560001373291016,46.93,47.33
2025-08-06,BAC,45.41999816894531,46.52,47.29
2025-08-07,BAC,44.91999816894531,46.09,47.22
2025-08-08,BAC,46.0099983215332,45.81,47.17
2025-08-11,BAC,46.15999984741211,45.65,47.14
2025-08-12,BAC,47.5,45.92,47.15
2025-08-13,BAC,47.2400016784668,46.12,47.12
2025-08-14,BAC,47.709999084472656,46.42,47.08
2025-08-15,BAC,46.93999862670898,46.64,47.02
2025-08-18,BAC,47.91999816894531,47.07,46.99
2025-08-19,BAC,48.08000183105469,47.36,47.02
2025-08-20,BAC,48.34999847412109,47.68,47.07
2025-08-21,BAC,48.2599983215332,47.79,47.12
2025-08-22,BAC,49.47999954223633,48.11,47.21
2025-08-25,BAC,49.47999954223633,48.36,47.29
2025-08-26,BAC,50.25,48.83,47.43
2025-08-27,BAC,50.380001068115234,49.18,47.57
2025-08-28,BAC,50.4900016784668,49.53,47.69
2025-08-29,BAC,50.7400016784668,49.87,47.8
2025-09-02,BAC,50.41999816894531,50.18,47.9
2025-09-03,BAC,50.060001373291016,50.26,47.98
2025-09-04,BAC,50.619998931884766,50.42,48.06
2025-09-05,BAC,49.77000045776367,50.35,48.1
2025-09-08,BAC,49.459999084472656,50.22,48.14
2025-09-09,BAC,50.290000915527344,50.19,48.21
2025-09-10,BAC,50.130001068115234,50.11,48.28
2025-09-11,BAC,50.75,50.15,48.37
2025-09-12,BAC,50.58000183105469,50.23,48.48
2025-09-15,BAC,50.59000015258789,50.22,48.65
2025-09-16,BAC,50.65999984741211,50.35,48.81
2025-09-17,BAC,51.400001525878906,50.63,49.0
2025-09-18,BAC,52.130001068115234,50.89,49.23
2025-09-19,BAC,52.25,51.19,49.47
2025-09-22,BAC,51.91999816894531,51.36,49.67
2025-09-23,BAC,51.70000076293945,51.52,49.85
2025-09-24,BAC,51.70000076293945,51.68,49.99
2025-09-25,BAC,51.84999847412109,51.85,50.15
2025-09-26,BAC,52.209999084472656,51.97,50.3
2025-09-29,BAC,52.41999816894531,52.01,50.48
2025-09-30,BAC,51.59000015258789,51.91,50.6
2025-10-01,BAC,50.68000030517578,51.74,50.69
2025-10-02,BAC,50.47999954223633,51.56,50.76
2025-10-03,BAC,50.63999938964844,51.41,50.84
2025-10-06,BAC,50.38999938964844,51.2,50.87
2025-10-07,BAC,50.290000915527344,50.93,50.89
2025-10-08,BAC,49.84000015258789,50.56,50.88
2025-10-09,BAC,49.790000915527344,50.3,50.86
2025-10-10,BAC,48.650001525878906,50.01,50.8
2025-10-13,BAC,48.86000061035156,49.78,50.74
2025-10-14,BAC,50.09000015258789,49.7,50.73
2025-10-15,BAC,52.27999877929688,49.97,50.8
2025-10-16,BAC,50.43999862670898,49.99,50.79
2025-10-17,BAC,51.27999877929688,50.2,50.84
2025-10-20,BAC,52.040000915527344,50.52,50.93
2025-10-21,BAC,51.52000045776367,50.93,50.97
2025-10-22,BAC,51.09999847412109,51.25,51.0
2025-10-23,BAC,51.7599983215332,51.49,51.04
2025-10-24,BAC,52.56999969482422,51.53,51.1
2025-10-27,BAC,53.02000045776367,51.9,51.18
2025-10-28,BAC,52.869998931884766,52.13,51.26
2025-10-29,BAC,52.58000183105469,52.2,51.3
2025-10-30,BAC,53.02999877929688,52.42,51.33
2025-10-31,BAC,53.45000076293945,52.75,51.37
2025-11-03,BAC,53.560001373291016,53.01,51.42
2025-11-04,BAC,53.540000915527344,53.15,51.48
2025-11-05,BAC,52.45000076293945,53.07,51.51
2025-11-06,BAC,53.290000915527344,53.13,51.56
2025-11-07,BAC,53.20000076293945,53.22,51.59
2025-11-10,BAC,53.41999816894531,53.27,51.62
2025-11-11,BAC,53.630001068115234,53.3,51.69
2025-11-12,BAC,54.11000061035156,53.38,51.81
2025-11-13,BAC,52.869998931884766,53.28,51.89
2025-11-14,BAC,52.61000061035156,53.3,51.95
2025-11-17,BAC,51.47999954223633,53.05,51.99
2025-11-18,BAC,51.63999938964844,52.82,52.03
2025-11-19,BAC,52.02000045776367,52.62,52.11
2025-11-20,BAC,51.0,52.25,52.15
2025-11-21,BAC,51.560001373291016,51.88,52.24
2025-11-24,BAC,51.93000030517578,51.75,52.34
2025-11-25,BAC,52.47999954223633,51.73,52.42
2025-11-26,BAC,52.9900016784668,51.95,52.45
2025-11-28,BAC,53.650001525878906,52.23,52.56
2025-12-01,BAC,53.2400016784668,52.41,52.62
2025-12-02,BAC,53.18999862670898,52.72,52.66
2025-12-03,BAC,54.09000015258789,53.08,52.74
2025-12-04,BAC,54.15999984741211,53.4,52.85
2025-12-05,BAC,53.95000076293945,53.61,52.92
2025-12-08,BAC,53.900001525878906,53.74,52.96
2025-12-09,BAC,53.540000915527344,53.72,52.98
2025-12-10,BAC,54.08000183105469,53.84,53.02
2025-12-11,BAC,54.560001373291016,54.04,53.09
2025-12-12,BAC,55.13999938964844,54.19,53.16
2025-12-15,BAC,55.33000183105469,54.36,53.22
2025-12-16,BAC,54.810001373291016,54.48,53.26
2025-12-17,BAC,54.54999923706055,54.57,53.3
2025-12-18,BAC,54.2599983215332,54.68,53.36
2025-12-19,BAC,55.27000045776367,54.85,53.42
2025-12-22,BAC,55.880001068115234,55.03,53.51
2025-12-23,BAC,55.970001220703125,55.15,53.6
2025-12-24,BAC,56.25,55.28,53.68
2025-12-26,BAC,56.16999816894531,55.48,53.75
2025-12-29,BAC,55.34999847412109,55.59,53.84
2025-12-30,BAC,55.27999877929688,55.74,53.92
2025-12-31,BAC,55.0,55.7,54.04
2026-01-02,BAC,55.95000076293945,55.71,54.19
2026-01-05,BAC,56.88999938964844,55.84,54.35
2026-01-06,BAC,57.25,55.98,54.56
2026-01-07,BAC,55.63999938964844,55.91,54.69
2026-01-08,BAC,56.18000030517578,56.03,54.83
2026-01-09,BAC,55.84999847412109,56.11,54.95
2026-01-12,BAC,55.18999862670898,56.14,55.02
2026-01-13,BAC,54.540000915527344,55.93,55.05
2026-01-14,BAC,52.47999954223633,55.3,55.02
2026-01-15,BAC,52.59000015258789,54.64,55.0
2026-01-16,BAC,52.970001220703125,54.26,54.97
2026-01-20,BAC,52.09999847412109,53.67,54.9
2026-01-21,BAC,52.06999969482422,53.13,54.83
2026-01-22,BAC,52.45000076293945,52.74,54.79
2026-01-23,BAC,51.720001220703125,52.34,54.73
2026-01-26,BAC,52.02000045776367,52.27,54.66
2026-01-27,BAC,52.16999816894531,52.21,54.58
2026-01-28,BAC,51.810001373291016,52.05,54.47
2026-01-29,BAC,53.08000183105469,52.19,54.39
2026-01-30,BAC,53.20000076293945,52.35,54.34
2026-02-02,BAC,54.02999877929688,52.58,54.32
2026-02-03,BAC,54.45000076293945,52.97,54.33
2026-02-04,BAC,55.380001068115234,53.45,54.33
2026-02-05,BAC,54.93999862670898,53.84,54.3
2026-02-06,BAC,56.52999877929688,54.52,54.32
2026-02-09,BAC,56.40999984741211,54.99,54.32
2026-02-10,BAC,55.38999938964844,55.3,54.3
2026-02-11,BAC,53.84999847412109,55.28,54.25
2026-02-12,BAC,52.52000045776367,55.0,54.15
2026-02-13,BAC,52.54999923706055,54.6,54.07
2026-02-17,BAC,52.7400016784668,54.28,53.97
2026-02-18,BAC,53.36000061035156,53.83,53.85
2026-02-19,BAC,52.77000045776367,53.31,53.7
2026-02-20,BAC,53.060001373291016,52.98,53.61
2026-02-23,BAC,51.06999969482422,52.58,53.44
2026-02-24,BAC,50.40999984741211,52.28,53.26
2026-02-25,BAC,51.68999862670898,52.16,53.15
2026-02-26,BAC,52.29999923706055,52.09,53.07
2026-02-27,BAC,49.83000183105469,51.59,52.98
2026-03-02,BAC,49.810001373291016,51.17,52.89
2026-03-03,BAC,49.970001220703125,50.73,52.79
2026-03-04,BAC,50.29999923706055,50.62,52.73
2026-03-05,BAC,49.810001373291016,50.53,52.65
2026-03-06,BAC,48.63999938964844,50.09,52.53
2026-03-09,BAC,47.900001525878906,49.47,52.4
2026-03-10,BAC,48.560001373291016,49.28,52.28
2026-03-11,BAC,48.52000045776367,49.1,52.16
2026-03-12,BAC,47.130001068115234,48.69,52.01
2026-03-13,BAC,46.720001220703125,48.18,51.79
2026-03-16,BAC,47.060001373291016,47.79,51.59
2026-03-17,BAC,47.27999877929688,47.6,51.37
2026-03-18,BAC,46.83000183105469,47.44,51.11
2026-03-19,BAC,47.0099983215332,47.22,50.83
2026-03-20,BAC,47.15999984741211,47.03,50.57
2026-03-23,BAC,47.52000045776367,47.08,50.27
2026-03-24,BAC,48.13999938964844,47.29,50.0
2026-03-25,BAC,48.75,47.53,49.78
2026-03-26,BAC,48.2400016784668,47.66,49.59
2026-03-27,BAC,46.970001220703125,47.68,49.4
2026-03-30,BAC,47.22999954223633,47.72,49.23
2026-03-31,BAC,48.75,47.94,49.09
2026-04-01,BAC,49.27000045776367,48.19,48.96
2026-04-02,BAC,49.380001068115234,48.37,48.84
2026-04-06,BAC,50.060001373291016,48.56,48.74
2026-04-07,BAC,50.27999877929688,48.85,48.72
2026-04-08,BAC,51.880001068115234,49.55,48.77
2026-04-09,BAC,52.709999084472656,50.33,48.8
2026-04-10,BAC,52.540000915527344,50.87,48.81
2026-04-13,BAC,53.34999847412109,51.46,48.93
2026-04-14,BAC,53.34999847412109,52.02,49.04
2026-04-15,BAC,54.31999969482422,52.63,49.19
2026-04-16,BAC,53.5099983215332,53.09,49.3
2026-04-17,BAC,53.90999984741211,53.38,49.43
2026-04-20,BAC,53.95000076293945,53.56,49.61
2026-04-21,BAC,53.47999954223633,53.7,49.8
2026-04-22,BAC,53.119998931884766,53.66,49.95
2026-04-23,BAC,52.470001220703125,53.54,50.08
2026-04-24,BAC,52.04999923706055,53.21,50.24
2026-04-27,BAC,52.630001068115234,53.09,50.44
2026-04-28,BAC,52.65999984741211,52.91,50.63
2026-04-29,BAC,52.880001068115234,52.76,50.81
2026-04-30,BAC,53.459999084472656,52.75,51.03
2026-05-01,BAC,53.2400016784668,52.77,51.24
2026-05-04,BAC,52.18999862670898,52.73,51.41
2026-05-05,BAC,53.119998931884766,52.88,51.6
2026-05-06,BAC,53.59999847412109,53.02,51.78
2026-05-07,BAC,52.75,53.03,51.91
2026-05-08,BAC,51.310001373291016,52.81,52.01
2026-05-11,BAC,50.54999923706055,52.39,52.13
2026-05-12,BAC,50.77999877929688,52.04,52.25
2026-05-13,BAC,49.84000015258789,51.71,52.29
2026-05-14,BAC,49.84999847412109,51.24,52.31
2026-05-15,BAC,49.77000045776367,50.69,52.32
2026-05-18,BAC,50.68999862670898,50.4,52.34
2026-05-19,BAC,50.70000076293945,50.31,52.36
2026-05-20,BAC,51.22999954223633,50.41,52.33
2026-05-21,BAC,51.4900016784668,50.51,52.29
2026-05-22,BAC,51.79999923706055,50.79,52.27
2026-05-26,BAC,52.20000076293945,51.13,52.23
2026-05-27,BAC,51.09999847412109,51.32,52.15
2026-05-28,BAC,50.77000045776367,51.33,52.04
2026-05-29,BAC,51.59999847412109,51.46,51.97
2023-05-29,BAJFINANCE.NS,693.2050170898438,693.21,693.21
2023-05-30,BAJFINANCE.NS,700.5800170898438,696.89,696.89
2023-05-31,BAJFINANCE.NS,698.9849853515625,697.59,697.59
2023-06-01,BAJFINANCE.NS,704.0499877929688,699.21,699.21
2023-06-02,BAJFINANCE.NS,702.3900146484375,699.84,699.84
2023-06-05,BAJFINANCE.NS,704.3200073242188,700.59,700.59
2023-06-06,BAJFINANCE.NS,711.39501953125,702.13,702.13
2023-06-07,BAJFINANCE.NS,707.9949951171875,704.25,702.87
2023-06-08,BAJFINANCE.NS,701.010009765625,704.31,702.66
2023-06-09,BAJFINANCE.NS,703.7150268554688,704.98,702.76
2023-06-12,BAJFINANCE.NS,709.77001953125,705.8,703.4
2023-06-13,BAJFINANCE.NS,716.6749877929688,707.84,704.51
2023-06-14,BAJFINANCE.NS,709.6849975585938,708.61,704.91
2023-06-15,BAJFINANCE.NS,712.6599731445312,708.79,705.46
2023-06-16,BAJFINANCE.NS,720.3200073242188,710.55,706.45
2023-06-19,BAJFINANCE.NS,738.6199951171875,715.92,708.46
2023-06-20,BAJFINANCE.NS,724.8800048828125,718.94,709.43
2023-06-21,BAJFINANCE.NS,720.614990234375,720.49,710.05
2023-06-22,BAJFINANCE.NS,703.0,718.54,709.68
2023-06-23,BAJFINANCE.NS,698.9650268554688,717.01,709.14
2023-06-26,BAJFINANCE.NS,699.8699951171875,715.18,708.7
2023-06-27,BAJFINANCE.NS,701.9249877929688,712.55,708.39
2023-06-28,BAJFINANCE.NS,709.02001953125,708.33,708.42
2023-06-30,BAJFINANCE.NS,716.0599975585938,707.07,708.74
2023-07-03,BAJFINANCE.NS,733.2999877929688,708.88,709.72
2023-07-04,BAJFINANCE.NS,786.0449829101562,720.74,712.66
2023-07-05,BAJFINANCE.NS,783.875,732.87,715.29
2023-07-06,BAJFINANCE.NS,776.625,743.84,717.48
2023-07-07,BAJFINANCE.NS,762.2349853515625,752.45,719.03
2023-07-10,BAJFINANCE.NS,753.3250122070312,758.78,720.17
2023-07-11,BAJFINANCE.NS,744.4000244140625,762.83,721.88
2023-07-12,BAJFINANCE.NS,743.1950073242188,764.24,723.3
2023-07-13,BAJFINANCE.NS,747.4600219726562,758.73,724.91
2023-07-14,BAJFINANCE.NS,748.2349853515625,753.64,726.39
2023-07-17,BAJFINANCE.NS,751.094970703125,749.99,728.01
2023-07-18,BAJFINANCE.NS,742.0,747.1,729.27
2023-07-19,BAJFINANCE.NS,758.469970703125,747.84,730.83
2023-07-20,BAJFINANCE.NS,759.6599731445312,750.02,732.56
2023-07-21,BAJFINANCE.NS,758.1749877929688,752.16,734.46
2023-07-24,BAJFINANCE.NS,758.1599731445312,753.68,736.28
2023-07-25,BAJFINANCE.NS,760.64501953125,755.46,737.97
2023-07-26,BAJFINANCE.NS,743.3150024414062,754.35,738.86
2023-07-27,BAJFINANCE.NS,728.4099731445312,752.4,739.49
2023-07-28,BAJFINANCE.NS,738.1599731445312,749.5,740.34
2023-07-31,BAJFINANCE.NS,730.030029296875,745.27,740.66
2023-08-01,BAJFINANCE.NS,726.969970703125,740.81,740.27
2023-08-02,BAJFINANCE.NS,720.344970703125,735.41,740.12
2023-08-03,BAJFINANCE.NS,710.8350219726562,728.29,739.79
2023-08-04,BAJFINANCE.NS,714.8699951171875,724.23,740.19
2023-08-07,BAJFINANCE.NS,712.2150268554688,721.92,740.63
2023-08-08,BAJFINANCE.NS,717.3599853515625,718.95,741.21
2023-08-09,BAJFINANCE.NS,712.5349731445312,716.45,741.57
2023-08-10,BAJFINANCE.NS,714.385009765625,714.65,741.75
2023-08-11,BAJFINANCE.NS,706.0599975585938,712.61,741.41
2023-08-14,BAJFINANCE.NS,701.8049926757812,711.32,740.36
2023-08-16,BAJFINANCE.NS,698.1500244140625,708.93,737.43
2023-08-17,BAJFINANCE.NS,692.3250122070312,706.09,734.38
2023-08-18,BAJFINANCE.NS,686.2100219726562,701.64,731.37
2023-08-21,BAJFINANCE.NS,704.8200073242188,700.54,729.45
2023-08-22,BAJFINANCE.NS,706.9949951171875,699.48,727.91
2023-08-23,BAJFINANCE.NS,711.64501953125,700.28,726.82
2023-08-24,BAJFINANCE.NS,713.7449951171875,701.98,725.84
2023-08-25,BAJFINANCE.NS,721.1500244140625,705.27,724.96
2023-08-28,BAJFINANCE.NS,723.5599975585938,709.73,724.14
2023-08-29,BAJFINANCE.NS,729.3350219726562,715.89,723.41
2023-08-30,BAJFINANCE.NS,726.8099975585938,719.03,722.9
2023-08-31,BAJFINANCE.NS,716.2999877929688,720.36,721.5
2023-09-01,BAJFINANCE.NS,732.0599975585938,723.28,720.58
2023-09-04,BAJFINANCE.NS,727.0250244140625,725.18,719.54
2023-09-05,BAJFINANCE.NS,734.510009765625,727.09,718.75
2023-09-06,BAJFINANCE.NS,738.780029296875,729.26,718.02
2023-09-07,BAJFINANCE.NS,736.3200073242188,730.26,717.79
2023-09-08,BAJFINANCE.NS,741.0650024414062,732.29,718.21
2023-09-11,BAJFINANCE.NS,739.1649780273438,735.56,718.25
2023-09-12,BAJFINANCE.NS,743.1300048828125,737.14,718.68
2023-09-13,BAJFINANCE.NS,747.5900268554688,740.08,719.37
2023-09-14,BAJFINANCE.NS,749.4299926757812,742.21,720.34
2023-09-15,BAJFINANCE.NS,749.219970703125,743.7,721.62
2023-09-18,BAJFINANCE.NS,754.864990234375,746.35,722.95
2023-09-20,BAJFINANCE.NS,753.9000244140625,748.19,724.34
2023-09-21,BAJFINANCE.NS,748.4199829101562,749.51,725.38
2023-09-22,BAJFINANCE.NS,747.135009765625,750.08,726.53
2023-09-25,BAJFINANCE.NS,781.9849853515625,754.99,728.78
2023-09-26,BAJFINANCE.NS,787.0650024414062,760.37,731.48
2023-09-27,BAJFINANCE.NS,783.7550048828125,765.3,734.22
2023-09-28,BAJFINANCE.NS,773.9000244140625,768.02,736.74
2023-09-29,BAJFINANCE.NS,781.0750122070312,771.91,739.7
2023-10-03,BAJFINANCE.NS,796.760009765625,778.81,743.38
2023-10-04,BAJFINANCE.NS,785.405029296875,784.28,746.07
2023-10-05,BAJFINANCE.NS,785.0900268554688,784.72,748.67
2023-10-06,BAJFINANCE.NS,816.85498046875,788.98,752.18
2023-10-09,BAJFINANCE.NS,802.77001953125,791.69,755.15
2023-10-10,BAJFINANCE.NS,808.3599853515625,796.62,758.05
2023-10-11,BAJFINANCE.NS,810.1950073242188,800.78,760.94
2023-10-12,BAJFINANCE.NS,801.4299926757812,801.44,763.35
2023-10-13,BAJFINANCE.NS,805.1649780273438,804.27,765.96
2023-10-16,BAJFINANCE.NS,803.5999755859375,806.91,768.87
2023-10-17,BAJFINANCE.NS,809.2999877929688,805.83,771.44
2023-10-18,BAJFINANCE.NS,786.655029296875,803.53,773.43
2023-10-19,BAJFINANCE.NS,784.155029296875,800.07,775.08
2023-10-20,BAJFINANCE.NS,776.9199829101562,795.32,776.36
2023-10-23,BAJFINANCE.NS,779.8900146484375,792.24,777.81
2023-10-25,BAJFINANCE.NS,769.4450073242188,787.14,778.75
2023-10-26,BAJFINANCE.NS,742.1799926757812,778.36,778.85
2023-10-27,BAJFINANCE.NS,750.719970703125,770.0,779.11
2023-10-30,BAJFINANCE.NS,750.3049926757812,764.8,779.2
2023-10-31,BAJFINANCE.NS,749.2650146484375,759.82,779.19
2023-11-01,BAJFINANCE.NS,747.1900024414062,755.57,779.13
2023-11-02,BAJFINANCE.NS,744.9099731445312,750.57,778.79
2023-11-03,BAJFINANCE.NS,741.1500244140625,746.53,778.37
2023-11-06,BAJFINANCE.NS,756.2050170898438,748.53,778.63
2023-11-07,BAJFINANCE.NS,749.5599975585938,748.37,778.71
2023-11-08,BAJFINANCE.NS,745.9949951171875,747.75,777.51
2023-11-09,BAJFINANCE.NS,738.6699829101562,746.24,775.9
2023-11-10,BAJFINANCE.NS,744.47998046875,745.85,774.59
2023-11-13,BAJFINANCE.NS,736.0850219726562,744.59,773.33
2023-11-15,BAJFINANCE.NS,722.4299926757812,741.92,771.37
2023-11-16,BAJFINANCE.NS,736.2449951171875,739.07,769.35
2023-11-17,BAJFINANCE.NS,722.0999755859375,735.14,767.24
2023-11-20,BAJFINANCE.NS,706.8599853515625,729.55,764.64
2023-11-21,BAJFINANCE.NS,710.3150024414062,725.5,761.08
2023-11-22,BAJFINANCE.NS,712.8350219726562,720.98,758.09
2023-11-23,BAJFINANCE.NS,707.364990234375,716.88,754.72
2023-11-24,BAJFINANCE.NS,702.0800170898438,713.97,751.12
2023-11-28,BAJFINANCE.NS,712.7550048828125,710.62,748.16
2023-11-29,BAJFINANCE.NS,713.010009765625,709.32,745.09
2023-11-30,BAJFINANCE.NS,712.1900024414062,710.08,742.04
2023-12-01,BAJFINANCE.NS,725.9349975585938,712.31,739.26
2023-12-04,BAJFINANCE.NS,740.7650146484375,716.3,737.73
2023-12-05,BAJFINANCE.NS,734.97998046875,720.25,736.09
2023-12-06,BAJFINANCE.NS,742.7100219726562,726.05,734.95
2023-12-07,BAJFINANCE.NS,739.1199951171875,729.82,733.6
2023-12-08,BAJFINANCE.NS,730.760009765625,732.35,732.31
2023-12-11,BAJFINANCE.NS,729.2750244140625,734.79,731.88
2023-12-12,BAJFINANCE.NS,731.4550170898438,735.58,731.23
2023-12-13,BAJFINANCE.NS,725.7999877929688,733.44,730.42
2023-12-14,BAJFINANCE.NS,747.4199829101562,735.22,730.36
2023-12-15,BAJFINANCE.NS,751.5050048828125,736.48,730.5
2023-12-18,BAJFINANCE.NS,758.760009765625,739.28,730.96
2023-12-19,BAJFINANCE.NS,763.2650146484375,743.93,731.7
2023-12-20,BAJFINANCE.NS,749.39501953125,746.8,731.47
2023-12-21,BAJFINANCE.NS,736.7150268554688,747.55,731.04
2023-12-22,BAJFINANCE.NS,729.530029296875,748.08,730.49
2023-12-26,BAJFINANCE.NS,716.22998046875,743.63,729.75
2023-12-27,BAJFINANCE.NS,723.280029296875,739.6,729.04
2023-12-28,BAJFINANCE.NS,725.864990234375,734.9,728.7
2023-12-29,BAJFINANCE.NS,732.7750244140625,730.54,729.04
2024-01-01,BAJFINANCE.NS,729.905029296875,727.76,728.83
2024-01-02,BAJFINANCE.NS,743.0050048828125,728.66,729.53
2024-01-03,BAJFINANCE.NS,738.47998046875,729.93,730.58
2024-01-04,BAJFINANCE.NS,770.5549926757812,737.7,732.59
2024-01-05,BAJFINANCE.NS,771.114990234375,744.53,734.53
2024-01-08,BAJFINANCE.NS,773.5999755859375,751.35,736.74
2024-01-09,BAJFINANCE.NS,772.5449829101562,757.03,739.09
2024-01-10,BAJFINANCE.NS,768.0549926757812,762.48,740.93
2024-01-11,BAJFINANCE.NS,766.9749755859375,765.9,742.73
2024-01-12,BAJFINANCE.NS,766.10498046875,769.85,744.53
2024-01-15,BAJFINANCE.NS,747.7999877929688,766.6,745.26
2024-01-16,BAJFINANCE.NS,745.6649780273438,762.96,745.42
2024-01-17,BAJFINANCE.NS,735.885009765625,757.58,745.45
2024-01-18,BAJFINANCE.NS,726.5549926757812,751.01,744.91
2024-01-19,BAJFINANCE.NS,731.9099731445312,745.84,744.67
2024-01-23,BAJFINANCE.NS,707.0700073242188,737.28,743.88
2024-01-24,BAJFINANCE.NS,705.530029296875,728.63,743.09
2024-01-25,BAJFINANCE.NS,708.5499877929688,723.02,742.33
2024-01-29,BAJFINANCE.NS,719.1649780273438,719.24,742.11
2024-01-30,BAJFINANCE.NS,681.719970703125,711.5,739.92
2024-01-31,BAJFINANCE.NS,686.2899780273438,705.75,737.74
2024-02-01,BAJFINANCE.NS,674.3300170898438,697.52,734.93
2024-02-02,BAJFINANCE.NS,684.8300170898438,694.34,732.31
2024-02-05,BAJFINANCE.NS,660.8200073242188,687.96,729.36
2024-02-06,BAJFINANCE.NS,659.8150024414062,681.0,726.8
2024-02-07,BAJFINANCE.NS,670.9199829101562,674.1,724.84
2024-02-08,BAJFINANCE.NS,657.5650024414062,670.65,722.89
2024-02-09,BAJFINANCE.NS,665.4500122070312,667.68,720.96
2024-02-12,BAJFINANCE.NS,656.9149780273438,665.19,718.66
2024-02-13,BAJFINANCE.NS,660.364990234375,661.69,716.25
2024-02-14,BAJFINANCE.NS,664.6500244140625,662.24,714.07
2024-02-15,BAJFINANCE.NS,661.9400024414062,662.54,711.37
2024-02-16,BAJFINANCE.NS,661.9199829101562,661.26,708.82
2024-02-19,BAJFINANCE.NS,671.280029296875,663.22,705.51
2024-02-20,BAJFINANCE.NS,676.3599853515625,664.78,702.35
2024-02-21,BAJFINANCE.NS,668.8800048828125,666.49,698.86
2024-02-22,BAJFINANCE.NS,667.4949951171875,667.5,695.36
2024-02-23,BAJFINANCE.NS,669.7849731445312,668.24,692.08
2024-02-26,BAJFINANCE.NS,664.3250122070312,668.58,688.66
2024-02-27,BAJFINANCE.NS,655.625,667.68,684.98
2024-02-28,BAJFINANCE.NS,649.8699951171875,664.62,681.72
2024-02-29,BAJFINANCE.NS,649.5349731445312,660.79,678.51
2024-03-01,BAJFINANCE.NS,657.14501953125,659.11,675.89
2024-03-04,BAJFINANCE.NS,660.2449951171875,658.08,673.68
2024-03-05,BAJFINANCE.NS,632.4249877929688,652.74,670.36
2024-03-06,BAJFINANCE.NS,631.125,648.0,667.83
2024-03-07,BAJFINANCE.NS,642.10498046875,646.06,665.71
2024-03-11,BAJFINANCE.NS,643.375,645.14,663.54
2024-03-12,BAJFINANCE.NS,643.60498046875,644.29,661.02
2024-03-13,BAJFINANCE.NS,645.614990234375,642.64,659.82
2024-03-14,BAJFINANCE.NS,639.7449951171875,639.71,658.27
2024-03-15,BAJFINANCE.NS,651.4349975585938,642.43,657.51
2024-03-18,BAJFINANCE.NS,650.4650268554688,645.19,656.36
2024-03-19,BAJFINANCE.NS,659.625,647.69,656.32
2024-03-20,BAJFINANCE.NS,664.9500122070312,650.78,656.49
2024-03-21,BAJFINANCE.NS,671.5750122070312,654.77,656.51
2024-03-22,BAJFINANCE.NS,676.0900268554688,659.13,657.13
2024-03-26,BAJFINANCE.NS,691.010009765625,666.45,657.98
2024-03-27,BAJFINANCE.NS,702.2750244140625,673.71,659.49
2024-03-28,BAJFINANCE.NS,724.5250244140625,684.29,661.63
2024-04-01,BAJFINANCE.NS,725.094970703125,693.65,663.65
2024-04-02,BAJFINANCE.NS,720.739990234375,701.62,665.61
2024-04-03,BAJFINANCE.NS,730.9249877929688,710.09,667.91
2024-04-04,BAJFINANCE.NS,728.3400268554688,717.56,669.81
2024-04-05,BAJFINANCE.NS,717.5650024414062,721.35,671.18
2024-04-08,BAJFINANCE.NS,717.85498046875,723.58,672.82
2024-04-09,BAJFINANCE.NS,719.3599853515625,722.84,674.55
2024-04-10,BAJFINANCE.NS,723.0250244140625,722.54,676.32
2024-04-12,BAJFINANCE.NS,722.9550170898438,722.86,678.27
2024-04-15,BAJFINANCE.NS,707.625,719.53,680.01
2024-04-16,BAJFINANCE.NS,695.4249877929688,714.83,681.53
2024-04-18,BAJFINANCE.NS,689.3200073242188,710.8,682.85
2024-04-19,BAJFINANCE.NS,711.9500122070312,709.95,684.68
2024-04-22,BAJFINANCE.NS,729.219970703125,711.36,686.98
2024-04-23,BAJFINANCE.NS,725.989990234375,711.78,690.1
2024-04-24,BAJFINANCE.NS,732.9149780273438,713.21,693.49
2024-04-25,BAJFINANCE.NS,729.489990234375,716.33,696.4
2024-04-26,BAJFINANCE.NS,673.1199951171875,713.14,697.39
2024-04-29,BAJFINANCE.NS,682.6599731445312,712.19,698.7
2024-04-30,BAJFINANCE.NS,692.35498046875,709.39,700.25
2024-05-02,BAJFINANCE.NS,688.27001953125,703.54,701.87
2024-05-03,BAJFINANCE.NS,693.1500244140625,698.85,703.26
2024-05-06,BAJFINANCE.NS,685.9849853515625,692.15,704.45
2024-05-07,BAJFINANCE.NS,687.2550048828125,686.11,705.37
2024-05-08,BAJFINANCE.NS,679.9450073242188,687.09,705.87
2024-05-09,BAJFINANCE.NS,660.5150146484375,683.93,705.5
2024-05-10,BAJFINANCE.NS,668.4149780273438,680.51,705.24
2024-05-13,BAJFINANCE.NS,671.875,678.16,704.6
2024-05-14,BAJFINANCE.NS,667.5700073242188,674.51,703.45
2024-05-15,BAJFINANCE.NS,668.0,671.94,701.56
2024-05-16,BAJFINANCE.NS,674.7150268554688,670.15,699.88
2024-05-17,BAJFINANCE.NS,672.739990234375,669.12,698.28
2024-05-21,BAJFINANCE.NS,674.2849731445312,671.09,696.4
2024-05-22,BAJFINANCE.NS,674.4550170898438,671.95,694.6
2024-05-23,BAJFINANCE.NS,682.6649780273438,673.49,693.44
2024-05-24,BAJFINANCE.NS,683.6900024414062,675.79,692.3
2024-05-27,BAJFINANCE.NS,689.5499877929688,678.87,691.3
2024-05-28,BAJFINANCE.NS,687.3049926757812,680.67,690.11
2024-05-29,BAJFINANCE.NS,680.6699829101562,681.8,688.7
2024-05-30,BAJFINANCE.NS,661.64501953125,680.0,687.17
2024-05-31,BAJFINANCE.NS,669.77001953125,679.33,686.32
2024-06-03,BAJFINANCE.NS,691.5549926757812,680.6,686.39
2024-06-04,BAJFINANCE.NS,650.9550170898438,675.92,684.36
2024-06-05,BAJFINANCE.NS,683.6649780273438,675.08,682.84
2024-06-06,BAJFINANCE.NS,692.5800170898438,675.83,681.73
2024-06-07,BAJFINANCE.NS,719.1400146484375,681.33,681.27
2024-06-10,BAJFINANCE.NS,708.885009765625,688.08,680.58
2024-06-11,BAJFINANCE.NS,713.8099975585938,694.37,681.94
2024-06-12,BAJFINANCE.NS,721.7750244140625,698.69,683.24
2024-06-13,BAJFINANCE.NS,729.4949951171875,709.91,684.48
2024-06-14,BAJFINANCE.NS,734.155029296875,717.12,686.01
2024-06-18,BAJFINANCE.NS,733.469970703125,722.96,687.35
2024-06-19,BAJFINANCE.NS,723.39501953125,723.57,688.6
2024-06-20,BAJFINANCE.NS,720.7100219726562,725.26,689.71
2024-06-21,BAJFINANCE.NS,713.4249877929688,725.2,690.83
2024-06-24,BAJFINANCE.NS,708.1849975585938,723.26,692.42
2024-06-25,BAJFINANCE.NS,707.4450073242188,720.11,693.72
2024-06-26,BAJFINANCE.NS,715.8200073242188,717.49,695.18
2024-06-27,BAJFINANCE.NS,716.6749877929688,715.09,696.82
2024-06-28,BAJFINANCE.NS,711.5549926757812,713.4,698.27
2024-07-01,BAJFINANCE.NS,727.6749877929688,714.4,700.04
2024-07-02,BAJFINANCE.NS,716.5599975585938,714.84,701.5
2024-07-03,BAJFINANCE.NS,725.8800048828125,717.37,703.22
2024-07-04,BAJFINANCE.NS,710.7050170898438,717.84,704.43
2024-07-05,BAJFINANCE.NS,713.7999877929688,717.55,705.46
2024-07-08,BAJFINANCE.NS,709.8250122070312,716.57,706.34
2024-07-09,BAJFINANCE.NS,706.8049926757812,715.89,706.91
2024-07-10,BAJFINANCE.NS,705.4949951171875,712.72,707.52
2024-07-11,BAJFINANCE.NS,695.030029296875,709.65,708.0
2024-07-12,BAJFINANCE.NS,700.4299926757812,706.01,709.29
2024-07-15,BAJFINANCE.NS,706.375,705.39,710.51
2024-07-16,BAJFINANCE.NS,705.9099731445312,704.27,710.99
2024-07-18,BAJFINANCE.NS,711.0,704.43,712.99
2024-07-19,BAJFINANCE.NS,693.22998046875,702.5,713.31
2024-07-22,BAJFINANCE.NS,688.4249877929688,700.06,713.17
2024-07-23,BAJFINANCE.NS,672.7100219726562,696.87,711.62
2024-07-24,BAJFINANCE.NS,660.7150268554688,691.19,710.02
2024-07-25,BAJFINANCE.NS,664.7750244140625,685.25,708.38
2024-07-26,BAJFINANCE.NS,678.9749755859375,681.4,706.96
2024-07-29,BAJFINANCE.NS,681.2449951171875,677.15,705.35
2024-07-30,BAJFINANCE.NS,682.3599853515625,675.6,703.62
2024-07-31,BAJFINANCE.NS,680.6950073242188,674.5,701.86
2024-08-01,BAJFINANCE.NS,677.1649780273438,675.13,700.32
2024-08-02,BAJFINANCE.NS,672.5,676.82,698.71
2024-08-05,BAJFINANCE.NS,659.6699829101562,676.09,696.92
2024-08-06,BAJFINANCE.NS,653.8350219726562,672.5,695.11
2024-08-07,BAJFINANCE.NS,663.7150268554688,669.99,693.65
2024-08-08,BAJFINANCE.NS,658.219970703125,666.54,691.73
2024-08-09,BAJFINANCE.NS,661.8200073242188,663.85,689.9
2024-08-12,BAJFINANCE.NS,660.8150024414062,661.51,688.21
2024-08-13,BAJFINANCE.NS,646.5050048828125,657.8,685.51
2024-08-14,BAJFINANCE.NS,645.8499755859375,655.82,683.15
2024-08-16,BAJFINANCE.NS,659.0900268554688,656.57,680.92
2024-08-19,BAJFINANCE.NS,661.635009765625,656.28,679.29
2024-08-20,BAJFINANCE.NS,672.219970703125,658.28,677.9
2024-08-21,BAJFINANCE.NS,673.5349731445312,659.95,676.69
2024-08-22,BAJFINANCE.NS,674.3599853515625,661.88,675.61
2024-08-23,BAJFINANCE.NS,673.5850219726562,665.75,674.55
2024-08-26,BAJFINANCE.NS,677.8350219726562,670.32,673.97
2024-08-27,BAJFINANCE.NS,686.3599853515625,674.22,673.5
2024-08-28,BAJFINANCE.NS,690.0,678.27,672.96
2024-08-29,BAJFINANCE.NS,706.35498046875,683.15,672.97
2024-08-30,BAJFINANCE.NS,720.0150146484375,689.79,673.27
2024-09-02,BAJFINANCE.NS,744.0050048828125,699.74,674.97
2024-09-03,BAJFINANCE.NS,735.3800048828125,708.56,676.53
2024-09-04,BAJFINANCE.NS,729.9500122070312,716.01,678.44
2024-09-05,BAJFINANCE.NS,724.489990234375,721.46,680.57
2024-09-06,BAJFINANCE.NS,731.7150268554688,727.42,682.8
2024-09-09,BAJFINANCE.NS,734.7449951171875,731.47,684.66
2024-09-10,BAJFINANCE.NS,724.1849975585938,732.07,686.09
2024-09-11,BAJFINANCE.NS,734.5549926757812,730.72,687.83
2024-09-12,BAJFINANCE.NS,742.8300170898438,731.78,689.9
2024-09-13,BAJFINANCE.NS,759.8499755859375,736.05,692.65
2024-09-16,BAJFINANCE.NS,734.5750122070312,737.49,694.72
2024-09-17,BAJFINANCE.NS,736.5499877929688,738.18,697.29
2024-09-18,BAJFINANCE.NS,763.1099853515625,742.24,700.93
2024-09-19,BAJFINANCE.NS,759.0349731445312,747.21,704.11
2024-09-20,BAJFINANCE.NS,758.2449951171875,750.6,707.44
2024-09-23,BAJFINANCE.NS,759.510009765625,752.98,710.7
2024-09-24,BAJFINANCE.NS,755.4199829101562,752.35,713.85
2024-09-25,BAJFINANCE.NS,762.3900146484375,756.32,717.71
2024-09-26,BAJFINANCE.NS,776.8400268554688,762.08,722.08
2024-09-27,BAJFINANCE.NS,775.5999755859375,763.86,725.96
2024-09-30,BAJFINANCE.NS,770.2999877929688,765.47,729.58
2024-10-01,BAJFINANCE.NS,770.2999877929688,767.19,732.85
2024-10-03,BAJFINANCE.NS,743.385009765625,764.89,735.18
2024-10-04,BAJFINANCE.NS,721.135009765625,759.99,736.74
2024-10-07,BAJFINANCE.NS,726.9400024414062,754.93,738.52
2024-10-08,BAJFINANCE.NS,718.6950073242188,746.62,739.88
2024-10-09,BAJFINANCE.NS,730.0449829101562,740.11,741.34
2024-10-10,BAJFINANCE.NS,731.969970703125,734.64,742.74
2024-10-11,BAJFINANCE.NS,730.2000122070312,728.91,743.53
2024-10-14,BAJFINANCE.NS,720.8800048828125,725.69,743.56
2024-10-15,BAJFINANCE.NS,701.6900024414062,722.92,742.15
2024-10-16,BAJFINANCE.NS,695.635009765625,718.44,740.83
2024-10-17,BAJFINANCE.NS,689.9500122070312,714.34,739.49
2024-10-18,BAJFINANCE.NS,689.9550170898438,708.61,738.34
2024-10-21,BAJFINANCE.NS,678.0900268554688,700.91,736.55
2024-10-22,BAJFINANCE.NS,667.7899780273438,692.0,734.32
2024-10-23,BAJFINANCE.NS,699.5800170898438,688.96,733.5
2024-10-24,BAJFINANCE.NS,704.0900268554688,689.3,732.49
2024-10-25,BAJFINANCE.NS,691.0150146484375,688.64,730.76
2024-10-28,BAJFINANCE.NS,691.135009765625,688.81,728.47
2024-10-29,BAJFINANCE.NS,702.25,690.56,727.39
2024-10-30,BAJFINANCE.NS,695.5,693.05,726.02
2024-10-31,BAJFINANCE.NS,688.9749755859375,696.08,723.55
2024-11-01,BAJFINANCE.NS,692.3599853515625,695.05,721.33
2024-11-04,BAJFINANCE.NS,684.3699951171875,692.23,718.87
2024-11-05,BAJFINANCE.NS,693.0349731445312,692.52,716.65
2024-11-06,BAJFINANCE.NS,700.6199951171875,693.87,714.82
2024-11-07,BAJFINANCE.NS,690.4500122070312,692.19,712.43
2024-11-08,BAJFINANCE.NS,689.594970703125,691.34,709.52
2024-11-11,BAJFINANCE.NS,677.8800048828125,689.76,706.26
2024-11-12,BAJFINANCE.NS,663.8200073242188,685.68,702.71
2024-11-13,BAJFINANCE.NS,656.5999755859375,681.71,698.92
2024-11-14,BAJFINANCE.NS,654.9149780273438,676.27,695.97
2024-11-18,BAJFINANCE.NS,656.7949829101562,670.01,693.83
2024-11-19,BAJFINANCE.NS,659.530029296875,665.59,691.58
2024-11-21,BAJFINANCE.NS,646.5650024414062,659.44,689.18
2024-11-22,BAJFINANCE.NS,668.39501953125,658.09,687.12
2024-11-25,BAJFINANCE.NS,668.5399780273438,658.76,685.01
2024-11-26,BAJFINANCE.NS,661.7949829101562,659.5,682.73
2024-11-27,BAJFINANCE.NS,670.52001953125,661.73,681.05
2024-11-28,BAJFINANCE.NS,650.9400024414062,660.9,679.36
2024-11-29,BAJFINANCE.NS,657.5900268554688,660.62,678.09
2024-12-02,BAJFINANCE.NS,665.0650024414062,663.26,677.26
2024-12-03,BAJFINANCE.NS,667.5449829101562,663.14,676.51
2024-12-04,BAJFINANCE.NS,674.0,663.92,676.38
2024-12-05,BAJFINANCE.NS,685.0399780273438,667.24,676.95
2024-12-06,BAJFINANCE.NS,685.030029296875,669.32,676.47
2024-12-09,BAJFINANCE.NS,686.8350219726562,674.44,675.89
2024-12-10,BAJFINANCE.NS,693.6199951171875,679.59,675.98
2024-12-11,BAJFINANCE.NS,711.510009765625,686.23,676.66
2024-12-12,BAJFINANCE.NS,712.5800170898438,692.66,677.0
2024-12-13,BAJFINANCE.NS,718.280029296875,698.99,677.76
2024-12-16,BAJFINANCE.NS,720.8400268554688,704.1,678.82
2024-12-17,BAJFINANCE.NS,715.280029296875,708.42,679.59
2024-12-18,BAJFINANCE.NS,707.4450073242188,711.37,680.36
2024-12-19,BAJFINANCE.NS,691.85498046875,711.11,680.32
2024-12-20,BAJFINANCE.NS,684.8250122070312,707.3,679.79
2024-12-23,BAJFINANCE.NS,686.6699829101562,703.6,679.66
2024-12-24,BAJFINANCE.NS,680.8200073242188,698.25,679.37
2024-12-26,BAJFINANCE.NS,681.5750122070312,692.64,679.49
2024-12-27,BAJFINANCE.NS,690.7750244140625,689.14,680.39
2024-12-30,BAJFINANCE.NS,688.8250122070312,686.48,681.47
2024-12-31,BAJFINANCE.NS,682.2999877929688,685.11,682.38
2025-01-01,BAJFINANCE.NS,693.530029296875,686.36,683.6
2025-01-02,BAJFINANCE.NS,738.9199829101562,693.82,686.25
2025-01-03,BAJFINANCE.NS,740.7249755859375,702.38,689.39
2025-01-06,BAJFINANCE.NS,734.9349975585938,710.0,691.61
2025-01-07,BAJFINANCE.NS,735.39501953125,716.38,693.84
2025-01-08,BAJFINANCE.NS,735.5399780273438,723.05,696.29
2025-01-09,BAJFINANCE.NS,727.7449951171875,729.54,698.2
2025-01-10,BAJFINANCE.NS,728.8049926757812,734.58,700.8
2025-01-13,BAJFINANCE.NS,715.094970703125,731.18,702.71
2025-01-14,BAJFINANCE.NS,733.5,730.14,704.99
2025-01-15,BAJFINANCE.NS,717.739990234375,727.69,706.67
2025-01-16,BAJFINANCE.NS,725.9749755859375,726.34,708.4
2025-01-17,BAJFINANCE.NS,718.2100219726562,723.87,709.51
2025-01-20,BAJFINANCE.NS,744.010009765625,726.19,711.47
2025-01-21,BAJFINANCE.NS,729.1649780273438,726.24,712.88
2025-01-22,BAJFINANCE.NS,739.7150268554688,729.76,714.42
2025-01-23,BAJFINANCE.NS,744.3250122070312,731.31,715.51
2025-01-24,BAJFINANCE.NS,743.8599853515625,735.04,716.56
2025-01-27,BAJFINANCE.NS,729.5449829101562,735.55,716.93
2025-01-28,BAJFINANCE.NS,760.6599731445312,741.61,718.26
2025-01-29,BAJFINANCE.NS,775.9650268554688,746.18,720.28
2025-01-30,BAJFINANCE.NS,790.1649780273438,754.89,723.04
2025-01-31,BAJFINANCE.NS,788.510009765625,761.86,726.26
2025-02-01,BAJFINANCE.NS,800.010009765625,769.82,730.1
2025-02-03,BAJFINANCE.NS,842.5800170898438,783.92,735.3
2025-02-04,BAJFINANCE.NS,847.5349731445312,800.77,740.85
2025-02-05,BAJFINANCE.NS,850.9450073242188,813.67,746.5
2025-02-06,BAJFINANCE.NS,850.72998046875,824.35,751.83
2025-02-07,BAJFINANCE.NS,847.4249877929688,832.53,757.12
2025-02-10,BAJFINANCE.NS,828.6799926757812,838.27,762.0
2025-02-11,BAJFINANCE.NS,819.1199951171875,841.0,766.18
2025-02-12,BAJFINANCE.NS,821.405029296875,837.98,768.93
2025-02-13,BAJFINANCE.NS,840.9000244140625,837.03,772.27
2025-02-14,BAJFINANCE.NS,839.22998046875,835.36,775.75
2025-02-17,BAJFINANCE.NS,842.6599731445312,834.2,779.32
2025-02-18,BAJFINANCE.NS,846.5900268554688,834.08,783.03
2025-02-19,BAJFINANCE.NS,843.9450073242188,836.26,786.9
2025-02-20,BAJFINANCE.NS,839.9450073242188,839.24,790.6
2025-02-21,BAJFINANCE.NS,839.6699829101562,841.85,794.76
2025-02-24,BAJFINANCE.NS,835.4949951171875,841.08,798.16
2025-02-25,BAJFINANCE.NS,848.8800048828125,842.45,802.53
2025-02-27,BAJFINANCE.NS,870.5399780273438,846.44,807.35
2025-02-28,BAJFINANCE.NS,853.030029296875,847.36,811.84
2025-03-03,BAJFINANCE.NS,862.7849731445312,850.05,815.8
2025-03-04,BAJFINANCE.NS,858.594970703125,852.71,820.11
2025-03-05,BAJFINANCE.NS,829.8699951171875,851.31,823.12
2025-03-06,BAJFINANCE.NS,841.0850219726562,852.11,826.35
2025-03-07,BAJFINANCE.NS,840.4500122070312,850.91,829.56
2025-03-10,BAJFINANCE.NS,834.260009765625,845.73,833.06
2025-03-11,BAJFINANCE.NS,834.0449829101562,843.01,835.5
2025-03-12,BAJFINANCE.NS,848.4450073242188,840.96,837.92
2025-03-13,BAJFINANCE.NS,842.0449829101562,838.6,839.65
2025-03-17,BAJFINANCE.NS,858.0349731445312,842.62,841.96
2025-03-18,BAJFINANCE.NS,858.0349731445312,845.04,843.9
2025-03-19,BAJFINANCE.NS,873.1599731445312,849.72,844.92
2025-03-20,BAJFINANCE.NS,867.9650268554688,854.53,845.6
2025-03-21,BAJFINANCE.NS,891.6099853515625,862.76,846.95
2025-03-24,BAJFINANCE.NS,909.0050048828124,871.41,848.9
2025-03-25,BAJFINANCE.NS,906.7249755859376,880.65,850.87
2025-03-26,BAJFINANCE.NS,886.60498046875,884.73,852.8
2025-03-27,BAJFINANCE.NS,900.385009765625,890.78,855.51
2025-03-28,BAJFINANCE.NS,894.5599975585938,893.84,857.95
2025-04-01,BAJFINANCE.NS,869.8200073242188,894.1,858.92
2025-04-02,BAJFINANCE.NS,866.9249877929688,890.57,859.84
2025-04-03,BAJFINANCE.NS,859.4600219726562,883.5,860.4
2025-04-04,BAJFINANCE.NS,871.885009765625,878.52,861.24
2025-04-07,BAJFINANCE.NS,856.7999877929688,874.26,861.67
2025-04-08,BAJFINANCE.NS,882.2249755859375,871.67,863.08
2025-04-09,BAJFINANCE.NS,873.5800170898438,868.67,864.21
2025-04-11,BAJFINANCE.NS,892.1099853515625,871.85,866.1
2025-04-15,BAJFINANCE.NS,914.0999755859376,878.59,868.27
2025-04-16,BAJFINANCE.NS,905.6500244140624,885.19,869.44
2025-04-17,BAJFINANCE.NS,916.25,891.53,871.55
2025-04-21,BAJFINANCE.NS,927.3499755859376,901.61,873.7
2025-04-22,BAJFINANCE.NS,926.0499877929688,907.87,875.95
2025-04-23,BAJFINANCE.NS,932.2999877929688,916.26,879.36
2025-04-24,BAJFINANCE.NS,930.0999755859376,921.69,882.33
2025-04-25,BAJFINANCE.NS,911.2000122070312,921.27,884.69
2025-04-28,BAJFINANCE.NS,909.2999877929688,921.79,887.19
2025-04-29,BAJFINANCE.NS,909.2999877929688,920.8,889.7
2025-04-30,BAJFINANCE.NS,863.4500122070312,911.67,890.2
2025-05-02,BAJFINANCE.NS,886.8499755859375,906.07,891.69
2025-05-05,BAJFINANCE.NS,893.2000122070312,900.49,892.87
2025-05-06,BAJFINANCE.NS,879.75,893.29,893.59
2025-05-07,BAJFINANCE.NS,898.6500244140625,891.5,894.44
2025-05-08,BAJFINANCE.NS,883.25,887.78,894.95
2025-05-09,BAJFINANCE.NS,864.0999755859375,881.32,894.03
2025-05-12,BAJFINANCE.NS,901.8499755859376,886.81,893.79
2025-05-13,BAJFINANCE.NS,904.2000122070312,889.29,893.71
2025-05-14,BAJFINANCE.NS,908.0999755859376,891.41,894.42
2025-05-15,BAJFINANCE.NS,918.8499755859376,897.0,895.04
2025-05-16,BAJFINANCE.NS,916.7000122070312,899.58,895.78
2025-05-19,BAJFINANCE.NS,925.5499877929688,905.62,897.64
2025-05-20,BAJFINANCE.NS,907.9000244140624,911.88,899.0
2025-05-21,BAJFINANCE.NS,919.75,914.44,901.01
2025-05-22,BAJFINANCE.NS,913.9000244140624,915.82,902.41
2025-05-23,BAJFINANCE.NS,924.3499755859376,918.14,904.66
2025-05-26,BAJFINANCE.NS,926.9500122070312,919.3,906.15
2025-05-27,BAJFINANCE.NS,917.0999755859376,919.36,907.61
2025-05-28,BAJFINANCE.NS,926.75,919.53,908.76
2025-05-29,BAJFINANCE.NS,920.4000244140624,921.31,908.97
2025-05-30,BAJFINANCE.NS,918.0499877929688,921.07,909.38
2025-06-02,BAJFINANCE.NS,911.8499755859376,920.78,909.24
2025-06-03,BAJFINANCE.NS,897.9000244140625,917.0,908.25
2025-06-04,BAJFINANCE.NS,898.7000122070312,912.96,907.34
2025-06-05,BAJFINANCE.NS,893.4000244140625,909.58,906.05
2025-06-06,BAJFINANCE.NS,937.1500244140624,911.06,906.28
2025-06-09,BAJFINANCE.NS,960.75,916.83,907.93
2025-06-10,BAJFINANCE.NS,949.75,921.36,909.28
2025-06-11,BAJFINANCE.NS,942.5,925.74,910.39
2025-06-12,BAJFINANCE.NS,936.8499755859376,931.3,912.83
2025-06-13,BAJFINANCE.NS,933.0999755859376,936.21,914.38
2025-06-16,BAJFINANCE.NS,938.0,942.59,915.87
2025-06-17,BAJFINANCE.NS,923.0,940.56,917.31
2025-06-18,BAJFINANCE.NS,919.0,934.6,917.99
2025-06-19,BAJFINANCE.NS,900.5,927.56,918.56
2025-06-20,BAJFINANCE.NS,905.0,922.21,919.93
2025-06-23,BAJFINANCE.NS,915.5,919.16,920.38
2025-06-24,BAJFINANCE.NS,916.5,916.79,920.79
2025-06-25,BAJFINANCE.NS,928.0,915.36,921.46
2025-06-26,BAJFINANCE.NS,951.5,919.43,922.55
2025-06-27,BAJFINANCE.NS,947.0,923.43,923.56
2025-06-30,BAJFINANCE.NS,936.5,928.57,923.92
2025-07-01,BAJFINANCE.NS,936.6500244140624,933.09,924.88
2025-07-02,BAJFINANCE.NS,923.0,934.16,924.99
2025-07-03,BAJFINANCE.NS,910.1500244140624,933.26,924.86
2025-07-04,BAJFINANCE.NS,925.2999877929688,932.87,924.89
2025-07-07,BAJFINANCE.NS,924.6500244140624,929.04,924.82
2025-07-08,BAJFINANCE.NS,927.6500244140624,926.27,925.17
2025-07-09,BAJFINANCE.NS,940.5999755859376,926.86,925.63
2025-07-10,BAJFINANCE.NS,947.6500244140624,928.43,926.54
2025-07-11,BAJFINANCE.NS,933.5,929.93,927.05
2025-07-14,BAJFINANCE.NS,918.8499755859376,931.17,927.29
2025-07-15,BAJFINANCE.NS,928.4000244140624,931.61,928.3
2025-07-16,BAJFINANCE.NS,921.75,931.2,929.07
2025-07-17,BAJFINANCE.NS,923.2999877929688,930.58,930.07
2025-07-18,BAJFINANCE.NS,942.0,930.78,930.23
2025-07-21,BAJFINANCE.NS,948.4500122070312,930.89,929.82
2025-07-22,BAJFINANCE.NS,952.5499877929688,933.61,929.91
2025-07-23,BAJFINANCE.NS,968.2999877929688,940.68,930.77
2025-07-24,BAJFINANCE.NS,958.9500122070312,945.04,931.51
2025-07-25,BAJFINANCE.NS,913.75,943.9,930.87
2025-07-28,BAJFINANCE.NS,880.5,937.79,928.95
2025-07-29,BAJFINANCE.NS,886.5499877929688,929.86,927.73
2025-07-30,BAJFINANCE.NS,884.8499755859375,920.78,926.6
2025-07-31,BAJFINANCE.NS,881.2000122070312,910.59,925.95
2025-08-01,BAJFINANCE.NS,875.5999755859375,897.34,924.97
2025-08-04,BAJFINANCE.NS,885.2999877929688,886.82,923.97
2025-08-05,BAJFINANCE.NS,891.9000244140625,883.7,923.15
2025-08-06,BAJFINANCE.NS,876.6500244140625,883.15,921.43
2025-08-07,BAJFINANCE.NS,879.0999755859375,882.09,919.02
2025-08-08,BAJFINANCE.NS,877.1500244140625,880.99,916.69
2025-08-11,BAJFINANCE.NS,877.7999877929688,880.5,914.74
2025-08-12,BAJFINANCE.NS,853.0,877.27,911.95
2025-08-13,BAJFINANCE.NS,860.0,873.66,909.85
2025-08-14,BAJFINANCE.NS,861.4500122070312,869.31,908.22
2025-08-18,BAJFINANCE.NS,905.2000122070312,873.39,907.55
2025-08-19,BAJFINANCE.NS,902.2999877929688,876.7,906.81
2025-08-20,BAJFINANCE.NS,887.7999877929688,878.22,905.48
2025-08-21,BAJFINANCE.NS,895.5999755859375,880.76,903.98
2025-08-22,BAJFINANCE.NS,894.5,886.69,902.21
2025-08-25,BAJFINANCE.NS,900.7999877929688,892.52,901.12
2025-08-26,BAJFINANCE.NS,876.25,894.64,899.7
2025-08-28,BAJFINANCE.NS,876.8499755859375,890.59,897.98
2025-08-29,BAJFINANCE.NS,877.8499755859375,887.09,896.52
2025-09-01,BAJFINANCE.NS,889.3499755859375,887.31,895.38
2025-09-02,BAJFINANCE.NS,890.0999755859375,886.53,893.65
2025-09-03,BAJFINANCE.NS,896.2999877929688,886.79,891.92
2025-09-04,BAJFINANCE.NS,934.75,891.64,891.32
2025-09-05,BAJFINANCE.NS,937.5999755859376,900.4,890.3
2025-09-08,BAJFINANCE.NS,944.2999877929688,910.04,889.81
2025-09-09,BAJFINANCE.NS,948.4000244140624,920.11,890.97
2025-09-10,BAJFINANCE.NS,967.9500122070312,931.34,893.88
2025-09-11,BAJFINANCE.NS,970.25,942.79,896.67
2025-09-12,BAJFINANCE.NS,1003.25,958.07,900.62
2025-09-15,BAJFINANCE.NS,1009.8499755859376,968.8,904.91
2025-09-16,BAJFINANCE.NS,1003.25,978.18,909.16
2025-09-17,BAJFINANCE.NS,1007.5,987.21,913.23
2025-09-18,BAJFINANCE.NS,996.5,994.08,916.72
2025-09-19,BAJFINANCE.NS,992.4500122070312,997.58,920.58
2025-09-22,BAJFINANCE.NS,1006.5,1002.76,924.83
2025-09-23,BAJFINANCE.NS,1025.5,1005.94,929.77
2025-09-24,BAJFINANCE.NS,1029.75,1008.78,934.84
2025-09-25,BAJFINANCE.NS,1012.75,1010.14,940.16
2025-09-26,BAJFINANCE.NS,985.0999755859376,1006.94,944.33
2025-09-29,BAJFINANCE.NS,990.9500122070312,1006.14,948.65
2025-09-30,BAJFINANCE.NS,998.9000244140624,1007.06,951.77
2025-10-01,BAJFINANCE.NS,987.7000122070312,1004.38,954.62
2025-10-03,BAJFINANCE.NS,989.75,999.27,958.02
2025-10-06,BAJFINANCE.NS,1008.9000244140624,996.29,961.79
2025-10-07,BAJFINANCE.NS,1016.5499877929688,996.84,965.86
2025-10-08,BAJFINANCE.NS,1023.1500244140624,1002.27,969.94
2025-10-09,BAJFINANCE.NS,1024.0999755859375,1007.01,974.87
2025-10-10,BAJFINANCE.NS,1023.8499755859376,1010.57,979.77
2025-10-13,BAJFINANCE.NS,1036.75,1017.58,985.07
2025-10-14,BAJFINANCE.NS,1019.1500244140624,1021.78,989.39
2025-10-15,BAJFINANCE.NS,1059.9000244140625,1029.06,995.05
2025-10-16,BAJFINANCE.NS,1065.75,1036.09,1000.7
2025-10-17,BAJFINANCE.NS,1070.0999755859375,1042.8,1005.21
2025-10-20,BAJFINANCE.NS,1081.0,1050.93,1009.99
2025-10-21,BAJFINANCE.NS,1086.5,1059.88,1014.73
2025-10-23,BAJFINANCE.NS,1094.1500244140625,1068.08,1019.59
2025-10-24,BAJFINANCE.NS,1089.75,1078.16,1023.65
2025-10-27,BAJFINANCE.NS,1084.4000244140625,1081.66,1027.46
2025-10-28,BAJFINANCE.NS,1072.75,1082.66,1029.77
2025-10-29,BAJFINANCE.NS,1062.949951171875,1081.64,1031.54
2025-10-30,BAJFINANCE.NS,1052.300048828125,1077.54,1033.18
2025-10-31,BAJFINANCE.NS,1042.800048828125,1071.3,1034.36
2025-11-03,BAJFINANCE.NS,1043.0999755859375,1064.01,1035.91
2025-11-04,BAJFINANCE.NS,1057.0,1059.33,1038.06
2025-11-06,BAJFINANCE.NS,1041.9000244140625,1053.26,1039.24
2025-11-07,BAJFINANCE.NS,1066.5999755859375,1052.38,1040.61
2025-11-10,BAJFINANCE.NS,1085.0,1055.53,1042.45
2025-11-11,BAJFINANCE.NS,1005.2000122070312,1048.8,1042.2
2025-11-12,BAJFINANCE.NS,1013.2000122070312,1044.57,1043.14
2025-11-13,BAJFINANCE.NS,1005.4000244140624,1039.19,1043.62
2025-11-14,BAJFINANCE.NS,1018.5,1033.69,1044.27
2025-11-17,BAJFINANCE.NS,1026.800048828125,1031.53,1045.58
2025-11-18,BAJFINANCE.NS,1013.5999755859376,1023.96,1046.37
2025-11-19,BAJFINANCE.NS,1005.5999755859376,1012.61,1046.26
2025-11-20,BAJFINANCE.NS,1028.5999755859375,1015.96,1046.66
2025-11-21,BAJFINANCE.NS,1004.0999755859376,1014.66,1046.03
2025-11-24,BAJFINANCE.NS,994.0,1013.03,1045.02
2025-11-25,BAJFINANCE.NS,986.2000122070312,1008.41,1043.77
2025-11-26,BAJFINANCE.NS,1010.7000122070312,1006.11,1042.9
2025-11-27,BAJFINANCE.NS,1033.800048828125,1009.0,1043.39
2025-11-28,BAJFINANCE.NS,1037.5,1013.56,1042.64
2025-12-01,BAJFINANCE.NS,1021.0999755859376,1012.49,1041.15
2025-12-02,BAJFINANCE.NS,1025.5,1015.54,1039.67
2025-12-03,BAJFINANCE.NS,1021.4000244140624,1019.46,1037.68
2025-12-04,BAJFINANCE.NS,1029.0999755859375,1025.59,1035.77
2025-12-05,BAJFINANCE.NS,1048.0,1030.91,1034.23
2025-12-08,BAJFINANCE.NS,1026.4000244140625,1029.86,1032.12
2025-12-09,BAJFINANCE.NS,1016.7000122070312,1026.89,1029.86
2025-12-10,BAJFINANCE.NS,1010.2999877929688,1025.34,1027.78
2025-12-11,BAJFINANCE.NS,1006.4000244140624,1022.61,1025.89
2025-12-12,BAJFINANCE.NS,1017.2999877929688,1022.03,1024.73
2025-12-15,BAJFINANCE.NS,1012.7000122070312,1019.69,1023.72
2025-12-16,BAJFINANCE.NS,998.4000244140624,1012.6,1022.23
2025-12-17,BAJFINANCE.NS,999.5999755859376,1008.77,1020.32
2025-12-18,BAJFINANCE.NS,1000.2999877929688,1006.43,1018.93
2025-12-19,BAJFINANCE.NS,1008.2999877929688,1006.14,1016.99
2025-12-22,BAJFINANCE.NS,1007.7999877929688,1006.34,1014.42
2025-12-23,BAJFINANCE.NS,1011.4000244140624,1005.5,1014.62
2025-12-24,BAJFINANCE.NS,1011.7000122070312,1005.36,1014.57
2025-12-26,BAJFINANCE.NS,1000.0,1005.59,1014.39
2025-12-29,BAJFINANCE.NS,998.0,1005.36,1013.71
2025-12-30,BAJFINANCE.NS,989.2999877929688,1003.79,1012.46
2025-12-31,BAJFINANCE.NS,986.7999877929688,1000.71,1011.57
2026-01-01,BAJFINANCE.NS,973.0999755859376,995.76,1010.48
2026-01-02,BAJFINANCE.NS,990.4500122070312,992.76,1009.21
2026-01-05,BAJFINANCE.NS,978.75,988.06,1008.37
2026-01-06,BAJFINANCE.NS,977.3499755859376,984.82,1007.81
2026-01-07,BAJFINANCE.NS,968.7999877929688,980.65,1007.23
2026-01-08,BAJFINANCE.NS,971.9500122070312,978.17,1005.94
2026-01-09,BAJFINANCE.NS,959.5999755859376,974.29,1003.47
2026-01-12,BAJFINANCE.NS,951.9000244140624,971.26,1000.61
2026-01-13,BAJFINANCE.NS,949.0,965.34,998.21
2026-01-14,BAJFINANCE.NS,945.9500122070312,960.65,995.56
2026-01-15,BAJFINANCE.NS,945.9500122070312,956.16,993.04
2026-01-16,BAJFINANCE.NS,950.25,953.51,990.42
2026-01-19,BAJFINANCE.NS,969.4500122070312,953.16,987.8
2026-01-20,BAJFINANCE.NS,933.2000122070312,949.39,984.69
2026-01-21,BAJFINANCE.NS,936.25,947.15,982.01
2026-01-22,BAJFINANCE.NS,942.8499755859376,946.27,979.76
2026-01-23,BAJFINANCE.NS,927.8499755859376,943.69,977.14
2026-01-27,BAJFINANCE.NS,914.7000122070312,939.22,973.72
2026-01-28,BAJFINANCE.NS,935.1500244140624,937.06,971.14
2026-01-29,BAJFINANCE.NS,935.1500244140624,932.16,969.03
2026-01-30,BAJFINANCE.NS,929.8499755859376,931.69,966.7
2026-02-02,BAJFINANCE.NS,903.7000122070312,927.04,963.48
2026-02-03,BAJFINANCE.NS,964.4000244140624,930.11,962.02
2026-02-04,BAJFINANCE.NS,963.2999877929688,935.18,960.54
2026-02-05,BAJFINANCE.NS,964.75,942.33,958.98
2026-02-06,BAJFINANCE.NS,981.7000122070312,948.98,957.98
2026-02-09,BAJFINANCE.NS,983.1500244140624,955.84,957.42
2026-02-10,BAJFINANCE.NS,965.5999755859376,960.94,956.34
2026-02-11,BAJFINANCE.NS,968.9500122070312,970.26,955.66
2026-02-12,BAJFINANCE.NS,999.0999755859376,975.22,956.07
2026-02-13,BAJFINANCE.NS,1024.75,984.0,957.79
2026-02-16,BAJFINANCE.NS,1012.75,990.86,958.54
2026-02-17,BAJFINANCE.NS,1014.1500244140624,995.49,959.72
2026-02-18,BAJFINANCE.NS,1023.7999877929688,1001.3,961.27
2026-02-19,BAJFINANCE.NS,1017.0499877929688,1008.65,962.87
2026-02-20,BAJFINANCE.NS,1030.199951171875,1017.4,964.82
2026-02-23,BAJFINANCE.NS,1031.0,1021.96,967.2
2026-02-24,BAJFINANCE.NS,1023.5499877929688,1021.79,969.58
2026-02-25,BAJFINANCE.NS,1021.0499877929688,1022.97,971.98
2026-02-26,BAJFINANCE.NS,1012.9500122070312,1022.8,974.22
2026-02-27,BAJFINANCE.NS,995.9000244140624,1018.81,975.88
2026-03-02,BAJFINANCE.NS,978.25,1013.27,976.82
2026-03-04,BAJFINANCE.NS,945.0999755859376,1001.11,976.0
2026-03-05,BAJFINANCE.NS,962.4000244140624,991.31,976.98
2026-03-06,BAJFINANCE.NS,950.2000122070312,980.84,977.44
2026-03-09,BAJFINANCE.NS,938.0499877929688,968.98,977.28
2026-03-10,BAJFINANCE.NS,939.7999877929688,958.53,977.68
2026-03-11,BAJFINANCE.NS,893.6500244140625,943.92,976.98
2026-03-12,BAJFINANCE.NS,863.0999755859375,927.47,974.58
2026-03-13,BAJFINANCE.NS,855.0499877929688,914.61,971.91
2026-03-16,BAJFINANCE.NS,878.1500244140625,902.57,970.18
2026-03-17,BAJFINANCE.NS,868.5999755859375,890.91,969.01
2026-03-18,BAJFINANCE.NS,880.0999755859375,882.64,966.2
2026-03-19,BAJFINANCE.NS,832.2000122070312,867.26,961.83
2026-03-20,BAJFINANCE.NS,830.5499877929688,858.25,957.36
2026-03-23,BAJFINANCE.NS,812.5999755859375,851.04,951.72
2026-03-24,BAJFINANCE.NS,849.0,850.17,947.25
2026-03-25,BAJFINANCE.NS,882.75,850.83,944.49
2026-03-27,BAJFINANCE.NS,843.7999877929688,847.29,940.32
2026-03-30,BAJFINANCE.NS,801.5499877929688,836.06,933.73
2026-04-01,BAJFINANCE.NS,817.2999877929688,833.94,926.82
2026-04-02,BAJFINANCE.NS,826.8499755859375,833.41,920.62
2026-04-06,BAJFINANCE.NS,850.8499755859375,838.87,915.18
2026-04-07,BAJFINANCE.NS,855.0999755859375,839.74,909.56
2026-04-08,BAJFINANCE.NS,915.0499877929688,844.36,906.16
2026-04-09,BAJFINANCE.NS,903.25,852.85,901.92
2026-04-10,BAJFINANCE.NS,924.5499877929688,870.42,898.38
2026-04-13,BAJFINANCE.NS,898.9500122070312,882.09,894.22
2026-04-15,BAJFINANCE.NS,913.1500244140624,894.41,890.63
2026-04-16,BAJFINANCE.NS,905.9000244140624,902.28,887.06
2026-04-17,BAJFINANCE.NS,908.25,909.87,884.14
2026-04-20,BAJFINANCE.NS,917.75,910.26,882.12
2026-04-21,BAJFINANCE.NS,938.8499755859376,915.34,881.91
2026-04-22,BAJFINANCE.NS,934.75,916.8,880.99
2026-04-23,BAJFINANCE.NS,918.3499755859376,919.57,879.93
2026-04-24,BAJFINANCE.NS,921.5499877929688,920.77,879.38
2026-04-27,BAJFINANCE.NS,921.7999877929688,923.04,878.78
2026-04-28,BAJFINANCE.NS,923.6500244140624,925.24,879.78
2026-04-29,BAJFINANCE.NS,930.0,926.99,882.01
2026-04-30,BAJFINANCE.NS,937.0,926.73,884.74
2026-05-01,BAJFINANCE.NS,937.0,927.05,886.7
2026-05-04,BAJFINANCE.NS,950.2000122070312,931.6,889.42
2026-05-05,BAJFINANCE.NS,958.5999755859376,936.89,892.04
2026-05-06,BAJFINANCE.NS,980.75,945.31,896.99
2026-05-07,BAJFINANCE.NS,972.75,952.33,901.73
2026-05-08,BAJFINANCE.NS,955.3499755859376,955.95,906.49
2026-05-11,BAJFINANCE.NS,936.0499877929688,955.81,909.39
2026-05-12,BAJFINANCE.NS,904.2000122070312,951.13,910.1
2026-05-13,BAJFINANCE.NS,896.1500244140625,943.41,911.85
2026-05-14,BAJFINANCE.NS,912.1500244140624,936.77,915.54
2026-05-15,BAJFINANCE.NS,910.4500122070312,926.73,918.64
2026-05-18,BAJFINANCE.NS,921.0999755859376,919.35,921.78
2026-05-19,BAJFINANCE.NS,923.5499877929688,914.81,924.21
2026-05-20,BAJFINANCE.NS,923.0999755859376,912.96,926.47
2026-05-21,BAJFINANCE.NS,907.6500244140624,913.45,926.23
2026-05-22,BAJFINANCE.NS,916.5499877929688,916.36,926.67
2026-05-25,BAJFINANCE.NS,941.9000244140624,920.61,927.25
2026-05-26,BAJFINANCE.NS,930.2000122070312,923.44,928.29
2026-05-27,BAJFINANCE.NS,931.1500244140624,924.87,928.89
2026-05-28,BAJFINANCE.NS,931.1500244140624,925.96,929.73
2026-05-29,BAJFINANCE.NS,908.25,923.84,929.73
2023-05-30,GOOGL,123.66999816894533,123.67,123.67
2023-05-31,GOOGL,122.87000274658205,123.27,123.27
2023-06-01,GOOGL,123.72000122070312,123.42,123.42
2023-06-02,GOOGL,124.66999816894533,123.73,123.73
2023-06-05,GOOGL,126.01000213623048,124.19,124.19
2023-06-06,GOOGL,127.30999755859376,124.71,124.71
2023-06-07,GOOGL,122.5,124.39,124.39
2023-06-08,GOOGL,122.13999938964844,124.17,124.11
2023-06-09,GOOGL,122.2300033569336,124.08,123.9
2023-06-12,GOOGL,123.63999938964844,124.07,123.88
2023-06-13,GOOGL,123.83000183105467,123.95,123.87
2023-06-14,GOOGL,123.66999816894533,123.62,123.86
2023-06-15,GOOGL,125.08999633789062,123.3,123.95
2023-06-16,GOOGL,123.52999877929688,123.45,123.92
2023-06-20,GOOGL,123.0999984741211,123.58,123.87
2023-06-21,GOOGL,120.5500030517578,123.34,123.66
2023-06-22,GOOGL,123.1500015258789,123.27,123.63
2023-06-23,GOOGL,122.33999633789062,123.06,123.56
2023-06-26,GOOGL,118.33999633789062,122.3,123.28
2023-06-27,GOOGL,118.33000183105467,121.33,123.03
2023-06-28,GOOGL,120.18000030517578,120.86,122.9
2023-06-29,GOOGL,119.0999984741211,120.28,122.73
2023-06-30,GOOGL,119.6999969482422,120.16,122.59
2023-07-03,GOOGL,119.9000015258789,119.7,122.48
2023-07-05,GOOGL,121.75,119.61,122.45
2023-07-06,GOOGL,120.11000061035156,119.87,122.36
2023-07-07,GOOGL,119.4800033569336,120.03,122.26
2023-07-10,GOOGL,116.4499969482422,119.5,122.05
2023-07-11,GOOGL,117.13999938964844,119.22,121.88
2023-07-12,GOOGL,118.93000030517578,119.11,121.78
2023-07-13,GOOGL,124.54000091552734,119.77,121.81
2023-07-14,GOOGL,125.41999816894533,120.3,121.89
2023-07-17,GOOGL,124.6500015258789,120.94,121.93
2023-07-18,GOOGL,123.76000213623048,121.56,121.9
2023-07-19,GOOGL,122.02999877929688,122.35,121.76
2023-07-20,GOOGL,119.1999969482422,122.65,121.49
2023-07-21,GOOGL,120.0199966430664,122.8,121.41
2023-07-24,GOOGL,121.52999877929688,122.37,121.39
2023-07-25,GOOGL,122.20999908447266,121.91,121.39
2023-07-26,GOOGL,129.27000427246094,122.57,121.58
2023-07-27,GOOGL,129.39999389648438,123.38,121.76
2023-07-28,GOOGL,132.5800018310547,124.89,122.06
2023-07-31,GOOGL,132.72000122070312,126.82,122.31
2023-08-01,GOOGL,131.5500030517578,128.47,122.58
2023-08-02,GOOGL,128.3800048828125,129.44,122.76
2023-08-03,GOOGL,128.4499969482422,130.34,123.02
2023-08-04,GOOGL,128.11000061035156,130.17,123.19
2023-08-07,GOOGL,131.52999877929688,130.47,123.49
2023-08-08,GOOGL,131.39999389648438,130.31,123.93
2023-08-09,GOOGL,129.66000366210938,129.87,124.3
2023-08-10,GOOGL,129.69000244140625,129.6,124.62
2023-08-11,GOOGL,129.55999755859375,129.77,124.97
2023-08-14,GOOGL,131.3300018310547,130.18,125.36
2023-08-15,GOOGL,129.77999877929688,130.42,125.69
2023-08-16,GOOGL,128.6999969482422,130.02,125.92
2023-08-17,GOOGL,129.9199981689453,129.81,126.25
2023-08-18,GOOGL,127.45999908447266,129.49,126.51
2023-08-21,GOOGL,128.3699951171875,129.3,126.91
2023-08-22,GOOGL,129.0800018310547,129.23,127.31
2023-08-23,GOOGL,132.3699951171875,129.38,127.76
2023-08-24,GOOGL,129.77999877929688,129.38,127.93
2023-08-25,GOOGL,129.8800048828125,129.55,128.08
2023-08-28,GOOGL,131.00999450683594,129.71,128.29
2023-08-29,GOOGL,134.57000732421875,130.72,128.65
2023-08-30,GOOGL,135.8800048828125,131.8,129.11
2023-08-31,GOOGL,136.1699981689453,132.81,129.68
2023-09-01,GOOGL,135.66000366210938,133.28,130.2
2023-09-05,GOOGL,135.77000427246094,134.13,130.67
2023-09-06,GOOGL,134.4600067138672,134.79,131.08
2023-09-07,GOOGL,135.25999450683594,135.4,131.28
2023-09-08,GOOGL,136.3800048828125,135.65,131.52
2023-09-11,GOOGL,136.9199981689453,135.8,131.66
2023-09-12,GOOGL,135.33999633789062,135.68,131.75
2023-09-13,GOOGL,136.7100067138672,135.83,131.92
2023-09-14,GOOGL,138.10000610351562,136.17,132.24
2023-09-15,GOOGL,137.39999389648438,136.59,132.54
2023-09-18,GOOGL,138.2100067138672,137.01,132.88
2023-09-19,GOOGL,138.0399932861328,137.25,133.1
2023-09-20,GOOGL,133.74000549316406,136.79,133.17
2023-09-21,GOOGL,130.44000244140625,136.09,133.2
2023-09-22,GOOGL,130.25,135.17,133.22
2023-09-25,GOOGL,131.11000061035156,134.17,133.27
2023-09-26,GOOGL,128.57000732421875,132.91,133.18
2023-09-27,GOOGL,130.5399932861328,131.81,133.2
2023-09-28,GOOGL,132.30999755859375,130.99,133.32
2023-09-29,GOOGL,130.86000061035156,130.58,133.35
2023-10-02,GOOGL,134.1699981689453,131.12,133.58
2023-10-03,GOOGL,132.42999267578125,131.43,133.71
2023-10-04,GOOGL,135.24000549316406,132.02,133.92
2023-10-05,GOOGL,135.07000732421875,132.95,134.01
2023-10-06,GOOGL,137.5800018310547,133.95,134.27
2023-10-09,GOOGL,138.4199981689453,134.82,134.55
2023-10-10,GOOGL,138.05999755859375,135.85,134.79
2023-10-11,GOOGL,140.5500030517578,136.76,134.99
2023-10-12,GOOGL,138.97000122070312,137.7,135.09
2023-10-13,GOOGL,137.36000061035156,138.0,135.13
2023-10-16,GOOGL,139.10000610351562,138.58,135.25
2023-10-17,GOOGL,139.72000122070312,138.88,135.38
2023-10-18,GOOGL,137.9600067138672,138.82,135.49
2023-10-19,GOOGL,137.75,138.77,135.58
2023-10-20,GOOGL,135.60000610351562,138.07,135.55
2023-10-23,GOOGL,136.5,137.71,135.54
2023-10-24,GOOGL,138.80999755859375,137.92,135.65
2023-10-25,GOOGL,125.61000061035156,135.99,135.28
2023-10-26,GOOGL,122.27999877929688,133.5,134.76
2023-10-27,GOOGL,122.16999816894533,131.25,134.25
2023-10-30,GOOGL,124.45999908447266,129.35,133.79
2023-10-31,GOOGL,124.08000183105467,127.7,133.32
2023-11-01,GOOGL,126.4499969482422,126.27,133.08
2023-11-02,GOOGL,127.48999786376952,124.65,132.98
2023-11-03,GOOGL,129.10000610351562,125.15,132.94
2023-11-06,GOOGL,130.25,126.29,132.92
2023-11-07,GOOGL,130.97000122070312,127.54,133.0
2023-11-08,GOOGL,131.83999633789062,128.6,133.04
2023-11-09,GOOGL,130.24000549316406,129.48,132.97
2023-11-10,GOOGL,132.58999633789062,130.35,133.03
2023-11-13,GOOGL,132.08999633789062,131.01,132.96
2023-11-14,GOOGL,133.6199951171875,131.66,133.0
2023-11-15,GOOGL,134.6199951171875,132.28,132.98
2023-11-16,GOOGL,136.92999267578125,133.13,133.04
2023-11-17,GOOGL,135.30999755859375,133.63,132.96
2023-11-20,GOOGL,136.25,134.49,132.89
2023-11-21,GOOGL,136.97000122070312,135.11,132.85
2023-11-22,GOOGL,138.49000549316406,136.03,132.79
2023-11-24,GOOGL,136.69000244140625,136.47,132.71
2023-11-27,GOOGL,136.41000366210938,136.72,132.68
2023-11-28,GOOGL,137.1999969482422,136.76,132.61
2023-11-29,GOOGL,134.99000549316406,136.71,132.46
2023-11-30,GOOGL,132.52999877929688,136.18,132.28
2023-12-01,GOOGL,131.86000061035156,135.45,132.08
2023-12-04,GOOGL,129.27000427246094,134.14,131.87
2023-12-05,GOOGL,130.99000549316406,133.32,131.69
2023-12-06,GOOGL,130.02000427246094,132.41,131.39
2023-12-07,GOOGL,136.92999267578125,132.37,131.77
2023-12-08,GOOGL,134.99000549316406,132.37,132.19
2023-12-11,GOOGL,133.2899932861328,132.48,132.56
2023-12-12,GOOGL,132.52000427246094,132.57,132.83
2023-12-13,GOOGL,132.57000732421875,133.04,133.12
2023-12-14,GOOGL,131.94000244140625,133.18,133.3
2023-12-15,GOOGL,132.60000610351562,133.55,133.47
2023-12-18,GOOGL,135.8000030517578,133.39,133.69
2023-12-19,GOOGL,136.64999389648438,133.62,133.91
2023-12-20,GOOGL,138.33999633789062,134.35,134.15
2023-12-21,GOOGL,140.4199981689453,135.47,134.44
2023-12-22,GOOGL,141.49000549316406,136.75,134.81
2023-12-26,GOOGL,141.52000427246094,138.12,135.11
2023-12-27,GOOGL,140.3699951171875,139.23,135.39
2023-12-28,GOOGL,140.22999572753906,139.86,135.61
2023-12-29,GOOGL,139.69000244140625,140.29,135.78
2024-01-02,GOOGL,138.1699981689453,140.27,135.82
2024-01-03,GOOGL,138.9199981689453,140.06,135.94
2024-01-04,GOOGL,136.38999938964844,139.33,135.94
2024-01-05,GOOGL,135.72999572753906,138.5,135.9
2024-01-08,GOOGL,138.83999633789062,138.28,135.91
2024-01-09,GOOGL,140.9499969482422,138.38,136.05
2024-01-10,GOOGL,142.27999877929688,138.75,136.25
2024-01-11,GOOGL,142.0800018310547,139.31,136.41
2024-01-12,GOOGL,142.64999389648438,139.85,136.67
2024-01-16,GOOGL,142.49000549316406,140.72,137.0
2024-01-17,GOOGL,141.47000122070312,141.54,137.32
2024-01-18,GOOGL,143.47999572753906,142.2,137.79
2024-01-19,GOOGL,146.3800048828125,142.98,138.31
2024-01-22,GOOGL,145.99000549316406,143.51,138.84
2024-01-23,GOOGL,147.0399932861328,144.21,139.18
2024-01-24,GOOGL,148.6999969482422,145.08,139.63
2024-01-25,GOOGL,151.8699951171875,146.42,140.25
2024-01-26,GOOGL,152.19000244140625,147.95,140.91
2024-01-29,GOOGL,153.50999450683594,149.38,141.61
2024-01-30,GOOGL,151.4600067138672,150.11,142.26
2024-01-31,GOOGL,140.10000610351562,149.27,142.51
2024-02-01,GOOGL,141.16000366210938,148.43,142.69
2024-02-02,GOOGL,142.3800048828125,147.52,142.88
2024-02-05,GOOGL,143.67999267578125,146.35,143.05
2024-02-06,GOOGL,144.10000610351562,145.2,143.18
2024-02-07,GOOGL,145.5399932861328,144.06,143.31
2024-02-08,GOOGL,145.91000366210938,143.27,143.46
2024-02-09,GOOGL,149.0,144.54,143.75
2024-02-12,GOOGL,147.52999877929688,145.45,143.99
2024-02-13,GOOGL,145.13999938964844,145.84,144.17
2024-02-14,GOOGL,145.94000244140625,146.17,144.43
2024-02-15,GOOGL,142.77000427246094,145.98,144.56
2024-02-16,GOOGL,140.52000427246094,145.26,144.7
2024-02-20,GOOGL,141.1199951171875,144.57,144.88
2024-02-21,GOOGL,142.5500030517578,143.65,145.0
2024-02-22,GOOGL,144.08999633789062,143.16,145.1
2024-02-23,GOOGL,143.9600067138672,142.99,145.16
2024-02-26,GOOGL,137.57000732421875,141.8,145.01
2024-02-27,GOOGL,138.8800048828125,141.24,144.88
2024-02-28,GOOGL,136.3800048828125,140.65,144.68
2024-02-29,GOOGL,138.4600067138672,140.27,144.58
2024-03-01,GOOGL,137.13999938964844,139.5,144.37
2024-03-04,GOOGL,133.35000610351562,137.96,143.93
2024-03-05,GOOGL,132.6699981689453,136.35,143.49
2024-03-06,GOOGL,131.39999389648438,135.47,142.97
2024-03-07,GOOGL,134.3800048828125,134.83,142.49
2024-03-08,GOOGL,135.41000366210938,134.69,141.94
2024-03-11,GOOGL,137.6699981689453,134.57,141.46
2024-03-12,GOOGL,138.5,134.77,140.96
2024-03-13,GOOGL,139.7899932861328,135.69,140.57
2024-03-14,GOOGL,143.10000610351562,137.18,140.67
2024-03-15,GOOGL,141.17999267578125,138.58,140.67
2024-03-18,GOOGL,147.67999267578125,140.48,140.85
2024-03-19,GOOGL,147.02999877929688,142.14,140.96
2024-03-20,GOOGL,148.74000549316406,143.72,141.11
2024-03-21,GOOGL,147.60000610351562,145.02,141.18
2024-03-22,GOOGL,150.77000427246094,146.59,141.34
2024-03-25,GOOGL,150.07000732421875,147.58,141.38
2024-03-26,GOOGL,150.6699981689453,148.94,141.48
2024-03-27,GOOGL,150.8699951171875,149.39,141.68
2024-03-28,GOOGL,150.92999267578125,149.95,141.84
2024-04-01,GOOGL,155.49000549316406,150.91,142.27
2024-04-02,GOOGL,154.55999755859375,151.91,142.73
2024-04-03,GOOGL,154.9199981689453,152.5,143.19
2024-04-04,GOOGL,150.52999877929688,152.57,143.46
2024-04-05,GOOGL,152.5,152.83,143.74
2024-04-08,GOOGL,154.85000610351562,153.4,144.1
2024-04-09,GOOGL,156.60000610351562,154.21,144.74
2024-04-10,GOOGL,156.13999938964844,154.3,145.31
2024-04-11,GOOGL,159.41000366210938,154.99,146.08
2024-04-12,GOOGL,157.72999572753906,155.39,146.72
2024-04-15,GOOGL,154.86000061035156,156.01,147.31
2024-04-16,GOOGL,154.39999389648438,156.28,148.01
2024-04-17,GOOGL,155.47000122070312,156.37,148.78
2024-04-18,GOOGL,156.00999450683594,156.29,149.6
2024-04-19,GOOGL,154.08999633789062,156.0,150.25
2024-04-22,GOOGL,156.27999877929688,155.55,150.95
2024-04-23,GOOGL,158.25999450683594,155.62,151.63
2024-04-24,GOOGL,159.1300048828125,156.23,152.32
2024-04-25,GOOGL,156.0,156.46,152.86
2024-04-26,GOOGL,171.9499969482422,158.82,153.82
2024-04-29,GOOGL,166.14999389648438,160.27,154.66
2024-04-30,GOOGL,162.77999877929688,161.51,155.16
2024-05-01,GOOGL,163.86000061035156,162.59,155.72
2024-05-02,GOOGL,166.6199951171875,163.78,156.32
2024-05-03,GOOGL,167.24000549316406,164.94,156.97
2024-05-06,GOOGL,168.10000610351562,166.67,157.55
2024-05-07,GOOGL,171.25,166.57,158.25
2024-05-08,GOOGL,169.3800048828125,167.03,158.88
2024-05-09,GOOGL,169.9600067138672,168.06,159.51
2024-05-10,GOOGL,168.64999389648438,168.74,160.11
2024-05-13,GOOGL,169.13999938964844,169.1,160.56
2024-05-14,GOOGL,170.33999633789062,169.55,161.09
2024-05-15,GOOGL,172.50999450683594,170.18,161.67
2024-05-16,GOOGL,174.17999267578125,170.59,162.46
2024-05-17,GOOGL,176.05999755859375,171.55,163.25
2024-05-20,GOOGL,176.9199981689453,172.54,163.98
2024-05-21,GOOGL,177.85000610351562,173.86,164.69
2024-05-22,GOOGL,176.3800048828125,174.89,165.37
2024-05-23,GOOGL,173.5500030517578,175.35,165.84
2024-05-24,GOOGL,174.99000549316406,175.7,166.41
2024-05-28,GOOGL,176.39999389648438,176.02,167.13
2024-05-29,GOOGL,175.89999389648438,176.0,167.85
2024-05-30,GOOGL,172.11000061035156,175.31,168.4
2024-05-31,GOOGL,172.5,174.55,168.95
2024-06-03,GOOGL,173.1699981689453,174.09,169.59
2024-06-04,GOOGL,173.7899932861328,174.12,170.17
2024-06-05,GOOGL,175.41000366210938,174.18,170.74
2024-06-06,GOOGL,176.72999572753906,174.23,171.33
2024-06-07,GOOGL,174.4600067138672,174.02,171.94
2024-06-10,GOOGL,175.00999450683594,174.44,172.05
2024-06-11,GOOGL,176.6199951171875,175.03,172.4
2024-06-12,GOOGL,177.7899932861328,175.69,172.9
2024-06-13,GOOGL,175.16000366210938,175.88,173.27
2024-06-14,GOOGL,176.7899932861328,176.08,173.61
2024-06-17,GOOGL,177.24000549316406,176.15,173.94
2024-06-18,GOOGL,175.08999633789062,176.24,174.18
2024-06-20,GOOGL,176.3000030517578,176.43,174.35
2024-06-21,GOOGL,179.6300048828125,176.86,174.69
2024-06-24,GOOGL,179.22000122070312,177.06,175.0
2024-06-25,GOOGL,184.02999877929688,178.33,175.51
2024-06-26,GOOGL,183.8800048828125,179.34,176.0
2024-06-27,GOOGL,185.41000366210932,180.51,176.5
2024-06-28,GOOGL,182.1499938964844,181.52,176.82
2024-07-01,GOOGL,182.9900054931641,182.47,177.12
2024-07-02,GOOGL,185.2400054931641,183.27,177.42
2024-07-03,GOOGL,185.82000732421875,184.22,177.72
2024-07-05,GOOGL,190.6000061035156,185.16,178.15
2024-07-08,GOOGL,189.02999877929688,185.89,178.57
2024-07-09,GOOGL,188.97999572753903,186.4,179.08
2024-07-10,GOOGL,191.17999267578125,187.69,179.62
2024-07-11,GOOGL,185.57000732421875,188.06,179.93
2024-07-12,GOOGL,185.07000732421875,188.04,180.23
2024-07-15,GOOGL,186.52999877929688,188.14,180.71
2024-07-16,GOOGL,183.9199981689453,187.18,181.09
2024-07-17,GOOGL,181.0200042724609,186.04,181.36
2024-07-18,GOOGL,177.69000244140625,184.43,181.49
2024-07-19,GOOGL,177.66000366210938,182.49,181.56
2024-07-22,GOOGL,181.6699981689453,181.94,181.73
2024-07-23,GOOGL,181.7899932861328,181.47,181.97
2024-07-24,GOOGL,172.6300048828125,179.48,181.89
2024-07-25,GOOGL,167.27999877929688,177.11,181.58
2024-07-26,GOOGL,167.0,175.1,181.22
2024-07-29,GOOGL,169.52999877929688,173.94,181.03
2024-07-30,GOOGL,170.2899932861328,172.88,180.81
2024-07-31,GOOGL,171.5399932861328,171.44,180.62
2024-08-01,GOOGL,170.75999450683594,169.86,180.48
2024-08-02,GOOGL,166.66000366210938,169.01,180.16
2024-08-05,GOOGL,159.25,167.86,179.48
2024-08-06,GOOGL,158.2899932861328,166.62,178.78
2024-08-07,GOOGL,158.94000244140625,165.1,177.95
2024-08-08,GOOGL,162.02999877929688,163.92,177.22
2024-08-09,GOOGL,163.6699981689453,162.8,176.49
2024-08-12,GOOGL,162.2899932861328,161.59,175.83
2024-08-13,GOOGL,164.16000366210938,161.23,175.2
2024-08-14,GOOGL,160.3699951171875,161.39,174.37
2024-08-15,GOOGL,161.3000030517578,161.82,173.56
2024-08-16,GOOGL,162.9600067138672,162.4,172.64
2024-08-19,GOOGL,166.6699981689453,163.06,171.89
2024-08-20,GOOGL,167.17999267578125,163.56,171.16
2024-08-21,GOOGL,165.85000610351562,164.07,170.32
2024-08-22,GOOGL,163.8000030517578,164.02,169.59
2024-08-23,GOOGL,165.6199951171875,164.77,168.94
2024-08-26,GOOGL,166.16000366210938,165.46,168.27
2024-08-27,GOOGL,164.67999267578125,165.71,167.62
2024-08-28,GOOGL,162.85000610351562,165.16,167.02
2024-08-29,GOOGL,161.77999877929688,164.39,166.49
2024-08-30,GOOGL,163.3800048828125,164.04,166.01
2024-09-03,GOOGL,157.36000061035156,163.12,165.2
2024-09-04,GOOGL,156.4499969482422,161.81,164.36
2024-09-05,GOOGL,157.24000549316406,160.53,163.84
2024-09-06,GOOGL,150.9199981689453,158.57,163.3
2024-09-09,GOOGL,148.7100067138672,156.55,162.69
2024-09-10,GOOGL,148.66000366210938,154.67,161.99
2024-09-11,GOOGL,151.16000366210938,152.93,161.36
2024-09-12,GOOGL,154.69000244140625,152.55,160.79
2024-09-13,GOOGL,157.4600067138672,152.69,160.35
2024-09-16,GOOGL,158.05999755859375,152.81,160.06
2024-09-17,GOOGL,159.32000732421875,154.01,160.07
2024-09-18,GOOGL,159.80999755859375,155.59,160.12
2024-09-19,GOOGL,162.13999938964844,157.52,160.22
2024-09-20,GOOGL,163.58999633789062,159.3,160.28
2024-09-23,GOOGL,161.85000610351562,160.32,160.22
2024-09-24,GOOGL,162.2899932861328,161.01,160.22
2024-09-25,GOOGL,161.49000549316406,161.5,160.13
2024-09-26,GOOGL,162.72999572753906,161.99,160.21
2024-09-27,GOOGL,163.9499969482422,162.58,160.29
2024-09-30,GOOGL,165.85000610351562,163.11,160.39
2024-10-01,GOOGL,166.99000549316406,163.59,160.4
2024-10-02,GOOGL,165.86000061035156,164.17,160.36
2024-10-03,GOOGL,165.86000061035156,164.68,160.36
2024-10-04,GOOGL,167.05999755859375,165.47,160.47
2024-10-07,GOOGL,162.97999572753906,165.51,160.38
2024-10-08,GOOGL,164.3800048828125,165.57,160.32
2024-10-09,GOOGL,161.86000061035156,165.0,160.22
2024-10-10,GOOGL,162.0800018310547,164.3,160.2
2024-10-11,GOOGL,163.24000549316406,163.92,160.25
2024-10-14,GOOGL,164.9600067138672,163.79,160.3
2024-10-15,GOOGL,165.4600067138672,163.57,160.57
2024-10-16,GOOGL,165.16000366210938,163.88,160.86
2024-10-17,GOOGL,162.92999267578125,163.67,161.05
2024-10-18,GOOGL,163.4199981689453,163.89,161.47
2024-10-21,GOOGL,164.07000732421875,164.18,161.98
2024-10-22,GOOGL,165.13999938964844,164.45,162.53
2024-10-23,GOOGL,162.77999877929688,164.14,162.92
2024-10-24,GOOGL,162.72000122070312,163.75,163.18
2024-10-25,GOOGL,165.27000427246094,163.76,163.44
2024-10-28,GOOGL,166.72000122070312,164.3,163.73
2024-10-29,GOOGL,169.67999267578125,165.2,164.08
2024-10-30,GOOGL,174.4600067138672,166.68,164.57
2024-10-31,GOOGL,171.11000061035156,167.53,164.86
2024-11-01,GOOGL,171.2899932861328,168.75,165.12
2024-11-04,GOOGL,169.24000549316406,169.68,165.37
2024-11-05,GOOGL,169.74000549316406,170.32,165.62
2024-11-06,GOOGL,176.50999450683594,171.72,166.12
2024-11-07,GOOGL,180.75,173.3,166.72
2024-11-08,GOOGL,178.35000610351562,173.86,167.2
2024-11-11,GOOGL,180.3500061035156,175.18,167.68
2024-11-12,GOOGL,181.6199951171875,176.65,168.17
2024-11-13,GOOGL,178.8800048828125,178.03,168.6
2024-11-14,GOOGL,175.5800018310547,178.86,168.93
2024-11-15,GOOGL,172.49000549316406,178.29,169.11
2024-11-18,GOOGL,175.3000030517578,177.51,169.52
2024-11-19,GOOGL,178.1199951171875,177.48,169.98
2024-11-20,GOOGL,175.97999572753906,176.85,170.45
2024-11-21,GOOGL,167.6300048828125,174.85,170.63
2024-11-22,GOOGL,164.75999450683594,172.84,170.68
2024-11-25,GOOGL,167.64999389648438,171.7,170.77
2024-11-26,GOOGL,169.1199951171875,171.22,170.89
2024-11-27,GOOGL,169.22999572753906,170.36,171.03
2024-11-29,GOOGL,168.9499969482422,169.05,171.23
2024-12-02,GOOGL,171.49000549316406,168.4,171.5
2024-12-03,GOOGL,171.33999633789062,168.93,171.74
2024-12-04,GOOGL,174.3699951171875,170.31,172.05
2024-12-05,GOOGL,172.63999938964844,171.02,172.38
2024-12-06,GOOGL,174.7100067138672,171.82,172.78
2024-12-09,GOOGL,175.3699951171875,172.7,173.11
2024-12-10,GOOGL,185.1699981689453,175.01,173.73
2024-12-11,GOOGL,195.3999938964844,178.43,174.59
2024-12-12,GOOGL,191.9600067138672,181.37,175.17
2024-12-13,GOOGL,189.82000732421875,183.58,175.79
2024-12-16,GOOGL,196.66000366210932,187.01,176.64
2024-12-17,GOOGL,195.4199981689453,189.97,177.51
2024-12-18,GOOGL,188.3999938964844,191.83,178.13
2024-12-19,GOOGL,188.509994506836,192.31,178.53
2024-12-20,GOOGL,191.41000366210932,191.74,178.89
2024-12-23,GOOGL,194.6300048828125,192.12,179.43
2024-12-24,GOOGL,196.1100006103516,193.02,179.96
2024-12-26,GOOGL,195.6000061035156,192.87,180.42
2024-12-27,GOOGL,192.759994506836,192.49,180.89
2024-12-30,GOOGL,191.2400054931641,192.89,181.41
2024-12-31,GOOGL,189.3000030517578,193.01,181.97
2025-01-02,GOOGL,189.42999267578125,192.72,182.44
2025-01-03,GOOGL,191.7899932861328,192.32,182.89
2025-01-06,GOOGL,196.8699951171875,192.43,183.59
2025-01-07,GOOGL,195.4900054931641,192.41,184.52
2025-01-08,GOOGL,193.9499969482422,192.58,185.49
2025-01-10,GOOGL,192.0399932861328,192.7,186.31
2025-01-13,GOOGL,191.009994506836,192.94,187.04
2025-01-14,GOOGL,189.66000366210932,192.97,187.72
2025-01-15,GOOGL,195.5500030517578,193.51,188.6
2025-01-16,GOOGL,192.91000366210932,192.94,189.32
2025-01-17,GOOGL,196.0,193.02,190.14
2025-01-21,GOOGL,198.0500030517578,193.6,190.93
2025-01-22,GOOGL,198.3699951171875,194.51,191.79
2025-01-23,GOOGL,197.97999572753903,195.5,192.56
2025-01-24,GOOGL,200.2100067138672,197.01,193.39
2025-01-27,GOOGL,191.8099975585937,196.48,193.61
2025-01-28,GOOGL,195.3000030517578,196.82,193.61
2025-01-29,GOOGL,195.41000366210932,196.73,193.72
2025-01-30,GOOGL,200.8699951171875,197.14,194.09
2025-01-31,GOOGL,204.0200042724609,197.94,194.34
2025-02-03,GOOGL,201.22999572753903,198.41,194.53
2025-02-04,GOOGL,206.3800048828125,199.29,195.13
2025-02-05,GOOGL,191.3300018310547,199.22,195.22
2025-02-06,GOOGL,191.6000061035156,198.69,195.23
2025-02-07,GOOGL,185.33999633789065,197.25,194.92
2025-02-10,GOOGL,186.47000122070312,195.2,194.6
2025-02-11,GOOGL,185.32000732421875,192.52,194.26
2025-02-12,GOOGL,183.6100006103516,190.01,193.95
2025-02-13,GOOGL,186.13999938964844,187.12,193.78
2025-02-14,GOOGL,185.22999572753903,186.24,193.65
2025-02-18,GOOGL,183.7700042724609,185.13,193.46
2025-02-19,GOOGL,185.2700042724609,185.12,193.24
2025-02-20,GOOGL,184.5599975585937,184.84,192.83
2025-02-21,GOOGL,179.66000366210938,184.03,192.3
2025-02-24,GOOGL,179.25,183.41,191.81
2025-02-25,GOOGL,175.4199981689453,181.88,191.26
2025-02-26,GOOGL,172.72999572753906,180.09,190.65
2025-02-27,GOOGL,168.5,177.91,189.94
2025-02-28,GOOGL,170.27999877929688,175.77,189.1
2025-03-03,GOOGL,167.00999450683594,173.26,188.24
2025-03-04,GOOGL,170.9199981689453,172.02,187.4
2025-03-05,GOOGL,173.02000427246094,171.13,186.57
2025-03-06,GOOGL,172.35000610351562,170.69,185.7
2025-03-07,GOOGL,173.86000061035156,170.85,184.9
2025-03-10,GOOGL,165.8699951171875,170.47,183.75
2025-03-11,GOOGL,164.0399932861328,169.58,182.83
2025-03-12,GOOGL,167.11000061035156,169.6,181.89
2025-03-13,GOOGL,162.75999450683594,168.43,180.8
2025-03-14,GOOGL,165.49000549316406,167.35,179.62
2025-03-17,GOOGL,164.2899932861328,166.2,178.29
2025-03-18,GOOGL,160.6699981689453,164.32,176.94
2025-03-19,GOOGL,163.88999938964844,164.04,175.53
2025-03-20,GOOGL,162.8000030517578,163.86,174.57
2025-03-21,GOOGL,163.99000549316406,163.41,173.65
2025-03-24,GOOGL,167.67999267578125,164.12,173.07
2025-03-25,GOOGL,170.55999755859375,164.84,172.53
2025-03-26,GOOGL,165.05999755859375,164.95,171.86
2025-03-27,GOOGL,162.24000549316406,165.17,171.15
2025-03-28,GOOGL,154.3300018310547,163.81,170.09
2025-03-31,GOOGL,154.63999938964844,162.64,169.07
2025-04-01,GOOGL,157.07000732421875,161.65,168.18
2025-04-02,GOOGL,157.0399932861328,160.13,167.24
2025-04-03,GOOGL,150.72000122070312,157.3,166.11
2025-04-04,GOOGL,145.60000610351562,154.52,164.97
2025-04-07,GOOGL,146.75,152.31,163.89
2025-04-08,GOOGL,144.6999969482422,150.93,162.87
2025-04-09,GOOGL,158.7100067138672,151.51,162.4
2025-04-10,GOOGL,152.82000732421875,150.91,161.88
2025-04-11,GOOGL,157.13999938964844,150.92,161.44
2025-04-14,GOOGL,159.07000732421875,152.11,161.17
2025-04-15,GOOGL,156.30999755859375,153.64,160.69
2025-04-16,GOOGL,153.3300018310547,154.58,160.03
2025-04-17,GOOGL,151.16000366210938,155.51,159.32
2025-04-21,GOOGL,147.6699981689453,153.93,158.45
2025-04-22,GOOGL,151.47000122070312,153.74,157.97
2025-04-23,GOOGL,155.35000610351562,153.48,157.68
2025-04-24,GOOGL,159.27999877929688,153.51,157.42
2025-04-25,GOOGL,161.9600067138672,154.32,157.39
2025-04-28,GOOGL,160.61000061035156,155.36,157.23
2025-04-29,GOOGL,160.16000366210938,156.64,157.09
2025-04-30,GOOGL,158.8000030517578,158.23,157.03
2025-05-01,GOOGL,161.3000030517578,159.64,156.94
2025-05-02,GOOGL,164.02999877929688,160.88,156.99
2025-05-05,GOOGL,164.2100067138672,161.58,156.99
2025-05-06,GOOGL,163.22999572753906,161.76,156.84
2025-05-07,GOOGL,151.3800048828125,160.44,156.2
2025-05-08,GOOGL,154.27999877929688,159.6,155.85
2025-05-09,GOOGL,152.75,158.74,155.53
2025-05-12,GOOGL,158.4600067138672,158.33,155.67
2025-05-13,GOOGL,159.52999877929688,157.69,155.83
2025-05-14,GOOGL,165.3699951171875,157.86,156.11
2025-05-15,GOOGL,163.9600067138672,157.96,156.34
2025-05-16,GOOGL,166.19000244140625,160.08,156.85
2025-05-19,GOOGL,166.5399932861328,161.83,157.55
2025-05-20,GOOGL,163.97999572753906,163.43,158.13
2025-05-21,GOOGL,168.55999755859375,164.88,158.92
2025-05-22,GOOGL,170.8699951171875,166.5,159.33
2025-05-23,GOOGL,168.47000122070312,166.94,159.85
2025-05-27,GOOGL,172.89999389648438,168.22,160.37
2025-05-28,GOOGL,172.36000061035156,169.1,160.82
2025-05-29,GOOGL,171.86000061035156,169.86,161.33
2025-05-30,GOOGL,171.74000549316406,170.97,161.95
2025-06-02,GOOGL,169.02999877929688,171.03,162.54
2025-06-03,GOOGL,166.17999267578125,170.36,163.16
2025-06-04,GOOGL,168.0500030517578,170.3,163.71
2025-06-05,GOOGL,168.2100067138672,169.63,164.14
2025-06-06,GOOGL,173.67999267578125,169.82,164.62
2025-06-09,GOOGL,176.08999633789062,170.43,165.09
2025-06-10,GOOGL,178.60000610351562,171.41,165.69
2025-06-11,GOOGL,177.35000610351562,172.59,166.27
2025-06-12,GOOGL,175.6999969482422,173.95,166.83
2025-06-13,GOOGL,174.6699981689453,174.9,167.27
2025-06-16,GOOGL,176.77000427246094,176.12,167.7
2025-06-17,GOOGL,175.9499969482422,176.45,168.09
2025-06-18,GOOGL,173.32000732421875,176.05,168.43
2025-06-20,GOOGL,166.63999938964844,174.34,168.94
2025-06-23,GOOGL,165.19000244140625,172.61,169.3
2025-06-24,GOOGL,166.77000427246094,171.33,169.77
2025-06-25,GOOGL,170.67999267578125,170.76,170.17
2025-06-26,GOOGL,173.5399932861328,170.3,170.64
2025-06-27,GOOGL,178.52999877929688,170.67,171.08
2025-06-30,GOOGL,176.22999572753906,171.08,171.49
2025-07-01,GOOGL,175.83999633789062,172.4,171.81
2025-07-02,GOOGL,178.63999938964844,174.32,172.21
2025-07-03,GOOGL,179.52999877929688,176.14,172.73
2025-07-07,GOOGL,176.7899932861328,177.01,173.01
2025-07-08,GOOGL,174.36000061035156,177.13,173.12
2025-07-09,GOOGL,176.6199951171875,176.86,173.39
2025-07-10,GOOGL,177.6199951171875,177.06,173.55
2025-07-11,GOOGL,180.19000244140625,177.68,173.81
2025-07-14,GOOGL,181.5599975585937,178.1,174.14
2025-07-15,GOOGL,182.0,178.45,174.48
2025-07-16,GOOGL,182.97000122070312,179.33,174.94
2025-07-17,GOOGL,183.5800018310547,180.65,175.52
2025-07-18,GOOGL,185.0599975585937,181.85,176.09
2025-07-21,GOOGL,190.1000061035156,183.64,176.82
2025-07-22,GOOGL,191.33999633789065,185.23,177.41
2025-07-23,GOOGL,190.22999572753903,186.47,177.88
2025-07-24,GOOGL,192.1699981689453,187.92,178.33
2025-07-25,GOOGL,193.17999267578125,189.38,178.86
2025-07-28,GOOGL,192.5800018310547,190.67,179.42
2025-07-29,GOOGL,195.75,192.19,180.12
2025-07-30,GOOGL,196.52999877929688,193.11,180.78
2025-07-31,GOOGL,191.8999938964844,193.19,181.31
2025-08-01,GOOGL,189.1300048828125,193.03,181.84
2025-08-04,GOOGL,195.0399932861328,193.44,182.79
2025-08-05,GOOGL,194.6699981689453,193.66,183.77
2025-08-06,GOOGL,196.08999633789065,194.16,184.75
2025-08-07,GOOGL,196.5200042724609,194.27,185.61
2025-08-08,GOOGL,201.4199981689453,194.97,186.54
2025-08-11,GOOGL,201.0,196.27,187.29
2025-08-12,GOOGL,203.33999633789065,198.3,188.19
2025-08-13,GOOGL,201.9600067138672,199.29,189.06
2025-08-14,GOOGL,202.94000244140625,200.47,189.87
2025-08-15,GOOGL,203.8999938964844,201.58,190.68
2025-08-18,GOOGL,203.5,202.58,191.57
2025-08-19,GOOGL,201.57000732421875,202.6,192.48
2025-08-20,GOOGL,199.32000732421875,202.36,193.24
2025-08-21,GOOGL,199.75,201.85,193.98
2025-08-22,GOOGL,206.08999633789065,202.44,194.84
2025-08-25,GOOGL,208.4900054931641,203.23,195.74
2025-08-26,GOOGL,207.13999938964844,203.69,196.58
2025-08-27,GOOGL,207.47999572753903,204.26,197.39
2025-08-28,GOOGL,211.63999938964844,205.7,198.33
2025-08-29,GOOGL,212.91000366210932,207.64,199.26
2025-09-02,GOOGL,211.3500061035156,209.3,199.96
2025-09-03,GOOGL,230.66000366210932,212.81,201.28
2025-09-04,GOOGL,232.3000030517578,216.21,202.68
2025-09-05,GOOGL,235.0,220.19,204.11
2025-09-08,GOOGL,234.0399932861328,223.99,205.47
2025-09-09,GOOGL,239.6300048828125,227.98,207.04
2025-09-10,GOOGL,239.1699981689453,231.74,208.48
2025-09-11,GOOGL,240.3699951171875,235.88,209.94
2025-09-12,GOOGL,240.8000030517578,237.33,211.57
2025-09-15,GOOGL,251.6100006103516,240.09,213.66
2025-09-16,GOOGL,251.16000366210932,242.4,215.53
2025-09-17,GOOGL,249.52999877929688,244.61,217.36
2025-09-18,GOOGL,252.02999877929688,246.38,219.22
2025-09-19,GOOGL,254.72000122070312,248.6,221.16
2025-09-22,GOOGL,252.52999877929688,250.34,222.86
2025-09-23,GOOGL,251.66000366210932,251.89,224.55
2025-09-24,GOOGL,247.13999938964844,251.25,226.01
2025-09-25,GOOGL,245.7899932861328,250.49,227.47
2025-09-26,GOOGL,246.5399932861328,250.06,228.93
2025-09-29,GOOGL,244.0500030517578,248.92,230.27
2025-09-30,GOOGL,243.1000061035156,247.26,231.59
2025-10-01,GOOGL,244.8999938964844,246.17,233.03
2025-10-02,GOOGL,245.69000244140625,245.32,234.58
2025-10-03,GOOGL,245.3500061035156,245.06,236.1
2025-10-06,GOOGL,250.42999267578125,245.72,237.57
2025-10-07,GOOGL,245.759994506836,245.61,238.82
2025-10-08,GOOGL,244.6199951171875,245.69,240.07
2025-10-09,GOOGL,241.52999877929688,245.47,241.2
2025-10-10,GOOGL,236.57000732421875,244.28,242.03
2025-10-13,GOOGL,244.1499938964844,244.06,243.07
2025-10-14,GOOGL,245.4499969482422,244.07,244.21
2025-10-15,GOOGL,251.02999877929688,244.16,244.89
2025-10-16,GOOGL,251.4600067138672,244.97,245.53
2025-10-17,GOOGL,253.3000030517578,246.21,246.14
2025-10-20,GOOGL,256.54998779296875,248.36,246.89
2025-10-21,GOOGL,250.4600067138672,250.34,247.25
2025-10-22,GOOGL,251.69000244140625,251.42,247.67
2025-10-23,GOOGL,253.0800018310547,252.51,248.09
2025-10-24,GOOGL,259.9200134277344,253.78,248.73
2025-10-27,GOOGL,269.2699890136719,256.32,249.32
2025-10-28,GOOGL,267.4700012207031,258.35,249.86
2025-10-29,GOOGL,274.57000732421875,260.92,250.69
2025-10-30,GOOGL,281.4800109863281,265.35,251.68
2025-10-31,GOOGL,281.19000244140625,269.57,252.56
2025-11-03,GOOGL,283.7200012207031,273.95,253.6
2025-11-04,GOOGL,277.5400085449219,276.46,254.46
2025-11-05,GOOGL,284.3099975585937,278.61,255.7
2025-11-06,GOOGL,284.75,281.08,257.0
2025-11-07,GOOGL,278.8299865722656,281.69,258.07
2025-11-10,GOOGL,290.1000061035156,282.92,259.61
2025-11-11,GOOGL,291.3099975585937,284.37,261.22
2025-11-12,GOOGL,286.7099914550781,284.79,262.61
2025-11-13,GOOGL,278.57000732421875,284.94,263.71
2025-11-14,GOOGL,276.4100036621094,283.81,264.74
2025-11-17,GOOGL,285.0199890136719,283.85,265.89
2025-11-18,GOOGL,284.2799987792969,284.63,267.18
2025-11-19,GOOGL,292.8099975585937,285.02,268.78
2025-11-20,GOOGL,289.45001220703125,284.75,270.38
2025-11-21,GOOGL,299.6600036621094,286.6,272.48
2025-11-24,GOOGL,318.5799865722656,292.32,274.97
2025-11-25,GOOGL,323.44000244140625,299.03,277.57
2025-11-26,GOOGL,319.95001220703125,304.02,279.86
2025-11-28,GOOGL,320.17999267578125,309.15,282.15
2025-12-01,GOOGL,314.8900146484375,312.31,284.21
2025-12-02,GOOGL,315.8099975585937,316.07,286.18
2025-12-03,GOOGL,319.6300048828125,318.93,288.49
2025-12-04,GOOGL,317.6199951171875,318.79,290.69
2025-12-05,GOOGL,321.2699890136719,318.48,292.96
2025-12-08,GOOGL,313.7200012207031,317.59,294.75
2025-12-09,GOOGL,317.0799865722656,317.15,296.35
2025-12-10,GOOGL,320.2099914550781,317.91,298.1
2025-12-11,GOOGL,312.42999267578125,317.42,299.36
2025-12-12,GOOGL,309.2900085449219,315.95,300.29
2025-12-15,GOOGL,308.2200012207031,314.6,301.19
2025-12-16,GOOGL,306.57000732421875,312.5,301.95
2025-12-17,GOOGL,296.7200012207031,310.07,302.59
2025-12-18,GOOGL,302.4599914550781,307.99,303.2
2025-12-19,GOOGL,307.1600036621094,306.12,303.95
2025-12-22,GOOGL,309.7799987792969,305.74,304.98
2025-12-23,GOOGL,314.3500061035156,306.47,305.79
2025-12-24,GOOGL,314.0899963378906,307.3,306.55
2025-12-26,GOOGL,313.510009765625,308.3,307.44
2025-12-29,GOOGL,313.5599975585937,310.7,308.6
2025-12-30,GOOGL,313.8500061035156,312.33,309.85
2025-12-31,GOOGL,313.0,313.16,310.79
2026-01-02,GOOGL,315.1499938964844,313.93,311.81
2026-01-05,GOOGL,316.5400085449219,314.24,312.61
2026-01-06,GOOGL,314.3399963378906,314.28,313.44
2026-01-07,GOOGL,321.9800109863281,315.49,314.18
2026-01-08,GOOGL,325.44000244140625,317.19,314.41
2026-01-09,GOOGL,328.57000732421875,319.29,314.58
2026-01-12,GOOGL,331.8599853515625,321.98,314.98
2026-01-13,GOOGL,335.9700012207031,324.96,315.5
2026-01-14,GOOGL,335.8399963378906,327.71,316.2
2026-01-15,GOOGL,332.7799987792969,330.35,316.77
2026-01-16,GOOGL,330.0,331.49,317.11
2026-01-20,GOOGL,322.0,331.0,317.26
2026-01-21,GOOGL,328.3800048828125,330.98,317.5
2026-01-22,GOOGL,330.5400085449219,330.79,318.06
2026-01-23,GOOGL,327.92999267578125,329.64,318.42
2026-01-26,GOOGL,333.260009765625,329.27,318.85
2026-01-27,GOOGL,334.54998779296875,329.52,319.59
2026-01-28,GOOGL,336.010009765625,330.38,320.48
2026-01-29,GOOGL,338.25,332.7,321.48
2026-01-30,GOOGL,338.0,334.08,322.53
2026-02-02,GOOGL,343.69000244140625,335.96,324.09
2026-02-03,GOOGL,339.7099914550781,337.64,325.34
2026-02-04,GOOGL,333.0400085449219,337.61,326.2
2026-02-05,GOOGL,331.25,337.14,326.91
2026-02-06,GOOGL,322.8599853515625,335.26,327.2
2026-02-09,GOOGL,324.32000732421875,333.27,327.54
2026-02-10,GOOGL,318.5799865722656,330.49,327.71
2026-02-11,GOOGL,310.9599914550781,325.82,327.62
2026-02-12,GOOGL,309.0,321.43,327.46
2026-02-13,GOOGL,305.7200012207031,317.53,327.22
2026-02-17,GOOGL,302.0199890136719,313.35,326.78
2026-02-18,GOOGL,303.3299865722656,310.56,326.34
2026-02-19,GOOGL,302.8500061035156,307.49,325.96
2026-02-20,GOOGL,314.9800109863281,306.98,325.72
2026-02-23,GOOGL,311.489990234375,307.06,325.26
2026-02-24,GOOGL,310.8999938964844,307.33,324.67
2026-02-25,GOOGL,312.8999938964844,308.35,324.04
2026-02-26,GOOGL,307.3800048828125,309.12,323.08
2026-02-27,GOOGL,311.760009765625,310.32,322.28
2026-03-02,GOOGL,306.5199890136719,310.85,321.41
2026-03-03,GOOGL,303.5799865722656,309.22,320.53
2026-03-04,GOOGL,303.1300048828125,308.02,319.9
2026-03-05,GOOGL,300.8800048828125,306.59,318.98
2026-03-06,GOOGL,298.5199890136719,304.54,317.91
2026-03-09,GOOGL,306.3599853515625,304.39,317.19
2026-03-10,GOOGL,307.0400085449219,303.72,316.32
2026-03-11,GOOGL,308.70001220703125,304.03,315.46
2026-03-12,GOOGL,303.54998779296875,304.03,314.38
2026-03-13,GOOGL,302.2799987792969,303.9,313.18
2026-03-16,GOOGL,305.5599975585937,304.57,312.1
2026-03-17,GOOGL,310.9200134277344,306.34,311.0
2026-03-18,GOOGL,307.69000244140625,306.53,309.94
2026-03-19,GOOGL,307.1300048828125,306.55,309.07
2026-03-20,GOOGL,301.0,305.45,308.06
2026-03-23,GOOGL,302.0599975585937,305.23,307.37
2026-03-24,GOOGL,290.44000244140625,303.54,306.24
2026-03-25,GOOGL,290.92999267578125,301.45,305.32
2026-03-26,GOOGL,280.9200134277344,297.17,304.32
2026-03-27,GOOGL,274.3399963378906,292.4,303.16
2026-03-30,GOOGL,273.5,287.6,302.09
2026-03-31,GOOGL,287.5599975585937,285.68,301.61
2026-04-01,GOOGL,297.3900146484375,285.01,301.41
2026-04-02,GOOGL,295.7699890136719,285.77,301.17
2026-04-06,GOOGL,299.989990234375,287.07,300.67
2026-04-07,GOOGL,305.4599914550781,290.57,300.47
2026-04-08,GOOGL,317.32000732421875,296.71,300.69
2026-04-09,GOOGL,318.489990234375,303.14,300.87
2026-04-10,GOOGL,317.239990234375,307.38,301.2
2026-04-13,GOOGL,321.3099975585937,310.8,301.52
2026-04-14,GOOGL,332.9100036621094,316.1,302.4
2026-04-15,GOOGL,337.1199951171875,321.41,303.52
2026-04-16,GOOGL,336.0199890136719,325.77,304.61
2026-04-17,GOOGL,341.67999267578125,329.25,305.97
2026-04-20,GOOGL,337.4200134277344,331.96,307.27
2026-04-21,GOOGL,332.2900085449219,334.11,308.13
2026-04-22,GOOGL,339.32000732421875,336.68,309.21
2026-04-23,GOOGL,338.8900146484375,337.53,310.22
2026-04-24,GOOGL,344.3999938964844,338.57,311.58
2026-04-27,GOOGL,350.3399963378906,340.62,313.18
2026-04-28,GOOGL,349.7799987792969,341.78,314.65
2026-04-29,GOOGL,349.94000244140625,343.57,315.95
2026-04-30,GOOGL,384.7999877929688,351.07,318.53
2026-05-01,GOOGL,385.6900024414063,357.69,321.14
2026-05-04,GOOGL,383.25,364.03,323.89
2026-05-05,GOOGL,388.4299926757813,370.32,326.76
2026-05-06,GOOGL,398.0400085449219,377.13,330.35
2026-05-07,GOOGL,397.989990234375,384.02,333.92
2026-05-08,GOOGL,400.7999877929688,391.29,337.92
2026-05-11,GOOGL,388.6400146484375,391.83,341.73
2026-05-12,GOOGL,387.3500061035156,392.07,345.52
2026-05-13,GOOGL,402.6199951171875,394.84,349.36
2026-05-14,GOOGL,401.0700073242188,396.64,352.81
2026-05-15,GOOGL,396.7799987792969,396.46,356.18
2026-05-18,GOOGL,396.9400024414063,396.31,359.41
2026-05-19,GOOGL,387.6600036621094,394.44,362.15
2026-05-20,GOOGL,388.9100036621094,394.48,364.54
2026-05-21,GOOGL,387.6600036621094,394.52,366.84
2026-05-22,GOOGL,382.9700012207031,391.71,369.03
2026-05-26,GOOGL,388.8800048828125,389.97,371.29
2026-05-27,GOOGL,388.8299865722656,388.84,373.15
2026-05-28,GOOGL,390.1300048828125,387.86,374.92
2026-05-29,GOOGL,380.3399963378906,386.82,376.39
2023-05-29,HCLTECH.NS,1126.199951171875,1126.2,1126.2
2023-05-30,HCLTECH.NS,1135.8499755859375,1131.02,1131.02
2023-05-31,HCLTECH.NS,1145.0999755859375,1135.72,1135.72
2023-06-01,HCLTECH.NS,1141.9000244140625,1137.26,1137.26
2023-06-02,HCLTECH.NS,1137.050048828125,1137.22,1137.22
2023-06-05,HCLTECH.NS,1138.300048828125,1137.4,1137.4
2023-06-06,HCLTECH.NS,1128.5999755859375,1136.14,1136.14
2023-06-07,HCLTECH.NS,1129.050048828125,1136.55,1135.26
2023-06-08,HCLTECH.NS,1126.75,1135.25,1134.31
2023-06-09,HCLTECH.NS,1109.75,1130.2,1131.86
2023-06-12,HCLTECH.NS,1139.6500244140625,1129.88,1132.56
2023-06-13,HCLTECH.NS,1131.300048828125,1129.06,1132.46
2023-06-14,HCLTECH.NS,1135.8499755859375,1128.71,1132.72
2023-06-15,HCLTECH.NS,1143.5999755859375,1130.85,1133.5
2023-06-16,HCLTECH.NS,1148.199951171875,1133.59,1134.48
2023-06-19,HCLTECH.NS,1137.550048828125,1135.13,1134.67
2023-06-20,HCLTECH.NS,1168.6500244140625,1143.54,1136.67
2023-06-21,HCLTECH.NS,1170.449951171875,1147.94,1138.54
2023-06-22,HCLTECH.NS,1163.4000244140625,1152.53,1139.85
2023-06-23,HCLTECH.NS,1165.1500244140625,1156.71,1141.12
2023-06-26,HCLTECH.NS,1167.5,1160.13,1142.37
2023-06-27,HCLTECH.NS,1170.0,1163.24,1143.63
2023-06-28,HCLTECH.NS,1170.25,1167.91,1144.79
2023-06-30,HCLTECH.NS,1187.949951171875,1170.67,1146.59
2023-07-03,HCLTECH.NS,1181.5999755859375,1172.26,1147.99
2023-07-04,HCLTECH.NS,1190.5999755859375,1176.15,1149.63
2023-07-05,HCLTECH.NS,1194.800048828125,1180.39,1151.3
2023-07-06,HCLTECH.NS,1180.6500244140625,1182.26,1152.35
2023-07-07,HCLTECH.NS,1157.5999755859375,1180.49,1152.53
2023-07-10,HCLTECH.NS,1124.5,1173.96,1151.59
2023-07-11,HCLTECH.NS,1114.9000244140625,1163.52,1151.22
2023-07-12,HCLTECH.NS,1110.550048828125,1153.37,1150.37
2023-07-13,HCLTECH.NS,1108.800048828125,1141.69,1149.16
2023-07-14,HCLTECH.NS,1150.949951171875,1135.42,1149.47
2023-07-17,HCLTECH.NS,1153.75,1131.58,1150.02
2023-07-18,HCLTECH.NS,1167.199951171875,1132.95,1150.99
2023-07-19,HCLTECH.NS,1169.050048828125,1139.31,1152.33
2023-07-20,HCLTECH.NS,1155.800048828125,1145.16,1153.23
2023-07-21,HCLTECH.NS,1115.449951171875,1145.86,1152.85
2023-07-24,HCLTECH.NS,1112.9000244140625,1146.44,1152.95
2023-07-25,HCLTECH.NS,1111.550048828125,1140.81,1152.02
2023-07-26,HCLTECH.NS,1115.0,1135.28,1151.47
2023-07-27,HCLTECH.NS,1117.3499755859375,1128.16,1150.86
2023-07-28,HCLTECH.NS,1103.550048828125,1118.8,1149.52
2023-07-31,HCLTECH.NS,1116.699951171875,1113.21,1148.47
2023-08-01,HCLTECH.NS,1138.5,1116.51,1148.5
2023-08-02,HCLTECH.NS,1130.9000244140625,1119.08,1147.25
2023-08-03,HCLTECH.NS,1125.5,1121.07,1145.75
2023-08-04,HCLTECH.NS,1144.3499755859375,1125.26,1145.11
2023-08-07,HCLTECH.NS,1150.800048828125,1130.04,1144.63
2023-08-08,HCLTECH.NS,1141.3499755859375,1135.44,1143.76
2023-08-09,HCLTECH.NS,1144.1500244140625,1139.36,1142.9
2023-08-10,HCLTECH.NS,1134.300048828125,1138.76,1141.7
2023-08-11,HCLTECH.NS,1171.449951171875,1144.56,1141.15
2023-08-14,HCLTECH.NS,1171.0,1151.06,1140.8
2023-08-16,HCLTECH.NS,1177.1500244140625,1155.74,1140.35
2023-08-17,HCLTECH.NS,1176.699951171875,1159.44,1139.75
2023-08-18,HCLTECH.NS,1173.699951171875,1164.06,1139.52
2023-08-21,HCLTECH.NS,1179.25,1169.08,1140.24
2023-08-22,HCLTECH.NS,1179.5,1175.54,1142.07
2023-08-23,HCLTECH.NS,1182.5,1177.11,1144.32
2023-08-24,HCLTECH.NS,1171.25,1177.15,1146.35
2023-08-25,HCLTECH.NS,1153.949951171875,1173.84,1147.85
2023-08-28,HCLTECH.NS,1146.449951171875,1169.51,1147.7
2023-08-29,HCLTECH.NS,1157.550048828125,1167.21,1147.83
2023-08-30,HCLTECH.NS,1170.5,1165.96,1147.94
2023-08-31,HCLTECH.NS,1172.1500244140625,1164.91,1148.04
2023-09-01,HCLTECH.NS,1185.800048828125,1165.38,1149.04
2023-09-04,HCLTECH.NS,1232.5,1174.13,1152.94
2023-09-05,HCLTECH.NS,1235.550048828125,1185.79,1157.03
2023-09-06,HCLTECH.NS,1235.8499755859375,1198.56,1161.17
2023-09-07,HCLTECH.NS,1254.0,1212.34,1165.81
2023-09-08,HCLTECH.NS,1262.050048828125,1225.41,1170.63
2023-09-11,HCLTECH.NS,1281.550048828125,1241.04,1176.57
2023-09-12,HCLTECH.NS,1282.4000244140625,1254.84,1182.09
2023-09-13,HCLTECH.NS,1275.25,1260.95,1186.65
2023-09-14,HCLTECH.NS,1283.5999755859375,1267.81,1191.74
2023-09-15,HCLTECH.NS,1304.5999755859375,1277.64,1197.71
2023-09-18,HCLTECH.NS,1305.0,1284.92,1203.06
2023-09-20,HCLTECH.NS,1293.4000244140625,1289.4,1207.82
2023-09-21,HCLTECH.NS,1278.0,1288.89,1212.37
2023-09-22,HCLTECH.NS,1273.699951171875,1287.65,1216.69
2023-09-25,HCLTECH.NS,1263.449951171875,1285.96,1220.99
2023-09-26,HCLTECH.NS,1261.449951171875,1282.8,1223.99
2023-09-27,HCLTECH.NS,1261.0999755859375,1276.59,1227.0
2023-09-28,HCLTECH.NS,1241.9000244140625,1267.57,1229.15
2023-09-29,HCLTECH.NS,1234.800048828125,1259.2,1231.09
2023-10-03,HCLTECH.NS,1238.699951171875,1253.59,1233.26
2023-10-04,HCLTECH.NS,1239.550048828125,1248.71,1235.27
2023-10-05,HCLTECH.NS,1235.449951171875,1244.71,1237.13
2023-10-06,HCLTECH.NS,1237.699951171875,1241.31,1238.97
2023-10-09,HCLTECH.NS,1249.5999755859375,1239.67,1241.58
2023-10-10,HCLTECH.NS,1261.800048828125,1242.51,1245.18
2023-10-11,HCLTECH.NS,1245.5999755859375,1244.06,1248.49
2023-10-12,HCLTECH.NS,1223.75,1241.92,1250.69
2023-10-13,HCLTECH.NS,1255.9000244140625,1244.26,1253.54
2023-10-16,HCLTECH.NS,1270.6500244140625,1249.29,1256.82
2023-10-17,HCLTECH.NS,1277.1500244140625,1254.92,1259.87
2023-10-18,HCLTECH.NS,1269.449951171875,1257.76,1261.1
2023-10-19,HCLTECH.NS,1267.3499755859375,1258.55,1262.16
2023-10-20,HCLTECH.NS,1258.5999755859375,1260.41,1262.92
2023-10-23,HCLTECH.NS,1236.6500244140625,1262.25,1262.34
2023-10-25,HCLTECH.NS,1229.0,1258.41,1261.24
2023-10-26,HCLTECH.NS,1231.800048828125,1252.86,1259.58
2023-10-27,HCLTECH.NS,1268.699951171875,1251.65,1259.12
2023-10-30,HCLTECH.NS,1264.75,1250.98,1258.77
2023-10-31,HCLTECH.NS,1276.0,1252.21,1258.52
2023-11-01,HCLTECH.NS,1258.949951171875,1252.26,1257.0
2023-11-02,HCLTECH.NS,1273.4000244140625,1257.51,1255.94
2023-11-03,HCLTECH.NS,1266.25,1262.84,1255.04
2023-11-06,HCLTECH.NS,1269.699951171875,1268.25,1254.76
2023-11-07,HCLTECH.NS,1273.949951171875,1269.0,1254.77
2023-11-08,HCLTECH.NS,1267.6500244140625,1269.41,1254.91
2023-11-09,HCLTECH.NS,1267.5,1268.2,1255.11
2023-11-10,HCLTECH.NS,1255.449951171875,1267.7,1254.92
2023-11-13,HCLTECH.NS,1261.0,1265.93,1255.56
2023-11-15,HCLTECH.NS,1276.6500244140625,1267.41,1256.95
2023-11-16,HCLTECH.NS,1311.050048828125,1273.32,1259.37
2023-11-17,HCLTECH.NS,1309.1500244140625,1278.35,1261.69
2023-11-20,HCLTECH.NS,1325.4000244140625,1286.6,1264.68
2023-11-21,HCLTECH.NS,1326.5999755859375,1295.04,1267.65
2023-11-22,HCLTECH.NS,1329.699951171875,1305.65,1270.32
2023-11-23,HCLTECH.NS,1329.0,1315.36,1272.56
2023-11-24,HCLTECH.NS,1309.1500244140625,1320.01,1274.68
2023-11-28,HCLTECH.NS,1316.6500244140625,1320.81,1277.77
2023-11-29,HCLTECH.NS,1333.949951171875,1324.35,1280.37
2023-11-30,HCLTECH.NS,1340.9000244140625,1326.56,1282.72
2023-12-01,HCLTECH.NS,1336.699951171875,1328.01,1284.7
2023-12-04,HCLTECH.NS,1337.949951171875,1329.19,1286.98
2023-12-05,HCLTECH.NS,1317.550048828125,1327.55,1288.66
2023-12-06,HCLTECH.NS,1329.550048828125,1330.46,1291.02
2023-12-07,HCLTECH.NS,1328.0,1332.09,1294.07
2023-12-08,HCLTECH.NS,1364.0999755859375,1336.39,1298.57
2023-12-11,HCLTECH.NS,1375.300048828125,1341.31,1303.35
2023-12-12,HCLTECH.NS,1375.300048828125,1346.82,1306.91
2023-12-13,HCLTECH.NS,1369.199951171875,1351.29,1310.39
2023-12-14,HCLTECH.NS,1414.5999755859375,1365.15,1315.01
2023-12-15,HCLTECH.NS,1491.300048828125,1388.26,1322.76
2023-12-18,HCLTECH.NS,1504.300048828125,1413.44,1330.45
2023-12-19,HCLTECH.NS,1488.300048828125,1431.19,1337.85
2023-12-20,HCLTECH.NS,1439.949951171875,1440.42,1343.53
2023-12-21,HCLTECH.NS,1422.050048828125,1447.1,1348.47
2023-12-22,HCLTECH.NS,1462.699951171875,1460.46,1354.97
2023-12-26,HCLTECH.NS,1458.1500244140625,1466.68,1361.32
2023-12-27,HCLTECH.NS,1472.050048828125,1463.93,1368.54
2023-12-28,HCLTECH.NS,1472.449951171875,1459.38,1375.59
2023-12-29,HCLTECH.NS,1466.0999755859375,1456.21,1381.91
2024-01-01,HCLTECH.NS,1483.75,1462.46,1387.66
2024-01-02,HCLTECH.NS,1469.550048828125,1469.25,1393.01
2024-01-03,HCLTECH.NS,1437.75,1465.69,1396.75
2024-01-04,HCLTECH.NS,1419.949951171875,1460.23,1399.87
2024-01-05,HCLTECH.NS,1432.800048828125,1454.62,1403.3
2024-01-08,HCLTECH.NS,1447.9000244140625,1451.11,1407.27
2024-01-09,HCLTECH.NS,1460.4000244140625,1450.3,1412.31
2024-01-10,HCLTECH.NS,1492.0999755859375,1451.49,1418.16
2024-01-11,HCLTECH.NS,1484.800048828125,1453.67,1423.18
2024-01-12,HCLTECH.NS,1540.800048828125,1468.39,1429.85
2024-01-15,HCLTECH.NS,1588.199951171875,1492.43,1438.23
2024-01-16,HCLTECH.NS,1555.449951171875,1509.95,1445.48
2024-01-17,HCLTECH.NS,1575.9000244140625,1528.24,1454.09
2024-01-18,HCLTECH.NS,1567.550048828125,1543.54,1462.03
2024-01-19,HCLTECH.NS,1567.949951171875,1554.38,1470.02
2024-01-23,HCLTECH.NS,1523.6500244140625,1559.93,1475.34
2024-01-24,HCLTECH.NS,1576.4000244140625,1565.01,1482.05
2024-01-25,HCLTECH.NS,1550.25,1559.59,1487.88
2024-01-29,HCLTECH.NS,1574.550048828125,1562.32,1494.72
2024-01-30,HCLTECH.NS,1559.300048828125,1559.95,1499.55
2024-01-31,HCLTECH.NS,1576.0,1561.16,1502.37
2024-02-01,HCLTECH.NS,1577.4000244140625,1562.51,1504.81
2024-02-02,HCLTECH.NS,1583.75,1571.09,1507.99
2024-02-05,HCLTECH.NS,1555.3499755859375,1568.09,1511.83
2024-02-06,HCLTECH.NS,1623.75,1578.59,1518.56
2024-02-07,HCLTECH.NS,1615.3499755859375,1584.41,1523.65
2024-02-08,HCLTECH.NS,1633.800048828125,1595.06,1529.5
2024-02-09,HCLTECH.NS,1630.5999755859375,1602.86,1534.79
2024-02-12,HCLTECH.NS,1666.949951171875,1615.65,1541.27
2024-02-13,HCLTECH.NS,1665.5999755859375,1627.34,1547.92
2024-02-14,HCLTECH.NS,1671.5,1643.94,1554.18
2024-02-15,HCLTECH.NS,1662.550048828125,1649.48,1560.61
2024-02-16,HCLTECH.NS,1667.449951171875,1656.92,1568.27
2024-02-19,HCLTECH.NS,1675.25,1662.84,1576.78
2024-02-20,HCLTECH.NS,1663.050048828125,1667.48,1584.45
2024-02-21,HCLTECH.NS,1636.300048828125,1663.1,1590.73
2024-02-22,HCLTECH.NS,1686.4000244140625,1666.07,1598.27
2024-02-23,HCLTECH.NS,1665.75,1665.25,1604.05
2024-02-26,HCLTECH.NS,1649.800048828125,1663.43,1609.55
2024-02-27,HCLTECH.NS,1658.800048828125,1662.19,1613.49
2024-02-28,HCLTECH.NS,1651.9000244140625,1658.86,1615.61
2024-02-29,HCLTECH.NS,1663.8499755859375,1658.97,1619.22
2024-03-01,HCLTECH.NS,1644.0999755859375,1660.09,1621.5
2024-03-04,HCLTECH.NS,1637.949951171875,1653.16,1623.84
2024-03-05,HCLTECH.NS,1619.3499755859375,1646.54,1625.56
2024-03-06,HCLTECH.NS,1644.199951171875,1645.74,1629.58
2024-03-07,HCLTECH.NS,1637.6500244140625,1642.71,1631.62
2024-03-11,HCLTECH.NS,1638.6500244140625,1640.82,1634.56
2024-03-12,HCLTECH.NS,1635.5999755859375,1636.79,1636.6
2024-03-13,HCLTECH.NS,1631.5,1634.99,1639.01
2024-03-14,HCLTECH.NS,1679.25,1640.89,1642.45
2024-03-15,HCLTECH.NS,1647.300048828125,1644.88,1644.78
2024-03-18,HCLTECH.NS,1643.4000244140625,1644.76,1646.77
2024-03-19,HCLTECH.NS,1599.1500244140625,1639.26,1648.23
2024-03-20,HCLTECH.NS,1587.0999755859375,1631.9,1647.0
2024-03-21,HCLTECH.NS,1595.800048828125,1626.21,1646.35
2024-03-22,HCLTECH.NS,1557.8499755859375,1615.69,1643.82
2024-03-26,HCLTECH.NS,1562.25,1598.98,1641.54
2024-03-27,HCLTECH.NS,1546.199951171875,1584.54,1637.52
2024-03-28,HCLTECH.NS,1543.550048828125,1570.27,1633.45
2024-04-01,HCLTECH.NS,1556.699951171875,1564.21,1629.62
2024-04-02,HCLTECH.NS,1528.300048828125,1555.81,1625.15
2024-04-03,HCLTECH.NS,1535.8499755859375,1547.24,1620.76
2024-04-04,HCLTECH.NS,1539.6500244140625,1544.64,1616.24
2024-04-05,HCLTECH.NS,1545.25,1542.21,1612.31
2024-04-08,HCLTECH.NS,1540.050048828125,1541.34,1609.11
2024-04-09,HCLTECH.NS,1540.5,1540.9,1604.24
2024-04-10,HCLTECH.NS,1539.1500244140625,1538.39,1600.02
2024-04-12,HCLTECH.NS,1521.5,1537.42,1595.75
2024-04-15,HCLTECH.NS,1505.050048828125,1533.02,1590.62
2024-04-16,HCLTECH.NS,1477.300048828125,1524.11,1584.8
2024-04-18,HCLTECH.NS,1466.8499755859375,1512.91,1578.23
2024-04-19,HCLTECH.NS,1447.5,1499.69,1571.68
2024-04-22,HCLTECH.NS,1465.9000244140625,1489.04,1565.95
2024-04-23,HCLTECH.NS,1486.6500244140625,1481.54,1561.52
2024-04-24,HCLTECH.NS,1479.25,1475.5,1556.02
2024-04-25,HCLTECH.NS,1504.1500244140625,1475.37,1551.57
2024-04-26,HCLTECH.NS,1473.8499755859375,1474.88,1546.08
2024-04-29,HCLTECH.NS,1387.4000244140625,1463.53,1537.81
2024-04-30,HCLTECH.NS,1366.5999755859375,1451.97,1528.98
2024-05-02,HCLTECH.NS,1360.699951171875,1436.94,1518.36
2024-05-03,HCLTECH.NS,1348.050048828125,1417.14,1508.38
2024-05-06,HCLTECH.NS,1358.800048828125,1399.94,1498.9
2024-05-07,HCLTECH.NS,1330.949951171875,1375.19,1489.96
2024-05-08,HCLTECH.NS,1313.6500244140625,1352.31,1480.84
2024-05-09,HCLTECH.NS,1320.050048828125,1342.69,1471.65
2024-05-10,HCLTECH.NS,1316.199951171875,1335.49,1463.6
2024-05-13,HCLTECH.NS,1312.9000244140625,1328.66,1455.28
2024-05-14,HCLTECH.NS,1321.050048828125,1324.8,1447.78
2024-05-15,HCLTECH.NS,1332.9000244140625,1321.1,1440.76
2024-05-16,HCLTECH.NS,1348.1500244140625,1323.56,1433.81
2024-05-17,HCLTECH.NS,1333.199951171875,1326.35,1427.3
2024-05-21,HCLTECH.NS,1341.9000244140625,1329.47,1420.84
2024-05-22,HCLTECH.NS,1343.050048828125,1333.31,1414.28
2024-05-23,HCLTECH.NS,1353.550048828125,1339.11,1407.89
2024-05-24,HCLTECH.NS,1345.199951171875,1342.56,1401.4
2024-05-27,HCLTECH.NS,1353.300048828125,1345.48,1395.16
2024-05-28,HCLTECH.NS,1358.4000244140625,1346.94,1389.13
2024-05-29,HCLTECH.NS,1353.0999755859375,1349.79,1383.52
2024-05-30,HCLTECH.NS,1331.8499755859375,1348.35,1377.75
2024-05-31,HCLTECH.NS,1324.0999755859375,1345.64,1372.64
2024-06-03,HCLTECH.NS,1314.449951171875,1340.06,1367.56
2024-06-04,HCLTECH.NS,1303.550048828125,1334.11,1362.76
2024-06-05,HCLTECH.NS,1343.699951171875,1332.74,1358.69
2024-06-06,HCLTECH.NS,1397.5,1338.32,1355.72
2024-06-07,HCLTECH.NS,1431.5,1349.52,1354.13
2024-06-10,HCLTECH.NS,1418.75,1361.94,1351.28
2024-06-11,HCLTECH.NS,1428.800048828125,1376.89,1349.78
2024-06-12,HCLTECH.NS,1438.75,1394.65,1351.49
2024-06-13,HCLTECH.NS,1444.1500244140625,1414.74,1354.07
2024-06-14,HCLTECH.NS,1431.050048828125,1427.21,1356.42
2024-06-18,HCLTECH.NS,1437.199951171875,1432.89,1359.39
2024-06-19,HCLTECH.NS,1445.8499755859375,1434.94,1362.29
2024-06-20,HCLTECH.NS,1443.449951171875,1438.46,1366.04
2024-06-21,HCLTECH.NS,1447.8499755859375,1441.19,1370.52
2024-06-24,HCLTECH.NS,1440.8499755859375,1441.49,1374.54
2024-06-25,HCLTECH.NS,1447.949951171875,1442.03,1378.93
2024-06-26,HCLTECH.NS,1443.699951171875,1443.84,1383.29
2024-06-27,HCLTECH.NS,1454.9000244140625,1446.36,1387.75
2024-06-28,HCLTECH.NS,1459.5999755859375,1448.33,1391.98
2024-07-01,HCLTECH.NS,1468.8499755859375,1451.96,1396.0
2024-07-02,HCLTECH.NS,1480.800048828125,1456.66,1400.92
2024-07-03,HCLTECH.NS,1481.0,1462.4,1405.56
2024-07-04,HCLTECH.NS,1522.3499755859375,1473.03,1411.53
2024-07-05,HCLTECH.NS,1519.4000244140625,1483.84,1417.06
2024-07-08,HCLTECH.NS,1533.4000244140625,1495.06,1423.34
2024-07-09,HCLTECH.NS,1531.0999755859375,1505.27,1429.26
2024-07-10,HCLTECH.NS,1509.949951171875,1511.14,1434.31
2024-07-11,HCLTECH.NS,1511.9000244140625,1515.59,1439.61
2024-07-12,HCLTECH.NS,1560.199951171875,1526.9,1447.22
2024-07-15,HCLTECH.NS,1569.5999755859375,1533.65,1455.4
2024-07-16,HCLTECH.NS,1569.550048828125,1540.81,1463.91
2024-07-18,HCLTECH.NS,1594.550048828125,1549.55,1473.61
2024-07-19,HCLTECH.NS,1594.550048828125,1558.61,1481.97
2024-07-22,HCLTECH.NS,1577.0999755859375,1568.21,1487.95
2024-07-23,HCLTECH.NS,1598.3499755859375,1580.56,1493.52
2024-07-24,HCLTECH.NS,1583.699951171875,1583.91,1499.01
2024-07-25,HCLTECH.NS,1587.5999755859375,1586.49,1504.31
2024-07-26,HCLTECH.NS,1635.3499755859375,1595.89,1510.86
2024-07-29,HCLTECH.NS,1632.3499755859375,1601.29,1517.13
2024-07-30,HCLTECH.NS,1630.25,1606.39,1523.77
2024-07-31,HCLTECH.NS,1642.5999755859375,1615.74,1530.62
2024-08-01,HCLTECH.NS,1640.550048828125,1621.77,1537.11
2024-08-02,HCLTECH.NS,1609.300048828125,1625.43,1542.64
2024-08-05,HCLTECH.NS,1562.4000244140625,1621.83,1546.46
2024-08-06,HCLTECH.NS,1582.75,1614.31,1551.19
2024-08-07,HCLTECH.NS,1594.5999755859375,1608.92,1556.08
2024-08-08,HCLTECH.NS,1557.8499755859375,1598.58,1559.88
2024-08-09,HCLTECH.NS,1589.949951171875,1591.06,1564.38
2024-08-12,HCLTECH.NS,1585.25,1583.16,1568.57
2024-08-13,HCLTECH.NS,1592.6500244140625,1580.78,1572.7
2024-08-14,HCLTECH.NS,1626.1500244140625,1589.89,1577.54
2024-08-16,HCLTECH.NS,1668.25,1602.1,1583.78
2024-08-19,HCLTECH.NS,1678.5,1614.09,1588.99
2024-08-20,HCLTECH.NS,1686.75,1632.5,1594.57
2024-08-21,HCLTECH.NS,1677.25,1644.97,1599.36
2024-08-22,HCLTECH.NS,1676.1500244140625,1657.96,1604.2
2024-08-23,HCLTECH.NS,1661.449951171875,1667.79,1609.25
2024-08-26,HCLTECH.NS,1719.449951171875,1681.11,1616.17
2024-08-27,HCLTECH.NS,1711.5999755859375,1687.31,1621.21
2024-08-28,HCLTECH.NS,1719.449951171875,1693.16,1626.21
2024-08-29,HCLTECH.NS,1751.8499755859375,1702.46,1632.28
2024-08-30,HCLTECH.NS,1753.25,1713.31,1637.57
2024-09-02,HCLTECH.NS,1806.6500244140625,1731.96,1644.64
2024-09-03,HCLTECH.NS,1790.449951171875,1750.39,1651.76
2024-09-04,HCLTECH.NS,1785.25,1759.79,1657.99
2024-09-05,HCLTECH.NS,1790.550048828125,1771.06,1664.88
2024-09-06,HCLTECH.NS,1756.0999755859375,1776.3,1670.5
2024-09-09,HCLTECH.NS,1746.75,1775.57,1674.21
2024-09-10,HCLTECH.NS,1779.0999755859375,1779.26,1679.1
2024-09-11,HCLTECH.NS,1778.75,1775.28,1684.05
2024-09-12,HCLTECH.NS,1807.5999755859373,1777.73,1689.55
2024-09-13,HCLTECH.NS,1812.800048828125,1781.66,1695.29
2024-09-16,HCLTECH.NS,1811.8499755859373,1784.71,1702.05
2024-09-17,HCLTECH.NS,1813.75,1792.94,1710.42
2024-09-18,HCLTECH.NS,1756.5,1794.34,1716.22
2024-09-19,HCLTECH.NS,1736.5,1788.25,1720.95
2024-09-20,HCLTECH.NS,1760.050048828125,1785.58,1727.69
2024-09-23,HCLTECH.NS,1752.800048828125,1777.75,1733.11
2024-09-24,HCLTECH.NS,1775.5999755859375,1772.44,1739.46
2024-09-25,HCLTECH.NS,1782.4000244140625,1768.23,1745.78
2024-09-26,HCLTECH.NS,1783.8499755859375,1763.96,1751.04
2024-09-27,HCLTECH.NS,1808.4000244140625,1771.37,1755.71
2024-09-30,HCLTECH.NS,1796.0999755859375,1779.89,1759.63
2024-10-01,HCLTECH.NS,1816.5,1787.95,1763.96
2024-10-03,HCLTECH.NS,1778.550048828125,1791.63,1767.33
2024-10-04,HCLTECH.NS,1776.5999755859375,1791.77,1770.68
2024-10-07,HCLTECH.NS,1776.949951171875,1790.99,1774.53
2024-10-08,HCLTECH.NS,1789.449951171875,1791.79,1776.87
2024-10-09,HCLTECH.NS,1809.699951171875,1791.98,1780.14
2024-10-10,HCLTECH.NS,1808.6500244140625,1793.77,1783.11
2024-10-11,HCLTECH.NS,1839.6500244140625,1797.08,1786.04
2024-10-14,HCLTECH.NS,1855.9000244140625,1808.13,1789.46
2024-10-15,HCLTECH.NS,1870.0999755859373,1821.49,1791.57
2024-10-16,HCLTECH.NS,1865.25,1834.1,1794.07
2024-10-17,HCLTECH.NS,1867.800048828125,1845.29,1796.82
2024-10-18,HCLTECH.NS,1857.699951171875,1852.15,1799.06
2024-10-21,HCLTECH.NS,1843.5999755859373,1857.14,1801.97
2024-10-22,HCLTECH.NS,1822.75,1854.73,1804.51
2024-10-23,HCLTECH.NS,1845.75,1853.28,1806.73
2024-10-24,HCLTECH.NS,1844.9000244140625,1849.68,1808.93
2024-10-25,HCLTECH.NS,1852.3499755859373,1847.84,1810.42
2024-10-28,HCLTECH.NS,1871.75,1848.4,1812.39
2024-10-29,HCLTECH.NS,1871.75,1850.41,1814.39
2024-10-30,HCLTECH.NS,1838.800048828125,1849.72,1815.22
2024-10-31,HCLTECH.NS,1766.050048828125,1841.62,1815.54
2024-11-01,HCLTECH.NS,1757.4000244140625,1829.0,1816.24
2024-11-04,HCLTECH.NS,1762.949951171875,1817.29,1816.33
2024-11-05,HCLTECH.NS,1773.550048828125,1806.04,1817.03
2024-11-06,HCLTECH.NS,1838.4000244140625,1801.27,1819.12
2024-11-07,HCLTECH.NS,1831.949951171875,1795.59,1820.77
2024-11-08,HCLTECH.NS,1837.5,1795.4,1822.56
2024-11-11,HCLTECH.NS,1867.300048828125,1809.86,1824.52
2024-11-12,HCLTECH.NS,1872.8499755859373,1826.36,1827.08
2024-11-13,HCLTECH.NS,1864.75,1840.9,1828.69
2024-11-14,HCLTECH.NS,1858.949951171875,1853.1,1831.37
2024-11-18,HCLTECH.NS,1835.0,1852.61,1833.31
2024-11-19,HCLTECH.NS,1820.550048828125,1850.99,1834.77
2024-11-21,HCLTECH.NS,1836.3499755859373,1850.82,1836.33
2024-11-22,HCLTECH.NS,1898.4000244140625,1855.26,1839.29
2024-11-25,HCLTECH.NS,1891.699951171875,1857.96,1842.06
2024-11-26,HCLTECH.NS,1899.550048828125,1862.93,1844.05
2024-11-27,HCLTECH.NS,1891.050048828125,1867.51,1845.23
2024-11-28,HCLTECH.NS,1840.9000244140625,1868.36,1844.25
2024-11-29,HCLTECH.NS,1848.050048828125,1872.29,1843.68
2024-12-02,HCLTECH.NS,1871.5,1877.31,1843.8
2024-12-03,HCLTECH.NS,1890.75,1876.21,1844.9
2024-12-04,HCLTECH.NS,1897.6500244140625,1877.06,1846.71
2024-12-05,HCLTECH.NS,1924.0,1880.56,1850.08
2024-12-06,HCLTECH.NS,1922.699951171875,1885.08,1852.65
2024-12-09,HCLTECH.NS,1909.9000244140625,1894.94,1854.81
2024-12-10,HCLTECH.NS,1936.3499755859373,1907.55,1857.61
2024-12-11,HCLTECH.NS,1930.9000244140625,1916.04,1859.58
2024-12-12,HCLTECH.NS,1936.199951171875,1922.53,1861.73
2024-12-13,HCLTECH.NS,1968.800048828125,1932.69,1866.07
2024-12-16,HCLTECH.NS,1954.4000244140625,1937.04,1872.34
2024-12-17,HCLTECH.NS,1950.5999755859373,1941.02,1878.78
2024-12-18,HCLTECH.NS,1960.3499755859373,1948.23,1885.36
2024-12-19,HCLTECH.NS,1934.25,1947.93,1890.72
2024-12-20,HCLTECH.NS,1911.3499755859373,1945.14,1893.15
2024-12-23,HCLTECH.NS,1903.0,1940.39,1895.52
2024-12-24,HCLTECH.NS,1896.949951171875,1930.13,1897.5
2024-12-26,HCLTECH.NS,1900.75,1922.46,1898.62
2024-12-27,HCLTECH.NS,1892.0,1914.09,1899.26
2024-12-30,HCLTECH.NS,1928.949951171875,1909.61,1901.39
2024-12-31,HCLTECH.NS,1917.4000244140625,1907.2,1903.34
2025-01-01,HCLTECH.NS,1911.949951171875,1907.29,1905.91
2025-01-02,HCLTECH.NS,1972.199951171875,1917.17,1910.96
2025-01-03,HCLTECH.NS,1946.6500244140625,1924.27,1914.64
2025-01-06,HCLTECH.NS,1953.050048828125,1931.74,1916.46
2025-01-07,HCLTECH.NS,1915.9000244140625,1935.16,1917.27
2025-01-08,HCLTECH.NS,1932.25,1935.63,1918.36
2025-01-09,HCLTECH.NS,1934.800048828125,1938.11,1919.82
2025-01-10,HCLTECH.NS,1995.0999755859373,1949.99,1924.96
2025-01-13,HCLTECH.NS,1989.4000244140625,1952.45,1929.67
2025-01-14,HCLTECH.NS,1813.550048828125,1933.44,1927.74
2025-01-15,HCLTECH.NS,1825.699951171875,1915.24,1925.57
2025-01-16,HCLTECH.NS,1792.25,1897.58,1922.05
2025-01-17,HCLTECH.NS,1788.9000244140625,1877.1,1917.55
2025-01-20,HCLTECH.NS,1796.199951171875,1857.3,1913.33
2025-01-21,HCLTECH.NS,1802.4000244140625,1829.77,1909.75
2025-01-22,HCLTECH.NS,1827.699951171875,1806.67,1906.13
2025-01-23,HCLTECH.NS,1807.0,1805.74,1902.0
2025-01-24,HCLTECH.NS,1792.8499755859375,1801.04,1897.22
2025-01-27,HCLTECH.NS,1711.949951171875,1789.57,1888.66
2025-01-28,HCLTECH.NS,1693.25,1775.91,1879.95
2025-01-29,HCLTECH.NS,1719.0,1764.88,1872.23
2025-01-30,HCLTECH.NS,1713.0999755859375,1752.12,1863.99
2025-01-31,HCLTECH.NS,1725.449951171875,1737.51,1857.03
2025-02-01,HCLTECH.NS,1694.0,1721.37,1849.79
2025-02-03,HCLTECH.NS,1692.0,1706.96,1842.75
2025-02-04,HCLTECH.NS,1732.550048828125,1709.91,1837.27
2025-02-05,HCLTECH.NS,1712.8499755859375,1712.71,1831.01
2025-02-06,HCLTECH.NS,1723.5,1713.35,1825.39
2025-02-07,HCLTECH.NS,1725.6500244140625,1715.14,1818.62
2025-02-10,HCLTECH.NS,1733.8499755859375,1716.34,1812.5
2025-02-11,HCLTECH.NS,1723.199951171875,1720.51,1806.21
2025-02-12,HCLTECH.NS,1717.300048828125,1724.13,1797.71
2025-02-13,HCLTECH.NS,1703.0999755859375,1719.92,1789.59
2025-02-14,HCLTECH.NS,1711.25,1719.69,1781.53
2025-02-17,HCLTECH.NS,1709.9000244140625,1717.75,1774.67
2025-02-18,HCLTECH.NS,1725.5,1717.73,1767.77
2025-02-19,HCLTECH.NS,1712.300048828125,1714.65,1760.36
2025-02-20,HCLTECH.NS,1687.550048828125,1709.56,1750.11
2025-02-21,HCLTECH.NS,1700.699951171875,1707.19,1740.48
2025-02-24,HCLTECH.NS,1644.050048828125,1698.75,1734.83
2025-02-25,HCLTECH.NS,1636.0999755859375,1688.01,1728.51
2025-02-27,HCLTECH.NS,1629.199951171875,1676.49,1723.08
2025-02-28,HCLTECH.NS,1575.050048828125,1654.99,1715.95
2025-03-03,HCLTECH.NS,1572.4000244140625,1635.01,1708.49
2025-03-04,HCLTECH.NS,1535.5,1613.29,1699.59
2025-03-05,HCLTECH.NS,1572.949951171875,1595.04,1691.1
2025-03-06,HCLTECH.NS,1585.449951171875,1586.66,1683.72
2025-03-07,HCLTECH.NS,1557.949951171875,1575.5,1675.89
2025-03-10,HCLTECH.NS,1549.300048828125,1564.09,1670.46
2025-03-11,HCLTECH.NS,1567.8499755859375,1563.06,1666.28
2025-03-12,HCLTECH.NS,1540.5999755859375,1558.51,1660.34
2025-03-13,HCLTECH.NS,1534.75,1558.41,1654.39
2025-03-17,HCLTECH.NS,1545.1500244140625,1554.44,1648.38
2025-03-18,HCLTECH.NS,1545.1500244140625,1548.68,1643.42
2025-03-19,HCLTECH.NS,1544.449951171875,1546.75,1638.5
2025-03-20,HCLTECH.NS,1562.0,1548.56,1632.82
2025-03-21,HCLTECH.NS,1566.699951171875,1548.4,1627.95
2025-03-24,HCLTECH.NS,1604.1500244140625,1557.48,1623.97
2025-03-25,HCLTECH.NS,1624.9000244140625,1570.36,1620.61
2025-03-26,HCLTECH.NS,1633.4000244140625,1582.96,1617.26
2025-03-27,HCLTECH.NS,1630.1500244140625,1595.11,1614.16
2025-03-28,HCLTECH.NS,1592.5,1601.97,1610.0
2025-04-01,HCLTECH.NS,1530.3499755859375,1597.45,1604.24
2025-04-02,HCLTECH.NS,1527.550048828125,1591.86,1598.12
2025-04-03,HCLTECH.NS,1470.0999755859375,1572.71,1590.13
2025-04-04,HCLTECH.NS,1422.0999755859375,1543.74,1580.01
2025-04-07,HCLTECH.NS,1374.0999755859375,1506.69,1568.74
2025-04-08,HCLTECH.NS,1403.3499755859375,1474.29,1559.26
2025-04-09,HCLTECH.NS,1380.0,1443.94,1548.57
2025-04-11,HCLTECH.NS,1390.550048828125,1423.96,1540.12
2025-04-15,HCLTECH.NS,1426.5,1409.53,1533.14
2025-04-16,HCLTECH.NS,1431.699951171875,1404.04,1526.55
2025-04-17,HCLTECH.NS,1438.0,1406.31,1521.99
2025-04-21,HCLTECH.NS,1482.0,1421.73,1518.97
2025-04-22,HCLTECH.NS,1479.9000244140625,1432.66,1517.12
2025-04-23,HCLTECH.NS,1594.0,1463.24,1517.82
2025-04-24,HCLTECH.NS,1586.699951171875,1491.26,1517.86
2025-04-25,HCLTECH.NS,1578.199951171875,1512.93,1518.54
2025-04-28,HCLTECH.NS,1549.300048828125,1529.73,1518.54
2025-04-29,HCLTECH.NS,1569.0,1548.44,1518.58
2025-04-30,HCLTECH.NS,1567.5,1560.66,1519.47
2025-05-02,HCLTECH.NS,1572.4000244140625,1573.87,1520.73
2025-05-05,HCLTECH.NS,1568.5999755859375,1570.24,1521.51
2025-05-06,HCLTECH.NS,1579.0999755859375,1569.16,1522.64
2025-05-07,HCLTECH.NS,1563.300048828125,1567.03,1523.27
2025-05-08,HCLTECH.NS,1580.699951171875,1571.51,1523.89
2025-05-09,HCLTECH.NS,1569.4000244140625,1571.57,1523.98
2025-05-12,HCLTECH.NS,1670.300048828125,1586.26,1526.19
2025-05-13,HCLTECH.NS,1619.5999755859375,1593.0,1526.01
2025-05-14,HCLTECH.NS,1637.699951171875,1602.87,1526.15
2025-05-15,HCLTECH.NS,1696.0,1619.57,1528.35
2025-05-16,HCLTECH.NS,1659.9000244140625,1633.37,1530.6
2025-05-19,HCLTECH.NS,1649.5999755859375,1643.21,1534.57
2025-05-20,HCLTECH.NS,1638.300048828125,1653.06,1538.26
2025-05-21,HCLTECH.NS,1652.0,1650.44,1544.33
2025-05-22,HCLTECH.NS,1633.0,1652.36,1551.36
2025-05-23,HCLTECH.NS,1648.199951171875,1653.86,1560.49
2025-05-26,HCLTECH.NS,1673.5999755859375,1650.66,1569.5
2025-05-27,HCLTECH.NS,1652.0999755859375,1649.54,1578.57
2025-05-28,HCLTECH.NS,1657.300048828125,1650.64,1587.46
2025-05-29,HCLTECH.NS,1664.699951171875,1654.41,1595.4
2025-05-30,HCLTECH.NS,1636.5999755859375,1652.21,1602.23
2025-06-02,HCLTECH.NS,1631.5,1652.0,1608.68
2025-06-03,HCLTECH.NS,1630.4000244140625,1649.46,1613.63
2025-06-04,HCLTECH.NS,1626.0999755859375,1642.67,1618.5
2025-06-05,HCLTECH.NS,1632.4000244140625,1639.86,1619.78
2025-06-06,HCLTECH.NS,1637.699951171875,1637.06,1621.48
2025-06-09,HCLTECH.NS,1648.300048828125,1634.71,1623.82
2025-06-10,HCLTECH.NS,1668.0999755859375,1639.21,1627.78
2025-06-11,HCLTECH.NS,1721.9000244140625,1652.13,1632.88
2025-06-12,HCLTECH.NS,1701.199951171875,1662.24,1637.33
2025-06-13,HCLTECH.NS,1695.300048828125,1672.13,1641.43
2025-06-16,HCLTECH.NS,1723.0,1685.07,1646.58
2025-06-17,HCLTECH.NS,1729.5999755859375,1698.2,1651.59
2025-06-18,HCLTECH.NS,1715.9000244140625,1707.86,1656.68
2025-06-19,HCLTECH.NS,1713.9000244140625,1714.4,1661.12
2025-06-20,HCLTECH.NS,1739.9000244140625,1716.97,1666.8
2025-06-23,HCLTECH.NS,1703.199951171875,1717.26,1667.9
2025-06-24,HCLTECH.NS,1691.800048828125,1716.76,1670.31
2025-06-25,HCLTECH.NS,1717.0999755859375,1715.91,1672.95
2025-06-26,HCLTECH.NS,1724.0999755859375,1715.13,1673.89
2025-06-27,HCLTECH.NS,1723.300048828125,1716.19,1676.0
2025-06-30,HCLTECH.NS,1728.5999755859375,1718.29,1678.64
2025-07-01,HCLTECH.NS,1718.300048828125,1715.2,1681.3
2025-07-02,HCLTECH.NS,1718.5999755859375,1717.4,1683.52
2025-07-03,HCLTECH.NS,1711.9000244140625,1720.27,1686.15
2025-07-04,HCLTECH.NS,1725.9000244140625,1721.53,1688.74
2025-07-07,HCLTECH.NS,1710.4000244140625,1719.57,1689.97
2025-07-08,HCLTECH.NS,1708.0999755859375,1717.4,1691.84
2025-07-09,HCLTECH.NS,1674.0,1709.6,1692.39
2025-07-10,HCLTECH.NS,1663.699951171875,1701.8,1692.36
2025-07-11,HCLTECH.NS,1638.300048828125,1690.33,1692.42
2025-07-14,HCLTECH.NS,1619.800048828125,1677.17,1692.03
2025-07-15,HCLTECH.NS,1566.4000244140625,1654.39,1689.89
2025-07-16,HCLTECH.NS,1562.800048828125,1633.3,1687.78
2025-07-17,HCLTECH.NS,1543.9000244140625,1609.84,1684.83
2025-07-18,HCLTECH.NS,1548.800048828125,1591.96,1681.87
2025-07-21,HCLTECH.NS,1530.4000244140625,1572.91,1677.94
2025-07-22,HCLTECH.NS,1520.0999755859375,1556.03,1673.01
2025-07-23,HCLTECH.NS,1529.800048828125,1543.17,1666.6
2025-07-24,HCLTECH.NS,1507.199951171875,1534.71,1660.14
2025-07-25,HCLTECH.NS,1490.0999755859375,1524.33,1653.3
2025-07-28,HCLTECH.NS,1466.0999755859375,1513.21,1644.73
2025-07-29,HCLTECH.NS,1472.4000244140625,1502.3,1636.16
2025-07-30,HCLTECH.NS,1476.5,1494.6,1628.18
2025-07-31,HCLTECH.NS,1467.9000244140625,1487.14,1619.98
2025-08-01,HCLTECH.NS,1452.0999755859375,1476.04,1610.39
2025-08-04,HCLTECH.NS,1474.4000244140625,1471.36,1602.76
2025-08-05,HCLTECH.NS,1482.699951171875,1470.3,1595.79
2025-08-06,HCLTECH.NS,1463.199951171875,1469.89,1587.33
2025-08-07,HCLTECH.NS,1475.5,1470.33,1579.04
2025-08-08,HCLTECH.NS,1475.699951171875,1470.21,1570.79
2025-08-11,HCLTECH.NS,1488.0,1473.09,1562.77
2025-08-12,HCLTECH.NS,1499.0999755859375,1479.8,1555.46
2025-08-13,HCLTECH.NS,1501.0999755859375,1483.61,1548.21
2025-08-14,HCLTECH.NS,1489.800048828125,1484.63,1540.81
2025-08-18,HCLTECH.NS,1485.0,1487.74,1532.78
2025-08-19,HCLTECH.NS,1476.0999755859375,1487.83,1524.97
2025-08-20,HCLTECH.NS,1496.0,1490.73,1517.9
2025-08-21,HCLTECH.NS,1493.5,1491.51,1511.88
2025-08-22,HCLTECH.NS,1466.300048828125,1486.83,1505.3
2025-08-25,HCLTECH.NS,1504.199951171875,1487.27,1500.83
2025-08-26,HCLTECH.NS,1492.800048828125,1487.7,1496.6
2025-08-28,HCLTECH.NS,1449.800048828125,1482.67,1492.71
2025-08-29,HCLTECH.NS,1454.800048828125,1479.63,1489.11
2025-09-01,HCLTECH.NS,1468.4000244140625,1475.69,1486.59
2025-09-02,HCLTECH.NS,1465.699951171875,1471.71,1483.82
2025-09-03,HCLTECH.NS,1466.0999755859375,1471.69,1481.68
2025-09-04,HCLTECH.NS,1443.300048828125,1462.99,1479.12
2025-09-05,HCLTECH.NS,1419.0,1452.44,1475.43
2025-09-08,HCLTECH.NS,1403.0,1445.76,1471.95
2025-09-09,HCLTECH.NS,1427.0999755859375,1441.8,1469.85
2025-09-10,HCLTECH.NS,1463.9000244140625,1441.16,1469.78
2025-09-11,HCLTECH.NS,1467.699951171875,1441.44,1469.62
2025-09-12,HCLTECH.NS,1467.199951171875,1441.6,1469.31
2025-09-15,HCLTECH.NS,1466.5,1444.91,1469.27
2025-09-16,HCLTECH.NS,1483.0999755859375,1454.07,1470.3
2025-09-17,HCLTECH.NS,1481.5,1465.29,1470.54
2025-09-18,HCLTECH.NS,1493.800048828125,1474.81,1470.91
2025-09-19,HCLTECH.NS,1467.4000244140625,1475.31,1471.05
2025-09-22,HCLTECH.NS,1439.9000244140625,1471.34,1469.86
2025-09-23,HCLTECH.NS,1429.800048828125,1466.0,1468.33
2025-09-24,HCLTECH.NS,1442.300048828125,1462.54,1466.81
2025-09-25,HCLTECH.NS,1423.800048828125,1454.07,1464.3
2025-09-26,HCLTECH.NS,1395.300048828125,1441.76,1460.77
2025-09-29,HCLTECH.NS,1387.4000244140625,1426.56,1457.36
2025-09-30,HCLTECH.NS,1385.0999755859375,1414.8,1454.03
2025-10-01,HCLTECH.NS,1389.5,1407.6,1451.14
2025-10-03,HCLTECH.NS,1393.5,1402.41,1447.72
2025-10-06,HCLTECH.NS,1417.699951171875,1398.9,1445.2
2025-10-07,HCLTECH.NS,1433.4000244140625,1400.27,1444.1
2025-10-08,HCLTECH.NS,1453.199951171875,1408.54,1442.4
2025-10-09,HCLTECH.NS,1486.5,1422.7,1442.19
2025-10-10,HCLTECH.NS,1495.5,1438.47,1443.71
2025-10-13,HCLTECH.NS,1494.699951171875,1453.5,1445.04
2025-10-14,HCLTECH.NS,1495.4000244140625,1468.06,1445.94
2025-10-15,HCLTECH.NS,1495.699951171875,1479.2,1446.94
2025-10-16,HCLTECH.NS,1515.0,1490.86,1448.57
2025-10-17,HCLTECH.NS,1486.199951171875,1495.57,1450.0
2025-10-20,HCLTECH.NS,1495.4000244140625,1496.84,1452.55
2025-10-21,HCLTECH.NS,1486.0,1495.49,1455.32
2025-10-23,HCLTECH.NS,1523.9000244140625,1499.66,1458.54
2025-10-24,HCLTECH.NS,1523.800048828125,1503.71,1460.54
2025-10-27,HCLTECH.NS,1533.5,1509.11,1462.73
2025-10-28,HCLTECH.NS,1522.0999755859375,1510.13,1464.56
2025-10-29,HCLTECH.NS,1557.300048828125,1520.29,1467.59
2025-10-30,HCLTECH.NS,1549.800048828125,1528.06,1469.81
2025-10-31,HCLTECH.NS,1541.5,1535.99,1471.81
2025-11-03,HCLTECH.NS,1543.5,1538.79,1473.47
2025-11-04,HCLTECH.NS,1529.0999755859375,1539.54,1475.53
2025-11-06,HCLTECH.NS,1526.4000244140625,1538.53,1478.41
2025-11-07,HCLTECH.NS,1512.4000244140625,1537.14,1481.16
2025-11-10,HCLTECH.NS,1540.5,1534.74,1484.44
2025-11-11,HCLTECH.NS,1570.0,1537.63,1489.31
2025-11-12,HCLTECH.NS,1594.0,1545.13,1495.93
2025-11-13,HCLTECH.NS,1598.5,1552.99,1502.97
2025-11-14,HCLTECH.NS,1594.5999755859375,1562.34,1509.95
2025-11-17,HCLTECH.NS,1606.4000244140625,1573.77,1517.18
2025-11-18,HCLTECH.NS,1595.199951171875,1585.6,1523.91
2025-11-19,HCLTECH.NS,1662.5999755859375,1603.04,1532.07
2025-11-20,HCLTECH.NS,1645.4000244140625,1613.81,1539.14
2025-11-21,HCLTECH.NS,1608.0,1615.81,1544.3
2025-11-24,HCLTECH.NS,1610.4000244140625,1617.51,1548.43
2025-11-25,HCLTECH.NS,1601.0999755859375,1618.44,1551.95
2025-11-26,HCLTECH.NS,1617.9000244140625,1620.09,1556.05
2025-11-27,HCLTECH.NS,1629.0,1624.91,1560.51
2025-11-28,HCLTECH.NS,1624.199951171875,1619.43,1564.79
2025-12-01,HCLTECH.NS,1642.9000244140625,1619.07,1569.05
2025-12-02,HCLTECH.NS,1635.5,1623.0,1574.03
2025-12-03,HCLTECH.NS,1640.5,1627.3,1578.87
2025-12-04,HCLTECH.NS,1654.5999755859375,1634.94,1584.49
2025-12-05,HCLTECH.NS,1683.0,1644.24,1589.79
2025-12-08,HCLTECH.NS,1688.5999755859375,1652.76,1595.28
2025-12-09,HCLTECH.NS,1657.5999755859375,1657.53,1599.42
2025-12-10,HCLTECH.NS,1666.0,1660.83,1604.22
2025-12-11,HCLTECH.NS,1672.4000244140625,1666.1,1608.05
2025-12-12,HCLTECH.NS,1673.199951171875,1670.77,1612.17
2025-12-15,HCLTECH.NS,1684.0,1674.97,1616.92
2025-12-16,HCLTECH.NS,1651.699951171875,1670.5,1620.52
2025-12-17,HCLTECH.NS,1655.0,1665.7,1624.72
2025-12-18,HCLTECH.NS,1661.4000244140625,1666.24,1629.22
2025-12-19,HCLTECH.NS,1642.4000244140625,1662.87,1633.55
2025-12-22,HCLTECH.NS,1670.300048828125,1662.57,1637.88
2025-12-23,HCLTECH.NS,1679.9000244140625,1663.53,1641.54
2025-12-24,HCLTECH.NS,1674.699951171875,1662.2,1644.23
2025-12-26,HCLTECH.NS,1660.9000244140625,1663.51,1646.31
2025-12-29,HCLTECH.NS,1630.800048828125,1660.06,1647.52
2025-12-30,HCLTECH.NS,1615.199951171875,1653.46,1647.81
2025-12-31,HCLTECH.NS,1623.300048828125,1650.73,1648.75
2026-01-01,HCLTECH.NS,1634.5,1645.61,1647.81
2026-01-02,HCLTECH.NS,1640.199951171875,1639.94,1647.64
2026-01-05,HCLTECH.NS,1607.5999755859375,1630.36,1647.63
2026-01-06,HCLTECH.NS,1616.300048828125,1623.99,1647.82
2026-01-07,HCLTECH.NS,1647.699951171875,1626.4,1649.38
2026-01-08,HCLTECH.NS,1646.699951171875,1630.9,1650.34
2026-01-09,HCLTECH.NS,1661.4000244140625,1636.34,1651.42
2026-01-12,HCLTECH.NS,1667.5999755859375,1641.07,1652.86
2026-01-13,HCLTECH.NS,1665.0,1644.61,1653.6
2026-01-14,HCLTECH.NS,1668.5,1653.31,1654.7
2026-01-15,HCLTECH.NS,1668.5,1660.77,1655.63
2026-01-16,HCLTECH.NS,1698.0,1667.96,1657.08
2026-01-19,HCLTECH.NS,1716.800048828125,1677.97,1658.21
2026-01-20,HCLTECH.NS,1687.300048828125,1681.67,1658.16
2026-01-21,HCLTECH.NS,1682.5,1683.8,1658.99
2026-01-22,HCLTECH.NS,1703.0999755859375,1689.24,1660.23
2026-01-23,HCLTECH.NS,1707.0,1694.74,1661.38
2026-01-27,HCLTECH.NS,1720.199951171875,1702.13,1662.95
2026-01-28,HCLTECH.NS,1729.5999755859375,1706.64,1664.47
2026-01-29,HCLTECH.NS,1721.5999755859375,1707.33,1666.8
2026-01-30,HCLTECH.NS,1695.5999755859375,1708.51,1668.15
2026-02-02,HCLTECH.NS,1676.800048828125,1707.7,1668.67
2026-02-03,HCLTECH.NS,1695.300048828125,1706.59,1670.43
2026-02-04,HCLTECH.NS,1621.800048828125,1694.41,1668.81
2026-02-05,HCLTECH.NS,1610.0,1678.67,1666.48
2026-02-06,HCLTECH.NS,1593.699951171875,1659.26,1663.78
2026-02-09,HCLTECH.NS,1602.0,1642.17,1661.82
2026-02-10,HCLTECH.NS,1573.0999755859375,1624.67,1659.9
2026-02-11,HCLTECH.NS,1551.5999755859375,1606.79,1657.78
2026-02-12,HCLTECH.NS,1476.0999755859375,1575.47,1652.87
2026-02-13,HCLTECH.NS,1455.199951171875,1551.67,1646.89
2026-02-16,HCLTECH.NS,1461.800048828125,1530.5,1640.95
2026-02-17,HCLTECH.NS,1482.5999755859375,1514.63,1636.78
2026-02-18,HCLTECH.NS,1467.199951171875,1495.37,1631.81
2026-02-19,HCLTECH.NS,1450.4000244140625,1477.84,1625.23
2026-02-20,HCLTECH.NS,1436.5,1461.4,1618.23
2026-02-23,HCLTECH.NS,1426.199951171875,1454.27,1610.39
2026-02-24,HCLTECH.NS,1339.199951171875,1437.7,1599.44
2026-02-25,HCLTECH.NS,1378.199951171875,1425.76,1589.88
2026-02-26,HCLTECH.NS,1373.5,1410.17,1580.05
2026-02-27,HCLTECH.NS,1389.0999755859375,1399.01,1570.73
2026-03-02,HCLTECH.NS,1371.0,1387.67,1559.83
2026-03-04,HCLTECH.NS,1364.0,1377.31,1548.07
2026-03-05,HCLTECH.NS,1354.0999755859375,1367.01,1536.97
2026-03-06,HCLTECH.NS,1356.699951171875,1369.51,1526.11
2026-03-09,HCLTECH.NS,1358.5999755859375,1366.71,1514.62
2026-03-10,HCLTECH.NS,1361.5,1365.0,1503.11
2026-03-11,HCLTECH.NS,1350.300048828125,1359.46,1490.78
2026-03-12,HCLTECH.NS,1358.0999755859375,1357.61,1478.39
2026-03-13,HCLTECH.NS,1325.4000244140625,1352.1,1465.19
2026-03-16,HCLTECH.NS,1328.5999755859375,1348.46,1452.95
2026-03-17,HCLTECH.NS,1321.0999755859375,1343.37,1441.1
2026-03-18,HCLTECH.NS,1357.199951171875,1343.17,1429.83
2026-03-19,HCLTECH.NS,1311.800048828125,1336.07,1419.49
2026-03-20,HCLTECH.NS,1333.699951171875,1333.7,1410.28
2026-03-23,HCLTECH.NS,1358.5999755859375,1333.77,1402.45
2026-03-24,HCLTECH.NS,1373.300048828125,1340.61,1394.82
2026-03-25,HCLTECH.NS,1381.300048828125,1348.14,1388.43
2026-03-27,HCLTECH.NS,1364.4000244140625,1354.33,1382.19
2026-03-30,HCLTECH.NS,1341.5999755859375,1352.1,1377.71
2026-04-01,HCLTECH.NS,1354.4000244140625,1358.19,1374.35
2026-04-02,HCLTECH.NS,1402.199951171875,1367.97,1372.36
2026-04-06,HCLTECH.NS,1403.300048828125,1374.36,1369.72
2026-04-07,HCLTECH.NS,1441.5999755859375,1384.11,1368.86
2026-04-08,HCLTECH.NS,1461.0,1395.5,1369.22
2026-04-09,HCLTECH.NS,1464.9000244140625,1409.86,1370.16
2026-04-10,HCLTECH.NS,1451.199951171875,1425.51,1371.0
2026-04-13,HCLTECH.NS,1429.4000244140625,1436.23,1374.0
2026-04-15,HCLTECH.NS,1451.300048828125,1443.24,1376.44
2026-04-16,HCLTECH.NS,1450.199951171875,1449.94,1379.0
2026-04-17,HCLTECH.NS,1442.300048828125,1450.04,1380.77
2026-04-20,HCLTECH.NS,1428.300048828125,1445.37,1382.68
2026-04-21,HCLTECH.NS,1441.199951171875,1441.99,1385.25
2026-04-22,HCLTECH.NS,1285.300048828125,1418.29,1382.96
2026-04-23,HCLTECH.NS,1277.5999755859375,1396.6,1380.32
2026-04-24,HCLTECH.NS,1203.199951171875,1361.16,1375.14
2026-04-27,HCLTECH.NS,1228.199951171875,1329.44,1370.7
2026-04-28,HCLTECH.NS,1196.0,1294.26,1365.56
2026-04-29,HCLTECH.NS,1200.199951171875,1261.67,1360.29
2026-04-30,HCLTECH.NS,1199.0999755859375,1227.09,1356.08
2026-05-01,HCLTECH.NS,1199.0999755859375,1214.77,1351.77
2026-05-04,HCLTECH.NS,1200.5,1203.76,1347.75
2026-05-05,HCLTECH.NS,1200.199951171875,1203.33,1342.51
2026-05-06,HCLTECH.NS,1189.0999755859375,1197.74,1338.42
2026-05-07,HCLTECH.NS,1183.4000244140625,1195.94,1333.41
2026-05-08,HCLTECH.NS,1198.4000244140625,1195.69,1328.07
2026-05-11,HCLTECH.NS,1194.9000244140625,1195.09,1322.13
2026-05-12,HCLTECH.NS,1145.800048828125,1187.47,1314.28
2026-05-13,HCLTECH.NS,1143.199951171875,1179.29,1306.9
2026-05-14,HCLTECH.NS,1124.0,1168.4,1299.65
2026-05-15,HCLTECH.NS,1132.5999755859375,1160.33,1292.26
2026-05-18,HCLTECH.NS,1146.5999755859375,1155.07,1283.74
2026-05-19,HCLTECH.NS,1179.4000244140625,1152.36,1276.27
2026-05-20,HCLTECH.NS,1169.800048828125,1148.77,1267.21
2026-05-21,HCLTECH.NS,1168.199951171875,1151.97,1257.45
2026-05-22,HCLTECH.NS,1164.0,1154.94,1247.42
2026-05-25,HCLTECH.NS,1165.699951171875,1160.9,1237.91
2026-05-26,HCLTECH.NS,1161.9000244140625,1165.09,1228.99
2026-05-27,HCLTECH.NS,1165.199951171875,1167.74,1219.45
2026-05-28,HCLTECH.NS,1165.199951171875,1165.71,1209.95
2026-05-29,HCLTECH.NS,1183.800048828125,1167.71,1201.34
2023-05-29,HDFCBANK.NS,817.75,817.75,817.75
2023-05-30,HDFCBANK.NS,818.375,818.06,818.06
2023-05-31,HDFCBANK.NS,805.4249877929688,813.85,813.85
2023-06-01,HDFCBANK.NS,802.0,810.89,810.89
2023-06-02,HDFCBANK.NS,803.25,809.36,809.36
2023-06-05,HDFCBANK.NS,802.2000122070312,808.17,808.17
2023-06-06,HDFCBANK.NS,799.7000122070312,806.96,806.96
2023-06-07,HDFCBANK.NS,803.8499755859375,804.97,806.57
2023-06-08,HDFCBANK.NS,804.3499755859375,802.97,806.32
2023-06-09,HDFCBANK.NS,805.2999877929688,802.95,806.22
2023-06-12,HDFCBANK.NS,800.4000244140625,802.72,805.69
2023-06-13,HDFCBANK.NS,801.75,802.51,805.36
2023-06-14,HDFCBANK.NS,800.875,802.32,805.02
2023-06-15,HDFCBANK.NS,791.0250244140625,801.08,804.02
2023-06-16,HDFCBANK.NS,801.375,800.73,803.84
2023-06-19,HDFCBANK.NS,802.0750122070312,800.4,803.73
2023-06-20,HDFCBANK.NS,803.75,800.18,803.73
2023-06-21,HDFCBANK.NS,817.7999877929688,802.66,804.51
2023-06-22,HDFCBANK.NS,821.7999877929688,805.53,805.42
2023-06-23,HDFCBANK.NS,821.75,808.51,806.24
2023-06-26,HDFCBANK.NS,817.7750244140625,812.33,806.79
2023-06-27,HDFCBANK.NS,829.2999877929688,816.32,807.81
2023-06-28,HDFCBANK.NS,838.0750122070312,821.46,809.13
2023-06-30,HDFCBANK.NS,850.7000122070312,828.17,810.86
2023-07-03,HDFCBANK.NS,859.9000244140625,834.19,812.82
2023-07-04,HDFCBANK.NS,864.0999755859375,840.23,814.79
2023-07-05,HDFCBANK.NS,836.6500244140625,842.36,815.6
2023-07-06,HDFCBANK.NS,837.5,845.18,816.39
2023-07-07,HDFCBANK.NS,830.2000122070312,845.3,816.86
2023-07-10,HDFCBANK.NS,828.2249755859375,843.9,817.24
2023-07-11,HDFCBANK.NS,824.2000122070312,840.11,817.46
2023-07-12,HDFCBANK.NS,816.4749755859375,833.91,817.39
2023-07-13,HDFCBANK.NS,820.5499877929688,827.69,817.9
2023-07-14,HDFCBANK.NS,822.25,825.63,818.57
2023-07-17,HDFCBANK.NS,839.4500122070312,825.91,819.78
2023-07-18,HDFCBANK.NS,838.75,827.13,821.0
2023-07-19,HDFCBANK.NS,842.5499877929688,829.17,822.42
2023-07-20,HDFCBANK.NS,844.375,832.06,823.78
2023-07-21,HDFCBANK.NS,837.875,835.11,824.89
2023-07-24,HDFCBANK.NS,839.2000122070312,837.78,826.02
2023-07-25,HDFCBANK.NS,848.2999877929688,841.5,827.62
2023-07-26,HDFCBANK.NS,845.3499755859375,842.34,829.07
2023-07-27,HDFCBANK.NS,836.5750122070312,842.03,830.26
2023-07-28,HDFCBANK.NS,821.75,839.06,831.29
2023-07-31,HDFCBANK.NS,825.5999755859375,836.38,832.09
2023-08-01,HDFCBANK.NS,831.125,835.41,833.06
2023-08-02,HDFCBANK.NS,820.25,832.71,833.61
2023-08-03,HDFCBANK.NS,814.3250122070312,827.85,833.5
2023-08-04,HDFCBANK.NS,826.0999755859375,825.1,833.64
2023-08-07,HDFCBANK.NS,825.625,823.54,833.77
2023-08-08,HDFCBANK.NS,824.9500122070312,824.0,834.01
2023-08-09,HDFCBANK.NS,825.25,823.95,833.87
2023-08-10,HDFCBANK.NS,817.9249877929688,822.06,833.2
2023-08-11,HDFCBANK.NS,809.4000244140625,820.51,831.83
2023-08-14,HDFCBANK.NS,805.4500122070312,819.24,830.01
2023-08-16,HDFCBANK.NS,803.0999755859375,815.96,827.98
2023-08-17,HDFCBANK.NS,798.6500244140625,812.1,826.71
2023-08-18,HDFCBANK.NS,795.375,807.88,825.31
2023-08-21,HDFCBANK.NS,794.75,803.52,824.12
2023-08-22,HDFCBANK.NS,791.3499755859375,799.73,822.9
2023-08-23,HDFCBANK.NS,793.2999877929688,797.42,821.87
2023-08-24,HDFCBANK.NS,789.6500244140625,795.17,820.97
2023-08-25,HDFCBANK.NS,780.75,791.98,819.64
2023-08-28,HDFCBANK.NS,788.875,790.58,818.53
2023-08-29,HDFCBANK.NS,795.1500244140625,790.55,817.06
2023-08-30,HDFCBANK.NS,789.3499755859375,789.77,815.41
2023-08-31,HDFCBANK.NS,785.7249755859375,788.97,813.51
2023-09-01,HDFCBANK.NS,787.3499755859375,788.12,811.61
2023-09-04,HDFCBANK.NS,792.2750244140625,788.5,810.09
2023-09-05,HDFCBANK.NS,787.4500122070312,789.45,808.37
2023-09-06,HDFCBANK.NS,797.75,790.72,806.68
2023-09-07,HDFCBANK.NS,805.4249877929688,792.19,805.35
2023-09-08,HDFCBANK.NS,811.7000122070312,795.38,804.52
2023-09-11,HDFCBANK.NS,815.9000244140625,799.69,804.33
2023-09-12,HDFCBANK.NS,818.4500122070312,804.14,804.09
2023-09-13,HDFCBANK.NS,821.9500122070312,808.38,803.79
2023-09-14,HDFCBANK.NS,821.4500122070312,813.23,803.83
2023-09-15,HDFCBANK.NS,830.875,817.96,804.38
2023-09-18,HDFCBANK.NS,814.5250244140625,819.26,803.99
2023-09-20,HDFCBANK.NS,781.8499755859375,815.0,802.53
2023-09-21,HDFCBANK.NS,776.6749877929688,809.4,800.92
2023-09-22,HDFCBANK.NS,764.8250122070312,801.74,798.91
2023-09-25,HDFCBANK.NS,765.5,793.67,797.16
2023-09-26,HDFCBANK.NS,768.8250122070312,786.15,795.81
2023-09-27,HDFCBANK.NS,763.4249877929688,776.52,794.41
2023-09-28,HDFCBANK.NS,761.8499755859375,768.99,793.03
2023-09-29,HDFCBANK.NS,763.1500244140625,766.32,791.85
2023-10-03,HDFCBANK.NS,754.0250244140625,763.09,790.47
2023-10-04,HDFCBANK.NS,764.7750244140625,763.08,789.47
2023-10-05,HDFCBANK.NS,767.875,763.42,788.69
2023-10-06,HDFCBANK.NS,767.0250244140625,763.16,787.81
2023-10-09,HDFCBANK.NS,758.125,762.4,786.76
2023-10-10,HDFCBANK.NS,762.4249877929688,762.49,786.15
2023-10-11,HDFCBANK.NS,769.7999877929688,763.44,785.52
2023-10-12,HDFCBANK.NS,774.9249877929688,766.42,784.84
2023-10-13,HDFCBANK.NS,767.875,766.86,784.13
2023-10-16,HDFCBANK.NS,764.7999877929688,766.42,783.43
2023-10-17,HDFCBANK.NS,770.5999755859375,766.94,782.87
2023-10-18,HDFCBANK.NS,759.875,767.19,781.79
2023-10-19,HDFCBANK.NS,757.4749755859375,766.48,780.79
2023-10-20,HDFCBANK.NS,761.4000244140625,765.28,779.58
2023-10-23,HDFCBANK.NS,753.0250244140625,762.15,777.83
2023-10-25,HDFCBANK.NS,748.25,759.35,775.72
2023-10-26,HDFCBANK.NS,731.7000122070312,754.62,772.91
2023-10-27,HDFCBANK.NS,734.5750122070312,749.47,770.12
2023-10-30,HDFCBANK.NS,742.5499877929688,747.0,767.47
2023-10-31,HDFCBANK.NS,738.25,744.25,764.7
2023-11-01,HDFCBANK.NS,737.25,740.8,761.57
2023-11-02,HDFCBANK.NS,738.375,738.71,759.04
2023-11-03,HDFCBANK.NS,741.875,737.8,757.7
2023-11-06,HDFCBANK.NS,747.25,740.02,756.72
2023-11-07,HDFCBANK.NS,743.625,741.31,756.02
2023-11-08,HDFCBANK.NS,745.7750244140625,741.77,755.36
2023-11-09,HDFCBANK.NS,742.8250122070312,742.43,754.49
2023-11-10,HDFCBANK.NS,745.75,743.64,753.9
2023-11-13,HDFCBANK.NS,744.4000244140625,744.5,753.32
2023-11-15,HDFCBANK.NS,752.2000122070312,745.98,752.96
2023-11-16,HDFCBANK.NS,754.1749877929688,746.96,752.96
2023-11-17,HDFCBANK.NS,752.5499877929688,748.24,752.55
2023-11-20,HDFCBANK.NS,752.5999755859375,749.21,752.04
2023-11-21,HDFCBANK.NS,758.9749755859375,751.52,751.78
2023-11-22,HDFCBANK.NS,756.2750244140625,753.02,751.71
2023-11-23,HDFCBANK.NS,760.6500244140625,755.35,751.66
2023-11-24,HDFCBANK.NS,766.0499877929688,757.32,751.53
2023-11-28,HDFCBANK.NS,764.3250122070312,758.77,751.18
2023-11-29,HDFCBANK.NS,779.5750122070312,762.64,751.57
2023-11-30,HDFCBANK.NS,779.4000244140625,766.46,752.05
2023-12-01,HDFCBANK.NS,777.7000122070312,769.14,752.29
2023-12-04,HDFCBANK.NS,804.7000122070312,776.06,753.78
2023-12-05,HDFCBANK.NS,811.8499755859375,783.37,755.6
2023-12-06,HDFCBANK.NS,813.9000244140625,790.21,757.35
2023-12-07,HDFCBANK.NS,815.2249755859375,797.48,759.42
2023-12-08,HDFCBANK.NS,826.5999755859375,804.2,762.03
2023-12-11,HDFCBANK.NS,825.5,810.78,765.16
2023-12-12,HDFCBANK.NS,817.2999877929688,816.44,767.92
2023-12-13,HDFCBANK.NS,815.4500122070312,817.97,770.35
2023-12-14,HDFCBANK.NS,825.0750122070312,819.86,773.24
2023-12-15,HDFCBANK.NS,828.2750244140625,821.92,776.27
2023-12-18,HDFCBANK.NS,827.8499755859375,823.72,779.26
2023-12-19,HDFCBANK.NS,826.4500122070312,823.7,782.08
2023-12-20,HDFCBANK.NS,828.5,824.13,784.78
2023-12-21,HDFCBANK.NS,843.3499755859375,827.85,788.11
2023-12-22,HDFCBANK.NS,835.4249877929688,830.7,791.1
2023-12-26,HDFCBANK.NS,841.2249755859375,833.01,794.38
2023-12-27,HDFCBANK.NS,851.6500244140625,836.35,797.91
2023-12-28,HDFCBANK.NS,852.625,839.89,801.51
2023-12-29,HDFCBANK.NS,854.625,843.91,804.93
2024-01-01,HDFCBANK.NS,849.0499877929688,846.85,808.09
2024-01-02,HDFCBANK.NS,849.5499877929688,847.74,811.32
2024-01-03,HDFCBANK.NS,836.4500122070312,847.88,814.12
2024-01-04,HDFCBANK.NS,845.4249877929688,848.48,817.0
2024-01-05,HDFCBANK.NS,841.0999755859375,846.97,819.83
2024-01-08,HDFCBANK.NS,831.7249755859375,843.99,822.2
2024-01-09,HDFCBANK.NS,825.25,839.79,824.17
2024-01-10,HDFCBANK.NS,827.9749755859375,836.78,826.29
2024-01-11,HDFCBANK.NS,824.5,833.2,827.79
2024-01-12,HDFCBANK.NS,820.5999755859375,830.94,829.16
2024-01-15,HDFCBANK.NS,836.4000244140625,829.65,831.12
2024-01-16,HDFCBANK.NS,839.5750122070312,829.43,832.28
2024-01-17,HDFCBANK.NS,768.75,820.44,830.85
2024-01-18,HDFCBANK.NS,743.0750122070312,808.7,828.48
2024-01-19,HDFCBANK.NS,735.3250122070312,795.46,825.82
2024-01-23,HDFCBANK.NS,713.6749877929688,779.63,822.06
2024-01-24,HDFCBANK.NS,727.9500122070312,766.39,818.81
2024-01-25,HDFCBANK.NS,717.4500122070312,749.4,815.48
2024-01-29,HDFCBANK.NS,727.3250122070312,733.36,812.54
2024-01-30,HDFCBANK.NS,722.1500244140625,726.71,809.11
2024-01-31,HDFCBANK.NS,731.2750244140625,725.02,805.88
2024-02-01,HDFCBANK.NS,733.1749877929688,724.71,802.72
2024-02-02,HDFCBANK.NS,723.0750122070312,726.06,799.27
2024-02-05,HDFCBANK.NS,722.4249877929688,725.27,795.74
2024-02-06,HDFCBANK.NS,722.0499877929688,725.93,791.69
2024-02-07,HDFCBANK.NS,714.9749755859375,724.16,787.68
2024-02-08,HDFCBANK.NS,701.5250244140625,721.21,783.02
2024-02-09,HDFCBANK.NS,701.7999877929688,717.0,778.03
2024-02-12,HDFCBANK.NS,695.0,711.55,772.77
2024-02-13,HDFCBANK.NS,697.2249755859375,707.86,767.53
2024-02-14,HDFCBANK.NS,692.0250244140625,703.51,762.29
2024-02-15,HDFCBANK.NS,707.0250244140625,701.37,757.54
2024-02-16,HDFCBANK.NS,709.9500122070312,700.65,753.33
2024-02-19,HDFCBANK.NS,708.5499877929688,701.65,748.76
2024-02-20,HDFCBANK.NS,727.1500244140625,705.28,744.97
2024-02-21,HDFCBANK.NS,719.5750122070312,708.79,741.23
2024-02-22,HDFCBANK.NS,709.7750244140625,710.58,737.38
2024-02-23,HDFCBANK.NS,710.2999877929688,713.19,733.46
2024-02-26,HDFCBANK.NS,711.1500244140625,713.78,729.68
2024-02-27,HDFCBANK.NS,710.0750122070312,713.8,725.99
2024-02-28,HDFCBANK.NS,704.7000122070312,713.25,721.6
2024-02-29,HDFCBANK.NS,701.7000122070312,709.61,717.01
2024-03-01,HDFCBANK.NS,715.375,709.01,715.23
2024-03-04,HDFCBANK.NS,716.3499755859375,709.95,714.34
2024-03-05,HDFCBANK.NS,720.4249877929688,711.4,713.84
2024-03-06,HDFCBANK.NS,721.2999877929688,712.85,714.09
2024-03-07,HDFCBANK.NS,723.0499877929688,714.7,713.93
2024-03-11,HDFCBANK.NS,713.9000244140625,716.01,713.81
2024-03-12,HDFCBANK.NS,729.7750244140625,720.02,713.89
2024-03-13,HDFCBANK.NS,730.2000122070312,722.14,714.16
2024-03-14,HDFCBANK.NS,727.7249755859375,723.77,714.04
2024-03-15,HDFCBANK.NS,726.3250122070312,724.61,713.82
2024-03-18,HDFCBANK.NS,723.0250244140625,724.86,713.81
2024-03-19,HDFCBANK.NS,724.6749877929688,725.09,713.89
2024-03-20,HDFCBANK.NS,715.5250244140625,725.32,713.67
2024-03-21,HDFCBANK.NS,722.875,724.34,713.94
2024-03-22,HDFCBANK.NS,721.4249877929688,723.08,714.6
2024-03-26,HDFCBANK.NS,712.7000122070312,720.94,714.96
2024-03-27,HDFCBANK.NS,720.3499755859375,720.08,715.81
2024-03-28,HDFCBANK.NS,723.9500122070312,720.21,716.7
2024-04-01,HDFCBANK.NS,735.25,721.73,718.14
2024-04-02,HDFCBANK.NS,740.0750122070312,725.23,719.24
2024-04-03,HDFCBANK.NS,741.1500244140625,727.84,720.28
2024-04-04,HDFCBANK.NS,763.7999877929688,733.9,722.12
2024-04-05,HDFCBANK.NS,774.7750244140625,742.76,723.71
2024-04-08,HDFCBANK.NS,773.2999877929688,750.33,725.5
2024-04-09,HDFCBANK.NS,774.2750244140625,757.52,727.65
2024-04-10,HDFCBANK.NS,768.1749877929688,762.22,729.58
2024-04-12,HDFCBANK.NS,759.4749755859375,764.99,731.19
2024-04-15,HDFCBANK.NS,747.3499755859375,765.88,732.43
2024-04-16,HDFCBANK.NS,754.625,764.57,734.1
2024-04-18,HDFCBANK.NS,747.3499755859375,760.65,735.62
2024-04-19,HDFCBANK.NS,765.6500244140625,759.56,737.29
2024-04-22,HDFCBANK.NS,756.0999755859375,756.96,738.62
2024-04-23,HDFCBANK.NS,753.7999877929688,754.91,739.73
2024-04-24,HDFCBANK.NS,755.8499755859375,754.39,740.88
2024-04-25,HDFCBANK.NS,755.375,755.54,741.96
2024-04-26,HDFCBANK.NS,754.9000244140625,755.57,743.33
2024-04-29,HDFCBANK.NS,764.75,758.06,744.49
2024-04-30,HDFCBANK.NS,760.0499877929688,757.26,745.49
2024-05-02,HDFCBANK.NS,766.125,758.69,746.77
2024-05-03,HDFCBANK.NS,759.7999877929688,759.55,747.88
2024-05-06,HDFCBANK.NS,761.3250122070312,760.33,749.16
2024-05-07,HDFCBANK.NS,753.0750122070312,760.0,750.11
2024-05-08,HDFCBANK.NS,741.3250122070312,758.06,750.97
2024-05-09,HDFCBANK.NS,723.75,752.21,751.0
2024-05-10,HDFCBANK.NS,718.9500122070312,746.34,750.91
2024-05-13,HDFCBANK.NS,727.625,740.84,751.41
2024-05-14,HDFCBANK.NS,730.4749755859375,736.65,751.75
2024-05-15,HDFCBANK.NS,719.25,730.64,751.59
2024-05-16,HDFCBANK.NS,730.125,727.36,751.42
2024-05-17,HDFCBANK.NS,732.0499877929688,726.03,751.15
2024-05-21,HDFCBANK.NS,729.4000244140625,726.84,750.76
2024-05-22,HDFCBANK.NS,729.5999755859375,728.36,749.62
2024-05-23,HDFCBANK.NS,746.2999877929688,731.03,748.67
2024-05-24,HDFCBANK.NS,758.5999755859375,735.05,748.18
2024-05-27,HDFCBANK.NS,763.8499755859375,741.42,747.84
2024-05-28,HDFCBANK.NS,765.25,746.44,747.74
2024-05-29,HDFCBANK.NS,754.1500244140625,749.59,747.56
2024-05-30,HDFCBANK.NS,757.4249877929688,753.6,747.9
2024-05-31,HDFCBANK.NS,765.7750244140625,758.76,748.27
2024-06-03,HDFCBANK.NS,786.0999755859375,764.45,749.56
2024-06-04,HDFCBANK.NS,741.5750122070312,762.02,748.76
2024-06-05,HDFCBANK.NS,775.9000244140625,763.74,749.42
2024-06-06,HDFCBANK.NS,779.8499755859375,765.83,750.29
2024-06-07,HDFCBANK.NS,786.6749877929688,770.47,751.31
2024-06-10,HDFCBANK.NS,780.6500244140625,773.79,752.16
2024-06-11,HDFCBANK.NS,782.4000244140625,776.16,753.07
2024-06-12,HDFCBANK.NS,787.0750122070312,776.3,753.82
2024-06-13,HDFCBANK.NS,790.375,783.28,754.83
2024-06-14,HDFCBANK.NS,798.4500122070312,786.5,755.91
2024-06-18,HDFCBANK.NS,803.9000244140625,789.93,757.38
2024-06-19,HDFCBANK.NS,828.9249877929688,795.97,759.63
2024-06-20,HDFCBANK.NS,834.6749877929688,803.69,762.35
2024-06-21,HDFCBANK.NS,832.875,810.9,765.4
2024-06-24,HDFCBANK.NS,836.2000122070312,817.91,769.15
2024-06-25,HDFCBANK.NS,855.6749877929688,827.24,773.71
2024-06-26,HDFCBANK.NS,850.75,834.71,777.81
2024-06-27,HDFCBANK.NS,848.0750122070312,841.02,781.73
2024-06-28,HDFCBANK.NS,841.9000244140625,842.88,785.82
2024-07-01,HDFCBANK.NS,852.5999755859375,845.44,789.9
2024-07-02,HDFCBANK.NS,865.2999877929688,850.07,794.34
2024-07-03,HDFCBANK.NS,884.3250122070312,856.95,799.51
2024-07-04,HDFCBANK.NS,863.5750122070312,858.08,803.97
2024-07-05,HDFCBANK.NS,824.0499877929688,854.26,806.56
2024-07-08,HDFCBANK.NS,817.6749877929688,849.92,808.53
2024-07-09,HDFCBANK.NS,818.25,846.54,810.35
2024-07-10,HDFCBANK.NS,813.0499877929688,840.89,811.94
2024-07-11,HDFCBANK.NS,810.9500122070312,833.13,813.83
2024-07-12,HDFCBANK.NS,811.3499755859375,822.7,815.63
2024-07-15,HDFCBANK.NS,811.0499877929688,815.2,817.14
2024-07-16,HDFCBANK.NS,809.875,813.17,817.93
2024-07-18,HDFCBANK.NS,807.4000244140625,811.7,820.13
2024-07-19,HDFCBANK.NS,803.6500244140625,809.62,821.05
2024-07-22,HDFCBANK.NS,821.2750244140625,810.79,822.43
2024-07-23,HDFCBANK.NS,809.2000122070312,810.54,823.18
2024-07-24,HDFCBANK.NS,802.0250244140625,809.21,823.9
2024-07-25,HDFCBANK.NS,808.2999877929688,808.82,824.76
2024-07-26,HDFCBANK.NS,809.0750122070312,808.7,825.49
2024-07-29,HDFCBANK.NS,802.5250244140625,808.01,825.9
2024-07-30,HDFCBANK.NS,807.7750244140625,808.6,826.21
2024-07-31,HDFCBANK.NS,807.875,806.68,826.34
2024-08-01,HDFCBANK.NS,819.4000244140625,808.14,826.02
2024-08-02,HDFCBANK.NS,829.5750122070312,812.08,825.85
2024-08-05,HDFCBANK.NS,807.875,812.01,825.02
2024-08-06,HDFCBANK.NS,800.5999755859375,810.8,823.83
2024-08-07,HDFCBANK.NS,811.75,812.12,822.37
2024-08-08,HDFCBANK.NS,821.3499755859375,814.06,821.39
2024-08-09,HDFCBANK.NS,825.0999755859375,816.52,820.62
2024-08-12,HDFCBANK.NS,830.0499877929688,818.04,820.23
2024-08-13,HDFCBANK.NS,801.5999755859375,814.05,818.53
2024-08-14,HDFCBANK.NS,803.9000244140625,813.48,816.48
2024-08-16,HDFCBANK.NS,816.0499877929688,815.69,814.21
2024-08-19,HDFCBANK.NS,815.7750244140625,816.26,812.61
2024-08-20,HDFCBANK.NS,818.8499755859375,815.9,812.44
2024-08-21,HDFCBANK.NS,812.9000244140625,814.16,812.28
2024-08-22,HDFCBANK.NS,815.6500244140625,812.1,812.19
2024-08-23,HDFCBANK.NS,812.5250244140625,813.66,812.18
2024-08-26,HDFCBANK.NS,819.9749755859375,815.96,812.48
2024-08-27,HDFCBANK.NS,818.875,816.36,812.73
2024-08-28,HDFCBANK.NS,818.5499877929688,816.76,812.98
2024-08-29,HDFCBANK.NS,819.2750244140625,816.82,813.29
2024-08-30,HDFCBANK.NS,818.4500122070312,817.61,813.66
2024-09-02,HDFCBANK.NS,813.4749755859375,817.3,813.99
2024-09-03,HDFCBANK.NS,818.6749877929688,818.18,813.9
2024-09-04,HDFCBANK.NS,820.9000244140625,818.31,814.29
2024-09-05,HDFCBANK.NS,822.7249755859375,818.86,814.98
2024-09-06,HDFCBANK.NS,818.4749755859375,818.85,815.32
2024-09-09,HDFCBANK.NS,823.25,819.42,815.79
2024-09-10,HDFCBANK.NS,825.1749877929688,820.38,816.55
2024-09-11,HDFCBANK.NS,821.9500122070312,821.59,817.02
2024-09-12,HDFCBANK.NS,833.2999877929688,823.68,817.87
2024-09-13,HDFCBANK.NS,832.9749755859375,825.41,818.32
2024-09-16,HDFCBANK.NS,835.4749755859375,827.23,818.52
2024-09-17,HDFCBANK.NS,834.4000244140625,829.5,819.4
2024-09-18,HDFCBANK.NS,847.4000244140625,832.95,820.96
2024-09-19,HDFCBANK.NS,854.25,837.11,822.38
2024-09-20,HDFCBANK.NS,870.5999755859375,844.06,824.02
2024-09-23,HDFCBANK.NS,879.9000244140625,850.71,825.84
2024-09-24,HDFCBANK.NS,884.0250244140625,858.01,827.64
2024-09-25,HDFCBANK.NS,889.5499877929688,865.73,830.58
2024-09-26,HDFCBANK.NS,891.7249755859375,873.92,833.5
2024-09-27,HDFCBANK.NS,876.3250122070312,878.05,835.51
2024-09-30,HDFCBANK.NS,866.0250244140625,879.74,837.19
2024-10-01,HDFCBANK.NS,863.0999755859375,878.66,838.66
2024-10-03,HDFCBANK.NS,841.0,873.11,839.6
2024-10-04,HDFCBANK.NS,828.8250122070312,865.22,840.04
2024-10-07,HDFCBANK.NS,808.9000244140625,853.7,839.92
2024-10-08,HDFCBANK.NS,825.5250244140625,844.24,840.1
2024-10-09,HDFCBANK.NS,816.5750122070312,835.71,840.03
2024-10-10,HDFCBANK.NS,831.2000122070312,830.73,840.45
2024-10-11,HDFCBANK.NS,825.5,825.36,840.66
2024-10-14,HDFCBANK.NS,844.0499877929688,825.8,841.51
2024-10-15,HDFCBANK.NS,842.0499877929688,827.69,842.46
2024-10-16,HDFCBANK.NS,849.9000244140625,833.54,843.5
2024-10-17,HDFCBANK.NS,836.5750122070312,835.12,844.02
2024-10-18,HDFCBANK.NS,840.9249877929688,838.6,844.63
2024-10-21,HDFCBANK.NS,864.3499755859375,843.34,846.16
2024-10-22,HDFCBANK.NS,857.2750244140625,847.88,847.29
2024-10-23,HDFCBANK.NS,867.9000244140625,851.28,848.72
2024-10-24,HDFCBANK.NS,874.8250122070312,855.96,850.48
2024-10-25,HDFCBANK.NS,871.7000122070312,859.08,851.76
2024-10-28,HDFCBANK.NS,867.0999755859375,863.44,852.9
2024-10-29,HDFCBANK.NS,875.9249877929688,868.44,854.25
2024-10-30,HDFCBANK.NS,867.2999877929688,868.86,855.34
2024-10-31,HDFCBANK.NS,867.8499755859375,870.37,856.03
2024-11-01,HDFCBANK.NS,868.6500244140625,870.48,856.51
2024-11-04,HDFCBANK.NS,857.0499877929688,867.94,856.05
2024-11-05,HDFCBANK.NS,878.9249877929688,868.97,856.02
2024-11-06,HDFCBANK.NS,877.625,870.47,855.81
2024-11-07,HDFCBANK.NS,873.2750244140625,870.1,855.27
2024-11-08,HDFCBANK.NS,877.2249755859375,871.51,854.78
2024-11-11,HDFCBANK.NS,883.1500244140625,873.7,855.01
2024-11-12,HDFCBANK.NS,859.0999755859375,872.34,854.78
2024-11-13,HDFCBANK.NS,840.6749877929688,870.0,854.03
2024-11-14,HDFCBANK.NS,846.375,865.35,854.21
2024-11-18,HDFCBANK.NS,852.5499877929688,861.76,855.0
2024-11-19,HDFCBANK.NS,871.125,861.46,857.08
2024-11-21,HDFCBANK.NS,870.5999755859375,860.51,858.58
2024-11-22,HDFCBANK.NS,872.7999877929688,859.03,860.45
2024-11-25,HDFCBANK.NS,892.7999877929688,863.85,862.5
2024-11-26,HDFCBANK.NS,892.7750244140625,871.29,864.75
2024-11-27,HDFCBANK.NS,906.1500244140624,879.83,866.82
2024-11-28,HDFCBANK.NS,896.5750122070312,886.12,868.63
2024-11-29,HDFCBANK.NS,898.0250244140625,889.96,870.24
2024-12-02,HDFCBANK.NS,902.3499755859376,894.5,872.43
2024-12-03,HDFCBANK.NS,913.1500244140624,900.26,874.84
2024-12-04,HDFCBANK.NS,930.0499877929688,905.58,877.03
2024-12-05,HDFCBANK.NS,932.875,911.31,879.55
2024-12-06,HDFCBANK.NS,927.9249877929688,914.42,881.55
2024-12-09,HDFCBANK.NS,935.0,919.91,883.56
2024-12-10,HDFCBANK.NS,934.0499877929688,925.06,885.63
2024-12-11,HDFCBANK.NS,931.5499877929688,929.23,887.78
2024-12-12,HDFCBANK.NS,929.625,931.58,889.57
2024-12-13,HDFCBANK.NS,935.875,932.41,891.86
2024-12-16,HDFCBANK.NS,932.5999755859376,932.37,894.02
2024-12-17,HDFCBANK.NS,916.625,930.76,895.62
2024-12-18,HDFCBANK.NS,905.3499755859376,926.52,897.23
2024-12-19,HDFCBANK.NS,896.75,921.2,897.82
2024-12-20,HDFCBANK.NS,885.75,914.65,898.09
2024-12-23,HDFCBANK.NS,900.5,910.49,899.0
2024-12-24,HDFCBANK.NS,899.0499877929688,905.23,899.73
2024-12-26,HDFCBANK.NS,895.375,899.91,900.13
2024-12-27,HDFCBANK.NS,899.125,897.41,901.47
2024-12-30,HDFCBANK.NS,888.9500122070312,895.07,903.08
2024-12-31,HDFCBANK.NS,886.4249877929688,893.6,904.41
2025-01-01,HDFCBANK.NS,891.375,894.4,905.71
2025-01-02,HDFCBANK.NS,896.875,893.88,906.56
2025-01-03,HDFCBANK.NS,874.5999755859375,890.39,906.7
2025-01-06,HDFCBANK.NS,855.25,884.66,906.11
2025-01-07,HDFCBANK.NS,856.7000122070312,878.6,904.91
2025-01-08,HDFCBANK.NS,847.1500244140625,872.63,903.39
2025-01-09,HDFCBANK.NS,833.9000244140625,865.12,900.98
2025-01-10,HDFCBANK.NS,828.375,856.12,898.71
2025-01-13,HDFCBANK.NS,815.4249877929688,844.49,895.95
2025-01-14,HDFCBANK.NS,823.2999877929688,837.16,893.32
2025-01-15,HDFCBANK.NS,821.5250244140625,832.34,890.26
2025-01-16,HDFCBANK.NS,826.0250244140625,827.96,886.8
2025-01-17,HDFCBANK.NS,818.375,823.85,882.98
2025-01-20,HDFCBANK.NS,825.625,822.66,879.57
2025-01-21,HDFCBANK.NS,821.2000122070312,821.64,875.78
2025-01-22,HDFCBANK.NS,833.0250244140625,824.15,872.41
2025-01-23,HDFCBANK.NS,832.4500122070312,825.46,869.11
2025-01-24,HDFCBANK.NS,824.9000244140625,825.94,865.62
2025-01-27,HDFCBANK.NS,814.9000244140625,824.35,861.58
2025-01-28,HDFCBANK.NS,835.2000122070312,826.76,858.34
2025-01-29,HDFCBANK.NS,838.6500244140625,828.62,855.74
2025-01-30,HDFCBANK.NS,845.75,832.13,853.75
2025-01-31,HDFCBANK.NS,849.375,834.46,852.17
2025-02-01,HDFCBANK.NS,845.4749755859375,836.32,850.83
2025-02-03,HDFCBANK.NS,839.0,838.34,848.78
2025-02-04,HDFCBANK.NS,860.4500122070312,844.84,847.49
2025-02-05,HDFCBANK.NS,868.9000244140625,849.66,846.61
2025-02-06,HDFCBANK.NS,871.9249877929688,854.41,845.7
2025-02-07,HDFCBANK.NS,866.375,857.36,844.95
2025-02-10,HDFCBANK.NS,857.875,858.57,844.0
2025-02-11,HDFCBANK.NS,850.7000122070312,859.32,842.64
2025-02-12,HDFCBANK.NS,853.4000244140625,861.38,841.19
2025-02-13,HDFCBANK.NS,848.8499755859375,859.72,840.34
2025-02-14,HDFCBANK.NS,847.4249877929688,856.65,840.07
2025-02-17,HDFCBANK.NS,858.6749877929688,854.76,840.14
2025-02-18,HDFCBANK.NS,861.5250244140625,854.06,840.62
2025-02-19,HDFCBANK.NS,863.5999755859375,854.88,841.61
2025-02-20,HDFCBANK.NS,843.5499877929688,853.86,842.12
2025-02-21,HDFCBANK.NS,846.25,852.84,843.14
2025-02-24,HDFCBANK.NS,838.5499877929688,851.37,843.65
2025-02-25,HDFCBANK.NS,841.1749877929688,850.47,844.31
2025-02-27,HDFCBANK.NS,850.3499755859375,849.29,845.12
2025-02-28,HDFCBANK.NS,866.2000122070312,849.95,846.71
2025-03-03,HDFCBANK.NS,850.7750244140625,848.12,847.55
2025-03-04,HDFCBANK.NS,855.0,849.76,848.68
2025-03-05,HDFCBANK.NS,845.0,849.58,849.08
2025-03-06,HDFCBANK.NS,845.5999755859375,850.59,849.51
2025-03-07,HDFCBANK.NS,844.625,851.08,850.17
2025-03-10,HDFCBANK.NS,843.75,850.14,851.13
2025-03-11,HDFCBANK.NS,842.75,846.79,851.38
2025-03-12,HDFCBANK.NS,855.5750122070312,847.47,851.95
2025-03-13,HDFCBANK.NS,853.2999877929688,847.23,852.2
2025-03-17,HDFCBANK.NS,855.2000122070312,848.69,852.39
2025-03-18,HDFCBANK.NS,855.2000122070312,850.06,852.72
2025-03-19,HDFCBANK.NS,872.0499877929688,853.98,853.82
2025-03-20,HDFCBANK.NS,884.375,859.78,854.62
2025-03-21,HDFCBANK.NS,885.1749877929688,865.84,855.16
2025-03-24,HDFCBANK.NS,900.0,872.19,856.1
2025-03-25,HDFCBANK.NS,910.7249755859376,880.39,857.57
2025-03-26,HDFCBANK.NS,903.2750244140624,887.26,859.09
2025-03-27,HDFCBANK.NS,912.6749877929688,895.47,861.15
2025-03-28,HDFCBANK.NS,914.0999755859376,901.47,863.18
2025-04-01,HDFCBANK.NS,883.9249877929688,901.41,864.35
2025-04-02,HDFCBANK.NS,898.4500122070312,903.31,866.05
2025-04-03,HDFCBANK.NS,897.4249877929688,902.94,867.34
2025-04-04,HDFCBANK.NS,908.6500244140624,902.64,868.91
2025-04-07,HDFCBANK.NS,878.8499755859375,899.15,869.42
2025-04-08,HDFCBANK.NS,884.5750122070312,895.14,870.78
2025-04-09,HDFCBANK.NS,882.5,890.63,871.99
2025-04-11,HDFCBANK.NS,903.375,893.4,874.15
2025-04-15,HDFCBANK.NS,932.4500122070312,898.26,877.2
2025-04-16,HDFCBANK.NS,939.0,904.2,880.15
2025-04-17,HDFCBANK.NS,953.3499755859376,910.59,883.06
2025-04-21,HDFCBANK.NS,963.5499877929688,922.69,886.82
2025-04-22,HDFCBANK.NS,980.8499755859376,936.44,891.01
2025-04-23,HDFCBANK.NS,961.9500122070312,947.79,894.91
2025-04-24,HDFCBANK.NS,958.4000244140624,955.65,898.67
2025-04-25,HDFCBANK.NS,955.5999755859376,958.96,902.37
2025-04-28,HDFCBANK.NS,960.0999755859376,961.97,906.25
2025-04-29,HDFCBANK.NS,954.4000244140624,962.12,909.97
2025-04-30,HDFCBANK.NS,962.5,961.97,913.53
2025-05-02,HDFCBANK.NS,960.9500122070312,959.13,917.12
2025-05-05,HDFCBANK.NS,968.4000244140624,960.05,920.89
2025-05-06,HDFCBANK.NS,965.8499755859376,961.11,924.58
2025-05-07,HDFCBANK.NS,972.7999877929688,963.57,927.94
2025-05-08,HDFCBANK.NS,964.25,964.16,930.6
2025-05-09,HDFCBANK.NS,944.8499755859376,962.8,932.59
2025-05-12,HDFCBANK.NS,978.5999755859376,965.1,935.21
2025-05-13,HDFCBANK.NS,961.2999877929688,965.15,936.9
2025-05-14,HDFCBANK.NS,955.2999877929688,963.28,938.63
2025-05-15,HDFCBANK.NS,966.9000244140624,963.43,940.44
2025-05-16,HDFCBANK.NS,967.3499755859376,962.65,942.21
2025-05-19,HDFCBANK.NS,969.3499755859376,963.38,945.06
2025-05-20,HDFCBANK.NS,957.4500122070312,965.18,947.03
2025-05-21,HDFCBANK.NS,963.4000244140624,963.01,949.23
2025-05-22,HDFCBANK.NS,959.9500122070312,962.81,950.94
2025-05-23,HDFCBANK.NS,966.7999877929688,964.46,953.87
2025-05-26,HDFCBANK.NS,970.0999755859376,964.91,956.72
2025-05-27,HDFCBANK.NS,963.1500244140624,964.31,959.41
2025-05-28,HDFCBANK.NS,961.75,963.23,961.35
2025-05-29,HDFCBANK.NS,963.75,964.13,962.4
2025-05-30,HDFCBANK.NS,972.4500122070312,965.42,963.51
2025-06-02,HDFCBANK.NS,966.0499877929688,966.29,963.94
2025-06-03,HDFCBANK.NS,962.2999877929688,965.65,963.89
2025-06-04,HDFCBANK.NS,970.5999755859376,965.72,963.55
2025-06-05,HDFCBANK.NS,974.7999877929688,967.39,963.98
2025-06-06,HDFCBANK.NS,989.3499755859376,971.33,965.01
2025-06-09,HDFCBANK.NS,989.4500122070312,975.0,966.14
2025-06-10,HDFCBANK.NS,982.6500244140624,976.46,966.89
2025-06-11,HDFCBANK.NS,975.2000122070312,977.76,967.59
2025-06-12,HDFCBANK.NS,971.7000122070312,979.11,967.89
2025-06-13,HDFCBANK.NS,958.7999877929688,977.42,967.82
2025-06-16,HDFCBANK.NS,967.7000122070312,976.41,967.8
2025-06-17,HDFCBANK.NS,964.7999877929688,972.9,967.76
2025-06-18,HDFCBANK.NS,966.9500122070312,969.69,967.57
2025-06-19,HDFCBANK.NS,967.6500244140624,967.54,967.68
2025-06-20,HDFCBANK.NS,982.3499755859376,968.56,968.93
2025-06-23,HDFCBANK.NS,974.2000122070312,968.92,968.78
2025-06-24,HDFCBANK.NS,980.4500122070312,972.01,969.42
2025-06-25,HDFCBANK.NS,990.0999755859376,975.21,970.58
2025-06-26,HDFCBANK.NS,1010.9000244140624,981.8,972.05
2025-06-27,HDFCBANK.NS,1007.4500122070312,987.59,973.39
2025-06-30,HDFCBANK.NS,1000.75,992.31,974.43
2025-07-01,HDFCBANK.NS,1006.0499877929688,995.7,976.05
2025-07-02,HDFCBANK.NS,993.0,998.39,977.04
2025-07-03,HDFCBANK.NS,993.5499877929688,1000.26,978.16
2025-07-04,HDFCBANK.NS,994.6500244140624,1000.91,979.09
2025-07-07,HDFCBANK.NS,993.7000122070312,998.45,979.88
2025-07-08,HDFCBANK.NS,1000.7000122070312,997.49,981.13
2025-07-09,HDFCBANK.NS,1005.5999755859376,998.18,982.59
2025-07-10,HDFCBANK.NS,1003.0999755859376,997.76,983.9
2025-07-11,HDFCBANK.NS,991.8499755859376,997.59,984.55
2025-07-14,HDFCBANK.NS,991.5,997.3,985.39
2025-07-15,HDFCBANK.NS,997.75,997.74,986.58
2025-07-16,HDFCBANK.NS,998.1500244140624,998.38,987.5
2025-07-17,HDFCBANK.NS,993.4500122070312,997.34,988.12
2025-07-18,HDFCBANK.NS,978.7000122070312,993.5,987.76
2025-07-21,HDFCBANK.NS,1000.25,993.09,988.12
2025-07-22,HDFCBANK.NS,1003.5499877929688,994.76,988.82
2025-07-23,HDFCBANK.NS,1012.1500244140624,997.71,990.05
2025-07-24,HDFCBANK.NS,1007.0999755859376,999.05,991.23
2025-07-25,HDFCBANK.NS,1002.2999877929688,999.64,992.68
2025-07-28,HDFCBANK.NS,1004.25,1001.19,993.9
2025-07-29,HDFCBANK.NS,1010.7999877929688,1005.77,995.43
2025-07-30,HDFCBANK.NS,1012.9000244140624,1007.58,996.96
2025-07-31,HDFCBANK.NS,1009.0999755859376,1008.37,998.34
2025-08-01,HDFCBANK.NS,1006.0999755859376,1007.51,999.14
2025-08-04,HDFCBANK.NS,996.0,1005.92,999.86
2025-08-05,HDFCBANK.NS,988.7999877929688,1003.99,1000.14
2025-08-06,HDFCBANK.NS,992.6500244140624,1002.34,1000.23
2025-08-07,HDFCBANK.NS,997.7000122070312,1000.46,999.79
2025-08-08,HDFCBANK.NS,986.9500122070312,996.76,999.1
2025-08-11,HDFCBANK.NS,997.7999877929688,995.14,999.0
2025-08-12,HDFCBANK.NS,984.9500122070312,992.12,998.3
2025-08-13,HDFCBANK.NS,990.1500244140624,991.29,998.21
2025-08-14,HDFCBANK.NS,995.5499877929688,992.25,998.27
2025-08-18,HDFCBANK.NS,1001.7999877929688,993.56,998.51
2025-08-19,HDFCBANK.NS,995.5499877929688,993.25,998.57
2025-08-20,HDFCBANK.NS,994.0999755859376,994.27,998.35
2025-08-21,HDFCBANK.NS,995.5999755859376,993.96,998.02
2025-08-22,HDFCBANK.NS,982.2999877929688,993.58,997.33
2025-08-25,HDFCBANK.NS,982.0499877929688,992.42,997.0
2025-08-26,HDFCBANK.NS,973.4000244140624,989.26,996.4
2025-08-28,HDFCBANK.NS,957.7999877929688,982.97,995.06
2025-08-29,HDFCBANK.NS,951.5999755859376,976.69,993.51
2025-09-01,HDFCBANK.NS,950.5999755859376,970.48,992.08
2025-09-02,HDFCBANK.NS,944.5,963.18,990.94
2025-09-03,HDFCBANK.NS,954.4500122070312,959.2,989.42
2025-09-04,HDFCBANK.NS,961.25,956.23,988.01
2025-09-05,HDFCBANK.NS,963.4000244140624,954.8,986.38
2025-09-08,HDFCBANK.NS,966.0,955.97,985.01
2025-09-09,HDFCBANK.NS,965.1500244140624,957.91,983.77
2025-09-10,HDFCBANK.NS,965.9000244140624,960.09,982.5
2025-09-11,HDFCBANK.NS,967.7999877929688,963.42,981.06
2025-09-12,HDFCBANK.NS,967.2999877929688,965.26,979.54
2025-09-15,HDFCBANK.NS,967.0499877929688,966.09,978.14
2025-09-16,HDFCBANK.NS,966.8499755859376,966.58,976.83
2025-09-17,HDFCBANK.NS,966.5,966.65,975.85
2025-09-18,HDFCBANK.NS,976.9000244140624,968.33,975.45
2025-09-19,HDFCBANK.NS,966.9000244140624,968.47,974.59
2025-09-22,HDFCBANK.NS,964.2000122070312,967.96,973.48
2025-09-23,HDFCBANK.NS,957.2000122070312,966.51,972.49
2025-09-24,HDFCBANK.NS,951.0499877929688,964.23,970.93
2025-09-25,HDFCBANK.NS,949.8499755859376,961.8,969.76
2025-09-26,HDFCBANK.NS,945.0499877929688,958.74,968.25
2025-09-29,HDFCBANK.NS,950.2999877929688,954.94,966.75
2025-09-30,HDFCBANK.NS,951.0,952.66,965.05
2025-10-01,HDFCBANK.NS,965.25,952.81,964.04
2025-10-03,HDFCBANK.NS,965.1500244140624,953.95,963.08
2025-10-06,HDFCBANK.NS,973.4500122070312,957.15,962.34
2025-10-07,HDFCBANK.NS,982.5,961.81,962.35
2025-10-08,HDFCBANK.NS,978.7000122070312,966.62,962.24
2025-10-09,HDFCBANK.NS,977.0999755859376,970.45,962.36
2025-10-10,HDFCBANK.NS,980.9000244140624,974.72,963.13
2025-10-13,HDFCBANK.NS,977.0,976.4,963.98
2025-10-14,HDFCBANK.NS,977.1500244140624,978.11,964.86
2025-10-15,HDFCBANK.NS,978.25,978.8,965.99
2025-10-16,HDFCBANK.NS,994.3499755859376,980.49,967.32
2025-10-17,HDFCBANK.NS,1002.5499877929688,983.9,968.69
2025-10-20,HDFCBANK.NS,1002.9500122070312,987.59,970.01
2025-10-21,HDFCBANK.NS,1007.7000122070312,991.42,971.4
2025-10-23,HDFCBANK.NS,1008.7999877929688,995.96,972.86
2025-10-24,HDFCBANK.NS,994.75,998.48,973.82
2025-10-27,HDFCBANK.NS,1002.9500122070312,1002.01,974.99
2025-10-28,HDFCBANK.NS,1003.5499877929688,1003.32,976.2
2025-10-29,HDFCBANK.NS,1007.8499755859376,1004.08,977.56
2025-10-30,HDFCBANK.NS,998.1500244140624,1003.39,978.6
2025-10-31,HDFCBANK.NS,987.2999877929688,1000.48,979.29
2025-11-03,HDFCBANK.NS,992.6500244140624,998.17,979.82
2025-11-04,HDFCBANK.NS,985.25,996.81,980.43
2025-11-06,HDFCBANK.NS,984.6500244140624,994.2,981.11
2025-11-07,HDFCBANK.NS,982.2999877929688,991.16,981.95
2025-11-10,HDFCBANK.NS,984.5,987.83,983.06
2025-11-11,HDFCBANK.NS,991.7000122070312,986.91,984.46
2025-11-12,HDFCBANK.NS,989.5,987.22,985.94
2025-11-13,HDFCBANK.NS,986.6500244140624,986.36,987.15
2025-11-14,HDFCBANK.NS,989.5999755859376,986.99,988.44
2025-11-17,HDFCBANK.NS,996.5499877929688,988.69,989.48
2025-11-18,HDFCBANK.NS,992.4500122070312,990.14,990.39
2025-11-19,HDFCBANK.NS,994.5999755859376,991.58,991.1
2025-11-20,HDFCBANK.NS,1008.8499755859376,994.03,991.98
2025-11-21,HDFCBANK.NS,998.0499877929688,995.25,992.62
2025-11-24,HDFCBANK.NS,999.1500244140624,997.04,993.36
2025-11-25,HDFCBANK.NS,989.7999877929688,997.06,993.65
2025-11-26,HDFCBANK.NS,1003.9000244140624,998.11,994.55
2025-11-27,HDFCBANK.NS,1009.5,1000.55,995.63
2025-11-28,HDFCBANK.NS,1007.5999755859376,1002.41,996.6
2025-12-01,HDFCBANK.NS,1002.0999755859376,1001.44,996.86
2025-12-02,HDFCBANK.NS,989.7999877929688,1000.26,996.44
2025-12-03,HDFCBANK.NS,1000.5,1000.46,996.36
2025-12-04,HDFCBANK.NS,997.2000122070312,1001.51,996.01
2025-12-05,HDFCBANK.NS,1003.2999877929688,1001.43,995.82
2025-12-08,HDFCBANK.NS,1003.0999755859376,1000.51,996.1
2025-12-09,HDFCBANK.NS,997.0999755859376,999.01,995.91
2025-12-10,HDFCBANK.NS,989.7999877929688,997.26,995.45
2025-12-11,HDFCBANK.NS,1000.2999877929688,998.76,995.2
2025-12-12,HDFCBANK.NS,1001.5,998.9,995.31
2025-12-15,HDFCBANK.NS,996.0999755859376,998.74,995.6
2025-12-16,HDFCBANK.NS,994.2999877929688,997.46,995.66
2025-12-17,HDFCBANK.NS,984.0,994.73,995.61
2025-12-18,HDFCBANK.NS,979.7000122070312,992.24,995.45
2025-12-19,HDFCBANK.NS,985.5,991.63,995.56
2025-12-22,HDFCBANK.NS,987.7000122070312,989.83,995.66
2025-12-23,HDFCBANK.NS,996.5999755859376,989.13,995.83
2025-12-24,HDFCBANK.NS,997.2000122070312,989.29,996.08
2025-12-26,HDFCBANK.NS,992.0999755859376,988.97,996.26
2025-12-29,HDFCBANK.NS,991.7000122070312,990.07,996.33
2025-12-30,HDFCBANK.NS,990.9000244140624,991.67,996.15
2025-12-31,HDFCBANK.NS,991.2000122070312,992.49,996.1
2026-01-01,HDFCBANK.NS,991.1500244140624,992.98,995.99
2026-01-02,HDFCBANK.NS,1001.5999755859376,993.69,995.75
2026-01-05,HDFCBANK.NS,977.5,990.88,995.06
2026-01-06,HDFCBANK.NS,962.2000122070312,986.61,993.83
2026-01-07,HDFCBANK.NS,949.0499877929688,980.51,992.47
2026-01-08,HDFCBANK.NS,946.7000122070312,974.2,990.57
2026-01-09,HDFCBANK.NS,939.0,966.74,988.22
2026-01-12,HDFCBANK.NS,936.9500122070312,959.0,985.86
2026-01-13,HDFCBANK.NS,937.3499755859376,949.82,983.7
2026-01-14,HDFCBANK.NS,925.4500122070312,942.39,981.56
2026-01-15,HDFCBANK.NS,925.4500122070312,937.14,979.06
2026-01-16,HDFCBANK.NS,931.0999755859376,934.57,976.85
2026-01-19,HDFCBANK.NS,927.9000244140624,931.89,974.34
2026-01-20,HDFCBANK.NS,931.2000122070312,930.77,971.94
2026-01-21,HDFCBANK.NS,920.3499755859376,928.4,969.38
2026-01-22,HDFCBANK.NS,918.7000122070312,925.74,967.02
2026-01-23,HDFCBANK.NS,916.0999755859376,924.4,964.21
2026-01-27,HDFCBANK.NS,926.4000244140624,924.54,961.71
2026-01-28,HDFCBANK.NS,932.7000122070312,924.76,959.59
2026-01-29,HDFCBANK.NS,935.5,925.85,957.63
2026-01-30,HDFCBANK.NS,929.25,925.57,955.81
2026-02-02,HDFCBANK.NS,928.0999755859376,926.68,954.09
2026-02-03,HDFCBANK.NS,948.7000122070312,930.96,952.86
2026-02-04,HDFCBANK.NS,953.0999755859376,936.25,951.71
2026-02-05,HDFCBANK.NS,949.7000122070312,939.58,950.14
2026-02-06,HDFCBANK.NS,941.0999755859376,940.78,948.27
2026-02-09,HDFCBANK.NS,937.25,941.03,946.45
2026-02-10,HDFCBANK.NS,932.4000244140624,941.48,944.47
2026-02-11,HDFCBANK.NS,927.0999755859376,941.34,942.34
2026-02-12,HDFCBANK.NS,920.5999755859376,937.32,939.99
2026-02-13,HDFCBANK.NS,903.9000244140624,930.29,937.08
2026-02-16,HDFCBANK.NS,925.7999877929688,926.88,934.55
2026-02-17,HDFCBANK.NS,925.7000122070312,924.68,932.83
2026-02-18,HDFCBANK.NS,924.7000122070312,922.89,931.58
2026-02-19,HDFCBANK.NS,915.5999755859376,920.49,930.46
2026-02-20,HDFCBANK.NS,911.8499755859376,918.31,929.3
2026-02-23,HDFCBANK.NS,923.5999755859376,918.74,928.79
2026-02-24,HDFCBANK.NS,910.5,919.68,927.9
2026-02-25,HDFCBANK.NS,907.5999755859376,917.08,926.91
2026-02-26,HDFCBANK.NS,898.5999755859375,913.21,926.02
2026-02-27,HDFCBANK.NS,887.75,907.93,924.76
2026-03-02,HDFCBANK.NS,879.4000244140625,902.76,923.04
2026-03-04,HDFCBANK.NS,868.6500244140625,896.59,921.06
2026-03-05,HDFCBANK.NS,877.75,890.04,919.28
2026-03-06,HDFCBANK.NS,857.0499877929688,882.4,917.17
2026-03-09,HDFCBANK.NS,840.7000122070312,872.84,914.57
2026-03-10,HDFCBANK.NS,849.4500122070312,865.82,912.35
2026-03-11,HDFCBANK.NS,833.9500122070312,858.14,909.27
2026-03-12,HDFCBANK.NS,832.75,851.47,905.94
2026-03-13,HDFCBANK.NS,817.0,844.09,901.99
2026-03-16,HDFCBANK.NS,840.5999755859375,838.79,899.03
2026-03-17,HDFCBANK.NS,845.3499755859375,837.11,896.27
2026-03-18,HDFCBANK.NS,843.0499877929688,837.45,892.75
2026-03-19,HDFCBANK.NS,798.2000122070312,830.13,887.59
2026-03-20,HDFCBANK.NS,780.4500122070312,822.49,881.95
2026-03-23,HDFCBANK.NS,744.1500244140625,809.83,875.38
2026-03-24,HDFCBANK.NS,764.9000244140625,802.39,869.64
2026-03-25,HDFCBANK.NS,782.2999877929688,794.06,864.63
2026-03-27,HDFCBANK.NS,756.2000122070312,781.32,858.94
2026-03-30,HDFCBANK.NS,731.5499877929688,765.39,852.63
2026-04-01,HDFCBANK.NS,742.25,757.4,847.25
2026-04-02,HDFCBANK.NS,750.9000244140625,753.18,841.42
2026-04-06,HDFCBANK.NS,771.0,757.01,836.26
2026-04-07,HDFCBANK.NS,772.0,758.03,831.17
2026-04-08,HDFCBANK.NS,816.0999755859375,762.86,827.85
2026-04-09,HDFCBANK.NS,797.7000122070312,768.79,824.05
2026-04-10,HDFCBANK.NS,810.2999877929688,780.04,820.27
2026-04-13,HDFCBANK.NS,794.7000122070312,787.53,816.41
2026-04-15,HDFCBANK.NS,809.9000244140625,795.96,813.16
2026-04-16,HDFCBANK.NS,795.4500122070312,799.45,809.72
2026-04-17,HDFCBANK.NS,799.9000244140625,803.44,806.79
2026-04-20,HDFCBANK.NS,795.4500122070312,800.49,803.99
2026-04-21,HDFCBANK.NS,811.75,802.49,802.09
2026-04-22,HDFCBANK.NS,799.9000244140625,801.01,799.5
2026-04-23,HDFCBANK.NS,784.3499755859375,799.53,797.08
2026-04-24,HDFCBANK.NS,784.8499755859375,795.95,795.21
2026-04-27,HDFCBANK.NS,789.7999877929688,795.14,793.23
2026-04-28,HDFCBANK.NS,782.5499877929688,792.66,791.51
2026-04-29,HDFCBANK.NS,779.0,790.31,789.72
2026-04-30,HDFCBANK.NS,771.7000122070312,784.59,788.21
2026-05-01,HDFCBANK.NS,771.7000122070312,780.56,785.91
2026-05-04,HDFCBANK.NS,779.4000244140625,779.86,783.72
2026-05-05,HDFCBANK.NS,772.2999877929688,778.06,781.36
2026-05-06,HDFCBANK.NS,796.5499877929688,779.03,781.3
2026-05-07,HDFCBANK.NS,796.0499877929688,780.96,781.82
2026-05-08,HDFCBANK.NS,780.8499755859375,781.22,783.05
2026-05-11,HDFCBANK.NS,763.6500244140625,780.07,783.0
2026-05-12,HDFCBANK.NS,750.4500122070312,777.04,781.94
2026-05-13,HDFCBANK.NS,749.5999755859375,772.78,781.72
2026-05-14,HDFCBANK.NS,769.5499877929688,772.39,782.99
2026-05-15,HDFCBANK.NS,767.5,768.24,783.83
2026-05-18,HDFCBANK.NS,768.6500244140625,764.32,784.42
2026-05-19,HDFCBANK.NS,762.4500122070312,761.69,784.14
2026-05-20,HDFCBANK.NS,759.5,761.1,783.72
2026-05-21,HDFCBANK.NS,759.1500244140625,762.34,781.82
2026-05-22,HDFCBANK.NS,766.7999877929688,764.8,780.79
2026-05-25,HDFCBANK.NS,786.8499755859375,767.27,780.01
2026-05-26,HDFCBANK.NS,778.9000244140625,768.9,779.48
2026-05-27,HDFCBANK.NS,758.6500244140625,767.47,777.78
2026-05-28,HDFCBANK.NS,758.6500244140625,766.93,776.55
2026-05-29,HDFCBANK.NS,744.5499877929688,764.79,774.7
2023-05-29,HINDUNILVR.NS,2650.300048828125,2650.3,2650.3
2023-05-30,HINDUNILVR.NS,2656.550048828125,2653.43,2653.43
2023-05-31,HINDUNILVR.NS,2667.550048828125,2658.13,2658.13
2023-06-01,HINDUNILVR.NS,2697.89990234375,2668.08,2668.08
2023-06-02,HINDUNILVR.NS,2716.699951171875,2677.8,2677.8
2023-06-05,HINDUNILVR.NS,2695.800048828125,2680.8,2680.8
2023-06-06,HINDUNILVR.NS,2691.14990234375,2682.28,2682.28
2023-06-07,HINDUNILVR.NS,2716.199951171875,2691.69,2686.52
2023-06-08,HINDUNILVR.NS,2679.89990234375,2695.03,2685.78
2023-06-09,HINDUNILVR.NS,2636.199951171875,2690.55,2680.82
2023-06-12,HINDUNILVR.NS,2643.449951171875,2682.77,2677.43
2023-06-13,HINDUNILVR.NS,2675.89990234375,2676.94,2677.3
2023-06-14,HINDUNILVR.NS,2698.75,2677.36,2678.95
2023-06-15,HINDUNILVR.NS,2689.699951171875,2677.16,2679.72
2023-06-16,HINDUNILVR.NS,2715.64990234375,2677.08,2682.11
2023-06-19,HINDUNILVR.NS,2683.25,2677.56,2682.18
2023-06-20,HINDUNILVR.NS,2676.10009765625,2683.26,2681.83
2023-06-21,HINDUNILVR.NS,2676.60009765625,2687.99,2681.54
2023-06-22,HINDUNILVR.NS,2654.35009765625,2684.91,2680.11
2023-06-23,HINDUNILVR.NS,2641.60009765625,2676.75,2678.18
2023-06-26,HINDUNILVR.NS,2652.10009765625,2671.38,2676.94
2023-06-27,HINDUNILVR.NS,2651.35009765625,2662.19,2675.78
2023-06-28,HINDUNILVR.NS,2661.25,2659.05,2675.14
2023-06-30,HINDUNILVR.NS,2678.14990234375,2659.34,2675.27
2023-07-03,HINDUNILVR.NS,2701.050048828125,2662.84,2676.3
2023-07-04,HINDUNILVR.NS,2700.0,2669.36,2677.21
2023-07-05,HINDUNILVR.NS,2755.85009765625,2685.68,2680.12
2023-07-06,HINDUNILVR.NS,2757.10009765625,2700.68,2682.87
2023-07-07,HINDUNILVR.NS,2698.10009765625,2707.36,2683.4
2023-07-10,HINDUNILVR.NS,2656.550048828125,2706.69,2682.5
2023-07-11,HINDUNILVR.NS,2684.5,2707.59,2683.64
2023-07-12,HINDUNILVR.NS,2673.64990234375,2703.68,2684.21
2023-07-13,HINDUNILVR.NS,2654.699951171875,2697.21,2683.79
2023-07-14,HINDUNILVR.NS,2676.89990234375,2685.93,2683.09
2023-07-17,HINDUNILVR.NS,2681.699951171875,2675.16,2681.92
2023-07-18,HINDUNILVR.NS,2682.800048828125,2672.97,2681.49
2023-07-19,HINDUNILVR.NS,2671.60009765625,2675.12,2680.83
2023-07-20,HINDUNILVR.NS,2703.25,2677.8,2680.4
2023-07-21,HINDUNILVR.NS,2604.0,2667.85,2677.87
2023-07-24,HINDUNILVR.NS,2580.25,2657.21,2676.01
2023-07-25,HINDUNILVR.NS,2568.14990234375,2641.68,2673.5
2023-07-26,HINDUNILVR.NS,2583.300048828125,2627.62,2670.41
2023-07-27,HINDUNILVR.NS,2569.85009765625,2611.49,2666.11
2023-07-28,HINDUNILVR.NS,2584.60009765625,2599.06,2662.61
2023-07-31,HINDUNILVR.NS,2560.800048828125,2578.71,2657.45
2023-08-01,HINDUNILVR.NS,2551.10009765625,2571.15,2653.04
2023-08-02,HINDUNILVR.NS,2568.949951171875,2569.54,2649.47
2023-08-03,HINDUNILVR.NS,2551.300048828125,2567.13,2645.3
2023-08-04,HINDUNILVR.NS,2546.0,2561.8,2641.68
2023-08-07,HINDUNILVR.NS,2569.199951171875,2561.71,2639.27
2023-08-08,HINDUNILVR.NS,2565.85009765625,2559.03,2636.4
2023-08-09,HINDUNILVR.NS,2552.199951171875,2557.8,2633.09
2023-08-10,HINDUNILVR.NS,2536.699951171875,2555.74,2628.94
2023-08-11,HINDUNILVR.NS,2501.800048828125,2546.15,2623.06
2023-08-14,HINDUNILVR.NS,2533.10009765625,2543.55,2617.46
2023-08-16,HINDUNILVR.NS,2552.60009765625,2544.49,2612.55
2023-08-17,HINDUNILVR.NS,2543.25,2540.79,2605.46
2023-08-18,HINDUNILVR.NS,2554.75,2539.2,2598.72
2023-08-21,HINDUNILVR.NS,2562.75,2540.71,2594.21
2023-08-22,HINDUNILVR.NS,2565.800048828125,2544.86,2591.18
2023-08-23,HINDUNILVR.NS,2574.050048828125,2555.19,2587.5
2023-08-24,HINDUNILVR.NS,2581.25,2562.06,2584.42
2023-08-25,HINDUNILVR.NS,2563.550048828125,2563.63,2581.38
2023-08-28,HINDUNILVR.NS,2555.699951171875,2565.41,2577.34
2023-08-29,HINDUNILVR.NS,2526.14990234375,2561.32,2572.16
2023-08-30,HINDUNILVR.NS,2531.949951171875,2556.92,2567.13
2023-08-31,HINDUNILVR.NS,2505.050048828125,2548.24,2561.58
2023-09-01,HINDUNILVR.NS,2504.800048828125,2538.35,2554.96
2023-09-04,HINDUNILVR.NS,2501.39990234375,2526.94,2551.54
2023-09-05,HINDUNILVR.NS,2507.050048828125,2518.87,2549.1
2023-09-06,HINDUNILVR.NS,2523.5,2514.27,2547.61
2023-09-07,HINDUNILVR.NS,2507.449951171875,2511.6,2545.08
2023-09-08,HINDUNILVR.NS,2513.800048828125,2509.01,2543.22
2023-09-11,HINDUNILVR.NS,2536.25,2513.46,2541.6
2023-09-12,HINDUNILVR.NS,2498.85009765625,2512.61,2539.54
2023-09-13,HINDUNILVR.NS,2506.550048828125,2513.35,2538.05
2023-09-14,HINDUNILVR.NS,2500.800048828125,2512.46,2535.78
2023-09-15,HINDUNILVR.NS,2469.699951171875,2504.77,2533.06
2023-09-18,HINDUNILVR.NS,2488.64990234375,2502.09,2531.15
2023-09-20,HINDUNILVR.NS,2466.85009765625,2495.38,2527.74
2023-09-21,HINDUNILVR.NS,2473.35009765625,2486.39,2524.66
2023-09-22,HINDUNILVR.NS,2482.449951171875,2484.05,2522.33
2023-09-25,HINDUNILVR.NS,2475.85009765625,2479.66,2520.3
2023-09-26,HINDUNILVR.NS,2478.949951171875,2476.54,2519.54
2023-09-27,HINDUNILVR.NS,2501.75,2481.12,2518.5
2023-09-28,HINDUNILVR.NS,2460.35009765625,2477.08,2515.42
2023-09-29,HINDUNILVR.NS,2465.60009765625,2476.9,2512.83
2023-10-03,HINDUNILVR.NS,2468.89990234375,2476.26,2509.97
2023-10-04,HINDUNILVR.NS,2507.85009765625,2479.89,2508.14
2023-10-05,HINDUNILVR.NS,2519.550048828125,2486.14,2506.6
2023-10-06,HINDUNILVR.NS,2499.39990234375,2489.06,2504.11
2023-10-09,HINDUNILVR.NS,2511.300048828125,2490.42,2501.78
2023-10-10,HINDUNILVR.NS,2516.199951171875,2498.4,2500.2
2023-10-11,HINDUNILVR.NS,2556.39990234375,2511.37,2500.22
2023-10-12,HINDUNILVR.NS,2557.0,2523.96,2501.25
2023-10-13,HINDUNILVR.NS,2569.449951171875,2532.76,2502.5
2023-10-16,HINDUNILVR.NS,2558.300048828125,2538.29,2504.28
2023-10-17,HINDUNILVR.NS,2556.14990234375,2546.4,2505.99
2023-10-18,HINDUNILVR.NS,2548.25,2551.68,2507.55
2023-10-19,HINDUNILVR.NS,2548.10009765625,2556.24,2508.92
2023-10-20,HINDUNILVR.NS,2495.14990234375,2547.49,2507.97
2023-10-23,HINDUNILVR.NS,2483.5,2536.99,2507.18
2023-10-25,HINDUNILVR.NS,2477.300048828125,2523.82,2505.96
2023-10-26,HINDUNILVR.NS,2476.39990234375,2512.12,2503.96
2023-10-27,HINDUNILVR.NS,2482.050048828125,2501.54,2503.4
2023-10-30,HINDUNILVR.NS,2478.89990234375,2491.63,2502.48
2023-10-31,HINDUNILVR.NS,2484.0,2482.47,2501.92
2023-11-01,HINDUNILVR.NS,2472.25,2479.2,2502.01
2023-11-02,HINDUNILVR.NS,2486.800048828125,2479.67,2501.95
2023-11-03,HINDUNILVR.NS,2509.25,2484.24,2503.36
2023-11-06,HINDUNILVR.NS,2497.39990234375,2487.24,2504.16
2023-11-07,HINDUNILVR.NS,2496.449951171875,2489.29,2504.63
2023-11-08,HINDUNILVR.NS,2519.35009765625,2495.07,2506.08
2023-11-09,HINDUNILVR.NS,2476.699951171875,2494.03,2506.0
2023-11-10,HINDUNILVR.NS,2486.550048828125,2496.07,2505.49
2023-11-13,HINDUNILVR.NS,2478.14990234375,2494.84,2506.09
2023-11-15,HINDUNILVR.NS,2486.39990234375,2491.57,2506.78
2023-11-16,HINDUNILVR.NS,2491.199951171875,2490.69,2507.52
2023-11-17,HINDUNILVR.NS,2528.800048828125,2495.31,2508.22
2023-11-20,HINDUNILVR.NS,2506.449951171875,2493.46,2507.79
2023-11-21,HINDUNILVR.NS,2505.25,2497.54,2507.98
2023-11-22,HINDUNILVR.NS,2521.89990234375,2502.59,2508.33
2023-11-23,HINDUNILVR.NS,2519.89990234375,2508.56,2508.46
2023-11-24,HINDUNILVR.NS,2515.199951171875,2512.67,2507.08
2023-11-28,HINDUNILVR.NS,2510.550048828125,2515.44,2505.54
2023-11-29,HINDUNILVR.NS,2525.050048828125,2514.9,2504.06
2023-11-30,HINDUNILVR.NS,2545.550048828125,2520.49,2503.63
2023-12-01,HINDUNILVR.NS,2563.64990234375,2528.83,2503.88
2023-12-04,HINDUNILVR.NS,2602.300048828125,2540.31,2505.68
2023-12-05,HINDUNILVR.NS,2563.25,2546.51,2506.19
2023-12-06,HINDUNILVR.NS,2567.64990234375,2554.0,2508.6
2023-12-07,HINDUNILVR.NS,2518.25,2555.1,2509.76
2023-12-08,HINDUNILVR.NS,2522.300048828125,2554.71,2511.26
2023-12-11,HINDUNILVR.NS,2503.64990234375,2548.72,2512.17
2023-12-12,HINDUNILVR.NS,2502.75,2540.02,2512.86
2023-12-13,HINDUNILVR.NS,2511.89990234375,2527.11,2513.96
2023-12-14,HINDUNILVR.NS,2516.35009765625,2520.41,2515.04
2023-12-15,HINDUNILVR.NS,2522.89990234375,2514.01,2516.73
2023-12-18,HINDUNILVR.NS,2535.5,2516.48,2518.35
2023-12-19,HINDUNILVR.NS,2560.699951171875,2521.96,2520.07
2023-12-20,HINDUNILVR.NS,2557.5,2529.66,2522.07
2023-12-21,HINDUNILVR.NS,2553.199951171875,2536.86,2523.96
2023-12-22,HINDUNILVR.NS,2575.60009765625,2545.96,2525.84
2023-12-26,HINDUNILVR.NS,2584.75,2555.74,2529.44
2023-12-27,HINDUNILVR.NS,2608.300048828125,2567.94,2533.5
2023-12-28,HINDUNILVR.NS,2633.800048828125,2581.98,2538.68
2023-12-29,HINDUNILVR.NS,2663.949951171875,2596.73,2544.6
2024-01-01,HINDUNILVR.NS,2654.75,2610.62,2550.05
2024-01-02,HINDUNILVR.NS,2613.800048828125,2619.28,2552.89
2024-01-03,HINDUNILVR.NS,2606.550048828125,2623.7,2556.22
2024-01-04,HINDUNILVR.NS,2592.550048828125,2624.81,2559.13
2024-01-05,HINDUNILVR.NS,2620.050048828125,2626.49,2562.41
2024-01-08,HINDUNILVR.NS,2578.25,2618.56,2564.35
2024-01-09,HINDUNILVR.NS,2579.75,2606.53,2566.5
2024-01-10,HINDUNILVR.NS,2577.39990234375,2595.48,2568.73
2024-01-11,HINDUNILVR.NS,2536.199951171875,2584.39,2569.1
2024-01-12,HINDUNILVR.NS,2544.0,2575.46,2569.05
2024-01-15,HINDUNILVR.NS,2573.199951171875,2572.69,2569.37
2024-01-16,HINDUNILVR.NS,2569.10009765625,2565.41,2568.26
2024-01-17,HINDUNILVR.NS,2562.89990234375,2563.22,2568.25
2024-01-18,HINDUNILVR.NS,2548.0,2558.69,2567.6
2024-01-19,HINDUNILVR.NS,2565.39990234375,2556.97,2569.17
2024-01-23,HINDUNILVR.NS,2375.550048828125,2534.02,2564.28
2024-01-24,HINDUNILVR.NS,2441.64990234375,2519.4,2562.21
2024-01-25,HINDUNILVR.NS,2428.300048828125,2498.7,2559.73
2024-01-29,HINDUNILVR.NS,2444.39990234375,2480.89,2557.48
2024-01-30,HINDUNILVR.NS,2458.64990234375,2465.99,2555.55
2024-01-31,HINDUNILVR.NS,2481.550048828125,2456.5,2554.18
2024-02-01,HINDUNILVR.NS,2473.60009765625,2443.39,2552.11
2024-02-02,HINDUNILVR.NS,2452.60009765625,2454.39,2548.51
2024-02-05,HINDUNILVR.NS,2419.5,2451.23,2543.91
2024-02-06,HINDUNILVR.NS,2426.35009765625,2450.95,2539.68
2024-02-07,HINDUNILVR.NS,2425.449951171875,2448.24,2534.68
2024-02-08,HINDUNILVR.NS,2417.050048828125,2442.3,2529.09
2024-02-09,HINDUNILVR.NS,2424.14990234375,2434.1,2522.95
2024-02-12,HINDUNILVR.NS,2385.64990234375,2421.54,2514.68
2024-02-13,HINDUNILVR.NS,2394.0,2413.16,2505.68
2024-02-14,HINDUNILVR.NS,2387.949951171875,2408.66,2496.78
2024-02-15,HINDUNILVR.NS,2350.85009765625,2397.87,2488.02
2024-02-16,HINDUNILVR.NS,2375.25,2390.7,2480.31
2024-02-19,HINDUNILVR.NS,2387.14990234375,2386.43,2473.46
2024-02-20,HINDUNILVR.NS,2404.10009765625,2383.56,2466.26
2024-02-21,HINDUNILVR.NS,2407.10009765625,2386.63,2460.56
2024-02-22,HINDUNILVR.NS,2388.10009765625,2385.79,2454.17
2024-02-23,HINDUNILVR.NS,2394.10009765625,2386.66,2448.06
2024-02-26,HINDUNILVR.NS,2404.25,2394.29,2443.66
2024-02-27,HINDUNILVR.NS,2405.300048828125,2398.59,2439.04
2024-02-28,HINDUNILVR.NS,2421.550048828125,2403.5,2433.99
2024-02-29,HINDUNILVR.NS,2412.300048828125,2404.67,2428.76
2024-03-01,HINDUNILVR.NS,2409.699951171875,2405.04,2423.65
2024-03-04,HINDUNILVR.NS,2422.0,2409.89,2419.45
2024-03-05,HINDUNILVR.NS,2399.85009765625,2410.71,2413.93
2024-03-06,HINDUNILVR.NS,2400.800048828125,2410.21,2414.78
2024-03-07,HINDUNILVR.NS,2419.550048828125,2412.25,2414.04
2024-03-11,HINDUNILVR.NS,2389.85009765625,2407.72,2412.76
2024-03-12,HINDUNILVR.NS,2378.14990234375,2402.84,2410.55
2024-03-13,HINDUNILVR.NS,2312.60009765625,2388.97,2405.68
2024-03-14,HINDUNILVR.NS,2334.60009765625,2376.49,2400.78
2024-03-15,HINDUNILVR.NS,2327.699951171875,2366.18,2395.92
2024-03-18,HINDUNILVR.NS,2299.949951171875,2351.77,2390.83
2024-03-19,HINDUNILVR.NS,2266.949951171875,2329.97,2385.75
2024-03-20,HINDUNILVR.NS,2241.949951171875,2308.84,2379.6
2024-03-21,HINDUNILVR.NS,2242.35009765625,2289.44,2373.5
2024-03-22,HINDUNILVR.NS,2256.550048828125,2281.44,2368.15
2024-03-26,HINDUNILVR.NS,2240.0,2267.92,2362.01
2024-03-27,HINDUNILVR.NS,2239.699951171875,2255.35,2357.14
2024-03-28,HINDUNILVR.NS,2264.35009765625,2250.26,2352.82
2024-04-01,HINDUNILVR.NS,2285.89990234375,2252.97,2349.42
2024-04-02,HINDUNILVR.NS,2286.699951171875,2259.36,2347.28
2024-04-03,HINDUNILVR.NS,2265.199951171875,2262.63,2343.61
2024-04-04,HINDUNILVR.NS,2264.949951171875,2263.83,2339.54
2024-04-05,HINDUNILVR.NS,2266.949951171875,2267.68,2334.97
2024-04-08,HINDUNILVR.NS,2268.949951171875,2271.86,2330.36
2024-04-09,HINDUNILVR.NS,2264.14990234375,2271.83,2326.23
2024-04-10,HINDUNILVR.NS,2260.89990234375,2268.26,2321.79
2024-04-12,HINDUNILVR.NS,2232.300048828125,2260.49,2316.06
2024-04-15,HINDUNILVR.NS,2194.050048828125,2250.32,2309.02
2024-04-16,HINDUNILVR.NS,2220.800048828125,2244.01,2302.32
2024-04-18,HINDUNILVR.NS,2214.800048828125,2236.56,2295.74
2024-04-19,HINDUNILVR.NS,2231.60009765625,2231.23,2289.81
2024-04-22,HINDUNILVR.NS,2241.5,2227.99,2283.79
2024-04-23,HINDUNILVR.NS,2262.75,2228.26,2279.22
2024-04-24,HINDUNILVR.NS,2260.25,2232.25,2274.53
2024-04-25,HINDUNILVR.NS,2230.85009765625,2237.51,2268.24
2024-04-26,HINDUNILVR.NS,2222.64990234375,2237.77,2262.67
2024-04-29,HINDUNILVR.NS,2226.10009765625,2239.39,2257.6
2024-04-30,HINDUNILVR.NS,2230.449951171875,2239.22,2254.86
2024-05-02,HINDUNILVR.NS,2226.300048828125,2237.05,2251.25
2024-05-03,HINDUNILVR.NS,2217.050048828125,2230.52,2247.56
2024-05-06,HINDUNILVR.NS,2256.199951171875,2229.94,2246.11
2024-05-07,HINDUNILVR.NS,2379.39990234375,2251.16,2249.85
2024-05-08,HINDUNILVR.NS,2341.050048828125,2268.08,2253.16
2024-05-09,HINDUNILVR.NS,2325.64990234375,2282.3,2255.93
2024-05-10,HINDUNILVR.NS,2362.550048828125,2301.17,2259.47
2024-05-13,HINDUNILVR.NS,2360.64990234375,2320.36,2263.49
2024-05-14,HINDUNILVR.NS,2349.60009765625,2339.3,2267.15
2024-05-15,HINDUNILVR.NS,2323.300048828125,2348.89,2269.12
2024-05-16,HINDUNILVR.NS,2343.14990234375,2343.71,2271.03
2024-05-17,HINDUNILVR.NS,2320.35009765625,2340.75,2272.15
2024-05-21,HINDUNILVR.NS,2310.699951171875,2338.61,2273.66
2024-05-22,HINDUNILVR.NS,2366.89990234375,2339.24,2277.06
2024-05-23,HINDUNILVR.NS,2382.5,2342.36,2280.91
2024-05-24,HINDUNILVR.NS,2369.050048828125,2345.14,2284.25
2024-05-27,HINDUNILVR.NS,2384.5,2353.88,2288.26
2024-05-28,HINDUNILVR.NS,2395.949951171875,2361.42,2292.77
2024-05-29,HINDUNILVR.NS,2373.39990234375,2369.0,2297.47
2024-05-30,HINDUNILVR.NS,2351.39990234375,2374.81,2302.71
2024-05-31,HINDUNILVR.NS,2329.050048828125,2369.41,2306.32
2024-06-03,HINDUNILVR.NS,2355.89990234375,2365.61,2311.02
2024-06-04,HINDUNILVR.NS,2496.300048828125,2383.79,2319.85
2024-06-05,HINDUNILVR.NS,2602.75,2414.96,2331.89
2024-06-06,HINDUNILVR.NS,2549.60009765625,2436.91,2341.45
2024-06-07,HINDUNILVR.NS,2577.800048828125,2466.11,2352.04
2024-06-10,HINDUNILVR.NS,2565.35009765625,2496.68,2363.19
2024-06-11,HINDUNILVR.NS,2556.35009765625,2529.15,2374.31
2024-06-12,HINDUNILVR.NS,2528.699951171875,2553.84,2384.4
2024-06-13,HINDUNILVR.NS,2487.39990234375,2552.56,2392.96
2024-06-14,HINDUNILVR.NS,2479.75,2534.99,2401.41
2024-06-18,HINDUNILVR.NS,2486.25,2525.94,2410.38
2024-06-19,HINDUNILVR.NS,2457.0,2508.69,2417.08
2024-06-20,HINDUNILVR.NS,2482.199951171875,2496.81,2420.5
2024-06-21,HINDUNILVR.NS,2441.300048828125,2480.37,2423.84
2024-06-24,HINDUNILVR.NS,2442.199951171875,2468.01,2427.73
2024-06-25,HINDUNILVR.NS,2432.199951171875,2460.13,2430.05
2024-06-26,HINDUNILVR.NS,2445.60009765625,2455.25,2432.88
2024-06-27,HINDUNILVR.NS,2462.14990234375,2451.81,2436.63
2024-06-28,HINDUNILVR.NS,2473.050048828125,2454.1,2441.63
2024-07-01,HINDUNILVR.NS,2505.10009765625,2457.37,2447.03
2024-07-02,HINDUNILVR.NS,2485.14990234375,2463.64,2452.52
2024-07-03,HINDUNILVR.NS,2510.35009765625,2473.37,2459.17
2024-07-04,HINDUNILVR.NS,2495.949951171875,2482.48,2463.47
2024-07-05,HINDUNILVR.NS,2547.0,2496.96,2468.96
2024-07-08,HINDUNILVR.NS,2587.14990234375,2514.82,2476.23
2024-07-09,HINDUNILVR.NS,2590.14990234375,2531.55,2483.08
2024-07-10,HINDUNILVR.NS,2610.449951171875,2546.6,2490.23
2024-07-11,HINDUNILVR.NS,2608.85009765625,2564.27,2498.08
2024-07-12,HINDUNILVR.NS,2622.25,2580.26,2507.11
2024-07-15,HINDUNILVR.NS,2620.300048828125,2598.02,2516.82
2024-07-16,HINDUNILVR.NS,2688.449951171875,2618.23,2527.9
2024-07-18,HINDUNILVR.NS,2738.39990234375,2639.84,2535.97
2024-07-19,HINDUNILVR.NS,2727.0,2659.39,2540.11
2024-07-22,HINDUNILVR.NS,2735.300048828125,2677.22,2546.3
2024-07-23,HINDUNILVR.NS,2766.35009765625,2699.72,2552.59
2024-07-24,HINDUNILVR.NS,2717.050048828125,2713.26,2557.65
2024-07-25,HINDUNILVR.NS,2707.199951171875,2725.68,2562.67
2024-07-26,HINDUNILVR.NS,2711.050048828125,2728.91,2568.75
2024-07-29,HINDUNILVR.NS,2711.60009765625,2725.08,2576.23
2024-07-30,HINDUNILVR.NS,2691.39990234375,2719.99,2583.28
2024-07-31,HINDUNILVR.NS,2705.64990234375,2715.76,2590.59
2024-08-01,HINDUNILVR.NS,2715.550048828125,2708.5,2599.21
2024-08-02,HINDUNILVR.NS,2692.550048828125,2705.0,2606.22
2024-08-05,HINDUNILVR.NS,2715.89990234375,2706.24,2615.38
2024-08-06,HINDUNILVR.NS,2750.050048828125,2711.81,2625.64
2024-08-07,HINDUNILVR.NS,2744.050048828125,2716.45,2636.04
2024-08-08,HINDUNILVR.NS,2733.199951171875,2722.42,2645.62
2024-08-09,HINDUNILVR.NS,2747.199951171875,2728.36,2655.12
2024-08-12,HINDUNILVR.NS,2748.699951171875,2733.09,2664.31
2024-08-13,HINDUNILVR.NS,2741.39990234375,2740.07,2672.19
2024-08-14,HINDUNILVR.NS,2722.050048828125,2740.95,2680.08
2024-08-16,HINDUNILVR.NS,2748.25,2740.69,2688.01
2024-08-19,HINDUNILVR.NS,2742.550048828125,2740.48,2696.23
2024-08-20,HINDUNILVR.NS,2751.050048828125,2743.03,2703.04
2024-08-21,HINDUNILVR.NS,2791.199951171875,2749.31,2709.84
2024-08-22,HINDUNILVR.NS,2792.800048828125,2755.61,2716.59
2024-08-23,HINDUNILVR.NS,2815.60009765625,2766.21,2723.43
2024-08-26,HINDUNILVR.NS,2821.14990234375,2780.37,2730.51
2024-08-27,HINDUNILVR.NS,2766.89990234375,2783.04,2735.33
2024-08-28,HINDUNILVR.NS,2764.35009765625,2786.15,2740.13
2024-08-29,HINDUNILVR.NS,2785.25,2791.04,2743.36
2024-08-30,HINDUNILVR.NS,2778.0,2789.15,2744.68
2024-09-02,HINDUNILVR.NS,2789.050048828125,2788.61,2746.75
2024-09-03,HINDUNILVR.NS,2794.300048828125,2785.57,2748.71
2024-09-04,HINDUNILVR.NS,2841.25,2788.44,2751.21
2024-09-05,HINDUNILVR.NS,2838.449951171875,2798.66,2755.26
2024-09-06,HINDUNILVR.NS,2838.949951171875,2809.32,2759.65
2024-09-09,HINDUNILVR.NS,2921.800048828125,2828.83,2766.67
2024-09-10,HINDUNILVR.NS,2898.60009765625,2846.06,2772.91
2024-09-11,HINDUNILVR.NS,2904.14990234375,2862.5,2780.0
2024-09-12,HINDUNILVR.NS,2956.39990234375,2885.66,2788.36
2024-09-13,HINDUNILVR.NS,2932.949951171875,2898.76,2795.6
2024-09-16,HINDUNILVR.NS,2867.10009765625,2902.85,2801.42
2024-09-17,HINDUNILVR.NS,2873.5,2907.79,2806.68
2024-09-18,HINDUNILVR.NS,2875.85009765625,2901.22,2810.87
2024-09-19,HINDUNILVR.NS,2911.75,2903.1,2816.46
2024-09-20,HINDUNILVR.NS,2977.60009765625,2913.59,2824.61
2024-09-23,HINDUNILVR.NS,3028.550048828125,2923.9,2833.98
2024-09-24,HINDUNILVR.NS,2950.550048828125,2926.41,2840.71
2024-09-25,HINDUNILVR.NS,2948.949951171875,2938.11,2847.63
2024-09-26,HINDUNILVR.NS,2986.10009765625,2954.19,2856.43
2024-09-27,HINDUNILVR.NS,2966.25,2967.11,2863.7
2024-09-30,HINDUNILVR.NS,2958.300048828125,2973.76,2870.89
2024-10-01,HINDUNILVR.NS,2923.75,2966.06,2876.65
2024-10-03,HINDUNILVR.NS,2893.35009765625,2946.75,2880.05
2024-10-04,HINDUNILVR.NS,2848.75,2932.21,2881.92
2024-10-07,HINDUNILVR.NS,2833.39990234375,2915.7,2882.51
2024-10-08,HINDUNILVR.NS,2818.800048828125,2891.8,2882.43
2024-10-09,HINDUNILVR.NS,2768.949951171875,2863.61,2882.5
2024-10-10,HINDUNILVR.NS,2754.699951171875,2834.53,2882.18
2024-10-11,HINDUNILVR.NS,2783.199951171875,2814.45,2882.11
2024-10-14,HINDUNILVR.NS,2789.10009765625,2799.56,2882.48
2024-10-15,HINDUNILVR.NS,2781.449951171875,2789.94,2882.23
2024-10-16,HINDUNILVR.NS,2781.25,2782.49,2881.79
2024-10-17,HINDUNILVR.NS,2738.64990234375,2771.04,2878.37
2024-10-18,HINDUNILVR.NS,2717.10009765625,2763.64,2874.33
2024-10-21,HINDUNILVR.NS,2693.550048828125,2754.9,2869.48
2024-10-22,HINDUNILVR.NS,2681.699951171875,2740.4,2861.48
2024-10-23,HINDUNILVR.NS,2659.300048828125,2721.86,2853.5
2024-10-24,HINDUNILVR.NS,2505.10009765625,2682.38,2840.2
2024-10-25,HINDUNILVR.NS,2528.050048828125,2646.21,2825.92
2024-10-28,HINDUNILVR.NS,2575.800048828125,2622.94,2814.02
2024-10-29,HINDUNILVR.NS,2547.64990234375,2598.74,2803.37
2024-10-30,HINDUNILVR.NS,2554.949951171875,2578.94,2792.75
2024-10-31,HINDUNILVR.NS,2528.25,2557.01,2781.16
2024-11-01,HINDUNILVR.NS,2537.5,2539.61,2768.69
2024-11-04,HINDUNILVR.NS,2524.800048828125,2542.43,2753.59
2024-11-05,HINDUNILVR.NS,2521.35009765625,2541.47,2736.69
2024-11-06,HINDUNILVR.NS,2500.699951171875,2530.74,2721.69
2024-11-07,HINDUNILVR.NS,2475.5,2520.44,2705.91
2024-11-08,HINDUNILVR.NS,2507.699951171875,2513.69,2689.96
2024-11-11,HINDUNILVR.NS,2491.050048828125,2508.37,2674.12
2024-11-12,HINDUNILVR.NS,2461.5,2497.51,2657.56
2024-11-13,HINDUNILVR.NS,2464.949951171875,2488.96,2642.27
2024-11-14,HINDUNILVR.NS,2389.199951171875,2470.09,2625.46
2024-11-18,HINDUNILVR.NS,2422.89990234375,2458.97,2611.27
2024-11-19,HINDUNILVR.NS,2410.35009765625,2449.66,2597.17
2024-11-21,HINDUNILVR.NS,2382.800048828125,2431.82,2582.64
2024-11-22,HINDUNILVR.NS,2445.25,2425.28,2571.85
2024-11-25,HINDUNILVR.NS,2471.449951171875,2426.7,2562.4
2024-11-26,HINDUNILVR.NS,2479.199951171875,2428.74,2552.27
2024-11-27,HINDUNILVR.NS,2486.89990234375,2442.69,2542.2
2024-11-28,HINDUNILVR.NS,2462.199951171875,2448.31,2531.55
2024-11-29,HINDUNILVR.NS,2496.14990234375,2460.56,2522.05
2024-12-02,HINDUNILVR.NS,2479.14990234375,2474.33,2513.4
2024-12-03,HINDUNILVR.NS,2482.85009765625,2479.7,2505.59
2024-12-04,HINDUNILVR.NS,2464.5,2478.71,2497.96
2024-12-05,HINDUNILVR.NS,2494.60009765625,2480.91,2491.72
2024-12-06,HINDUNILVR.NS,2483.800048828125,2480.46,2485.87
2024-12-09,HINDUNILVR.NS,2400.75,2471.69,2482.39
2024-12-10,HINDUNILVR.NS,2397.35009765625,2457.57,2478.04
2024-12-11,HINDUNILVR.NS,2401.35009765625,2446.46,2472.22
2024-12-12,HINDUNILVR.NS,2344.949951171875,2426.76,2465.46
2024-12-13,HINDUNILVR.NS,2390.10009765625,2416.13,2459.97
2024-12-16,HINDUNILVR.NS,2366.14990234375,2397.78,2454.57
2024-12-17,HINDUNILVR.NS,2363.25,2380.56,2448.76
2024-12-18,HINDUNILVR.NS,2359.199951171875,2374.62,2443.24
2024-12-19,HINDUNILVR.NS,2359.85009765625,2369.26,2437.85
2024-12-20,HINDUNILVR.NS,2333.89990234375,2359.63,2432.29
2024-12-23,HINDUNILVR.NS,2338.89990234375,2358.76,2427.74
2024-12-24,HINDUNILVR.NS,2335.550048828125,2350.97,2422.0
2024-12-26,HINDUNILVR.NS,2332.75,2346.2,2416.73
2024-12-27,HINDUNILVR.NS,2341.25,2343.06,2412.72
2024-12-30,HINDUNILVR.NS,2343.5,2340.81,2408.67
2024-12-31,HINDUNILVR.NS,2326.85009765625,2336.1,2406.59
2025-01-01,HINDUNILVR.NS,2322.10009765625,2334.41,2403.23
2025-01-02,HINDUNILVR.NS,2370.0,2338.86,2401.89
2025-01-03,HINDUNILVR.NS,2406.25,2348.96,2402.67
2025-01-06,HINDUNILVR.NS,2376.199951171875,2355.16,2400.37
2025-01-07,HINDUNILVR.NS,2390.800048828125,2362.24,2397.68
2025-01-08,HINDUNILVR.NS,2401.0,2370.46,2395.07
2025-01-09,HINDUNILVR.NS,2435.39990234375,2385.96,2393.36
2025-01-10,HINDUNILVR.NS,2442.050048828125,2403.1,2392.68
2025-01-13,HINDUNILVR.NS,2451.0,2414.67,2391.18
2025-01-14,HINDUNILVR.NS,2367.949951171875,2409.2,2387.47
2025-01-15,HINDUNILVR.NS,2373.0,2408.74,2383.81
2025-01-16,HINDUNILVR.NS,2345.0,2402.2,2379.83
2025-01-17,HINDUNILVR.NS,2354.0,2395.49,2375.14
2025-01-20,HINDUNILVR.NS,2345.199951171875,2382.6,2370.52
2025-01-21,HINDUNILVR.NS,2340.5,2368.09,2368.51
2025-01-22,HINDUNILVR.NS,2342.949951171875,2352.66,2366.7
2025-01-23,HINDUNILVR.NS,2321.699951171875,2346.05,2364.04
2025-01-24,HINDUNILVR.NS,2368.10009765625,2345.35,2364.81
2025-01-27,HINDUNILVR.NS,2392.85009765625,2352.19,2364.91
2025-01-28,HINDUNILVR.NS,2388.85009765625,2357.16,2365.66
2025-01-29,HINDUNILVR.NS,2383.949951171875,2362.7,2366.35
2025-01-30,HINDUNILVR.NS,2408.75,2372.45,2368.01
2025-01-31,HINDUNILVR.NS,2468.800048828125,2390.43,2371.64
2025-02-01,HINDUNILVR.NS,2506.050048828125,2416.76,2377.38
2025-02-03,HINDUNILVR.NS,2441.949951171875,2427.31,2380.81
2025-02-04,HINDUNILVR.NS,2438.050048828125,2433.77,2384.23
2025-02-05,HINDUNILVR.NS,2391.050048828125,2434.09,2386.17
2025-02-06,HINDUNILVR.NS,2372.699951171875,2432.48,2387.22
2025-02-07,HINDUNILVR.NS,2363.85009765625,2426.06,2387.9
2025-02-10,HINDUNILVR.NS,2361.449951171875,2410.73,2389.05
2025-02-11,HINDUNILVR.NS,2315.25,2383.47,2388.82
2025-02-12,HINDUNILVR.NS,2332.5,2367.84,2387.57
2025-02-13,HINDUNILVR.NS,2321.5,2351.19,2384.75
2025-02-14,HINDUNILVR.NS,2318.35009765625,2340.8,2382.82
2025-02-17,HINDUNILVR.NS,2329.39990234375,2334.61,2380.77
2025-02-18,HINDUNILVR.NS,2296.0,2324.92,2377.27
2025-02-19,HINDUNILVR.NS,2250.39990234375,2309.06,2371.11
2025-02-20,HINDUNILVR.NS,2248.050048828125,2299.46,2364.64
2025-02-21,HINDUNILVR.NS,2241.64990234375,2286.48,2357.66
2025-02-24,HINDUNILVR.NS,2241.449951171875,2275.04,2353.44
2025-02-25,HINDUNILVR.NS,2259.300048828125,2266.61,2349.65
2025-02-27,HINDUNILVR.NS,2244.949951171875,2254.54,2346.32
2025-02-28,HINDUNILVR.NS,2190.25,2239.44,2340.86
2025-03-03,HINDUNILVR.NS,2176.85009765625,2228.93,2335.25
2025-03-04,HINDUNILVR.NS,2157.35009765625,2215.97,2329.14
2025-03-05,HINDUNILVR.NS,2170.449951171875,2205.8,2323.39
2025-03-06,HINDUNILVR.NS,2218.949951171875,2202.59,2319.97
2025-03-07,HINDUNILVR.NS,2204.550048828125,2194.76,2314.52
2025-03-10,HINDUNILVR.NS,2247.75,2195.16,2309.68
2025-03-11,HINDUNILVR.NS,2216.949951171875,2198.98,2303.95
2025-03-12,HINDUNILVR.NS,2192.89990234375,2201.27,2297.58
2025-03-13,HINDUNILVR.NS,2174.800048828125,2203.76,2289.78
2025-03-17,HINDUNILVR.NS,2171.25,2203.88,2279.86
2025-03-18,HINDUNILVR.NS,2171.25,2197.06,2268.7
2025-03-19,HINDUNILVR.NS,2200.050048828125,2196.42,2260.64
2025-03-20,HINDUNILVR.NS,2242.39990234375,2195.66,2254.12
2025-03-21,HINDUNILVR.NS,2246.199951171875,2199.84,2249.29
2025-03-24,HINDUNILVR.NS,2256.199951171875,2208.88,2245.41
2025-03-25,HINDUNILVR.NS,2271.300048828125,2222.66,2242.32
2025-03-26,HINDUNILVR.NS,2245.949951171875,2233.34,2238.47
2025-03-27,HINDUNILVR.NS,2244.64990234375,2243.82,2236.12
2025-03-28,HINDUNILVR.NS,2258.85009765625,2252.22,2233.66
2025-04-01,HINDUNILVR.NS,2233.85009765625,2251.0,2230.74
2025-04-02,HINDUNILVR.NS,2237.89990234375,2249.81,2228.06
2025-04-03,HINDUNILVR.NS,2244.550048828125,2248.15,2225.23
2025-04-04,HINDUNILVR.NS,2244.550048828125,2244.33,2223.52
2025-04-07,HINDUNILVR.NS,2249.39990234375,2244.82,2223.48
2025-04-08,HINDUNILVR.NS,2289.25,2251.19,2224.86
2025-04-09,HINDUNILVR.NS,2350.0,2264.21,2228.47
2025-04-11,HINDUNILVR.NS,2366.14990234375,2283.11,2232.63
2025-04-15,HINDUNILVR.NS,2361.5,2300.77,2236.03
2025-04-16,HINDUNILVR.NS,2366.60009765625,2318.21,2240.09
2025-04-17,HINDUNILVR.NS,2375.0,2336.84,2246.25
2025-04-21,HINDUNILVR.NS,2351.0,2351.36,2252.05
2025-04-22,HINDUNILVR.NS,2398.699951171875,2366.99,2260.1
2025-04-23,HINDUNILVR.NS,2423.800048828125,2377.54,2268.54
2025-04-24,HINDUNILVR.NS,2325.300048828125,2371.7,2272.09
2025-04-25,HINDUNILVR.NS,2332.199951171875,2367.51,2276.34
2025-04-28,HINDUNILVR.NS,2318.60009765625,2360.66,2278.7
2025-04-29,HINDUNILVR.NS,2321.699951171875,2353.04,2282.19
2025-04-30,HINDUNILVR.NS,2342.10009765625,2351.77,2287.17
2025-05-02,HINDUNILVR.NS,2318.60009765625,2340.33,2291.96
2025-05-05,HINDUNILVR.NS,2348.60009765625,2329.59,2297.87
2025-05-06,HINDUNILVR.NS,2381.800048828125,2337.66,2304.89
2025-05-07,HINDUNILVR.NS,2370.800048828125,2343.17,2310.58
2025-05-08,HINDUNILVR.NS,2354.89990234375,2348.36,2314.33
2025-05-09,HINDUNILVR.NS,2332.89990234375,2349.96,2317.22
2025-05-12,HINDUNILVR.NS,2382.5,2355.73,2321.43
2025-05-13,HINDUNILVR.NS,2360.0,2361.64,2324.39
2025-05-14,HINDUNILVR.NS,2350.5,2361.91,2327.88
2025-05-15,HINDUNILVR.NS,2355.199951171875,2358.11,2331.56
2025-05-16,HINDUNILVR.NS,2381.39990234375,2359.63,2335.65
2025-05-19,HINDUNILVR.NS,2382.699951171875,2363.6,2340.61
2025-05-20,HINDUNILVR.NS,2341.10009765625,2364.77,2344.05
2025-05-21,HINDUNILVR.NS,2363.89990234375,2362.11,2348.03
2025-05-22,HINDUNILVR.NS,2330.699951171875,2357.93,2350.9
2025-05-23,HINDUNILVR.NS,2359.199951171875,2359.17,2354.56
2025-05-26,HINDUNILVR.NS,2394.10009765625,2364.73,2358.05
2025-05-27,HINDUNILVR.NS,2380.199951171875,2364.56,2359.06
2025-05-28,HINDUNILVR.NS,2362.0,2361.6,2358.92
2025-05-29,HINDUNILVR.NS,2366.699951171875,2365.26,2359.09
2025-05-30,HINDUNILVR.NS,2348.300048828125,2363.03,2358.48
2025-06-02,HINDUNILVR.NS,2371.60009765625,2368.87,2358.37
2025-06-03,HINDUNILVR.NS,2352.300048828125,2367.89,2358.41
2025-06-04,HINDUNILVR.NS,2364.5,2363.66,2357.27
2025-06-05,HINDUNILVR.NS,2376.39990234375,2363.11,2355.69
2025-06-06,HINDUNILVR.NS,2389.800048828125,2367.09,2357.84
2025-06-09,HINDUNILVR.NS,2393.199951171875,2370.87,2359.88
2025-06-10,HINDUNILVR.NS,2395.199951171875,2377.57,2362.43
2025-06-11,HINDUNILVR.NS,2376.39990234375,2378.26,2364.25
2025-06-12,HINDUNILVR.NS,2332.699951171875,2375.46,2363.94
2025-06-13,HINDUNILVR.NS,2319.0,2368.96,2363.95
2025-06-16,HINDUNILVR.NS,2327.39990234375,2361.96,2363.25
2025-06-17,HINDUNILVR.NS,2328.60009765625,2353.21,2361.47
2025-06-18,HINDUNILVR.NS,2297.300048828125,2339.51,2359.02
2025-06-19,HINDUNILVR.NS,2294.199951171875,2325.09,2357.0
2025-06-20,HINDUNILVR.NS,2306.199951171875,2315.06,2356.11
2025-06-23,HINDUNILVR.NS,2275.10009765625,2306.83,2352.53
2025-06-24,HINDUNILVR.NS,2263.10009765625,2298.84,2349.3
2025-06-25,HINDUNILVR.NS,2278.699951171875,2291.89,2346.91
2025-06-26,HINDUNILVR.NS,2280.800048828125,2285.06,2344.43
2025-06-27,HINDUNILVR.NS,2306.89990234375,2286.43,2341.94
2025-06-30,HINDUNILVR.NS,2294.60009765625,2286.49,2339.01
2025-07-01,HINDUNILVR.NS,2295.5,2284.96,2337.49
2025-07-02,HINDUNILVR.NS,2307.10009765625,2289.53,2335.59
2025-07-03,HINDUNILVR.NS,2313.39990234375,2296.71,2335.02
2025-07-04,HINDUNILVR.NS,2339.300048828125,2305.37,2334.35
2025-07-07,HINDUNILVR.NS,2410.39990234375,2323.89,2334.9
2025-07-08,HINDUNILVR.NS,2392.699951171875,2336.14,2335.31
2025-07-09,HINDUNILVR.NS,2423.39990234375,2354.54,2337.36
2025-07-10,HINDUNILVR.NS,2408.39990234375,2370.67,2338.75
2025-07-11,HINDUNILVR.NS,2519.60009765625,2401.03,2344.46
2025-07-14,HINDUNILVR.NS,2516.60009765625,2430.06,2349.29
2025-07-15,HINDUNILVR.NS,2526.89990234375,2456.86,2355.11
2025-07-16,HINDUNILVR.NS,2517.60009765625,2472.17,2360.22
2025-07-17,HINDUNILVR.NS,2509.800048828125,2488.9,2364.66
2025-07-18,HINDUNILVR.NS,2489.60009765625,2498.36,2367.99
2025-07-21,HINDUNILVR.NS,2464.89990234375,2506.43,2370.38
2025-07-22,HINDUNILVR.NS,2479.699951171875,2500.73,2373.2
2025-07-23,HINDUNILVR.NS,2450.39990234375,2491.27,2375.66
2025-07-24,HINDUNILVR.NS,2437.800048828125,2478.54,2379.17
2025-07-25,HINDUNILVR.NS,2415.39990234375,2463.94,2382.38
2025-07-28,HINDUNILVR.NS,2441.60009765625,2454.2,2386.19
2025-07-29,HINDUNILVR.NS,2453.60009765625,2449.06,2390.35
2025-07-30,HINDUNILVR.NS,2437.39990234375,2445.13,2395.02
2025-07-31,HINDUNILVR.NS,2521.199951171875,2451.06,2402.59
2025-08-01,HINDUNILVR.NS,2553.699951171875,2465.81,2410.84
2025-08-04,HINDUNILVR.NS,2543.699951171875,2480.94,2419.79
2025-08-05,HINDUNILVR.NS,2534.699951171875,2497.99,2428.85
2025-08-06,HINDUNILVR.NS,2535.60009765625,2511.41,2437.41
2025-08-07,HINDUNILVR.NS,2517.5,2520.54,2445.3
2025-08-08,HINDUNILVR.NS,2498.60009765625,2529.29,2451.69
2025-08-11,HINDUNILVR.NS,2518.39990234375,2528.89,2459.15
2025-08-12,HINDUNILVR.NS,2483.800048828125,2518.9,2465.43
2025-08-13,HINDUNILVR.NS,2495.10009765625,2511.96,2471.69
2025-08-14,HINDUNILVR.NS,2480.60009765625,2504.23,2477.27
2025-08-18,HINDUNILVR.NS,2568.10009765625,2508.87,2484.89
2025-08-19,HINDUNILVR.NS,2604.800048828125,2521.34,2491.37
2025-08-20,HINDUNILVR.NS,2669.800048828125,2545.8,2500.61
2025-08-21,HINDUNILVR.NS,2648.0,2564.31,2508.1
2025-08-22,HINDUNILVR.NS,2629.89990234375,2585.19,2515.48
2025-08-25,HINDUNILVR.NS,2631.60009765625,2604.69,2519.21
2025-08-26,HINDUNILVR.NS,2692.60009765625,2634.97,2525.08
2025-08-28,HINDUNILVR.NS,2654.39990234375,2647.3,2529.33
2025-08-29,HINDUNILVR.NS,2659.800048828125,2655.16,2534.07
2025-09-01,HINDUNILVR.NS,2649.5,2652.26,2538.73
2025-09-02,HINDUNILVR.NS,2677.0,2656.4,2544.97
2025-09-03,HINDUNILVR.NS,2664.699951171875,2661.37,2551.63
2025-09-04,HINDUNILVR.NS,2666.60009765625,2666.37,2557.86
2025-09-05,HINDUNILVR.NS,2633.39990234375,2657.91,2563.96
2025-09-08,HINDUNILVR.NS,2623.89990234375,2653.56,2570.17
2025-09-09,HINDUNILVR.NS,2642.0,2651.01,2577.72
2025-09-10,HINDUNILVR.NS,2643.5,2650.16,2584.45
2025-09-11,HINDUNILVR.NS,2622.0,2642.3,2590.06
2025-09-12,HINDUNILVR.NS,2580.5,2630.27,2594.83
2025-09-15,HINDUNILVR.NS,2581.0,2618.04,2596.83
2025-09-16,HINDUNILVR.NS,2580.89990234375,2610.54,2597.73
2025-09-17,HINDUNILVR.NS,2569.699951171875,2602.8,2598.6
2025-09-18,HINDUNILVR.NS,2586.800048828125,2594.91,2600.34
2025-09-19,HINDUNILVR.NS,2559.60009765625,2582.93,2601.14
2025-09-22,HINDUNILVR.NS,2572.199951171875,2575.81,2602.96
2025-09-23,HINDUNILVR.NS,2522.199951171875,2567.49,2603.75
2025-09-24,HINDUNILVR.NS,2549.5,2562.99,2604.78
2025-09-25,HINDUNILVR.NS,2538.300048828125,2556.9,2606.6
2025-09-26,HINDUNILVR.NS,2511.800048828125,2548.63,2607.16
2025-09-29,HINDUNILVR.NS,2497.89990234375,2535.93,2607.73
2025-09-30,HINDUNILVR.NS,2514.39990234375,2529.47,2605.94
2025-10-01,HINDUNILVR.NS,2536.199951171875,2524.33,2603.66
2025-10-03,HINDUNILVR.NS,2544.89990234375,2527.57,2599.49
2025-10-06,HINDUNILVR.NS,2541.800048828125,2526.47,2595.95
2025-10-07,HINDUNILVR.NS,2517.199951171875,2523.46,2592.2
2025-10-08,HINDUNILVR.NS,2500.10009765625,2521.79,2587.81
2025-10-09,HINDUNILVR.NS,2517.60009765625,2524.6,2581.98
2025-10-10,HINDUNILVR.NS,2528.89990234375,2526.67,2577.8
2025-10-13,HINDUNILVR.NS,2492.800048828125,2520.47,2572.23
2025-10-14,HINDUNILVR.NS,2502.300048828125,2514.39,2567.32
2025-10-15,HINDUNILVR.NS,2519.0,2511.13,2562.06
2025-10-16,HINDUNILVR.NS,2561.5,2517.46,2558.62
2025-10-17,HINDUNILVR.NS,2603.699951171875,2532.26,2556.52
2025-10-20,HINDUNILVR.NS,2594.39990234375,2543.23,2555.22
2025-10-21,HINDUNILVR.NS,2591.699951171875,2552.2,2554.15
2025-10-23,HINDUNILVR.NS,2601.60009765625,2567.74,2552.8
2025-10-24,HINDUNILVR.NS,2516.39990234375,2569.76,2548.56
2025-10-27,HINDUNILVR.NS,2511.800048828125,2568.73,2544.89
2025-10-28,HINDUNILVR.NS,2497.10009765625,2559.53,2542.11
2025-10-29,HINDUNILVR.NS,2488.10009765625,2543.01,2539.01
2025-10-30,HINDUNILVR.NS,2469.60009765625,2525.19,2535.3
2025-10-31,HINDUNILVR.NS,2465.5,2507.16,2531.83
2025-11-03,HINDUNILVR.NS,2460.0,2486.93,2527.6
2025-11-04,HINDUNILVR.NS,2445.699951171875,2476.83,2523.81
2025-11-06,HINDUNILVR.NS,2436.0,2466.0,2519.27
2025-11-07,HINDUNILVR.NS,2414.0,2454.13,2515.66
2025-11-10,HINDUNILVR.NS,2408.800048828125,2442.8,2510.97
2025-11-11,HINDUNILVR.NS,2427.5,2436.79,2507.28
2025-11-12,HINDUNILVR.NS,2424.5,2430.93,2504.37
2025-11-13,HINDUNILVR.NS,2407.60009765625,2423.44,2501.36
2025-11-14,HINDUNILVR.NS,2427.699951171875,2420.87,2498.47
2025-11-17,HINDUNILVR.NS,2425.0,2419.3,2494.76
2025-11-18,HINDUNILVR.NS,2404.0,2417.87,2490.06
2025-11-19,HINDUNILVR.NS,2441.60009765625,2422.56,2486.72
2025-11-20,HINDUNILVR.NS,2428.39990234375,2422.69,2483.76
2025-11-21,HINDUNILVR.NS,2433.699951171875,2424.0,2481.55
2025-11-24,HINDUNILVR.NS,2424.199951171875,2426.37,2478.44
2025-11-25,HINDUNILVR.NS,2414.10009765625,2424.43,2474.61
2025-11-26,HINDUNILVR.NS,2425.199951171875,2424.46,2472.36
2025-11-27,HINDUNILVR.NS,2451.699951171875,2431.27,2470.67
2025-11-28,HINDUNILVR.NS,2466.60009765625,2434.84,2468.92
2025-12-01,HINDUNILVR.NS,2464.5,2440.0,2465.69
2025-12-02,HINDUNILVR.NS,2477.800048828125,2446.3,2461.49
2025-12-03,HINDUNILVR.NS,2448.0,2449.7,2456.61
2025-12-04,HINDUNILVR.NS,2462.199951171875,2456.57,2452.3
2025-12-05,HINDUNILVR.NS,2338.60009765625,2444.2,2443.53
2025-12-08,HINDUNILVR.NS,2314.0,2424.53,2436.78
2025-12-09,HINDUNILVR.NS,2306.5,2401.66,2429.94
2025-12-10,HINDUNILVR.NS,2301.699951171875,2378.4,2423.43
2025-12-11,HINDUNILVR.NS,2305.60009765625,2353.8,2417.34
2025-12-12,HINDUNILVR.NS,2260.60009765625,2327.03,2410.38
2025-12-15,HINDUNILVR.NS,2293.5,2302.93,2404.64
2025-12-16,HINDUNILVR.NS,2281.10009765625,2294.71,2398.68
2025-12-17,HINDUNILVR.NS,2275.60009765625,2289.23,2393.01
2025-12-18,HINDUNILVR.NS,2265.5,2283.37,2387.33
2025-12-19,HINDUNILVR.NS,2280.0,2280.27,2382.86
2025-12-22,HINDUNILVR.NS,2289.5,2277.97,2378.88
2025-12-23,HINDUNILVR.NS,2302.60009765625,2283.97,2374.72
2025-12-24,HINDUNILVR.NS,2282.199951171875,2282.36,2369.98
2025-12-26,HINDUNILVR.NS,2285.39990234375,2282.97,2365.9
2025-12-29,HINDUNILVR.NS,2293.300048828125,2285.5,2361.42
2025-12-30,HINDUNILVR.NS,2290.199951171875,2289.03,2356.93
2025-12-31,HINDUNILVR.NS,2315.89990234375,2294.16,2353.99
2026-01-01,HINDUNILVR.NS,2323.0,2298.94,2350.04
2026-01-02,HINDUNILVR.NS,2348.0,2305.43,2347.36
2026-01-05,HINDUNILVR.NS,2384.10009765625,2319.99,2345.71
2026-01-06,HINDUNILVR.NS,2424.699951171875,2339.89,2345.72
2026-01-07,HINDUNILVR.NS,2399.39990234375,2355.04,2345.23
2026-01-08,HINDUNILVR.NS,2386.699951171875,2368.83,2343.95
2026-01-09,HINDUNILVR.NS,2372.60009765625,2376.93,2341.31
2026-01-12,HINDUNILVR.NS,2406.199951171875,2388.81,2339.3
2026-01-13,HINDUNILVR.NS,2389.5,2394.74,2336.8
2026-01-14,HINDUNILVR.NS,2353.5,2390.37,2332.66
2026-01-15,HINDUNILVR.NS,2353.5,2380.2,2329.51
2026-01-16,HINDUNILVR.NS,2360.39990234375,2374.63,2326.11
2026-01-19,HINDUNILVR.NS,2413.89990234375,2378.51,2328.62
2026-01-20,HINDUNILVR.NS,2379.10009765625,2379.44,2330.79
2026-01-21,HINDUNILVR.NS,2368.0,2373.99,2332.84
2026-01-22,HINDUNILVR.NS,2390.60009765625,2374.14,2335.81
2026-01-23,HINDUNILVR.NS,2409.5,2382.14,2339.27
2026-01-27,HINDUNILVR.NS,2400.89990234375,2388.91,2343.95
2026-01-28,HINDUNILVR.NS,2378.39990234375,2391.49,2346.78
2026-01-29,HINDUNILVR.NS,2352.60009765625,2382.73,2349.16
2026-01-30,HINDUNILVR.NS,2373.0,2381.86,2352.41
2026-02-02,HINDUNILVR.NS,2357.300048828125,2380.33,2355.47
2026-02-03,HINDUNILVR.NS,2368.60009765625,2377.19,2358.42
2026-02-04,HINDUNILVR.NS,2371.0,2371.69,2361.14
2026-02-05,HINDUNILVR.NS,2354.39990234375,2365.04,2362.86
2026-02-06,HINDUNILVR.NS,2424.199951171875,2371.59,2367.6
2026-02-09,HINDUNILVR.NS,2435.0,2383.36,2372.58
2026-02-10,HINDUNILVR.NS,2453.60009765625,2394.87,2377.93
2026-02-11,HINDUNILVR.NS,2462.89990234375,2409.96,2383.68
2026-02-12,HINDUNILVR.NS,2409.699951171875,2415.83,2386.81
2026-02-13,HINDUNILVR.NS,2305.199951171875,2406.43,2386.22
2026-02-16,HINDUNILVR.NS,2319.0,2401.37,2385.25
2026-02-17,HINDUNILVR.NS,2312.300048828125,2385.39,2382.86
2026-02-18,HINDUNILVR.NS,2323.5,2369.46,2379.48
2026-02-19,HINDUNILVR.NS,2279.300048828125,2344.56,2375.48
2026-02-20,HINDUNILVR.NS,2314.5,2323.36,2373.07
2026-02-23,HINDUNILVR.NS,2345.39990234375,2314.17,2372.17
2026-02-24,HINDUNILVR.NS,2358.60009765625,2321.8,2370.58
2026-02-25,HINDUNILVR.NS,2374.89990234375,2329.79,2370.09
2026-02-26,HINDUNILVR.NS,2383.300048828125,2339.93,2371.09
2026-02-27,HINDUNILVR.NS,2338.10009765625,2342.01,2370.57
2026-03-02,HINDUNILVR.NS,2320.60009765625,2347.91,2369.25
2026-03-04,HINDUNILVR.NS,2261.300048828125,2340.31,2364.16
2026-03-05,HINDUNILVR.NS,2255.0,2327.4,2360.02
2026-03-06,HINDUNILVR.NS,2225.699951171875,2308.41,2355.28
2026-03-09,HINDUNILVR.NS,2194.60009765625,2282.66,2348.75
2026-03-10,HINDUNILVR.NS,2190.199951171875,2255.07,2341.44
2026-03-11,HINDUNILVR.NS,2161.39990234375,2229.83,2333.45
2026-03-12,HINDUNILVR.NS,2136.89990234375,2203.59,2325.4
2026-03-13,HINDUNILVR.NS,2160.0,2189.11,2318.98
2026-03-16,HINDUNILVR.NS,2175.699951171875,2177.79,2312.41
2026-03-17,HINDUNILVR.NS,2158.199951171875,2168.14,2305.77
2026-03-18,HINDUNILVR.NS,2135.300048828125,2159.67,2297.99
2026-03-19,HINDUNILVR.NS,2077.300048828125,2143.54,2288.2
2026-03-20,HINDUNILVR.NS,2082.699951171875,2132.3,2279.15
2026-03-23,HINDUNILVR.NS,2052.199951171875,2120.2,2266.75
2026-03-24,HINDUNILVR.NS,2085.0,2109.49,2255.08
2026-03-25,HINDUNILVR.NS,2134.800048828125,2103.64,2244.45
2026-03-27,HINDUNILVR.NS,2074.39990234375,2091.67,2231.5
2026-03-30,HINDUNILVR.NS,2055.199951171875,2080.23,2219.69
2026-04-01,HINDUNILVR.NS,2064.699951171875,2078.43,2211.67
2026-04-02,HINDUNILVR.NS,2065.300048828125,2075.94,2203.21
2026-04-06,HINDUNILVR.NS,2084.800048828125,2080.6,2195.63
2026-04-07,HINDUNILVR.NS,2110.60009765625,2084.26,2188.53
2026-04-08,HINDUNILVR.NS,2145.60009765625,2085.8,2184.08
2026-04-09,HINDUNILVR.NS,2133.199951171875,2094.2,2178.03
2026-04-10,HINDUNILVR.NS,2155.300048828125,2108.5,2171.7
2026-04-13,HINDUNILVR.NS,2127.199951171875,2117.43,2163.98
2026-04-15,HINDUNILVR.NS,2157.60009765625,2130.61,2156.74
2026-04-16,HINDUNILVR.NS,2139.10009765625,2138.37,2148.6
2026-04-17,HINDUNILVR.NS,2240.800048828125,2156.97,2145.36
2026-04-20,HINDUNILVR.NS,2231.5,2169.24,2142.39
2026-04-21,HINDUNILVR.NS,2310.699951171875,2194.6,2144.03
2026-04-22,HINDUNILVR.NS,2368.800048828125,2225.1,2147.83
2026-04-23,HINDUNILVR.NS,2366.39990234375,2259.27,2152.52
2026-04-24,HINDUNILVR.NS,2327.300048828125,2283.51,2156.94
2026-04-27,HINDUNILVR.NS,2328.300048828125,2310.54,2161.54
2026-04-28,HINDUNILVR.NS,2289.5,2317.5,2165.81
2026-04-29,HINDUNILVR.NS,2314.39990234375,2329.34,2171.73
2026-04-30,HINDUNILVR.NS,2250.89990234375,2320.8,2174.76
2026-05-01,HINDUNILVR.NS,2250.89990234375,2303.96,2177.27
2026-05-04,HINDUNILVR.NS,2309.300048828125,2295.8,2182.3
2026-05-05,HINDUNILVR.NS,2327.39990234375,2295.81,2188.71
2026-05-06,HINDUNILVR.NS,2317.10009765625,2294.21,2196.7
2026-05-07,HINDUNILVR.NS,2272.199951171875,2291.74,2203.02
2026-05-08,HINDUNILVR.NS,2287.699951171875,2287.93,2210.87
2026-05-11,HINDUNILVR.NS,2307.199951171875,2295.97,2218.27
2026-05-12,HINDUNILVR.NS,2262.0,2297.56,2222.51
2026-05-13,HINDUNILVR.NS,2267.300048828125,2291.56,2228.94
2026-05-14,HINDUNILVR.NS,2248.699951171875,2280.31,2235.39
2026-05-15,HINDUNILVR.NS,2272.199951171875,2273.9,2242.31
2026-05-18,HINDUNILVR.NS,2254.199951171875,2271.33,2248.61
2026-05-19,HINDUNILVR.NS,2232.89990234375,2263.5,2253.54
2026-05-20,HINDUNILVR.NS,2209.300048828125,2249.51,2256.83
2026-05-21,HINDUNILVR.NS,2179.0,2237.66,2257.95
2026-05-22,HINDUNILVR.NS,2203.60009765625,2228.56,2260.29
2026-05-25,HINDUNILVR.NS,2196.5,2221.1,2261.67
2026-05-26,HINDUNILVR.NS,2209.39990234375,2212.13,2264.41
2026-05-27,HINDUNILVR.NS,2198.39990234375,2204.16,2265.77
2026-05-28,HINDUNILVR.NS,2198.39990234375,2199.23,2267.74
2026-05-29,HINDUNILVR.NS,2153.5,2191.26,2264.83
2023-05-29,ICICIBANK.NS,948.1500244140624,948.15,948.15
2023-05-30,ICICIBANK.NS,949.9500122070312,949.05,949.05
2023-05-31,ICICIBANK.NS,949.1500244140624,949.08,949.08
2023-06-01,ICICIBANK.NS,936.0999755859376,945.84,945.84
2023-06-02,ICICIBANK.NS,938.1500244140624,944.3,944.3
2023-06-05,ICICIBANK.NS,946.75,944.71,944.71
2023-06-06,ICICIBANK.NS,942.0999755859376,944.34,944.34
2023-06-07,ICICIBANK.NS,940.2000122070312,943.2,943.82
2023-06-08,ICICIBANK.NS,937.9000244140624,941.48,943.16
2023-06-09,ICICIBANK.NS,938.0499877929688,939.89,942.65
2023-06-12,ICICIBANK.NS,935.9500122070312,939.87,942.04
2023-06-13,ICICIBANK.NS,943.5499877929688,940.64,942.17
2023-06-14,ICICIBANK.NS,939.7999877929688,939.65,941.98
2023-06-15,ICICIBANK.NS,926.5999755859376,937.44,940.89
2023-06-16,ICICIBANK.NS,934.2000122070312,936.58,940.44
2023-06-19,ICICIBANK.NS,923.1500244140624,934.47,939.36
2023-06-20,ICICIBANK.NS,925.5499877929688,932.69,938.55
2023-06-21,ICICIBANK.NS,924.7000122070312,931.08,937.78
2023-06-22,ICICIBANK.NS,925.75,928.54,937.14
2023-06-23,ICICIBANK.NS,923.5,926.21,936.46
2023-06-26,ICICIBANK.NS,927.4500122070312,926.33,936.03
2023-06-27,ICICIBANK.NS,936.0999755859376,926.6,936.04
2023-06-28,ICICIBANK.NS,937.4500122070312,928.64,936.1
2023-06-30,ICICIBANK.NS,934.5999755859376,929.94,936.04
2023-07-03,ICICIBANK.NS,942.5499877929688,932.49,936.3
2023-07-04,ICICIBANK.NS,944.7000122070312,935.19,936.62
2023-07-05,ICICIBANK.NS,958.0,940.12,937.41
2023-07-06,ICICIBANK.NS,959.4000244140624,944.69,938.2
2023-07-07,ICICIBANK.NS,946.4000244140624,946.16,938.48
2023-07-10,ICICIBANK.NS,948.4000244140624,947.72,938.81
2023-07-11,ICICIBANK.NS,944.9500122070312,949.2,938.7
2023-07-12,ICICIBANK.NS,944.4000244140624,949.46,938.52
2023-07-13,ICICIBANK.NS,955.7000122070312,951.04,938.74
2023-07-14,ICICIBANK.NS,960.0499877929688,951.33,939.54
2023-07-17,ICICIBANK.NS,968.7000122070312,952.66,940.55
2023-07-18,ICICIBANK.NS,975.4500122070312,956.81,941.51
2023-07-19,ICICIBANK.NS,973.4500122070312,960.39,942.56
2023-07-20,ICICIBANK.NS,995.5999755859376,967.62,944.4
2023-07-21,ICICIBANK.NS,997.0,975.14,946.37
2023-07-24,ICICIBANK.NS,992.0,980.32,948.17
2023-07-25,ICICIBANK.NS,994.7000122070312,985.27,950.13
2023-07-26,ICICIBANK.NS,996.4500122070312,989.24,951.89
2023-07-27,ICICIBANK.NS,990.25,991.35,953.57
2023-07-28,ICICIBANK.NS,996.2000122070312,994.6,955.89
2023-07-31,ICICIBANK.NS,998.2999877929688,994.99,958.03
2023-08-01,ICICIBANK.NS,994.5499877929688,994.64,960.41
2023-08-02,ICICIBANK.NS,986.9500122070312,993.91,962.46
2023-08-03,ICICIBANK.NS,965.0,989.67,963.8
2023-08-04,ICICIBANK.NS,970.5,985.96,965.29
2023-08-07,ICICIBANK.NS,975.6500244140624,983.88,967.03
2023-08-08,ICICIBANK.NS,979.9000244140624,981.55,968.78
2023-08-09,ICICIBANK.NS,972.7000122070312,977.89,970.0
2023-08-10,ICICIBANK.NS,964.0999755859376,973.54,970.89
2023-08-11,ICICIBANK.NS,952.8499755859376,968.67,971.5
2023-08-14,ICICIBANK.NS,959.5499877929688,967.89,972.06
2023-08-16,ICICIBANK.NS,956.5,965.89,972.46
2023-08-17,ICICIBANK.NS,951.6500244140624,962.46,972.24
2023-08-18,ICICIBANK.NS,950.6500244140624,958.29,971.95
2023-08-21,ICICIBANK.NS,955.2000122070312,955.79,972.25
2023-08-22,ICICIBANK.NS,952.0,954.06,972.37
2023-08-23,ICICIBANK.NS,966.8499755859376,956.06,973.1
2023-08-24,ICICIBANK.NS,968.9500122070312,957.4,973.91
2023-08-25,ICICIBANK.NS,970.4000244140624,959.39,974.4
2023-08-28,ICICIBANK.NS,970.5499877929688,962.09,974.75
2023-08-29,ICICIBANK.NS,967.75,964.53,974.72
2023-08-30,ICICIBANK.NS,958.9000244140624,965.06,974.17
2023-08-31,ICICIBANK.NS,958.75,966.02,973.68
2023-09-01,ICICIBANK.NS,968.7000122070312,966.29,972.78
2023-09-04,ICICIBANK.NS,967.3499755859376,966.06,971.8
2023-09-05,ICICIBANK.NS,968.4000244140624,965.77,971.01
2023-09-06,ICICIBANK.NS,957.5,963.91,969.77
2023-09-07,ICICIBANK.NS,965.6500244140624,963.61,968.74
2023-09-08,ICICIBANK.NS,970.5499877929688,965.27,968.09
2023-09-11,ICICIBANK.NS,978.25,968.06,967.49
2023-09-12,ICICIBANK.NS,990.5,971.17,967.23
2023-09-13,ICICIBANK.NS,989.7999877929688,974.38,967.07
2023-09-14,ICICIBANK.NS,987.7000122070312,977.14,967.09
2023-09-15,ICICIBANK.NS,992.4500122070312,982.13,968.01
2023-09-18,ICICIBANK.NS,990.2000122070312,985.64,968.67
2023-09-20,ICICIBANK.NS,987.1500244140624,988.01,969.05
2023-09-21,ICICIBANK.NS,959.2999877929688,985.3,968.36
2023-09-22,ICICIBANK.NS,950.2999877929688,979.56,967.62
2023-09-25,ICICIBANK.NS,956.3499755859376,974.78,967.36
2023-09-26,ICICIBANK.NS,948.7000122070312,969.21,967.22
2023-09-27,ICICIBANK.NS,943.0999755859376,962.16,966.67
2023-09-28,ICICIBANK.NS,942.5999755859376,955.36,966.21
2023-09-29,ICICIBANK.NS,951.9000244140624,950.32,966.22
2023-10-03,ICICIBANK.NS,940.2999877929688,947.61,965.87
2023-10-04,ICICIBANK.NS,930.0499877929688,944.71,965.03
2023-10-05,ICICIBANK.NS,940.8499755859376,942.5,964.66
2023-10-06,ICICIBANK.NS,945.2000122070312,942.0,963.94
2023-10-09,ICICIBANK.NS,938.5999755859376,941.36,962.93
2023-10-10,ICICIBANK.NS,951.2000122070312,942.59,962.29
2023-10-11,ICICIBANK.NS,953.0999755859376,942.76,961.7
2023-10-12,ICICIBANK.NS,954.25,944.75,961.25
2023-10-13,ICICIBANK.NS,951.2999877929688,947.79,961.0
2023-10-16,ICICIBANK.NS,951.4000244140624,949.29,960.76
2023-10-17,ICICIBANK.NS,953.9000244140624,950.54,960.26
2023-10-18,ICICIBANK.NS,943.75,951.27,959.48
2023-10-19,ICICIBANK.NS,935.75,949.06,958.39
2023-10-20,ICICIBANK.NS,932.75,946.16,957.56
2023-10-23,ICICIBANK.NS,929.9500122070312,942.69,956.37
2023-10-25,ICICIBANK.NS,916.0999755859376,937.66,954.56
2023-10-26,ICICIBANK.NS,908.6500244140624,931.55,952.24
2023-10-27,ICICIBANK.NS,912.75,925.67,949.65
2023-10-30,ICICIBANK.NS,924.9000244140624,922.98,947.48
2023-10-31,ICICIBANK.NS,915.3499755859376,920.06,945.07
2023-11-01,ICICIBANK.NS,914.0499877929688,917.39,942.46
2023-11-02,ICICIBANK.NS,919.9500122070312,915.96,940.12
2023-11-03,ICICIBANK.NS,933.7999877929688,918.49,938.34
2023-11-06,ICICIBANK.NS,945.4500122070312,923.75,937.88
2023-11-07,ICICIBANK.NS,948.0999755859376,928.8,937.8
2023-11-08,ICICIBANK.NS,935.75,930.35,937.12
2023-11-09,ICICIBANK.NS,937.3499755859376,933.49,936.74
2023-11-10,ICICIBANK.NS,938.5999755859376,937.0,936.59
2023-11-13,ICICIBANK.NS,934.4500122070312,939.07,936.32
2023-11-15,ICICIBANK.NS,941.0999755859376,940.11,935.96
2023-11-16,ICICIBANK.NS,936.0,938.76,935.81
2023-11-17,ICICIBANK.NS,921.8499755859376,935.01,935.54
2023-11-20,ICICIBANK.NS,921.4500122070312,932.97,934.89
2023-11-21,ICICIBANK.NS,926.0999755859376,931.36,934.26
2023-11-22,ICICIBANK.NS,922.75,929.1,933.73
2023-11-23,ICICIBANK.NS,923.0,927.46,932.79
2023-11-24,ICICIBANK.NS,929.4000244140624,925.79,932.0
2023-11-28,ICICIBANK.NS,925.5,924.29,931.04
2023-11-29,ICICIBANK.NS,939.5999755859376,926.83,930.65
2023-11-30,ICICIBANK.NS,934.9500122070312,928.76,930.1
2023-12-01,ICICIBANK.NS,946.7000122070312,931.7,929.86
2023-12-04,ICICIBANK.NS,991.2000122070312,941.48,931.44
2023-12-05,ICICIBANK.NS,1013.4500122070312,954.4,934.03
2023-12-06,ICICIBANK.NS,1003.25,964.95,936.38
2023-12-07,ICICIBANK.NS,999.0,975.45,938.68
2023-12-08,ICICIBANK.NS,1010.8499755859376,985.63,941.84
2023-12-11,ICICIBANK.NS,1017.0999755859376,997.36,945.46
2023-12-12,ICICIBANK.NS,1015.7000122070312,1007.22,948.89
2023-12-13,ICICIBANK.NS,1013.9000244140624,1010.46,951.86
2023-12-14,ICICIBANK.NS,1033.6500244140625,1013.35,955.8
2023-12-15,ICICIBANK.NS,1037.4000244140625,1018.23,959.91
2023-12-18,ICICIBANK.NS,1021.4500122070312,1021.44,963.29
2023-12-19,ICICIBANK.NS,1015.4500122070312,1022.09,966.02
2023-12-20,ICICIBANK.NS,1006.6500244140624,1020.6,968.06
2023-12-21,ICICIBANK.NS,1004.4000244140624,1018.99,969.93
2023-12-22,ICICIBANK.NS,994.2999877929688,1016.19,971.89
2023-12-26,ICICIBANK.NS,995.0999755859376,1010.68,973.81
2023-12-27,ICICIBANK.NS,1002.25,1005.66,975.93
2023-12-28,ICICIBANK.NS,1005.9000244140624,1003.44,978.31
2023-12-29,ICICIBANK.NS,996.5999755859376,1000.74,980.16
2024-01-01,ICICIBANK.NS,999.4000244140624,999.71,982.28
2024-01-02,ICICIBANK.NS,982.25,996.54,984.29
2024-01-03,ICICIBANK.NS,984.0499877929688,995.08,986.38
2024-01-04,ICICIBANK.NS,987.1500244140624,993.94,988.41
2024-01-05,ICICIBANK.NS,993.7000122070312,992.72,990.78
2024-01-08,ICICIBANK.NS,982.0,989.31,992.74
2024-01-09,ICICIBANK.NS,979.75,986.9,994.42
2024-01-10,ICICIBANK.NS,993.0499877929688,985.99,996.67
2024-01-11,ICICIBANK.NS,991.1500244140624,987.26,998.39
2024-01-12,ICICIBANK.NS,1003.5,990.04,1000.68
2024-01-15,ICICIBANK.NS,1009.8499755859376,993.29,1002.78
2024-01-16,ICICIBANK.NS,1009.0499877929688,995.48,1003.38
2024-01-17,ICICIBANK.NS,981.75,995.44,1002.32
2024-01-18,ICICIBANK.NS,986.3499755859376,996.39,1001.76
2024-01-19,ICICIBANK.NS,999.2000122070312,997.26,1001.76
2024-01-23,ICICIBANK.NS,1029.050048828125,1002.68,1002.37
2024-01-24,ICICIBANK.NS,999.2000122070312,1002.06,1001.77
2024-01-25,ICICIBANK.NS,1009.9500122070312,1002.08,1001.58
2024-01-29,ICICIBANK.NS,1016.4000244140624,1003.13,1001.67
2024-01-30,ICICIBANK.NS,1016.9000244140624,1008.15,1001.11
2024-01-31,ICICIBANK.NS,1028.1500244140625,1014.12,1000.8
2024-02-01,ICICIBANK.NS,1025.1500244140625,1017.83,1000.92
2024-02-02,ICICIBANK.NS,1024.0,1017.11,1001.21
2024-02-05,ICICIBANK.NS,1023.5,1020.58,1001.77
2024-02-06,ICICIBANK.NS,1026.4000244140625,1022.93,1002.5
2024-02-07,ICICIBANK.NS,1022.1500244140624,1023.75,1003.43
2024-02-08,ICICIBANK.NS,989.2999877929688,1019.81,1003.24
2024-02-09,ICICIBANK.NS,1010.7000122070312,1017.31,1003.52
2024-02-12,ICICIBANK.NS,996.0999755859376,1013.16,1003.19
2024-02-13,ICICIBANK.NS,1019.7999877929688,1012.56,1003.97
2024-02-14,ICICIBANK.NS,1022.7000122070312,1012.45,1004.74
2024-02-15,ICICIBANK.NS,1016.6500244140624,1011.06,1005.89
2024-02-16,ICICIBANK.NS,1023.25,1011.21,1007.2
2024-02-19,ICICIBANK.NS,1043.75,1018.99,1009.08
2024-02-20,ICICIBANK.NS,1048.75,1024.43,1010.92
2024-02-21,ICICIBANK.NS,1051.949951171875,1032.41,1013.25
2024-02-22,ICICIBANK.NS,1062.699951171875,1038.54,1016.01
2024-02-23,ICICIBANK.NS,1061.300048828125,1044.05,1018.29
2024-02-26,ICICIBANK.NS,1054.199951171875,1049.41,1020.39
2024-02-27,ICICIBANK.NS,1060.199951171875,1054.69,1022.28
2024-02-28,ICICIBANK.NS,1046.199951171875,1055.04,1023.49
2024-02-29,ICICIBANK.NS,1052.199951171875,1055.54,1024.93
2024-03-01,ICICIBANK.NS,1086.9000244140625,1060.53,1028.43
2024-03-04,ICICIBANK.NS,1092.3499755859375,1064.76,1031.97
2024-03-05,ICICIBANK.NS,1088.050048828125,1068.59,1034.93
2024-03-06,ICICIBANK.NS,1097.0999755859375,1074.71,1037.2
2024-03-07,ICICIBANK.NS,1087.949951171875,1078.68,1040.16
2024-03-11,ICICIBANK.NS,1078.699951171875,1083.32,1042.45
2024-03-12,ICICIBANK.NS,1076.8499755859375,1086.84,1044.46
2024-03-13,ICICIBANK.NS,1083.949951171875,1086.42,1046.7
2024-03-14,ICICIBANK.NS,1083.5999755859375,1085.17,1048.55
2024-03-15,ICICIBANK.NS,1080.3499755859375,1084.07,1050.39
2024-03-18,ICICIBANK.NS,1081.199951171875,1081.8,1052.29
2024-03-19,ICICIBANK.NS,1083.949951171875,1081.23,1054.31
2024-03-20,ICICIBANK.NS,1084.5,1082.06,1056.24
2024-03-21,ICICIBANK.NS,1081.800048828125,1082.76,1058.23
2024-03-22,ICICIBANK.NS,1090.300048828125,1083.67,1061.6
2024-03-26,ICICIBANK.NS,1083.699951171875,1083.69,1064.03
2024-03-27,ICICIBANK.NS,1083.75,1084.17,1066.95
2024-03-28,ICICIBANK.NS,1093.300048828125,1085.9,1069.4
2024-04-01,ICICIBANK.NS,1099.6500244140625,1088.14,1071.97
2024-04-02,ICICIBANK.NS,1081.199951171875,1087.67,1074.12
2024-04-03,ICICIBANK.NS,1077.199951171875,1087.01,1075.92
2024-04-04,ICICIBANK.NS,1078.8499755859375,1085.38,1077.09
2024-04-05,ICICIBANK.NS,1083.4000244140625,1085.34,1078.24
2024-04-08,ICICIBANK.NS,1087.1500244140625,1085.82,1079.42
2024-04-09,ICICIBANK.NS,1107.050048828125,1087.79,1080.9
2024-04-10,ICICIBANK.NS,1109.4000244140625,1089.18,1082.5
2024-04-12,ICICIBANK.NS,1104.4000244140625,1092.49,1084.17
2024-04-15,ICICIBANK.NS,1078.3499755859375,1092.66,1084.78
2024-04-16,ICICIBANK.NS,1067.050048828125,1090.97,1085.47
2024-04-18,ICICIBANK.NS,1055.449951171875,1086.98,1085.58
2024-04-19,ICICIBANK.NS,1067.25,1084.14,1084.93
2024-04-22,ICICIBANK.NS,1086.6500244140625,1081.22,1084.74
2024-04-23,ICICIBANK.NS,1090.25,1078.49,1084.81
2024-04-24,ICICIBANK.NS,1096.75,1077.39,1084.8
2024-04-25,ICICIBANK.NS,1113.75,1082.45,1085.66
2024-04-26,ICICIBANK.NS,1107.9000244140625,1088.29,1086.63
2024-04-29,ICICIBANK.NS,1160.1500244140625,1103.24,1089.41
2024-04-30,ICICIBANK.NS,1150.4000244140625,1115.12,1091.62
2024-05-02,ICICIBANK.NS,1139.449951171875,1122.66,1093.49
2024-05-03,ICICIBANK.NS,1142.050048828125,1130.06,1095.54
2024-05-06,ICICIBANK.NS,1146.300048828125,1137.14,1097.71
2024-05-07,ICICIBANK.NS,1131.9000244140625,1139.74,1099.31
2024-05-08,ICICIBANK.NS,1123.0,1141.89,1100.59
2024-05-09,ICICIBANK.NS,1115.699951171875,1135.54,1101.72
2024-05-10,ICICIBANK.NS,1117.050048828125,1130.78,1102.62
2024-05-13,ICICIBANK.NS,1128.0,1129.14,1104.09
2024-05-14,ICICIBANK.NS,1120.550048828125,1126.07,1105.32
2024-05-15,ICICIBANK.NS,1124.3499755859375,1122.94,1106.35
2024-05-16,ICICIBANK.NS,1131.050048828125,1122.81,1107.4
2024-05-17,ICICIBANK.NS,1130.5,1123.89,1109.04
2024-05-21,ICICIBANK.NS,1120.949951171875,1124.64,1110.5
2024-05-22,ICICIBANK.NS,1111.0999755859375,1123.79,1111.58
2024-05-23,ICICIBANK.NS,1134.5,1124.71,1113.28
2024-05-24,ICICIBANK.NS,1131.949951171875,1126.34,1114.77
2024-05-27,ICICIBANK.NS,1129.800048828125,1127.12,1115.53
2024-05-28,ICICIBANK.NS,1126.949951171875,1126.54,1116.12
2024-05-29,ICICIBANK.NS,1102.0,1122.46,1116.04
2024-05-30,ICICIBANK.NS,1113.699951171875,1121.43,1117.22
2024-05-31,ICICIBANK.NS,1121.050048828125,1122.85,1119.02
2024-06-03,ICICIBANK.NS,1160.0,1126.49,1122.5
2024-06-04,ICICIBANK.NS,1071.449951171875,1117.85,1122.64
2024-06-05,ICICIBANK.NS,1108.6500244140625,1114.83,1123.37
2024-06-06,ICICIBANK.NS,1110.4000244140625,1112.46,1124.05
2024-06-07,ICICIBANK.NS,1121.699951171875,1115.28,1124.88
2024-06-10,ICICIBANK.NS,1123.800048828125,1116.72,1125.21
2024-06-11,ICICIBANK.NS,1118.199951171875,1116.31,1125.56
2024-06-12,ICICIBANK.NS,1119.550048828125,1110.54,1124.2
2024-06-13,ICICIBANK.NS,1107.3499755859375,1115.66,1122.77
2024-06-14,ICICIBANK.NS,1105.6500244140625,1115.24,1121.64
2024-06-18,ICICIBANK.NS,1122.8499755859375,1117.01,1121.0
2024-06-19,ICICIBANK.NS,1144.449951171875,1120.26,1120.94
2024-06-20,ICICIBANK.NS,1156.800048828125,1124.98,1121.77
2024-06-21,ICICIBANK.NS,1158.6500244140625,1130.76,1122.96
2024-06-24,ICICIBANK.NS,1170.0999755859375,1137.98,1124.77
2024-06-25,ICICIBANK.NS,1197.949951171875,1150.92,1127.47
2024-06-26,ICICIBANK.NS,1218.0,1166.97,1130.47
2024-06-27,ICICIBANK.NS,1219.9000244140625,1180.84,1133.78
2024-06-28,ICICIBANK.NS,1199.5999755859375,1188.71,1136.29
2024-07-01,ICICIBANK.NS,1211.8499755859375,1196.58,1138.98
2024-07-02,ICICIBANK.NS,1190.5999755859375,1201.14,1140.98
2024-07-03,ICICIBANK.NS,1201.5999755859375,1205.64,1143.67
2024-07-04,ICICIBANK.NS,1233.0,1210.65,1147.73
2024-07-05,ICICIBANK.NS,1233.4000244140625,1212.85,1151.03
2024-07-08,ICICIBANK.NS,1235.050048828125,1215.01,1154.47
2024-07-09,ICICIBANK.NS,1248.25,1221.96,1158.42
2024-07-10,ICICIBANK.NS,1243.199951171875,1226.44,1162.29
2024-07-11,ICICIBANK.NS,1238.449951171875,1233.28,1166.84
2024-07-12,ICICIBANK.NS,1232.9000244140625,1237.75,1170.81
2024-07-15,ICICIBANK.NS,1229.949951171875,1237.31,1174.44
2024-07-16,ICICIBANK.NS,1239.9000244140625,1238.24,1177.11
2024-07-18,ICICIBANK.NS,1250.300048828125,1240.42,1183.07
2024-07-19,ICICIBANK.NS,1248.6500244140625,1240.48,1187.73
2024-07-22,ICICIBANK.NS,1241.1500244140625,1240.19,1192.09
2024-07-23,ICICIBANK.NS,1226.75,1238.51,1195.59
2024-07-24,ICICIBANK.NS,1223.0,1237.1,1198.9
2024-07-25,ICICIBANK.NS,1197.9000244140625,1232.52,1201.56
2024-07-26,ICICIBANK.NS,1207.199951171875,1227.85,1204.48
2024-07-29,ICICIBANK.NS,1212.699951171875,1222.48,1207.99
2024-07-30,ICICIBANK.NS,1209.449951171875,1216.88,1211.45
2024-07-31,ICICIBANK.NS,1214.9000244140625,1213.13,1214.52
2024-08-01,ICICIBANK.NS,1210.0999755859375,1210.75,1216.71
2024-08-02,ICICIBANK.NS,1196.550048828125,1206.97,1218.03
2024-08-05,ICICIBANK.NS,1172.5999755859375,1203.36,1218.5
2024-08-06,ICICIBANK.NS,1166.8499755859375,1197.59,1218.39
2024-08-07,ICICIBANK.NS,1172.449951171875,1191.84,1217.54
2024-08-08,ICICIBANK.NS,1164.5999755859375,1185.44,1215.76
2024-08-09,ICICIBANK.NS,1171.5999755859375,1179.25,1214.15
2024-08-12,ICICIBANK.NS,1172.800048828125,1173.92,1213.26
2024-08-13,ICICIBANK.NS,1168.3499755859375,1169.89,1211.81
2024-08-14,ICICIBANK.NS,1161.6500244140625,1168.33,1210.84
2024-08-16,ICICIBANK.NS,1187.25,1171.24,1210.36
2024-08-19,ICICIBANK.NS,1175.9000244140625,1171.74,1208.46
2024-08-20,ICICIBANK.NS,1179.449951171875,1173.86,1206.66
2024-08-21,ICICIBANK.NS,1174.8499755859375,1174.32,1204.65
2024-08-22,ICICIBANK.NS,1191.0999755859375,1176.94,1202.75
2024-08-23,ICICIBANK.NS,1203.5,1181.96,1201.43
2024-08-26,ICICIBANK.NS,1213.300048828125,1189.34,1200.59
2024-08-27,ICICIBANK.NS,1226.3499755859375,1194.92,1200.37
2024-08-28,ICICIBANK.NS,1223.8499755859375,1201.77,1200.17
2024-08-29,ICICIBANK.NS,1221.9000244140625,1207.84,1199.57
2024-08-30,ICICIBANK.NS,1229.199951171875,1215.6,1198.86
2024-09-02,ICICIBANK.NS,1229.949951171875,1221.15,1198.24
2024-09-03,ICICIBANK.NS,1247.699951171875,1227.46,1198.46
2024-09-04,ICICIBANK.NS,1236.3499755859375,1230.76,1198.78
2024-09-05,ICICIBANK.NS,1235.949951171875,1232.13,1199.21
2024-09-06,ICICIBANK.NS,1208.1500244140625,1229.89,1199.55
2024-09-09,ICICIBANK.NS,1235.0,1231.76,1200.48
2024-09-10,ICICIBANK.NS,1237.300048828125,1232.91,1201.3
2024-09-11,ICICIBANK.NS,1236.3499755859375,1233.83,1202.19
2024-09-12,ICICIBANK.NS,1252.1500244140625,1234.46,1203.44
2024-09-13,ICICIBANK.NS,1250.3499755859375,1236.46,1204.78
2024-09-16,ICICIBANK.NS,1262.8499755859375,1240.31,1206.99
2024-09-17,ICICIBANK.NS,1268.0999755859375,1248.87,1210.17
2024-09-18,ICICIBANK.NS,1288.3499755859375,1256.49,1214.22
2024-09-19,ICICIBANK.NS,1292.0,1264.31,1218.21
2024-09-20,ICICIBANK.NS,1338.449951171875,1278.89,1224.0
2024-09-23,ICICIBANK.NS,1321.9000244140625,1288.86,1229.01
2024-09-24,ICICIBANK.NS,1318.5999755859375,1298.61,1233.87
2024-09-25,ICICIBANK.NS,1323.8499755859375,1307.32,1239.05
2024-09-26,ICICIBANK.NS,1329.050048828125,1316.03,1244.63
2024-09-27,ICICIBANK.NS,1306.5999755859375,1318.64,1248.61
2024-09-30,ICICIBANK.NS,1273.0,1315.92,1251.85
2024-10-01,ICICIBANK.NS,1274.4000244140625,1306.77,1255.01
2024-10-03,ICICIBANK.NS,1256.3499755859375,1297.41,1257.73
2024-10-04,ICICIBANK.NS,1239.75,1286.14,1259.35
2024-10-07,ICICIBANK.NS,1233.9000244140625,1273.29,1260.37
2024-10-08,ICICIBANK.NS,1236.5999755859375,1260.09,1261.14
2024-10-09,ICICIBANK.NS,1244.1500244140625,1251.16,1261.74
2024-10-10,ICICIBANK.NS,1243.5,1246.95,1262.39
2024-10-11,ICICIBANK.NS,1223.0,1239.61,1262.43
2024-10-14,ICICIBANK.NS,1231.75,1236.09,1262.51
2024-10-15,ICICIBANK.NS,1255.5,1238.34,1263.36
2024-10-16,ICICIBANK.NS,1243.1500244140625,1239.66,1263.21
2024-10-17,ICICIBANK.NS,1231.25,1238.9,1263.04
2024-10-18,ICICIBANK.NS,1264.5,1241.81,1263.99
2024-10-21,ICICIBANK.NS,1259.050048828125,1244.03,1265.69
2024-10-22,ICICIBANK.NS,1267.5,1250.39,1266.78
2024-10-23,ICICIBANK.NS,1251.5999755859375,1253.22,1267.25
2024-10-24,ICICIBANK.NS,1252.75,1252.83,1267.8
2024-10-25,ICICIBANK.NS,1255.449951171875,1254.59,1267.91
2024-10-28,ICICIBANK.NS,1292.8499755859375,1263.39,1269.32
2024-10-29,ICICIBANK.NS,1331.8499755859375,1273.01,1271.62
2024-10-30,ICICIBANK.NS,1312.1500244140625,1280.59,1273.09
2024-10-31,ICICIBANK.NS,1292.25,1284.13,1273.22
2024-11-01,ICICIBANK.NS,1291.800048828125,1289.87,1273.22
2024-11-04,ICICIBANK.NS,1277.199951171875,1293.36,1271.17
2024-11-05,ICICIBANK.NS,1296.699951171875,1299.26,1270.33
2024-11-06,ICICIBANK.NS,1302.3499755859375,1300.61,1269.79
2024-11-07,ICICIBANK.NS,1278.699951171875,1293.02,1268.29
2024-11-08,ICICIBANK.NS,1258.8499755859375,1285.41,1265.95
2024-11-11,ICICIBANK.NS,1269.300048828125,1282.13,1264.7
2024-11-12,ICICIBANK.NS,1270.5999755859375,1279.1,1264.62
2024-11-13,ICICIBANK.NS,1253.699951171875,1275.74,1263.93
2024-11-14,ICICIBANK.NS,1256.949951171875,1270.06,1263.95
2024-11-18,ICICIBANK.NS,1253.449951171875,1263.08,1264.41
2024-11-19,ICICIBANK.NS,1249.0999755859375,1258.85,1264.92
2024-11-21,ICICIBANK.NS,1250.550048828125,1257.66,1265.38
2024-11-22,ICICIBANK.NS,1278.050048828125,1258.91,1266.51
2024-11-25,ICICIBANK.NS,1300.949951171875,1263.25,1268.43
2024-11-26,ICICIBANK.NS,1304.949951171875,1270.57,1271.16
2024-11-27,ICICIBANK.NS,1300.699951171875,1276.82,1273.46
2024-11-28,ICICIBANK.NS,1286.3499755859375,1281.52,1274.49
2024-11-29,ICICIBANK.NS,1300.0999755859375,1288.81,1276.38
2024-12-02,ICICIBANK.NS,1304.6500244140625,1296.54,1278.83
2024-12-03,ICICIBANK.NS,1308.4000244140625,1300.87,1280.29
2024-12-04,ICICIBANK.NS,1316.050048828125,1303.03,1282.19
2024-12-05,ICICIBANK.NS,1336.5,1307.54,1284.49
2024-12-06,ICICIBANK.NS,1328.75,1311.54,1287.07
2024-12-09,ICICIBANK.NS,1322.300048828125,1316.68,1289.38
2024-12-10,ICICIBANK.NS,1330.449951171875,1321.01,1291.88
2024-12-11,ICICIBANK.NS,1327.5,1324.28,1293.04
2024-12-12,ICICIBANK.NS,1329.25,1327.26,1292.95
2024-12-13,ICICIBANK.NS,1344.9000244140625,1331.38,1294.04
2024-12-16,ICICIBANK.NS,1346.0999755859375,1332.75,1295.84
2024-12-17,ICICIBANK.NS,1333.75,1333.46,1297.24
2024-12-18,ICICIBANK.NS,1314.1500244140625,1332.3,1298.47
2024-12-19,ICICIBANK.NS,1286.9000244140625,1326.08,1298.14
2024-12-20,ICICIBANK.NS,1288.4000244140625,1320.49,1297.68
2024-12-23,ICICIBANK.NS,1296.800048828125,1315.86,1298.28
2024-12-24,ICICIBANK.NS,1297.25,1309.05,1299.56
2024-12-26,ICICIBANK.NS,1297.3499755859375,1302.09,1300.5
2024-12-27,ICICIBANK.NS,1307.550048828125,1298.34,1301.73
2024-12-30,ICICIBANK.NS,1294.6500244140625,1295.56,1303.09
2024-12-31,ICICIBANK.NS,1281.6500244140625,1294.81,1303.92
2025-01-01,ICICIBANK.NS,1283.6500244140625,1294.13,1304.92
2025-01-02,ICICIBANK.NS,1290.5999755859375,1293.24,1306.31
2025-01-03,ICICIBANK.NS,1265.050048828125,1288.64,1306.79
2025-01-06,ICICIBANK.NS,1264.0999755859375,1283.89,1306.33
2025-01-07,ICICIBANK.NS,1279.25,1279.85,1305.6
2025-01-08,ICICIBANK.NS,1263.75,1275.44,1304.23
2025-01-09,ICICIBANK.NS,1262.4000244140625,1272.69,1302.95
2025-01-10,ICICIBANK.NS,1249.8499755859375,1267.86,1301.74
2025-01-13,ICICIBANK.NS,1229.75,1259.16,1299.39
2025-01-14,ICICIBANK.NS,1240.300048828125,1255.63,1297.25
2025-01-15,ICICIBANK.NS,1238.25,1251.94,1294.91
2025-01-16,ICICIBANK.NS,1249.0999755859375,1247.63,1292.68
2025-01-17,ICICIBANK.NS,1225.449951171875,1242.16,1288.97
2025-01-20,ICICIBANK.NS,1232.949951171875,1237.95,1285.78
2025-01-21,ICICIBANK.NS,1196.1500244140625,1230.28,1281.58
2025-01-22,ICICIBANK.NS,1200.449951171875,1226.09,1277.24
2025-01-23,ICICIBANK.NS,1201.75,1220.59,1273.05
2025-01-24,ICICIBANK.NS,1209.199951171875,1216.44,1269.05
2025-01-27,ICICIBANK.NS,1227.949951171875,1213.41,1265.15
2025-01-28,ICICIBANK.NS,1246.9000244140625,1216.48,1261.84
2025-01-29,ICICIBANK.NS,1251.6500244140625,1219.15,1259.11
2025-01-30,ICICIBANK.NS,1255.5999755859375,1227.64,1257.16
2025-01-31,ICICIBANK.NS,1252.800048828125,1235.12,1256.02
2025-02-01,ICICIBANK.NS,1255.550048828125,1242.81,1254.92
2025-02-03,ICICIBANK.NS,1253.0,1249.06,1253.46
2025-02-04,ICICIBANK.NS,1268.199951171875,1254.81,1252.49
2025-02-05,ICICIBANK.NS,1267.699951171875,1257.79,1251.51
2025-02-06,ICICIBANK.NS,1272.4000244140625,1260.75,1250.33
2025-02-07,ICICIBANK.NS,1256.9000244140625,1260.94,1249.08
2025-02-10,ICICIBANK.NS,1262.5999755859375,1262.34,1248.44
2025-02-11,ICICIBANK.NS,1252.75,1261.94,1247.41
2025-02-12,ICICIBANK.NS,1251.800048828125,1261.76,1246.12
2025-02-13,ICICIBANK.NS,1248.9000244140625,1259.01,1245.58
2025-02-14,ICICIBANK.NS,1260.0999755859375,1257.92,1245.45
2025-02-17,ICICIBANK.NS,1251.1500244140625,1254.89,1244.51
2025-02-18,ICICIBANK.NS,1243.050048828125,1252.91,1243.82
2025-02-19,ICICIBANK.NS,1261.6500244140625,1252.77,1243.79
2025-02-20,ICICIBANK.NS,1249.949951171875,1252.37,1243.8
2025-02-21,ICICIBANK.NS,1232.949951171875,1249.68,1243.9
2025-02-24,ICICIBANK.NS,1218.3499755859375,1245.31,1243.17
2025-02-25,ICICIBANK.NS,1224.1500244140625,1240.18,1242.7
2025-02-27,ICICIBANK.NS,1222.449951171875,1236.08,1241.81
2025-02-28,ICICIBANK.NS,1204.0999755859375,1230.51,1241.1
2025-03-03,ICICIBANK.NS,1206.199951171875,1222.59,1240.21
2025-03-04,ICICIBANK.NS,1210.4000244140625,1216.94,1240.69
2025-03-05,ICICIBANK.NS,1215.699951171875,1214.48,1241.19
2025-03-06,ICICIBANK.NS,1218.050048828125,1214.44,1241.74
2025-03-07,ICICIBANK.NS,1214.550048828125,1213.06,1241.92
2025-03-10,ICICIBANK.NS,1214.8499755859375,1211.98,1241.48
2025-03-11,ICICIBANK.NS,1245.4000244140625,1217.88,1241.43
2025-03-12,ICICIBANK.NS,1243.949951171875,1223.27,1241.17
2025-03-13,ICICIBANK.NS,1250.050048828125,1228.94,1240.99
2025-03-17,ICICIBANK.NS,1269.0,1236.55,1241.53
2025-03-18,ICICIBANK.NS,1269.0,1243.83,1241.98
2025-03-19,ICICIBANK.NS,1313.0999755859375,1257.91,1243.98
2025-03-20,ICICIBANK.NS,1321.699951171875,1273.17,1245.76
2025-03-21,ICICIBANK.NS,1343.0999755859375,1287.13,1248.28
2025-03-24,ICICIBANK.NS,1358.1500244140625,1303.44,1251.13
2025-03-25,ICICIBANK.NS,1343.699951171875,1316.82,1254.03
2025-03-26,ICICIBANK.NS,1335.9000244140625,1326.38,1256.47
2025-03-27,ICICIBANK.NS,1336.6500244140625,1336.04,1259.27
2025-03-28,ICICIBANK.NS,1348.3499755859375,1341.08,1262.49
2025-04-01,ICICIBANK.NS,1318.449951171875,1340.61,1264.8
2025-04-02,ICICIBANK.NS,1331.25,1338.92,1267.18
2025-04-03,ICICIBANK.NS,1329.550048828125,1334.84,1269.79
2025-04-04,ICICIBANK.NS,1335.300048828125,1333.64,1272.86
2025-04-07,ICICIBANK.NS,1287.550048828125,1326.73,1273.73
2025-04-08,ICICIBANK.NS,1299.9000244140625,1321.48,1275.39
2025-04-09,ICICIBANK.NS,1300.800048828125,1314.69,1277.66
2025-04-11,ICICIBANK.NS,1311.6500244140625,1313.71,1280.77
2025-04-15,ICICIBANK.NS,1350.199951171875,1316.42,1284.97
2025-04-16,ICICIBANK.NS,1356.4000244140625,1320.26,1289.43
2025-04-17,ICICIBANK.NS,1406.699951171875,1330.46,1296.19
2025-04-21,ICICIBANK.NS,1409.800048828125,1347.92,1302.97
2025-04-22,ICICIBANK.NS,1416.5,1364.58,1309.84
2025-04-23,ICICIBANK.NS,1424.4000244140625,1382.24,1316.8
2025-04-24,ICICIBANK.NS,1402.699951171875,1395.24,1322.95
2025-04-25,ICICIBANK.NS,1404.800048828125,1403.04,1329.3
2025-04-28,ICICIBANK.NS,1428.800048828125,1413.39,1336.43
2025-04-29,ICICIBANK.NS,1429.800048828125,1416.69,1342.57
2025-04-30,ICICIBANK.NS,1427.0,1419.14,1348.68
2025-05-02,ICICIBANK.NS,1430.0999755859375,1421.09,1354.68
2025-05-05,ICICIBANK.NS,1429.4000244140625,1421.8,1360.02
2025-05-06,ICICIBANK.NS,1431.5999755859375,1425.93,1365.44
2025-05-07,ICICIBANK.NS,1435.4000244140625,1430.3,1369.52
2025-05-08,ICICIBANK.NS,1435.5,1431.26,1373.31
2025-05-09,ICICIBANK.NS,1388.9000244140625,1425.41,1374.84
2025-05-12,ICICIBANK.NS,1448.5,1428.49,1377.85
2025-05-13,ICICIBANK.NS,1430.5999755859375,1428.56,1380.75
2025-05-14,ICICIBANK.NS,1426.199951171875,1428.1,1383.76
2025-05-15,ICICIBANK.NS,1450.800048828125,1430.84,1387.56
2025-05-16,ICICIBANK.NS,1454.0,1433.5,1391.09
2025-05-19,ICICIBANK.NS,1449.0,1435.43,1395.44
2025-05-20,ICICIBANK.NS,1438.199951171875,1442.47,1399.0
2025-05-21,ICICIBANK.NS,1444.699951171875,1441.93,1402.84
2025-05-22,ICICIBANK.NS,1442.0999755859375,1443.57,1406.4
2025-05-23,ICICIBANK.NS,1449.800048828125,1446.94,1411.81
2025-05-26,ICICIBANK.NS,1460.5999755859375,1448.34,1417.17
2025-05-27,ICICIBANK.NS,1446.4000244140625,1447.26,1422.02
2025-05-28,ICICIBANK.NS,1453.800048828125,1447.94,1426.76
2025-05-29,ICICIBANK.NS,1456.5,1450.56,1430.3
2025-05-30,ICICIBANK.NS,1445.800048828125,1450.71,1433.28
2025-06-02,ICICIBANK.NS,1450.5,1451.91,1434.74
2025-06-03,ICICIBANK.NS,1437.9000244140625,1450.21,1435.68
2025-06-04,ICICIBANK.NS,1431.0,1445.99,1436.16
2025-06-05,ICICIBANK.NS,1454.800048828125,1447.19,1437.17
2025-06-06,ICICIBANK.NS,1459.699951171875,1448.03,1439.07
2025-06-09,ICICIBANK.NS,1434.800048828125,1444.93,1440.07
2025-06-10,ICICIBANK.NS,1422.9000244140625,1441.66,1439.88
2025-06-11,ICICIBANK.NS,1431.0,1438.87,1439.92
2025-06-12,ICICIBANK.NS,1425.199951171875,1437.06,1439.86
2025-06-13,ICICIBANK.NS,1416.0999755859375,1434.93,1439.39
2025-06-16,ICICIBANK.NS,1426.9000244140625,1430.94,1439.31
2025-06-17,ICICIBANK.NS,1423.199951171875,1425.73,1439.03
2025-06-18,ICICIBANK.NS,1412.5999755859375,1422.56,1438.27
2025-06-19,ICICIBANK.NS,1411.300048828125,1420.9,1437.46
2025-06-20,ICICIBANK.NS,1427.0999755859375,1420.34,1438.73
2025-06-23,ICICIBANK.NS,1420.0999755859375,1419.61,1437.79
2025-06-24,ICICIBANK.NS,1424.0999755859375,1420.76,1437.57
2025-06-25,ICICIBANK.NS,1425.800048828125,1420.6,1437.56
2025-06-26,ICICIBANK.NS,1439.0999755859375,1422.87,1437.17
2025-06-27,ICICIBANK.NS,1462.199951171875,1429.96,1437.44
2025-06-30,ICICIBANK.NS,1445.800048828125,1434.89,1437.33
2025-07-01,ICICIBANK.NS,1432.0,1435.59,1437.13
2025-07-02,ICICIBANK.NS,1427.800048828125,1436.69,1436.56
2025-07-03,ICICIBANK.NS,1425.9000244140625,1436.94,1436.02
2025-07-04,ICICIBANK.NS,1442.800048828125,1439.37,1435.79
2025-07-07,ICICIBANK.NS,1435.699951171875,1438.89,1434.96
2025-07-08,ICICIBANK.NS,1442.0,1436.0,1434.81
2025-07-09,ICICIBANK.NS,1431.9000244140625,1434.01,1434.08
2025-07-10,ICICIBANK.NS,1424.0999755859375,1432.89,1433.0
2025-07-11,ICICIBANK.NS,1421.9000244140625,1432.04,1432.21
2025-07-14,ICICIBANK.NS,1423.0,1431.63,1431.29
2025-07-15,ICICIBANK.NS,1430.800048828125,1429.91,1431.05
2025-07-16,ICICIBANK.NS,1426.4000244140625,1428.59,1430.9
2025-07-17,ICICIBANK.NS,1418.699951171875,1425.26,1429.7
2025-07-18,ICICIBANK.NS,1425.800048828125,1424.39,1428.57
2025-07-21,ICICIBANK.NS,1465.800048828125,1430.34,1429.6
2025-07-22,ICICIBANK.NS,1473.5999755859375,1437.73,1431.29
2025-07-23,ICICIBANK.NS,1488.5999755859375,1447.1,1433.21
2025-07-24,ICICIBANK.NS,1483.4000244140625,1454.61,1435.15
2025-07-25,ICICIBANK.NS,1477.0999755859375,1461.86,1437.18
2025-07-28,ICICIBANK.NS,1488.4000244140625,1471.81,1439.23
2025-07-29,ICICIBANK.NS,1486.199951171875,1480.44,1441.33
2025-07-30,ICICIBANK.NS,1482.4000244140625,1482.81,1443.66
2025-07-31,ICICIBANK.NS,1481.4000244140625,1483.93,1446.0
2025-08-01,ICICIBANK.NS,1471.5999755859375,1481.5,1447.48
2025-08-04,ICICIBANK.NS,1463.199951171875,1478.61,1448.92
2025-08-05,ICICIBANK.NS,1444.4000244140625,1473.94,1449.59
2025-08-06,ICICIBANK.NS,1443.5999755859375,1467.54,1450.19
2025-08-07,ICICIBANK.NS,1440.300048828125,1460.99,1450.23
2025-08-08,ICICIBANK.NS,1435.9000244140625,1454.34,1449.35
2025-08-11,ICICIBANK.NS,1436.5999755859375,1447.94,1449.04
2025-08-12,ICICIBANK.NS,1422.0,1440.86,1448.71
2025-08-13,ICICIBANK.NS,1420.800048828125,1434.8,1448.48
2025-08-14,ICICIBANK.NS,1427.300048828125,1432.36,1448.52
2025-08-18,ICICIBANK.NS,1434.5999755859375,1431.07,1448.25
2025-08-19,ICICIBANK.NS,1436.300048828125,1430.5,1448.27
2025-08-20,ICICIBANK.NS,1430.5999755859375,1429.74,1447.89
2025-08-21,ICICIBANK.NS,1446.0,1431.09,1448.36
2025-08-22,ICICIBANK.NS,1436.4000244140625,1433.14,1448.77
2025-08-25,ICICIBANK.NS,1433.199951171875,1434.91,1449.15
2025-08-26,ICICIBANK.NS,1416.5999755859375,1433.39,1448.93
2025-08-28,ICICIBANK.NS,1399.0999755859375,1428.31,1447.88
2025-08-29,ICICIBANK.NS,1397.800048828125,1422.81,1446.92
2025-09-01,ICICIBANK.NS,1411.0,1420.01,1446.67
2025-09-02,ICICIBANK.NS,1394.199951171875,1412.61,1445.61
2025-09-03,ICICIBANK.NS,1397.0,1406.99,1443.32
2025-09-04,ICICIBANK.NS,1405.5,1403.03,1441.05
2025-09-05,ICICIBANK.NS,1402.800048828125,1401.06,1438.19
2025-09-08,ICICIBANK.NS,1402.699951171875,1401.57,1435.5
2025-09-09,ICICIBANK.NS,1403.699951171875,1402.41,1433.05
2025-09-10,ICICIBANK.NS,1403.9000244140625,1401.4,1430.24
2025-09-11,ICICIBANK.NS,1401.5999755859375,1402.46,1427.42
2025-09-12,ICICIBANK.NS,1417.699951171875,1405.41,1425.26
2025-09-15,ICICIBANK.NS,1419.4000244140625,1407.4,1423.19
2025-09-16,ICICIBANK.NS,1421.5999755859375,1410.09,1421.53
2025-09-17,ICICIBANK.NS,1419.199951171875,1412.44,1420.06
2025-09-18,ICICIBANK.NS,1421.699951171875,1415.01,1419.3
2025-09-19,ICICIBANK.NS,1402.199951171875,1414.77,1417.92
2025-09-22,ICICIBANK.NS,1401.5,1414.76,1416.63
2025-09-23,ICICIBANK.NS,1394.300048828125,1411.41,1415.24
2025-09-24,ICICIBANK.NS,1382.699951171875,1406.17,1413.45
2025-09-25,ICICIBANK.NS,1375.800048828125,1399.63,1411.91
2025-09-26,ICICIBANK.NS,1359.5999755859375,1391.11,1409.87
2025-09-29,ICICIBANK.NS,1348.0999755859375,1380.6,1407.23
2025-09-30,ICICIBANK.NS,1348.0,1372.86,1404.34
2025-10-01,ICICIBANK.NS,1372.0,1368.64,1402.2
2025-10-03,ICICIBANK.NS,1365.199951171875,1364.49,1400.02
2025-10-06,ICICIBANK.NS,1363.4000244140625,1361.73,1397.26
2025-10-07,ICICIBANK.NS,1375.9000244140625,1361.74,1395.25
2025-10-08,ICICIBANK.NS,1370.300048828125,1363.27,1393.15
2025-10-09,ICICIBANK.NS,1376.199951171875,1367.29,1391.8
2025-10-10,ICICIBANK.NS,1380.300048828125,1371.9,1391.18
2025-10-13,ICICIBANK.NS,1379.4000244140625,1372.96,1390.56
2025-10-14,ICICIBANK.NS,1384.0999755859375,1375.66,1389.67
2025-10-15,ICICIBANK.NS,1398.4000244140625,1380.66,1389.81
2025-10-16,ICICIBANK.NS,1417.300048828125,1386.57,1390.48
2025-10-17,ICICIBANK.NS,1436.5999755859375,1396.04,1391.52
2025-10-20,ICICIBANK.NS,1390.300048828125,1398.06,1391.1
2025-10-21,ICICIBANK.NS,1382.0,1398.3,1390.41
2025-10-23,ICICIBANK.NS,1363.699951171875,1396.06,1389.08
2025-10-24,ICICIBANK.NS,1377.699951171875,1395.14,1388.21
2025-10-27,ICICIBANK.NS,1377.5999755859375,1392.17,1387.41
2025-10-28,ICICIBANK.NS,1363.0999755859375,1384.43,1385.59
2025-10-29,ICICIBANK.NS,1370.4000244140625,1374.97,1383.95
2025-10-30,ICICIBANK.NS,1362.4000244140625,1370.99,1381.98
2025-10-31,ICICIBANK.NS,1345.300048828125,1365.74,1379.52
2025-11-03,ICICIBANK.NS,1346.4000244140625,1363.27,1377.01
2025-11-04,ICICIBANK.NS,1336.9000244140625,1357.44,1374.83
2025-11-06,ICICIBANK.NS,1320.4000244140625,1349.27,1372.13
2025-11-07,ICICIBANK.NS,1343.0,1346.4,1370.42
2025-11-10,ICICIBANK.NS,1348.0,1343.2,1369.26
2025-11-11,ICICIBANK.NS,1358.300048828125,1342.61,1368.68
2025-11-12,ICICIBANK.NS,1358.9000244140625,1344.56,1368.65
2025-11-13,ICICIBANK.NS,1385.9000244140625,1350.2,1369.91
2025-11-14,ICICIBANK.NS,1373.0,1355.36,1370.75
2025-11-17,ICICIBANK.NS,1379.0,1363.73,1370.98
2025-11-18,ICICIBANK.NS,1373.4000244140625,1368.07,1371.25
2025-11-19,ICICIBANK.NS,1383.0999755859375,1373.09,1371.91
2025-11-20,ICICIBANK.NS,1383.0,1376.61,1372.15
2025-11-21,ICICIBANK.NS,1369.5,1378.13,1372.12
2025-11-24,ICICIBANK.NS,1368.4000244140625,1375.63,1371.86
2025-11-25,ICICIBANK.NS,1357.800048828125,1373.46,1371.11
2025-11-26,ICICIBANK.NS,1375.0,1372.89,1370.96
2025-11-27,ICICIBANK.NS,1392.199951171875,1375.57,1371.23
2025-11-28,ICICIBANK.NS,1388.800048828125,1376.39,1370.91
2025-12-01,ICICIBANK.NS,1390.0999755859375,1377.4,1370.01
2025-12-02,ICICIBANK.NS,1373.0,1377.9,1367.89
2025-12-03,ICICIBANK.NS,1391.5,1381.2,1367.93
2025-12-04,ICICIBANK.NS,1386.699951171875,1385.33,1368.08
2025-12-05,ICICIBANK.NS,1392.5,1387.83,1369.04
2025-12-08,ICICIBANK.NS,1389.5999755859375,1387.46,1369.44
2025-12-09,ICICIBANK.NS,1375.199951171875,1385.51,1369.36
2025-12-10,ICICIBANK.NS,1363.5999755859375,1381.73,1369.38
2025-12-11,ICICIBANK.NS,1360.0,1379.87,1369.03
2025-12-12,ICICIBANK.NS,1366.0,1376.23,1369.15
2025-12-15,ICICIBANK.NS,1365.199951171875,1373.16,1369.81
2025-12-16,ICICIBANK.NS,1366.0,1369.37,1370.47
2025-12-17,ICICIBANK.NS,1352.4000244140625,1364.06,1370.98
2025-12-18,ICICIBANK.NS,1356.800048828125,1361.43,1372.2
2025-12-19,ICICIBANK.NS,1354.0999755859375,1360.07,1372.57
2025-12-22,ICICIBANK.NS,1368.5,1361.29,1373.25
2025-12-23,ICICIBANK.NS,1363.0,1360.86,1373.41
2025-12-24,ICICIBANK.NS,1359.800048828125,1360.09,1373.44
2025-12-26,ICICIBANK.NS,1350.4000244140625,1357.86,1372.25
2025-12-29,ICICIBANK.NS,1343.300048828125,1356.56,1371.26
2025-12-30,ICICIBANK.NS,1342.5,1354.51,1370.05
2025-12-31,ICICIBANK.NS,1342.9000244140625,1352.91,1369.03
2026-01-01,ICICIBANK.NS,1338.0,1348.56,1367.53
2026-01-02,ICICIBANK.NS,1355.4000244140625,1347.47,1366.61
2026-01-05,ICICIBANK.NS,1371.5,1349.14,1366.67
2026-01-06,ICICIBANK.NS,1411.199951171875,1357.83,1368.1
2026-01-07,ICICIBANK.NS,1427.699951171875,1369.89,1370.43
2026-01-08,ICICIBANK.NS,1435.0,1383.1,1372.43
2026-01-09,ICICIBANK.NS,1404.300048828125,1391.87,1372.83
2026-01-12,ICICIBANK.NS,1413.0999755859375,1402.6,1373.64
2026-01-13,ICICIBANK.NS,1437.0,1414.26,1375.21
2026-01-14,ICICIBANK.NS,1418.4000244140625,1420.96,1376.72
2026-01-15,ICICIBANK.NS,1418.4000244140625,1421.99,1377.62
2026-01-16,ICICIBANK.NS,1410.800048828125,1419.57,1378.42
2026-01-19,ICICIBANK.NS,1380.5999755859375,1411.8,1378.02
2026-01-20,ICICIBANK.NS,1375.800048828125,1407.73,1377.56
2026-01-21,ICICIBANK.NS,1349.0,1398.57,1376.69
2026-01-22,ICICIBANK.NS,1345.5,1385.5,1376.09
2026-01-23,ICICIBANK.NS,1343.4000244140625,1374.79,1375.53
2026-01-27,ICICIBANK.NS,1361.4000244140625,1366.64,1375.38
2026-01-28,ICICIBANK.NS,1367.699951171875,1360.49,1375.46
2026-01-29,ICICIBANK.NS,1383.5999755859375,1360.91,1376.05
2026-01-30,ICICIBANK.NS,1355.0,1357.94,1376.14
2026-02-02,ICICIBANK.NS,1352.800048828125,1358.49,1376.0
2026-02-03,ICICIBANK.NS,1389.699951171875,1364.8,1377.19
2026-02-04,ICICIBANK.NS,1408.4000244140625,1374.09,1378.52
2026-02-05,ICICIBANK.NS,1396.5,1379.1,1379.64
2026-02-06,ICICIBANK.NS,1406.0999755859375,1384.59,1381.18
2026-02-09,ICICIBANK.NS,1396.300048828125,1386.4,1382.71
2026-02-10,ICICIBANK.NS,1406.5,1393.76,1384.82
2026-02-11,ICICIBANK.NS,1406.0999755859375,1401.37,1386.94
2026-02-12,ICICIBANK.NS,1430.0,1407.13,1389.84
2026-02-13,ICICIBANK.NS,1414.5999755859375,1408.01,1392.39
2026-02-16,ICICIBANK.NS,1411.5999755859375,1410.17,1394.27
2026-02-17,ICICIBANK.NS,1407.5,1410.37,1395.47
2026-02-18,ICICIBANK.NS,1408.199951171875,1412.07,1395.37
2026-02-19,ICICIBANK.NS,1388.800048828125,1409.54,1394.07
2026-02-20,ICICIBANK.NS,1394.5,1407.89,1392.72
2026-02-23,ICICIBANK.NS,1399.4000244140625,1403.51,1392.56
2026-02-24,ICICIBANK.NS,1384.800048828125,1399.26,1391.61
2026-02-25,ICICIBANK.NS,1400.5,1397.67,1390.4
2026-02-26,ICICIBANK.NS,1404.9000244140625,1397.3,1389.95
2026-02-27,ICICIBANK.NS,1378.9000244140625,1393.11,1388.63
2026-03-02,ICICIBANK.NS,1374.0,1391.0,1387.4
2026-03-04,ICICIBANK.NS,1365.4000244140625,1386.84,1386.9
2026-03-05,ICICIBANK.NS,1357.5999755859375,1380.87,1386.29
2026-03-06,ICICIBANK.NS,1313.4000244140625,1370.67,1385.1
2026-03-09,ICICIBANK.NS,1278.4000244140625,1353.23,1382.87
2026-03-10,ICICIBANK.NS,1311.9000244140625,1339.94,1381.82
2026-03-11,ICICIBANK.NS,1294.5999755859375,1327.9,1379.59
2026-03-12,ICICIBANK.NS,1266.5,1312.54,1376.22
2026-03-13,ICICIBANK.NS,1254.800048828125,1296.74,1371.92
2026-03-16,ICICIBANK.NS,1272.9000244140625,1284.64,1369.19
2026-03-17,ICICIBANK.NS,1288.699951171875,1281.11,1367.05
2026-03-18,ICICIBANK.NS,1289.300048828125,1282.67,1363.7
2026-03-19,ICICIBANK.NS,1250.0999755859375,1273.84,1358.43
2026-03-20,ICICIBANK.NS,1245.4000244140625,1266.81,1353.39
2026-03-23,ICICIBANK.NS,1222.699951171875,1260.56,1347.28
2026-03-24,ICICIBANK.NS,1251.199951171875,1260.04,1342.44
2026-03-25,ICICIBANK.NS,1259.699951171875,1258.16,1337.55
2026-03-27,ICICIBANK.NS,1233.800048828125,1250.31,1331.8
2026-03-30,ICICIBANK.NS,1205.9000244140625,1238.4,1324.33
2026-04-01,ICICIBANK.NS,1212.699951171875,1233.06,1317.6
2026-04-02,ICICIBANK.NS,1215.800048828125,1228.83,1311.08
2026-04-06,ICICIBANK.NS,1231.4000244140625,1230.07,1305.21
2026-04-07,ICICIBANK.NS,1245.5,1229.26,1299.78
2026-04-08,ICICIBANK.NS,1309.199951171875,1236.33,1297.13
2026-04-09,ICICIBANK.NS,1281.300048828125,1243.11,1293.36
2026-04-10,ICICIBANK.NS,1321.9000244140625,1259.69,1290.77
2026-04-13,ICICIBANK.NS,1351.0999755859375,1279.46,1289.65
2026-04-15,ICICIBANK.NS,1348.0999755859375,1298.36,1287.9
2026-04-16,ICICIBANK.NS,1345.5,1314.66,1285.92
2026-04-17,ICICIBANK.NS,1346.800048828125,1329.13,1284.85
2026-04-20,ICICIBANK.NS,1356.199951171875,1335.84,1284.26
2026-04-21,ICICIBANK.NS,1388.4000244140625,1351.14,1285.03
2026-04-22,ICICIBANK.NS,1367.5999755859375,1357.67,1285.36
2026-04-23,ICICIBANK.NS,1348.0,1357.23,1286.51
2026-04-24,ICICIBANK.NS,1326.199951171875,1354.1,1288.11
2026-04-27,ICICIBANK.NS,1314.0999755859375,1349.61,1288.18
2026-04-28,ICICIBANK.NS,1292.0,1341.79,1288.09
2026-04-29,ICICIBANK.NS,1281.0,1331.04,1288.58
2026-04-30,ICICIBANK.NS,1263.4000244140625,1313.19,1288.86
2026-05-01,ICICIBANK.NS,1263.4000244140625,1298.3,1288.55
2026-05-04,ICICIBANK.NS,1270.800048828125,1287.27,1287.95
2026-05-05,ICICIBANK.NS,1251.300048828125,1276.57,1286.68
2026-05-06,ICICIBANK.NS,1279.5,1271.63,1287.66
2026-05-07,ICICIBANK.NS,1279.0,1269.77,1288.78
2026-05-08,ICICIBANK.NS,1264.800048828125,1267.46,1290.19
2026-05-11,ICICIBANK.NS,1266.4000244140625,1267.89,1290.69
2026-05-12,ICICIBANK.NS,1240.300048828125,1264.59,1290.05
2026-05-13,ICICIBANK.NS,1235.5999755859375,1259.56,1290.11
2026-05-14,ICICIBANK.NS,1246.0,1258.8,1291.44
2026-05-15,ICICIBANK.NS,1244.5,1253.8,1292.5
2026-05-18,ICICIBANK.NS,1251.0999755859375,1249.81,1293.68
2026-05-19,ICICIBANK.NS,1240.800048828125,1246.39,1293.99
2026-05-20,ICICIBANK.NS,1237.300048828125,1242.23,1293.72
2026-05-21,ICICIBANK.NS,1242.800048828125,1242.59,1291.51
2026-05-22,ICICIBANK.NS,1264.300048828125,1246.69,1290.94
2026-05-25,ICICIBANK.NS,1291.800048828125,1253.23,1289.94
2026-05-26,ICICIBANK.NS,1279.0999755859375,1258.17,1287.54
2026-05-27,ICICIBANK.NS,1272.699951171875,1261.26,1285.02
2026-05-29,ICICIBANK.NS,1256.4000244140625,1263.49,1282.05
2023-05-29,INFY.NS,1314.4000244140625,1314.4,1314.4
2023-05-30,INFY.NS,1323.8499755859375,1319.13,1319.13
2023-05-31,INFY.NS,1318.300048828125,1318.85,1318.85
2023-06-01,INFY.NS,1319.5,1319.01,1319.01
2023-06-02,INFY.NS,1299.0,1315.01,1315.01
2023-06-05,INFY.NS,1304.5,1313.26,1313.26
2023-06-06,INFY.NS,1279.0,1308.36,1308.36
2023-06-07,INFY.NS,1288.949951171875,1304.73,1305.94
2023-06-08,INFY.NS,1282.800048828125,1298.86,1303.37
2023-06-09,INFY.NS,1265.949951171875,1291.39,1299.63
2023-06-12,INFY.NS,1291.949951171875,1287.45,1298.93
2023-06-13,INFY.NS,1304.8499755859375,1288.29,1299.42
2023-06-14,INFY.NS,1300.4000244140625,1287.7,1299.5
2023-06-15,INFY.NS,1286.800048828125,1288.81,1298.59
2023-06-16,INFY.NS,1291.6500244140625,1289.2,1298.13
2023-06-19,INFY.NS,1294.0,1290.8,1297.87
2023-06-20,INFY.NS,1303.4000244140625,1296.15,1298.19
2023-06-21,INFY.NS,1299.3499755859375,1297.21,1298.26
2023-06-22,INFY.NS,1281.550048828125,1293.88,1297.38
2023-06-23,INFY.NS,1265.0,1288.82,1295.76
2023-06-26,INFY.NS,1270.3499755859375,1286.47,1294.55
2023-06-27,INFY.NS,1279.1500244140625,1284.69,1293.85
2023-06-28,INFY.NS,1293.3499755859375,1284.59,1293.83
2023-06-30,INFY.NS,1335.5,1289.18,1295.56
2023-07-03,INFY.NS,1333.699951171875,1294.09,1297.09
2023-07-04,INFY.NS,1345.1500244140625,1303.17,1298.94
2023-07-05,INFY.NS,1347.300048828125,1314.93,1300.73
2023-07-06,INFY.NS,1343.9000244140625,1325.44,1302.27
2023-07-07,INFY.NS,1330.199951171875,1332.73,1303.23
2023-07-10,INFY.NS,1329.1500244140625,1337.84,1304.1
2023-07-11,INFY.NS,1348.5999755859375,1339.71,1305.24
2023-07-12,INFY.NS,1333.300048828125,1339.66,1305.55
2023-07-13,INFY.NS,1365.0999755859375,1342.51,1307.11
2023-07-14,INFY.NS,1425.949951171875,1353.74,1310.66
2023-07-17,INFY.NS,1422.949951171875,1365.04,1314.79
2023-07-18,INFY.NS,1475.199951171875,1385.75,1320.48
2023-07-19,INFY.NS,1474.949951171875,1406.58,1327.01
2023-07-20,INFY.NS,1449.5,1420.99,1332.37
2023-07-21,INFY.NS,1331.5999755859375,1420.75,1333.99
2023-07-24,INFY.NS,1336.5999755859375,1416.68,1336.35
2023-07-25,INFY.NS,1334.5999755859375,1403.63,1337.77
2023-07-26,INFY.NS,1348.8499755859375,1393.04,1339.24
2023-07-27,INFY.NS,1353.1500244140625,1375.61,1340.99
2023-07-28,INFY.NS,1340.5,1356.4,1342.78
2023-07-31,INFY.NS,1355.699951171875,1343.0,1344.92
2023-08-01,INFY.NS,1365.199951171875,1347.8,1347.29
2023-08-02,INFY.NS,1356.8499755859375,1350.69,1349.07
2023-08-03,INFY.NS,1364.300048828125,1354.94,1351.24
2023-08-04,INFY.NS,1378.3499755859375,1359.15,1354.47
2023-08-07,INFY.NS,1393.0,1364.84,1358.73
2023-08-08,INFY.NS,1390.199951171875,1371.94,1362.73
2023-08-09,INFY.NS,1394.4000244140625,1377.47,1366.57
2023-08-10,INFY.NS,1389.0999755859375,1380.89,1369.76
2023-08-11,INFY.NS,1371.8499755859375,1383.03,1370.97
2023-08-14,INFY.NS,1393.550048828125,1387.21,1372.97
2023-08-16,INFY.NS,1418.5,1392.94,1375.41
2023-08-17,INFY.NS,1411.550048828125,1395.59,1377.55
2023-08-18,INFY.NS,1388.800048828125,1395.39,1379.05
2023-08-21,INFY.NS,1405.4000244140625,1396.96,1381.56
2023-08-22,INFY.NS,1403.75,1399.06,1384.04
2023-08-23,INFY.NS,1407.949951171875,1404.21,1386.02
2023-08-24,INFY.NS,1423.5999755859375,1408.51,1389.03
2023-08-25,INFY.NS,1420.0999755859375,1408.74,1390.87
2023-08-28,INFY.NS,1415.6500244140625,1409.32,1390.52
2023-08-29,INFY.NS,1417.6500244140625,1413.44,1390.35
2023-08-30,INFY.NS,1435.1500244140625,1417.69,1389.01
2023-08-31,INFY.NS,1435.449951171875,1422.22,1387.69
2023-09-01,INFY.NS,1443.8499755859375,1427.35,1387.51
2023-09-04,INFY.NS,1465.0999755859375,1433.28,1391.96
2023-09-05,INFY.NS,1478.9000244140625,1441.68,1396.7
2023-09-06,INFY.NS,1477.449951171875,1450.51,1401.46
2023-09-07,INFY.NS,1466.199951171875,1457.44,1405.37
2023-09-08,INFY.NS,1469.5999755859375,1462.36,1409.25
2023-09-11,INFY.NS,1476.449951171875,1468.22,1413.79
2023-09-12,INFY.NS,1501.0999755859375,1476.4,1418.63
2023-09-13,INFY.NS,1498.3499755859375,1481.15,1423.07
2023-09-14,INFY.NS,1506.949951171875,1485.16,1428.07
2023-09-15,INFY.NS,1511.5999755859375,1490.04,1432.98
2023-09-18,INFY.NS,1491.800048828125,1493.69,1436.77
2023-09-20,INFY.NS,1490.25,1496.64,1440.01
2023-09-21,INFY.NS,1501.75,1500.26,1443.73
2023-09-22,INFY.NS,1496.1500244140625,1499.55,1447.12
2023-09-25,INFY.NS,1474.1500244140625,1496.09,1449.95
2023-09-26,INFY.NS,1460.6500244140625,1489.48,1452.91
2023-09-27,INFY.NS,1467.0,1483.11,1455.36
2023-09-28,INFY.NS,1439.449951171875,1475.63,1456.06
2023-09-29,INFY.NS,1435.449951171875,1467.8,1456.86
2023-10-03,INFY.NS,1434.0,1458.12,1458.36
2023-10-04,INFY.NS,1444.3499755859375,1450.72,1459.66
2023-10-05,INFY.NS,1463.449951171875,1449.19,1461.65
2023-10-06,INFY.NS,1478.699951171875,1451.77,1464.01
2023-10-09,INFY.NS,1475.449951171875,1452.98,1465.74
2023-10-10,INFY.NS,1495.1500244140625,1460.94,1468.24
2023-10-11,INFY.NS,1494.4000244140625,1469.36,1470.86
2023-10-12,INFY.NS,1465.5,1473.86,1472.46
2023-10-13,INFY.NS,1431.1500244140625,1471.97,1472.33
2023-10-16,INFY.NS,1434.1500244140625,1467.79,1472.28
2023-10-17,INFY.NS,1442.449951171875,1462.61,1472.24
2023-10-18,INFY.NS,1440.550048828125,1457.62,1471.42
2023-10-19,INFY.NS,1433.6500244140625,1448.84,1469.91
2023-10-20,INFY.NS,1427.25,1439.24,1468.24
2023-10-23,INFY.NS,1408.6500244140625,1431.12,1466.32
2023-10-25,INFY.NS,1370.050048828125,1422.39,1463.0
2023-10-26,INFY.NS,1359.449951171875,1411.72,1459.1
2023-10-27,INFY.NS,1380.3499755859375,1402.85,1455.07
2023-10-30,INFY.NS,1377.050048828125,1393.78,1451.03
2023-10-31,INFY.NS,1368.4000244140625,1384.46,1446.41
2023-11-01,INFY.NS,1354.1500244140625,1374.01,1441.17
2023-11-02,INFY.NS,1370.1500244140625,1368.51,1437.11
2023-11-03,INFY.NS,1389.050048828125,1371.23,1433.74
2023-11-06,INFY.NS,1403.300048828125,1377.49,1430.46
2023-11-07,INFY.NS,1404.300048828125,1380.91,1427.39
2023-11-08,INFY.NS,1391.0,1382.91,1424.62
2023-11-09,INFY.NS,1374.800048828125,1383.82,1421.76
2023-11-10,INFY.NS,1368.8499755859375,1385.92,1418.49
2023-11-13,INFY.NS,1373.550048828125,1386.41,1416.29
2023-11-15,INFY.NS,1410.5,1389.47,1415.46
2023-11-16,INFY.NS,1444.9000244140625,1395.41,1415.82
2023-11-17,INFY.NS,1437.550048828125,1400.16,1415.6
2023-11-20,INFY.NS,1436.5999755859375,1406.68,1414.7
2023-11-21,INFY.NS,1439.0,1415.85,1413.38
2023-11-22,INFY.NS,1457.800048828125,1428.56,1412.79
2023-11-23,INFY.NS,1449.25,1439.37,1411.26
2023-11-24,INFY.NS,1437.4000244140625,1443.21,1409.36
2023-11-28,INFY.NS,1442.699951171875,1442.9,1408.6
2023-11-29,INFY.NS,1459.5999755859375,1446.05,1409.55
2023-11-30,INFY.NS,1455.1500244140625,1448.7,1410.25
2023-12-01,INFY.NS,1452.300048828125,1450.6,1410.58
2023-12-04,INFY.NS,1464.3499755859375,1451.54,1411.37
2023-12-05,INFY.NS,1453.949951171875,1452.21,1412.05
2023-12-06,INFY.NS,1474.300048828125,1457.48,1413.62
2023-12-07,INFY.NS,1465.9000244140625,1460.79,1415.52
2023-12-08,INFY.NS,1491.1500244140625,1465.3,1419.56
2023-12-11,INFY.NS,1488.5,1470.06,1423.86
2023-12-12,INFY.NS,1476.050048828125,1473.46,1427.05
2023-12-13,INFY.NS,1449.0,1471.26,1429.45
2023-12-14,INFY.NS,1501.449951171875,1478.05,1433.89
2023-12-15,INFY.NS,1578.4000244140625,1492.92,1441.36
2023-12-18,INFY.NS,1564.3499755859375,1506.99,1447.83
2023-12-19,INFY.NS,1558.300048828125,1516.58,1453.48
2023-12-20,INFY.NS,1536.4000244140625,1523.42,1457.91
2023-12-21,INFY.NS,1536.0,1531.99,1462.3
2023-12-22,INFY.NS,1562.9000244140625,1548.26,1468.03
2023-12-26,INFY.NS,1543.949951171875,1554.33,1473.67
2023-12-27,INFY.NS,1567.0999755859375,1552.71,1480.28
2023-12-28,INFY.NS,1562.6500244140625,1552.47,1486.58
2023-12-29,INFY.NS,1542.9000244140625,1550.27,1491.0
2024-01-01,INFY.NS,1551.3499755859375,1552.41,1494.54
2024-01-02,INFY.NS,1534.4000244140625,1552.18,1497.77
2024-01-03,INFY.NS,1490.0,1541.76,1499.55
2024-01-04,INFY.NS,1512.699951171875,1537.3,1502.01
2024-01-05,INFY.NS,1532.550048828125,1532.36,1504.5
2024-01-08,INFY.NS,1522.800048828125,1526.67,1506.95
2024-01-09,INFY.NS,1529.300048828125,1524.73,1510.02
2024-01-10,INFY.NS,1519.9000244140625,1520.24,1512.59
2024-01-11,INFY.NS,1494.199951171875,1514.49,1513.74
2024-01-12,INFY.NS,1612.75,1532.03,1519.0
2024-01-15,INFY.NS,1652.0999755859375,1551.94,1525.66
2024-01-16,INFY.NS,1631.550048828125,1566.09,1531.23
2024-01-17,INFY.NS,1640.199951171875,1582.86,1537.44
2024-01-18,INFY.NS,1642.5999755859375,1599.04,1543.05
2024-01-19,INFY.NS,1659.199951171875,1618.94,1549.49
2024-01-23,INFY.NS,1642.1500244140625,1640.08,1554.52
2024-01-24,INFY.NS,1675.4000244140625,1649.03,1560.75
2024-01-25,INFY.NS,1669.0999755859375,1651.46,1567.19
2024-01-29,INFY.NS,1656.5999755859375,1655.04,1574.11
2024-01-30,INFY.NS,1651.449951171875,1656.64,1579.11
2024-01-31,INFY.NS,1660.9000244140625,1659.26,1581.86
2024-02-01,INFY.NS,1657.050048828125,1658.95,1584.95
2024-02-02,INFY.NS,1693.3499755859375,1666.26,1589.45
2024-02-05,INFY.NS,1687.199951171875,1667.95,1594.48
2024-02-06,INFY.NS,1729.449951171875,1676.57,1600.92
2024-02-07,INFY.NS,1693.75,1681.88,1605.29
2024-02-08,INFY.NS,1692.0999755859375,1687.69,1610.22
2024-02-09,INFY.NS,1669.3499755859375,1688.89,1613.63
2024-02-12,INFY.NS,1680.0999755859375,1692.19,1617.55
2024-02-13,INFY.NS,1684.550048828125,1690.93,1622.27
2024-02-14,INFY.NS,1666.199951171875,1687.93,1626.1
2024-02-15,INFY.NS,1676.3499755859375,1680.34,1630.83
2024-02-16,INFY.NS,1701.6500244140625,1681.47,1637.88
2024-02-19,INFY.NS,1699.75,1682.56,1644.12
2024-02-20,INFY.NS,1685.25,1684.84,1649.21
2024-02-21,INFY.NS,1655.550048828125,1681.33,1653.63
2024-02-22,INFY.NS,1681.3499755859375,1680.87,1658.7
2024-02-23,INFY.NS,1676.8499755859375,1682.39,1663.93
2024-02-26,INFY.NS,1660.1500244140625,1680.08,1669.47
2024-02-27,INFY.NS,1663.5999755859375,1674.64,1671.16
2024-02-28,INFY.NS,1671.25,1670.57,1671.8
2024-02-29,INFY.NS,1673.9000244140625,1668.95,1673.21
2024-03-01,INFY.NS,1654.699951171875,1668.83,1673.69
2024-03-04,INFY.NS,1637.199951171875,1662.52,1673.51
2024-03-05,INFY.NS,1606.5,1652.47,1671.76
2024-03-06,INFY.NS,1617.550048828125,1646.39,1670.94
2024-03-07,INFY.NS,1616.449951171875,1639.65,1668.97
2024-03-11,INFY.NS,1600.5999755859375,1629.56,1666.69
2024-03-12,INFY.NS,1612.949951171875,1620.85,1665.23
2024-03-13,INFY.NS,1611.4000244140625,1614.66,1663.9
2024-03-14,INFY.NS,1653.300048828125,1616.96,1663.65
2024-03-15,INFY.NS,1634.0,1620.89,1662.88
2024-03-18,INFY.NS,1602.6500244140625,1618.76,1659.85
2024-03-19,INFY.NS,1561.449951171875,1610.91,1655.66
2024-03-20,INFY.NS,1554.949951171875,1604.39,1649.85
2024-03-21,INFY.NS,1554.699951171875,1596.06,1645.21
2024-03-22,INFY.NS,1508.8499755859375,1581.41,1639.1
2024-03-26,INFY.NS,1492.6500244140625,1558.46,1633.21
2024-03-27,INFY.NS,1483.8499755859375,1537.01,1626.67
2024-03-28,INFY.NS,1498.050048828125,1522.07,1620.45
2024-04-01,INFY.NS,1495.449951171875,1512.64,1614.76
2024-04-02,INFY.NS,1482.8499755859375,1502.34,1608.31
2024-04-03,INFY.NS,1480.6500244140625,1491.76,1600.95
2024-04-04,INFY.NS,1486.699951171875,1488.6,1593.84
2024-04-05,INFY.NS,1479.0999755859375,1486.66,1586.97
2024-04-08,INFY.NS,1476.699951171875,1485.64,1581.01
2024-04-09,INFY.NS,1494.8499755859375,1485.19,1574.79
2024-04-10,INFY.NS,1506.800048828125,1486.81,1569.13
2024-04-12,INFY.NS,1484.75,1487.08,1563.28
2024-04-15,INFY.NS,1468.1500244140625,1485.29,1556.76
2024-04-16,INFY.NS,1414.449951171875,1474.97,1548.2
2024-04-18,INFY.NS,1419.25,1466.42,1539.72
2024-04-19,INFY.NS,1411.25,1457.07,1531.6
2024-04-22,INFY.NS,1432.75,1448.2,1524.79
2024-04-23,INFY.NS,1442.4000244140625,1439.0,1519.32
2024-04-24,INFY.NS,1430.75,1431.29,1513.09
2024-04-25,INFY.NS,1438.449951171875,1427.04,1507.16
2024-04-26,INFY.NS,1430.25,1429.3,1501.48
2024-04-29,INFY.NS,1434.75,1431.51,1495.54
2024-04-30,INFY.NS,1420.550048828125,1432.84,1489.18
2024-05-02,INFY.NS,1414.449951171875,1430.23,1481.21
2024-05-03,INFY.NS,1416.300048828125,1426.5,1473.96
2024-05-06,INFY.NS,1425.9000244140625,1425.81,1468.07
2024-05-07,INFY.NS,1440.949951171875,1426.16,1464.05
2024-05-08,INFY.NS,1427.300048828125,1425.74,1459.79
2024-05-09,INFY.NS,1439.550048828125,1426.43,1455.96
2024-05-10,INFY.NS,1424.9000244140625,1427.05,1453.16
2024-05-13,INFY.NS,1423.449951171875,1428.34,1450.85
2024-05-14,INFY.NS,1424.699951171875,1429.54,1448.88
2024-05-15,INFY.NS,1419.949951171875,1428.69,1446.28
2024-05-16,INFY.NS,1453.3499755859375,1430.46,1444.87
2024-05-17,INFY.NS,1444.300048828125,1432.89,1443.59
2024-05-21,INFY.NS,1434.1500244140625,1432.11,1442.04
2024-05-22,INFY.NS,1454.800048828125,1436.39,1440.97
2024-05-23,INFY.NS,1472.4000244140625,1443.38,1440.75
2024-05-24,INFY.NS,1465.0999755859375,1449.15,1440.37
2024-05-27,INFY.NS,1471.3499755859375,1456.49,1439.58
2024-05-28,INFY.NS,1467.050048828125,1458.45,1438.26
2024-05-29,INFY.NS,1450.949951171875,1459.4,1437.13
2024-05-30,INFY.NS,1427.449951171875,1458.44,1435.77
2024-05-31,INFY.NS,1406.9000244140625,1451.6,1435.52
2024-06-03,INFY.NS,1405.9000244140625,1442.1,1435.08
2024-06-04,INFY.NS,1393.6500244140625,1431.89,1434.49
2024-06-05,INFY.NS,1430.0999755859375,1426.0,1434.4
2024-06-06,INFY.NS,1472.25,1426.74,1435.4
2024-06-07,INFY.NS,1533.5999755859375,1438.55,1438.83
2024-06-10,INFY.NS,1499.75,1448.88,1440.87
2024-06-11,INFY.NS,1495.75,1461.57,1443.05
2024-06-12,INFY.NS,1485.199951171875,1472.9,1444.73
2024-06-13,INFY.NS,1493.949951171875,1487.23,1447.18
2024-06-14,INFY.NS,1488.9000244140625,1495.63,1449.66
2024-06-18,INFY.NS,1498.199951171875,1499.34,1452.39
2024-06-19,INFY.NS,1511.3499755859375,1496.16,1455.24
2024-06-20,INFY.NS,1515.4000244140625,1498.39,1457.72
2024-06-21,INFY.NS,1532.699951171875,1503.67,1461.23
2024-06-24,INFY.NS,1527.1500244140625,1509.66,1464.15
2024-06-25,INFY.NS,1541.949951171875,1516.52,1468.06
2024-06-26,INFY.NS,1540.699951171875,1523.92,1471.96
2024-06-27,INFY.NS,1573.3499755859375,1534.66,1476.92
2024-06-28,INFY.NS,1566.75,1542.57,1481.81
2024-07-01,INFY.NS,1590.800048828125,1553.34,1486.39
2024-07-02,INFY.NS,1621.050048828125,1565.96,1492.29
2024-07-03,INFY.NS,1627.4000244140625,1580.29,1498.73
2024-07-04,INFY.NS,1650.6500244140625,1595.81,1505.26
2024-07-05,INFY.NS,1647.449951171875,1611.06,1511.09
2024-07-08,INFY.NS,1661.6500244140625,1623.68,1517.64
2024-07-09,INFY.NS,1657.1500244140625,1636.59,1523.84
2024-07-10,INFY.NS,1648.25,1644.8,1529.88
2024-07-11,INFY.NS,1652.699951171875,1649.32,1536.6
2024-07-12,INFY.NS,1711.75,1661.37,1546.08
2024-07-15,INFY.NS,1707.050048828125,1669.43,1556.08
2024-07-16,INFY.NS,1726.050048828125,1680.66,1566.75
2024-07-18,INFY.NS,1758.050048828125,1694.43,1578.9
2024-07-19,INFY.NS,1792.949951171875,1713.83,1591.0
2024-07-22,INFY.NS,1810.8499755859373,1737.06,1602.28
2024-07-23,INFY.NS,1836.9000244140625,1763.37,1612.39
2024-07-24,INFY.NS,1833.949951171875,1780.83,1623.53
2024-07-25,INFY.NS,1824.8499755859373,1797.66,1634.5
2024-07-26,INFY.NS,1878.9000244140625,1819.49,1647.63
2024-07-29,INFY.NS,1871.0999755859373,1835.64,1660.2
2024-07-30,INFY.NS,1877.1500244140625,1847.67,1673.14
2024-07-31,INFY.NS,1868.25,1855.87,1685.47
2024-08-01,INFY.NS,1852.5999755859373,1858.11,1696.85
2024-08-02,INFY.NS,1821.199951171875,1856.29,1707.04
2024-08-05,INFY.NS,1751.9000244140625,1845.87,1714.35
2024-08-06,INFY.NS,1751.0999755859375,1827.61,1721.81
2024-08-07,INFY.NS,1791.6500244140625,1816.26,1730.14
2024-08-08,INFY.NS,1743.1500244140625,1797.12,1736.89
2024-08-09,INFY.NS,1770.75,1783.19,1743.47
2024-08-12,INFY.NS,1797.4000244140625,1775.31,1751.16
2024-08-13,INFY.NS,1797.449951171875,1771.91,1758.04
2024-08-14,INFY.NS,1823.25,1782.11,1764.78
2024-08-16,INFY.NS,1858.949951171875,1797.51,1772.5
2024-08-19,INFY.NS,1864.800048828125,1807.96,1779.64
2024-08-20,INFY.NS,1872.199951171875,1826.4,1787.13
2024-08-21,INFY.NS,1872.699951171875,1840.96,1794.17
2024-08-22,INFY.NS,1880.25,1852.8,1801.6
2024-08-23,INFY.NS,1862.0999755859373,1862.04,1808.73
2024-08-26,INFY.NS,1876.1500244140625,1869.59,1816.18
2024-08-27,INFY.NS,1900.0999755859373,1875.47,1822.46
2024-08-28,INFY.NS,1939.0999755859373,1886.09,1830.19
2024-08-29,INFY.NS,1933.3499755859373,1894.82,1837.1
2024-08-30,INFY.NS,1943.699951171875,1904.96,1843.29
2024-09-02,INFY.NS,1964.5,1917.0,1849.01
2024-09-03,INFY.NS,1941.25,1928.31,1853.36
2024-09-04,INFY.NS,1922.449951171875,1934.92,1856.21
2024-09-05,INFY.NS,1933.1500244140625,1939.64,1859.51
2024-09-06,INFY.NS,1901.8499755859373,1934.32,1862.08
2024-09-09,INFY.NS,1894.6500244140625,1928.79,1862.61
2024-09-10,INFY.NS,1912.300048828125,1924.31,1863.98
2024-09-11,INFY.NS,1910.1500244140625,1916.54,1865.08
2024-09-12,INFY.NS,1950.449951171875,1917.86,1867.82
2024-09-13,INFY.NS,1944.0999755859373,1920.95,1870.87
2024-09-16,INFY.NS,1950.25,1923.39,1875.17
2024-09-17,INFY.NS,1952.550048828125,1930.64,1881.86
2024-09-18,INFY.NS,1892.1500244140625,1930.28,1886.56
2024-09-19,INFY.NS,1894.199951171875,1927.69,1889.98
2024-09-20,INFY.NS,1905.75,1927.06,1895.4
2024-09-23,INFY.NS,1896.449951171875,1919.35,1899.59
2024-09-24,INFY.NS,1898.5999755859373,1912.85,1902.96
2024-09-25,INFY.NS,1895.300048828125,1905.0,1906.22
2024-09-26,INFY.NS,1900.25,1897.53,1908.79
2024-09-27,INFY.NS,1906.75,1899.61,1910.38
2024-09-30,INFY.NS,1875.5999755859373,1896.96,1910.74
2024-10-01,INFY.NS,1904.3499755859373,1896.76,1911.82
2024-10-03,INFY.NS,1893.4000244140625,1896.32,1912.51
2024-10-04,INFY.NS,1918.1500244140625,1899.11,1913.77
2024-10-07,INFY.NS,1934.300048828125,1904.69,1916.18
2024-10-08,INFY.NS,1948.550048828125,1911.59,1918.59
2024-10-09,INFY.NS,1952.75,1918.16,1920.34
2024-10-10,INFY.NS,1919.0,1924.36,1919.67
2024-10-11,INFY.NS,1935.0999755859373,1928.75,1919.73
2024-10-14,INFY.NS,1958.9000244140625,1938.11,1920.24
2024-10-15,INFY.NS,1959.300048828125,1943.99,1920.07
2024-10-16,INFY.NS,1920.0999755859373,1941.96,1919.36
2024-10-17,INFY.NS,1968.0999755859373,1944.75,1920.88
2024-10-18,INFY.NS,1879.5999755859373,1934.3,1919.1
2024-10-21,INFY.NS,1852.75,1924.84,1917.46
2024-10-22,INFY.NS,1851.5999755859373,1912.91,1916.03
2024-10-23,INFY.NS,1873.4000244140625,1900.69,1914.73
2024-10-24,INFY.NS,1863.3499755859373,1886.99,1913.17
2024-10-25,INFY.NS,1862.050048828125,1878.69,1910.22
2024-10-28,INFY.NS,1865.3499755859373,1864.01,1907.6
2024-10-29,INFY.NS,1839.300048828125,1858.26,1903.9
2024-10-30,INFY.NS,1802.0999755859373,1851.02,1898.89
2024-10-31,INFY.NS,1757.25,1837.54,1894.39
2024-11-01,INFY.NS,1760.8499755859375,1821.46,1889.94
2024-11-04,INFY.NS,1763.6500244140625,1807.22,1885.21
2024-11-05,INFY.NS,1754.199951171875,1791.81,1880.47
2024-11-06,INFY.NS,1823.699951171875,1785.86,1877.97
2024-11-07,INFY.NS,1803.050048828125,1780.69,1874.89
2024-11-08,INFY.NS,1829.949951171875,1784.66,1872.55
2024-11-11,INFY.NS,1860.0999755859373,1799.36,1870.99
2024-11-12,INFY.NS,1868.800048828125,1814.78,1870.77
2024-11-13,INFY.NS,1868.4000244140625,1829.74,1869.57
2024-11-14,INFY.NS,1864.550048828125,1845.51,1868.61
2024-11-18,INFY.NS,1811.449951171875,1843.76,1865.05
2024-11-19,INFY.NS,1824.75,1846.86,1861.4
2024-11-21,INFY.NS,1834.050048828125,1847.44,1857.58
2024-11-22,INFY.NS,1902.25,1853.46,1855.9
2024-11-25,INFY.NS,1889.699951171875,1856.45,1854.92
2024-11-26,INFY.NS,1924.1500244140625,1864.41,1854.56
2024-11-27,INFY.NS,1924.5,1872.98,1853.41
2024-11-28,INFY.NS,1856.6500244140625,1879.44,1849.99
2024-11-29,INFY.NS,1857.8499755859373,1884.16,1847.91
2024-12-02,INFY.NS,1879.800048828125,1890.7,1844.97
2024-12-03,INFY.NS,1892.0999755859373,1889.25,1845.39
2024-12-04,INFY.NS,1889.25,1889.19,1846.61
2024-12-05,INFY.NS,1934.8499755859373,1890.71,1849.38
2024-12-06,INFY.NS,1922.4000244140625,1890.41,1851.01
2024-12-09,INFY.NS,1923.6500244140625,1899.99,1853.02
2024-12-10,INFY.NS,1948.550048828125,1912.94,1855.91
2024-12-11,INFY.NS,1974.1500244140625,1926.42,1859.53
2024-12-12,INFY.NS,1987.0,1939.98,1864.46
2024-12-13,INFY.NS,1999.699951171875,1955.76,1871.04
2024-12-16,INFY.NS,1980.050048828125,1962.21,1878.47
2024-12-17,INFY.NS,1976.5999755859373,1969.96,1885.66
2024-12-18,INFY.NS,1979.1500244140625,1977.89,1892.85
2024-12-19,INFY.NS,1946.199951171875,1977.55,1899.25
2024-12-20,INFY.NS,1922.1500244140625,1970.12,1902.53
2024-12-23,INFY.NS,1924.300048828125,1961.16,1906.57
2024-12-24,INFY.NS,1909.050048828125,1948.21,1909.21
2024-12-26,INFY.NS,1907.4000244140625,1937.84,1910.78
2024-12-27,INFY.NS,1916.75,1929.29,1912.38
2024-12-30,INFY.NS,1906.0,1918.84,1913.63
2024-12-31,INFY.NS,1880.0,1909.38,1914.15
2025-01-01,INFY.NS,1882.5,1903.71,1916.52
2025-01-02,INFY.NS,1957.8499755859373,1908.51,1920.95
2025-01-03,INFY.NS,1938.75,1912.75,1924.44
2025-01-06,INFY.NS,1937.8499755859373,1917.1,1925.63
2025-01-07,INFY.NS,1930.8499755859373,1919.11,1927.0
2025-01-08,INFY.NS,1933.1500244140625,1922.99,1927.3
2025-01-09,INFY.NS,1917.300048828125,1928.32,1927.06
2025-01-10,INFY.NS,1966.949951171875,1940.39,1930.74
2025-01-13,INFY.NS,1962.199951171875,1941.01,1934.22
2025-01-14,INFY.NS,1940.050048828125,1941.19,1936.23
2025-01-15,INFY.NS,1949.6500244140625,1942.88,1938.14
2025-01-16,INFY.NS,1928.449951171875,1942.54,1939.45
2025-01-17,INFY.NS,1815.449951171875,1925.72,1935.47
2025-01-20,INFY.NS,1813.300048828125,1910.86,1931.83
2025-01-21,INFY.NS,1800.699951171875,1887.11,1927.74
2025-01-22,INFY.NS,1856.449951171875,1872.01,1924.66
2025-01-23,INFY.NS,1865.449951171875,1861.35,1921.04
2025-01-24,INFY.NS,1875.449951171875,1850.75,1917.32
2025-01-27,INFY.NS,1822.0,1835.54,1911.4
2025-01-28,INFY.NS,1829.75,1837.59,1906.39
2025-01-29,INFY.NS,1881.25,1847.29,1903.21
2025-01-30,INFY.NS,1859.949951171875,1855.76,1899.24
2025-01-31,INFY.NS,1879.800048828125,1859.09,1897.02
2025-02-01,INFY.NS,1851.3499755859373,1857.08,1894.66
2025-02-03,INFY.NS,1863.300048828125,1855.34,1892.63
2025-02-04,INFY.NS,1898.800048828125,1866.31,1892.29
2025-02-05,INFY.NS,1897.050048828125,1875.93,1891.94
2025-02-06,INFY.NS,1915.6500244140625,1880.84,1891.91
2025-02-07,INFY.NS,1903.6500244140625,1887.09,1891.83
2025-02-10,INFY.NS,1880.300048828125,1887.16,1891.84
2025-02-11,INFY.NS,1875.6500244140625,1890.63,1891.61
2025-02-12,INFY.NS,1863.1500244140625,1890.61,1888.46
2025-02-13,INFY.NS,1843.25,1882.67,1885.27
2025-02-14,INFY.NS,1856.4000244140625,1876.86,1882.56
2025-02-17,INFY.NS,1842.300048828125,1866.39,1879.61
2025-02-18,INFY.NS,1851.949951171875,1859.0,1876.9
2025-02-19,INFY.NS,1810.800048828125,1849.07,1873.35
2025-02-20,INFY.NS,1825.1500244140625,1841.86,1868.62
2025-02-21,INFY.NS,1815.0,1834.98,1863.72
2025-02-24,INFY.NS,1764.0999755859375,1823.67,1857.85
2025-02-25,INFY.NS,1767.699951171875,1811.0,1851.79
2025-02-27,INFY.NS,1764.300048828125,1799.86,1846.31
2025-02-28,INFY.NS,1687.699951171875,1776.39,1842.06
2025-03-03,INFY.NS,1708.5999755859375,1761.79,1838.57
2025-03-04,INFY.NS,1688.300048828125,1742.24,1834.82
2025-03-05,INFY.NS,1711.5,1727.46,1829.99
2025-03-06,INFY.NS,1715.8499755859375,1720.56,1825.0
2025-03-07,INFY.NS,1686.0,1708.89,1818.69
2025-03-10,INFY.NS,1701.449951171875,1699.91,1814.67
2025-03-11,INFY.NS,1661.5999755859375,1696.19,1809.06
2025-03-12,INFY.NS,1590.8499755859375,1679.36,1799.38
2025-03-13,INFY.NS,1579.8499755859375,1663.87,1790.05
2025-03-17,INFY.NS,1590.050048828125,1646.52,1780.39
2025-03-18,INFY.NS,1590.050048828125,1628.55,1771.68
2025-03-19,INFY.NS,1586.550048828125,1614.34,1762.45
2025-03-20,INFY.NS,1615.550048828125,1602.07,1753.01
2025-03-21,INFY.NS,1592.550048828125,1592.21,1742.86
2025-03-24,INFY.NS,1592.75,1592.48,1732.1
2025-03-25,INFY.NS,1628.449951171875,1599.42,1722.92
2025-03-26,INFY.NS,1599.449951171875,1600.76,1713.56
2025-03-27,INFY.NS,1603.550048828125,1602.69,1704.49
2025-03-28,INFY.NS,1570.6500244140625,1600.42,1694.74
2025-04-01,INFY.NS,1526.5,1587.7,1684.18
2025-04-02,INFY.NS,1550.1500244140625,1581.64,1673.98
2025-04-03,INFY.NS,1496.5,1567.89,1662.45
2025-04-04,INFY.NS,1451.6500244140625,1542.64,1649.11
2025-04-07,INFY.NS,1396.75,1513.68,1635.3
2025-04-08,INFY.NS,1428.800048828125,1488.71,1622.09
2025-04-09,INFY.NS,1403.699951171875,1464.86,1608.38
2025-04-11,INFY.NS,1409.449951171875,1448.14,1596.56
2025-04-15,INFY.NS,1426.0,1430.41,1585.17
2025-04-16,INFY.NS,1413.0999755859375,1418.49,1573.46
2025-04-17,INFY.NS,1419.5,1413.9,1564.52
2025-04-21,INFY.NS,1451.0,1421.65,1555.94
2025-04-22,INFY.NS,1422.800048828125,1420.79,1547.09
2025-04-23,INFY.NS,1474.9000244140625,1430.96,1539.2
2025-04-24,INFY.NS,1471.4000244140625,1439.81,1531.05
2025-04-25,INFY.NS,1480.199951171875,1447.56,1524.19
2025-04-28,INFY.NS,1482.0999755859375,1457.41,1516.88
2025-04-29,INFY.NS,1497.5,1468.56,1511.41
2025-04-30,INFY.NS,1500.0999755859375,1475.57,1508.39
2025-05-02,INFY.NS,1506.9000244140625,1487.59,1505.95
2025-05-05,INFY.NS,1508.5999755859375,1492.4,1503.24
2025-05-06,INFY.NS,1511.5,1498.13,1500.62
2025-05-07,INFY.NS,1508.300048828125,1502.14,1498.01
2025-05-08,INFY.NS,1511.4000244140625,1506.33,1494.54
2025-05-09,INFY.NS,1507.5999755859375,1507.77,1491.71
2025-05-12,INFY.NS,1626.9000244140625,1525.89,1492.85
2025-05-13,INFY.NS,1568.5999755859375,1534.7,1490.85
2025-05-14,INFY.NS,1592.4000244140625,1546.67,1490.62
2025-05-15,INFY.NS,1613.0,1561.17,1490.93
2025-05-16,INFY.NS,1589.9000244140625,1572.83,1491.57
2025-05-19,INFY.NS,1559.800048828125,1579.74,1492.68
2025-05-20,INFY.NS,1560.5999755859375,1587.31,1493.03
2025-05-21,INFY.NS,1568.5,1578.97,1495.43
2025-05-22,INFY.NS,1547.5,1575.96,1498.63
2025-05-23,INFY.NS,1564.800048828125,1572.01,1504.23
2025-05-26,INFY.NS,1580.5,1567.37,1509.29
2025-05-27,INFY.NS,1570.0999755859375,1564.54,1514.83
2025-05-28,INFY.NS,1571.800048828125,1566.26,1520.24
2025-05-29,INFY.NS,1585.5999755859375,1569.83,1525.56
2025-05-30,INFY.NS,1562.699951171875,1569.0,1530.55
2025-06-02,INFY.NS,1553.800048828125,1569.9,1535.03
2025-06-03,INFY.NS,1543.0,1566.79,1538.09
2025-06-04,INFY.NS,1551.199951171875,1562.6,1542.37
2025-06-05,INFY.NS,1554.300048828125,1560.34,1545.02
2025-06-06,INFY.NS,1563.800048828125,1559.2,1548.1
2025-06-09,INFY.NS,1572.9000244140625,1557.39,1551.19
2025-06-10,INFY.NS,1596.0,1562.14,1554.99
2025-06-11,INFY.NS,1631.0999755859375,1573.19,1559.44
2025-06-12,INFY.NS,1608.5999755859375,1582.56,1563.06
2025-06-13,INFY.NS,1602.0,1589.81,1566.23
2025-06-16,INFY.NS,1623.800048828125,1599.74,1570.07
2025-06-17,INFY.NS,1639.9000244140625,1610.61,1574.35
2025-06-18,INFY.NS,1632.9000244140625,1619.19,1578.5
2025-06-19,INFY.NS,1618.4000244140625,1622.39,1582.07
2025-06-20,INFY.NS,1622.9000244140625,1621.21,1585.91
2025-06-23,INFY.NS,1584.0,1617.7,1584.48
2025-06-24,INFY.NS,1581.5999755859375,1614.79,1584.91
2025-06-25,INFY.NS,1614.9000244140625,1613.51,1585.66
2025-06-26,INFY.NS,1616.0,1610.1,1585.76
2025-06-27,INFY.NS,1608.0,1606.54,1586.37
2025-06-30,INFY.NS,1601.800048828125,1604.17,1587.77
2025-07-01,INFY.NS,1606.800048828125,1601.87,1589.31
2025-07-02,INFY.NS,1610.5,1605.66,1590.71
2025-07-03,INFY.NS,1618.699951171875,1610.96,1593.08
2025-07-04,INFY.NS,1640.699951171875,1614.64,1595.61
2025-07-07,INFY.NS,1627.0,1616.21,1597.16
2025-07-08,INFY.NS,1638.699951171875,1620.6,1599.45
2025-07-09,INFY.NS,1633.699951171875,1625.16,1601.51
2025-07-10,INFY.NS,1615.800048828125,1626.44,1602.52
2025-07-11,INFY.NS,1594.9000244140625,1624.21,1603.59
2025-07-14,INFY.NS,1570.300048828125,1617.3,1604.14
2025-07-15,INFY.NS,1585.5999755859375,1609.43,1605.56
2025-07-16,INFY.NS,1607.9000244140625,1606.7,1607.45
2025-07-17,INFY.NS,1583.5,1598.81,1608.42
2025-07-18,INFY.NS,1586.0999755859375,1592.01,1609.17
2025-07-21,INFY.NS,1584.300048828125,1587.51,1609.55
2025-07-22,INFY.NS,1570.9000244140625,1584.09,1608.71
2025-07-23,INFY.NS,1574.5,1584.69,1606.82
2025-07-24,INFY.NS,1552.5,1579.96,1604.95
2025-07-25,INFY.NS,1515.699951171875,1566.79,1602.08
2025-07-28,INFY.NS,1516.0,1557.14,1598.48
2025-07-29,INFY.NS,1513.699951171875,1546.8,1594.28
2025-07-30,INFY.NS,1519.0,1537.47,1590.48
2025-07-31,INFY.NS,1509.0,1528.63,1586.83
2025-08-01,INFY.NS,1469.5999755859375,1513.64,1581.72
2025-08-04,INFY.NS,1480.5,1503.36,1578.27
2025-08-05,INFY.NS,1460.300048828125,1495.44,1574.23
2025-08-06,INFY.NS,1436.699951171875,1484.11,1568.29
2025-08-07,INFY.NS,1436.9000244140625,1473.14,1562.32
2025-08-08,INFY.NS,1423.0999755859375,1459.44,1556.16
2025-08-11,INFY.NS,1428.199951171875,1447.9,1550.37
2025-08-12,INFY.NS,1424.0999755859375,1441.4,1544.28
2025-08-13,INFY.NS,1426.5999755859375,1433.7,1538.15
2025-08-14,INFY.NS,1447.699951171875,1431.9,1532.45
2025-08-18,INFY.NS,1435.800048828125,1431.77,1525.62
2025-08-19,INFY.NS,1440.0,1432.21,1519.39
2025-08-20,INFY.NS,1496.199951171875,1442.66,1514.64
2025-08-21,INFY.NS,1496.4000244140625,1452.4,1510.06
2025-08-22,INFY.NS,1487.5,1461.46,1505.78
2025-08-25,INFY.NS,1532.0999755859375,1476.53,1503.69
2025-08-26,INFY.NS,1529.5999755859375,1488.23,1502.33
2025-08-28,INFY.NS,1500.0999755859375,1497.41,1499.48
2025-08-29,INFY.NS,1469.5999755859375,1501.64,1494.87
2025-09-01,INFY.NS,1499.4000244140625,1502.1,1492.07
2025-09-02,INFY.NS,1498.699951171875,1502.43,1489.16
2025-09-03,INFY.NS,1479.0999755859375,1501.23,1485.65
2025-09-04,INFY.NS,1463.0,1491.36,1482.05
2025-09-05,INFY.NS,1444.5999755859375,1479.21,1477.72
2025-09-08,INFY.NS,1432.9000244140625,1469.61,1473.74
2025-09-09,INFY.NS,1504.300048828125,1474.57,1473.36
2025-09-10,INFY.NS,1532.5999755859375,1479.31,1473.91
2025-09-11,INFY.NS,1509.699951171875,1480.89,1473.78
2025-09-12,INFY.NS,1525.5999755859375,1487.53,1474.0
2025-09-15,INFY.NS,1508.4000244140625,1494.01,1473.98
2025-09-16,INFY.NS,1511.300048828125,1503.54,1475.37
2025-09-17,INFY.NS,1522.4000244140625,1516.33,1476.76
2025-09-18,INFY.NS,1540.5999755859375,1521.51,1479.44
2025-09-19,INFY.NS,1540.199951171875,1522.6,1482.89
2025-09-22,INFY.NS,1499.5,1521.14,1484.98
2025-09-23,INFY.NS,1497.5,1517.13,1487.46
2025-09-24,INFY.NS,1494.5999755859375,1515.16,1489.67
2025-09-25,INFY.NS,1484.800048828125,1511.37,1491.69
2025-09-26,INFY.NS,1448.9000244140625,1500.87,1492.44
2025-09-29,INFY.NS,1441.800048828125,1486.76,1492.24
2025-09-30,INFY.NS,1441.800048828125,1472.7,1492.44
2025-10-01,INFY.NS,1445.800048828125,1465.03,1492.63
2025-10-03,INFY.NS,1446.5999755859375,1457.76,1490.98
2025-10-06,INFY.NS,1476.0,1455.1,1490.3
2025-10-07,INFY.NS,1458.5,1451.34,1489.33
2025-10-08,INFY.NS,1495.0,1457.93,1488.1
2025-10-09,INFY.NS,1509.300048828125,1467.57,1487.42
2025-10-10,INFY.NS,1514.9000244140625,1478.01,1487.91
2025-10-13,INFY.NS,1493.199951171875,1484.79,1488.7
2025-10-14,INFY.NS,1489.9000244140625,1490.97,1488.38
2025-10-15,INFY.NS,1474.4000244140625,1490.74,1487.57
2025-10-16,INFY.NS,1471.5,1492.6,1487.32
2025-10-17,INFY.NS,1441.0999755859375,1484.9,1486.59
2025-10-20,INFY.NS,1460.9000244140625,1477.99,1487.13
2025-10-21,INFY.NS,1472.4000244140625,1471.91,1488.45
2025-10-23,INFY.NS,1528.5,1476.96,1489.26
2025-10-24,INFY.NS,1525.4000244140625,1482.03,1489.02
2025-10-27,INFY.NS,1504.5,1486.33,1488.84
2025-10-28,INFY.NS,1500.199951171875,1490.43,1488.0
2025-10-29,INFY.NS,1510.4000244140625,1500.33,1488.06
2025-10-30,INFY.NS,1493.800048828125,1505.03,1487.48
2025-10-31,INFY.NS,1482.300048828125,1506.44,1486.14
2025-11-03,INFY.NS,1485.5,1500.3,1484.31
2025-11-04,INFY.NS,1467.9000244140625,1492.09,1481.9
2025-11-06,INFY.NS,1466.699951171875,1486.69,1480.8
2025-11-07,INFY.NS,1476.800048828125,1483.34,1480.11
2025-11-10,INFY.NS,1513.5,1483.79,1480.74
2025-11-11,INFY.NS,1530.300048828125,1489.0,1482.26
2025-11-12,INFY.NS,1551.699951171875,1498.91,1485.69
2025-11-13,INFY.NS,1541.800048828125,1506.96,1489.02
2025-11-14,INFY.NS,1502.800048828125,1511.94,1491.05
2025-11-17,INFY.NS,1507.5999755859375,1517.79,1493.11
2025-11-18,INFY.NS,1486.4000244140625,1519.16,1494.44
2025-11-19,INFY.NS,1541.0999755859375,1523.1,1496.61
2025-11-20,INFY.NS,1536.5,1523.99,1499.21
2025-11-21,INFY.NS,1545.0,1523.03,1500.88
2025-11-24,INFY.NS,1548.0,1523.91,1502.17
2025-11-25,INFY.NS,1530.5999755859375,1527.89,1502.69
2025-11-26,INFY.NS,1557.9000244140625,1535.07,1504.85
2025-11-27,INFY.NS,1566.4000244140625,1546.5,1507.4
2025-11-28,INFY.NS,1560.0999755859375,1549.21,1510.25
2025-12-01,INFY.NS,1564.0,1553.14,1513.34
2025-12-02,INFY.NS,1561.0,1555.43,1517.33
2025-12-03,INFY.NS,1578.699951171875,1559.81,1521.26
2025-12-04,INFY.NS,1597.5999755859375,1569.39,1525.43
2025-12-05,INFY.NS,1616.199951171875,1577.71,1528.36
2025-12-08,INFY.NS,1610.800048828125,1584.06,1531.2
2025-12-09,INFY.NS,1599.0,1589.61,1534.35
2025-12-10,INFY.NS,1584.800048828125,1592.59,1537.17
2025-12-11,INFY.NS,1598.0,1597.87,1540.09
2025-12-12,INFY.NS,1598.199951171875,1600.66,1543.57
2025-12-15,INFY.NS,1606.800048828125,1601.97,1547.72
2025-12-16,INFY.NS,1592.9000244140625,1598.64,1551.3
2025-12-17,INFY.NS,1602.0,1597.39,1555.77
2025-12-18,INFY.NS,1626.800048828125,1601.36,1561.11
2025-12-19,INFY.NS,1638.699951171875,1609.06,1566.51
2025-12-22,INFY.NS,1689.5999755859375,1622.14,1572.38
2025-12-23,INFY.NS,1668.300048828125,1632.16,1576.98
2025-12-24,INFY.NS,1663.4000244140625,1640.24,1580.7
2025-12-26,INFY.NS,1656.0999755859375,1649.27,1584.51
2025-12-29,INFY.NS,1644.699951171875,1655.37,1589.24
2025-12-30,INFY.NS,1621.5999755859375,1654.63,1593.04
2025-12-31,INFY.NS,1615.4000244140625,1651.3,1597.34
2026-01-01,INFY.NS,1629.800048828125,1642.76,1600.3
2026-01-02,INFY.NS,1640.4000244140625,1638.77,1603.76
2026-01-05,INFY.NS,1606.4000244140625,1630.63,1605.81
2026-01-06,INFY.NS,1612.199951171875,1624.36,1607.95
2026-01-07,INFY.NS,1639.0,1623.54,1611.56
2026-01-08,INFY.NS,1613.300048828125,1622.36,1613.41
2026-01-09,INFY.NS,1614.0999755859375,1622.17,1615.0
2026-01-12,INFY.NS,1595.9000244140625,1617.33,1616.19
2026-01-13,INFY.NS,1599.0,1611.41,1617.36
2026-01-14,INFY.NS,1599.800048828125,1610.47,1618.65
2026-01-15,INFY.NS,1599.800048828125,1608.7,1619.35
2026-01-16,INFY.NS,1689.800048828125,1615.96,1622.43
2026-01-19,INFY.NS,1681.199951171875,1625.66,1624.59
2026-01-20,INFY.NS,1658.9000244140625,1632.06,1626.2
2026-01-21,INFY.NS,1654.4000244140625,1640.41,1628.04
2026-01-22,INFY.NS,1663.5,1649.63,1630.67
2026-01-23,INFY.NS,1670.800048828125,1659.77,1633.09
2026-01-27,INFY.NS,1682.699951171875,1671.61,1635.91
2026-01-28,INFY.NS,1666.5,1668.29,1637.9
2026-01-29,INFY.NS,1659.5,1665.19,1640.12
2026-01-30,INFY.NS,1641.0,1662.63,1641.42
2026-02-02,INFY.NS,1629.4000244140625,1659.06,1641.51
2026-02-03,INFY.NS,1656.0,1657.99,1642.08
2026-02-04,INFY.NS,1535.800048828125,1638.7,1636.96
2026-02-05,INFY.NS,1520.199951171875,1615.49,1632.02
2026-02-06,INFY.NS,1507.0999755859375,1592.71,1626.81
2026-02-09,INFY.NS,1497.199951171875,1569.53,1621.51
2026-02-10,INFY.NS,1497.800048828125,1549.07,1616.62
2026-02-11,INFY.NS,1471.9000244140625,1526.57,1611.63
2026-02-12,INFY.NS,1386.0,1488.0,1603.98
2026-02-13,INFY.NS,1369.0999755859375,1464.19,1595.29
2026-02-16,INFY.NS,1365.5999755859375,1442.1,1586.13
2026-02-17,INFY.NS,1391.199951171875,1425.54,1578.96
2026-02-18,INFY.NS,1373.699951171875,1407.9,1571.01
2026-02-19,INFY.NS,1370.5,1389.71,1562.06
2026-02-20,INFY.NS,1353.199951171875,1372.76,1553.39
2026-02-23,INFY.NS,1327.5,1364.4,1543.83
2026-02-24,INFY.NS,1275.5,1351.03,1533.15
2026-02-25,INFY.NS,1290.0999755859375,1340.24,1522.86
2026-02-26,INFY.NS,1289.0999755859375,1325.66,1512.5
2026-02-27,INFY.NS,1300.0999755859375,1315.14,1502.51
2026-03-02,INFY.NS,1288.9000244140625,1303.49,1489.15
2026-03-04,INFY.NS,1307.4000244140625,1296.94,1476.69
2026-03-05,INFY.NS,1305.800048828125,1293.84,1464.92
2026-03-06,INFY.NS,1308.4000244140625,1298.54,1453.38
2026-03-09,INFY.NS,1315.0,1302.1,1441.77
2026-03-10,INFY.NS,1295.5999755859375,1303.03,1429.26
2026-03-11,INFY.NS,1276.300048828125,1299.63,1415.71
2026-03-12,INFY.NS,1265.800048828125,1296.33,1402.36
2026-03-13,INFY.NS,1248.300048828125,1287.89,1388.65
2026-03-16,INFY.NS,1249.800048828125,1279.89,1375.61
2026-03-17,INFY.NS,1232.9000244140625,1269.1,1362.39
2026-03-18,INFY.NS,1267.0999755859375,1262.26,1349.43
2026-03-19,INFY.NS,1220.800048828125,1251.57,1338.93
2026-03-20,INFY.NS,1255.9000244140625,1248.66,1330.12
2026-03-23,INFY.NS,1256.800048828125,1247.37,1321.78
2026-03-24,INFY.NS,1278.300048828125,1251.66,1314.48
2026-03-25,INFY.NS,1279.0999755859375,1255.84,1307.19
2026-03-27,INFY.NS,1269.699951171875,1261.1,1300.45
2026-03-30,INFY.NS,1250.5999755859375,1258.74,1295.94
2026-04-01,INFY.NS,1275.699951171875,1266.59,1292.82
2026-04-02,INFY.NS,1300.800048828125,1273.0,1290.66
2026-04-06,INFY.NS,1306.199951171875,1280.06,1287.83
2026-04-07,INFY.NS,1339.4000244140625,1288.79,1286.69
2026-04-08,INFY.NS,1346.199951171875,1298.37,1285.88
2026-04-09,INFY.NS,1331.5999755859375,1307.21,1285.16
2026-04-10,INFY.NS,1292.5,1313.2,1283.99
2026-04-13,INFY.NS,1276.800048828125,1313.36,1284.03
2026-04-15,INFY.NS,1305.300048828125,1314.0,1284.54
2026-04-16,INFY.NS,1319.199951171875,1315.86,1285.54
2026-04-17,INFY.NS,1318.699951171875,1312.9,1286.16
2026-04-20,INFY.NS,1312.5999755859375,1308.1,1286.95
2026-04-21,INFY.NS,1313.199951171875,1305.47,1287.15
2026-04-22,INFY.NS,1268.5999755859375,1302.06,1285.91
2026-04-23,INFY.NS,1240.5999755859375,1296.89,1283.65
2026-04-24,INFY.NS,1154.5999755859375,1275.36,1278.3
2026-04-27,INFY.NS,1170.300048828125,1254.09,1274.12
2026-04-28,INFY.NS,1152.0999755859375,1230.29,1269.98
2026-04-29,INFY.NS,1167.5,1209.56,1266.71
2026-04-30,INFY.NS,1181.800048828125,1190.79,1264.49
2026-05-01,INFY.NS,1181.800048828125,1178.39,1262.22
2026-05-04,INFY.NS,1168.4000244140625,1168.07,1260.07
2026-05-05,INFY.NS,1178.0999755859375,1171.43,1257.11
2026-05-06,INFY.NS,1167.199951171875,1170.99,1255.32
2026-05-07,INFY.NS,1162.699951171875,1172.5,1252.21
2026-05-08,INFY.NS,1179.199951171875,1174.17,1249.63
2026-05-11,INFY.NS,1177.0,1173.49,1246.25
2026-05-12,INFY.NS,1140.300048828125,1167.56,1241.62
2026-05-13,INFY.NS,1123.0999755859375,1161.09,1236.74
2026-05-14,INFY.NS,1095.0,1149.21,1231.55
2026-05-15,INFY.NS,1119.0,1142.33,1226.33
2026-05-18,INFY.NS,1142.5,1139.44,1221.05
2026-05-19,INFY.NS,1196.9000244140625,1141.97,1217.41
2026-05-20,INFY.NS,1193.699951171875,1144.36,1212.55
2026-05-21,INFY.NS,1181.199951171875,1150.2,1207.05
2026-05-22,INFY.NS,1174.5,1157.54,1201.81
2026-05-25,INFY.NS,1168.5,1168.04,1197.68
2026-05-26,INFY.NS,1167.699951171875,1175.0,1194.04
2026-05-27,INFY.NS,1159.9000244140625,1177.49,1189.2
2026-05-28,INFY.NS,1159.9000244140625,1172.2,1183.89
2026-05-29,INFY.NS,1160.9000244140625,1167.51,1178.63
2023-05-29,ITC.NS,432.4452209472656,432.45,432.45
2023-05-30,ITC.NS,433.215576171875,432.83,432.83
2023-05-31,ITC.NS,428.9787292480469,431.55,431.55
2023-06-01,ITC.NS,423.3938293457031,429.51,429.51
2023-06-02,ITC.NS,426.9566040039063,429.0,429.0
2023-06-05,ITC.NS,424.30859375,428.22,428.22
2023-06-06,ITC.NS,426.3788757324219,427.95,427.95
2023-06-07,ITC.NS,427.4862365722656,427.25,427.9
2023-06-08,ITC.NS,426.4751586914063,426.28,427.74
2023-06-09,ITC.NS,422.190185546875,425.31,427.18
2023-06-12,ITC.NS,420.7458190917969,424.93,426.6
2023-06-13,ITC.NS,428.8824462890625,425.21,426.79
2023-06-14,ITC.NS,428.0158386230469,425.74,426.88
2023-06-15,ITC.NS,431.4823303222656,426.47,427.21
2023-06-16,ITC.NS,436.2969055175781,427.73,427.82
2023-06-19,ITC.NS,436.7783508300781,429.2,428.38
2023-06-20,ITC.NS,436.0561828613281,431.18,428.83
2023-06-21,ITC.NS,430.4712524414063,432.57,428.92
2023-06-22,ITC.NS,431.0490112304688,432.88,429.03
2023-06-23,ITC.NS,428.2565612792969,432.91,428.99
2023-06-26,ITC.NS,429.17132568359375,432.58,429.0
2023-06-27,ITC.NS,428.5935668945313,431.48,428.98
2023-06-28,ITC.NS,432.68597412109375,430.9,429.14
2023-06-30,ITC.NS,434.8525390625,430.73,429.38
2023-07-03,ITC.NS,446.0704956054688,432.95,430.05
2023-07-04,ITC.NS,449.0555114746094,435.53,430.78
2023-07-05,ITC.NS,457.4810180664063,439.7,431.77
2023-07-06,ITC.NS,456.3255310058594,443.58,432.65
2023-07-07,ITC.NS,451.0295104980469,446.79,433.28
2023-07-10,ITC.NS,448.5740661621094,449.06,433.79
2023-07-11,ITC.NS,455.6033630371094,452.02,434.56
2023-07-12,ITC.NS,454.7848815917969,453.26,435.28
2023-07-13,ITC.NS,454.4960021972656,454.04,436.13
2023-07-14,ITC.NS,455.3626098632813,453.74,437.2
2023-07-17,ITC.NS,454.8330078125,453.53,438.13
2023-07-18,ITC.NS,454.9774475097656,454.09,439.15
2023-07-19,ITC.NS,461.0919799804688,455.88,440.31
2023-07-20,ITC.NS,473.8987426757813,458.49,441.85
2023-07-21,ITC.NS,472.26177978515625,460.99,443.38
2023-07-24,ITC.NS,453.8700866699219,460.9,444.44
2023-07-25,ITC.NS,445.1557312011719,459.44,445.25
2023-07-26,ITC.NS,454.7367248535156,459.43,446.11
2023-07-27,ITC.NS,447.8037414550781,458.4,446.77
2023-07-28,ITC.NS,451.07763671875,456.97,447.42
2023-07-31,ITC.NS,448.42962646484375,453.33,447.83
2023-08-01,ITC.NS,447.5630187988281,449.81,448.19
2023-08-02,ITC.NS,443.0372924804688,448.26,448.42
2023-08-03,ITC.NS,439.1375122070313,447.4,448.71
2023-08-04,ITC.NS,438.0782775878906,445.02,448.94
2023-08-07,ITC.NS,438.0301513671875,443.62,449.27
2023-08-08,ITC.NS,435.57470703125,441.41,449.48
2023-08-09,ITC.NS,441.6410827636719,440.44,449.92
2023-08-10,ITC.NS,434.9969482421875,438.64,449.99
2023-08-11,ITC.NS,432.1082153320313,437.08,449.9
2023-08-14,ITC.NS,432.5415344238281,436.14,449.45
2023-08-16,ITC.NS,433.5525817871094,435.49,448.94
2023-08-17,ITC.NS,424.6456298828125,433.58,447.84
2023-08-18,ITC.NS,425.2715148925781,432.11,446.81
2023-08-21,ITC.NS,431.1934509277344,430.62,446.14
2023-08-22,ITC.NS,437.40423583984375,430.96,445.77
2023-08-23,ITC.NS,433.74517822265625,431.19,445.04
2023-08-24,ITC.NS,434.1784973144531,431.43,444.36
2023-08-25,ITC.NS,426.9084777832031,430.48,443.44
2023-08-28,ITC.NS,425.0307922363281,430.53,442.43
2023-08-29,ITC.NS,423.7789916992188,430.32,441.39
2023-08-30,ITC.NS,426.3788757324219,429.63,440.44
2023-08-31,ITC.NS,423.3938293457031,427.63,439.18
2023-09-01,ITC.NS,424.6937561035156,426.34,437.54
2023-09-04,ITC.NS,421.2754211425781,424.49,435.84
2023-09-05,ITC.NS,426.6677551269531,424.46,434.93
2023-09-06,ITC.NS,430.8564147949219,425.29,434.46
2023-09-07,ITC.NS,429.3639221191406,426.09,433.61
2023-09-08,ITC.NS,426.23443603515625,426.07,432.89
2023-09-11,ITC.NS,430.6156921386719,427.1,432.21
2023-09-12,ITC.NS,434.4192199707031,428.49,431.74
2023-09-13,ITC.NS,436.68206787109375,430.69,431.38
2023-09-14,ITC.NS,433.2637023925781,431.63,431.06
2023-09-15,ITC.NS,431.7230529785156,431.76,430.81
2023-09-18,ITC.NS,435.2858276367188,432.6,430.72
2023-09-20,ITC.NS,436.1524658203125,434.02,430.65
2023-09-21,ITC.NS,430.9045715332031,434.06,430.5
2023-09-22,ITC.NS,426.6677551269531,432.95,430.0
2023-09-25,ITC.NS,426.186279296875,431.45,429.7
2023-09-26,ITC.NS,426.0418395996094,430.42,429.5
2023-09-27,ITC.NS,432.4933776855469,430.53,429.5
2023-09-28,ITC.NS,424.4049072265625,428.98,429.2
2023-09-29,ITC.NS,427.9195251464844,427.8,429.3
2023-10-03,ITC.NS,423.4419860839844,426.74,429.24
2023-10-04,ITC.NS,419.9273376464844,425.77,428.87
2023-10-05,ITC.NS,419.8791809082031,424.87,428.28
2023-10-06,ITC.NS,425.7529602050781,424.83,428.02
2023-10-09,ITC.NS,424.1160278320313,423.63,427.68
2023-10-10,ITC.NS,427.9195251464844,424.14,427.72
2023-10-11,ITC.NS,431.6267700195313,424.67,427.94
2023-10-12,ITC.NS,433.9859008789063,426.17,428.28
2023-10-13,ITC.NS,431.7230529785156,427.86,428.45
2023-10-16,ITC.NS,432.3008117675781,429.63,428.75
2023-10-17,ITC.NS,436.6339111328125,431.19,429.15
2023-10-18,ITC.NS,434.9006652832031,432.73,429.6
2023-10-19,ITC.NS,433.697021484375,433.55,429.84
2023-10-20,ITC.NS,422.0457458496094,432.18,429.54
2023-10-23,ITC.NS,419.7347412109375,430.15,429.22
2023-10-25,ITC.NS,416.6534118652344,428.0,428.9
2023-10-26,ITC.NS,418.24224853515625,425.99,428.49
2023-10-27,ITC.NS,417.66448974609375,423.28,427.93
2023-10-30,ITC.NS,414.4868774414063,420.36,427.19
2023-10-31,ITC.NS,412.5128784179688,417.33,426.5
2023-11-01,ITC.NS,412.2240295410156,415.93,425.85
2023-11-02,ITC.NS,415.1609191894531,415.28,425.18
2023-11-03,ITC.NS,417.1830139160156,415.35,424.55
2023-11-06,ITC.NS,419.20513916015625,415.49,424.16
2023-11-07,ITC.NS,416.6534118652344,415.35,423.82
2023-11-08,ITC.NS,420.7458190917969,416.24,423.64
2023-11-09,ITC.NS,418.2903747558594,417.07,423.38
2023-11-10,ITC.NS,420.3606567382813,418.23,422.98
2023-11-13,ITC.NS,419.8310546875,418.9,422.83
2023-11-15,ITC.NS,425.5603942871094,420.09,422.75
2023-11-16,ITC.NS,422.3827819824219,420.55,422.71
2023-11-17,ITC.NS,422.9605102539063,421.45,422.81
2023-11-20,ITC.NS,420.6013793945313,421.43,422.84
2023-11-21,ITC.NS,420.07177734375,421.68,422.65
2023-11-22,ITC.NS,423.3938293457031,422.11,422.63
2023-11-23,ITC.NS,424.0197143554688,422.71,422.5
2023-11-24,ITC.NS,421.5643005371094,422.14,422.16
2023-11-28,ITC.NS,419.1088562011719,421.67,421.66
2023-11-29,ITC.NS,420.9865417480469,421.39,421.31
2023-11-30,ITC.NS,419.6384582519531,421.25,420.88
2023-12-01,ITC.NS,433.1192626953125,423.12,420.77
2023-12-04,ITC.NS,437.211669921875,425.09,420.84
2023-12-05,ITC.NS,434.9969482421875,426.66,420.89
2023-12-06,ITC.NS,446.0704956054688,430.16,421.69
2023-12-07,ITC.NS,441.1114807128906,433.3,422.4
2023-12-08,ITC.NS,432.4933776855469,434.95,422.93
2023-12-11,ITC.NS,435.6709899902344,437.24,423.51
2023-12-12,ITC.NS,436.2969055175781,437.69,424.13
2023-12-13,ITC.NS,438.7523193359375,437.91,424.94
2023-12-14,ITC.NS,443.0372924804688,439.06,425.96
2023-12-15,ITC.NS,441.207763671875,438.37,426.92
2023-12-18,ITC.NS,434.9006652832031,437.48,427.58
2023-12-19,ITC.NS,439.1856384277344,438.44,428.31
2023-12-20,ITC.NS,434.2747802734375,438.24,428.82
2023-12-21,ITC.NS,434.7080993652344,438.01,429.42
2023-12-22,ITC.NS,438.3190307617188,437.95,430.0
2023-12-26,ITC.NS,439.5226745605469,437.45,430.71
2023-12-27,ITC.NS,440.1485595703125,437.29,431.37
2023-12-28,ITC.NS,446.8889770507813,439.01,432.27
2023-12-29,ITC.NS,444.963134765625,439.83,432.92
2024-01-01,ITC.NS,450.6924743652344,442.18,433.86
2024-01-02,ITC.NS,452.9071960449219,444.78,434.86
2024-01-03,ITC.NS,459.5513000488281,447.81,436.16
2024-01-04,ITC.NS,458.7328186035156,450.55,437.45
2024-01-05,ITC.NS,456.3736877441406,452.87,438.55
2024-01-08,ITC.NS,448.237060546875,453.07,439.36
2024-01-09,ITC.NS,447.322265625,453.4,440.21
2024-01-10,ITC.NS,446.1186218261719,452.75,441.11
2024-01-11,ITC.NS,445.4927368164063,451.69,441.93
2024-01-12,ITC.NS,449.3925476074219,450.24,442.92
2024-01-15,ITC.NS,450.2591552734375,449.03,443.49
2024-01-16,ITC.NS,454.7848815917969,448.8,444.08
2024-01-17,ITC.NS,449.2962646484375,448.95,444.56
2024-01-18,ITC.NS,448.237060546875,449.08,444.63
2024-01-19,ITC.NS,454.0145263671875,450.21,445.06
2024-01-23,ITC.NS,442.2669677734375,449.75,445.39
2024-01-24,ITC.NS,446.4075012207031,449.32,445.74
2024-01-25,ITC.NS,438.7523193359375,447.68,445.82
2024-01-29,ITC.NS,433.1192626953125,444.58,445.64
2024-01-30,ITC.NS,421.8050231933594,440.66,444.93
2024-01-31,ITC.NS,425.17523193359375,437.36,444.4
2024-02-01,ITC.NS,426.4751586914063,433.43,444.11
2024-02-02,ITC.NS,423.7789916992188,430.79,443.6
2024-02-05,ITC.NS,421.8050231933594,427.27,443.18
2024-02-06,ITC.NS,415.4016418457031,423.94,442.54
2024-02-07,ITC.NS,415.7868041992188,421.46,441.79
2024-02-08,ITC.NS,399.176513671875,418.23,440.45
2024-02-09,ITC.NS,400.0912780761719,414.65,439.11
2024-02-12,ITC.NS,391.7620544433594,409.69,437.27
2024-02-13,ITC.NS,391.665771484375,405.1,435.5
2024-02-14,ITC.NS,396.2877807617188,401.45,433.68
2024-02-15,ITC.NS,388.9214782714844,397.67,431.55
2024-02-16,ITC.NS,389.5955200195313,393.93,429.22
2024-02-19,ITC.NS,394.0730590820313,393.2,427.06
2024-02-20,ITC.NS,391.0398864746094,391.91,424.88
2024-02-21,ITC.NS,388.3918762207031,391.43,422.89
2024-02-22,ITC.NS,399.0802307128906,392.48,421.28
2024-02-23,ITC.NS,396.1433410644531,392.46,419.62
2024-02-26,ITC.NS,394.0249328613281,393.19,417.9
2024-02-27,ITC.NS,395.902587890625,394.09,416.12
2024-02-28,ITC.NS,393.1582946777344,393.96,414.21
2024-02-29,ITC.NS,391.2324523925781,393.99,412.1
2024-03-01,ITC.NS,394.3137817382813,394.84,410.26
2024-03-04,ITC.NS,393.9286193847656,394.1,408.45
2024-03-05,ITC.NS,391.0880126953125,393.38,406.36
2024-03-06,ITC.NS,392.7249755859375,393.19,404.7
2024-03-07,ITC.NS,398.2135925292969,393.52,403.1
2024-03-11,ITC.NS,394.2174987792969,393.67,401.61
2024-03-12,ITC.NS,389.4510803222656,393.42,400.16
2024-03-13,ITC.NS,406.7835388183594,395.2,399.66
2024-03-14,ITC.NS,404.0873718261719,396.65,398.95
2024-03-15,ITC.NS,403.5577697753906,398.43,398.19
2024-03-18,ITC.NS,401.9689636230469,399.75,397.46
2024-03-19,ITC.NS,394.3619384765625,399.2,396.55
2024-03-20,ITC.NS,400.2838745117188,400.07,396.04
2024-03-21,ITC.NS,405.6280517578125,402.38,395.71
2024-03-22,ITC.NS,412.7054748535156,403.23,396.16
2024-03-26,ITC.NS,411.7907104492188,404.33,396.55
2024-03-27,ITC.NS,412.1277160644531,405.55,397.23
2024-03-28,ITC.NS,412.4647521972656,407.05,397.92
2024-04-01,ITC.NS,410.8759460449219,409.41,398.4
2024-04-02,ITC.NS,410.0574645996094,410.81,399.11
2024-04-03,ITC.NS,409.4315490722656,411.35,399.77
2024-04-04,ITC.NS,407.0724182128906,410.55,400.2
2024-04-05,ITC.NS,411.6944274902344,410.53,400.89
2024-04-08,ITC.NS,413.1869201660156,410.68,401.72
2024-04-09,ITC.NS,410.5389099121094,410.41,402.1
2024-04-10,ITC.NS,420.7458190917969,411.82,402.92
2024-04-12,ITC.NS,414.14984130859375,412.4,403.59
2024-04-15,ITC.NS,410.1055908203125,412.5,404.06
2024-04-16,ITC.NS,410.1055908203125,412.93,404.63
2024-04-18,ITC.NS,403.3170471191406,411.74,405.03
2024-04-19,ITC.NS,408.9982604980469,411.14,405.52
2024-04-22,ITC.NS,409.5278625488281,410.99,406.04
2024-04-23,ITC.NS,413.2832336425781,409.93,406.78
2024-04-24,ITC.NS,412.9943542480469,409.76,407.46
2024-04-25,ITC.NS,421.3235778808594,411.36,408.23
2024-04-26,ITC.NS,423.6827087402344,413.3,409.21
2024-04-29,ITC.NS,421.949462890625,415.97,410.29
2024-04-30,ITC.NS,419.4940185546875,417.47,410.72
2024-05-02,ITC.NS,422.71978759765625,419.35,411.34
2024-05-03,ITC.NS,420.2643432617188,420.35,411.9
2024-05-06,ITC.NS,418.6274108886719,421.15,412.45
2024-05-07,ITC.NS,424.0197143554688,421.54,413.44
2024-05-08,ITC.NS,424.6456298828125,421.67,414.25
2024-05-09,ITC.NS,409.3352661132813,419.87,414.37
2024-05-10,ITC.NS,417.2793273925781,419.56,414.53
2024-05-13,ITC.NS,415.8349609375,418.57,414.66
2024-05-14,ITC.NS,413.7646789550781,417.64,414.72
2024-05-15,ITC.NS,411.9351501464844,416.69,414.7
2024-05-16,ITC.NS,415.4497680664063,415.46,414.85
2024-05-17,ITC.NS,420.1199340820313,414.82,415.19
2024-05-21,ITC.NS,418.675537109375,416.15,415.49
2024-05-22,ITC.NS,423.58642578125,417.05,416.05
2024-05-23,ITC.NS,424.9826354980469,418.36,416.49
2024-05-24,ITC.NS,420.0236206054688,419.25,416.72
2024-05-27,ITC.NS,415.4979248046875,419.76,416.88
2024-05-28,ITC.NS,413.0906372070313,419.43,416.63
2024-05-29,ITC.NS,414.9683227539063,418.69,416.65
2024-05-30,ITC.NS,408.1316223144531,417.18,416.59
2024-05-31,ITC.NS,410.63519287109375,415.33,416.61
2024-06-03,ITC.NS,414.39056396484375,413.82,416.97
2024-06-04,ITC.NS,399.8023986816406,410.93,416.67
2024-06-05,ITC.NS,414.3424377441406,410.77,416.83
2024-06-06,ITC.NS,419.2532958984375,411.65,417.03
2024-06-07,ITC.NS,422.8642272949219,412.77,417.36
2024-06-10,ITC.NS,420.6976623535156,414.57,417.34
2024-06-11,ITC.NS,416.9422912597656,415.47,417.11
2024-06-12,ITC.NS,416.2682495117188,415.74,416.92
2024-06-13,ITC.NS,414.3424377441406,417.82,416.75
2024-06-14,ITC.NS,415.1609191894531,417.93,416.5
2024-06-18,ITC.NS,412.8499145507813,417.02,416.25
2024-06-19,ITC.NS,407.9390563964844,414.89,415.89
2024-06-20,ITC.NS,407.6020202636719,413.01,415.35
2024-06-21,ITC.NS,404.0392456054688,411.17,414.66
2024-06-24,ITC.NS,407.6020202636719,409.93,414.6
2024-06-25,ITC.NS,407.6020202636719,408.97,414.28
2024-06-26,ITC.NS,408.2279052734375,407.98,414.03
2024-06-27,ITC.NS,409.8167419433594,407.55,413.89
2024-06-28,ITC.NS,409.1427001953125,407.72,413.8
2024-07-01,ITC.NS,413.1387939453125,408.51,413.72
2024-07-02,ITC.NS,409.7204284667969,409.32,413.38
2024-07-03,ITC.NS,412.4165954589844,410.01,413.17
2024-07-04,ITC.NS,413.1387939453125,410.8,412.82
2024-07-05,ITC.NS,417.5682067871094,412.13,412.57
2024-07-08,ITC.NS,427.1492004394531,414.61,412.81
2024-07-09,ITC.NS,435.8154296875,418.42,413.49
2024-07-10,ITC.NS,434.7080993652344,421.5,414.21
2024-07-11,ITC.NS,441.6410827636719,426.06,415.1
2024-07-12,ITC.NS,442.0262451171875,430.29,416.23
2024-07-15,ITC.NS,446.2149353027344,435.02,417.41
2024-07-16,ITC.NS,448.2851867675781,439.41,418.54
2024-07-18,ITC.NS,452.8108825683594,443.07,420.31
2024-07-19,ITC.NS,456.951416015625,446.09,421.73
2024-07-22,ITC.NS,449.24810791015625,448.17,422.73
2024-07-23,ITC.NS,473.9468688964844,452.78,424.43
2024-07-24,ITC.NS,475.728271484375,457.6,426.27
2024-07-25,ITC.NS,471.78033447265625,461.25,428.1
2024-07-26,ITC.NS,483.5760498046875,466.29,430.34
2024-07-29,ITC.NS,477.6541137695313,469.84,432.45
2024-07-30,ITC.NS,471.732177734375,471.95,434.34
2024-07-31,ITC.NS,476.9800720214844,475.91,436.47
2024-08-01,ITC.NS,475.3912658691406,476.12,438.72
2024-08-02,ITC.NS,470.96185302734375,475.44,440.83
2024-08-05,ITC.NS,467.976806640625,474.9,442.97
2024-08-06,ITC.NS,468.26568603515625,472.71,444.99
2024-08-07,ITC.NS,474.3801879882813,472.24,447.21
2024-08-08,ITC.NS,476.4023132324219,472.91,449.49
2024-08-09,ITC.NS,477.5096740722656,472.98,451.74
2024-08-12,ITC.NS,476.25787353515625,473.11,453.98
2024-08-13,ITC.NS,471.8284606933594,473.23,455.94
2024-08-14,ITC.NS,473.9468688964844,474.08,458.08
2024-08-16,ITC.NS,484.0093383789063,476.33,460.46
2024-08-19,ITC.NS,482.8538513183594,477.54,462.79
2024-08-20,ITC.NS,480.3021240234375,478.1,464.88
2024-08-21,ITC.NS,486.6573791503906,479.41,466.86
2024-08-22,ITC.NS,485.8388977050781,480.78,468.53
2024-08-23,ITC.NS,487.0425415039063,482.95,470.27
2024-08-26,ITC.NS,486.94622802734375,484.81,471.78
2024-08-27,ITC.NS,482.0353698730469,484.53,473.12
2024-08-28,ITC.NS,478.8577575683594,483.95,474.21
2024-08-29,ITC.NS,486.3684997558594,484.82,475.47
2024-08-30,ITC.NS,483.28717041015625,484.34,476.49
2024-09-02,ITC.NS,491.1349182128906,485.1,477.63
2024-09-03,ITC.NS,490.509033203125,485.59,479.01
2024-09-04,ITC.NS,487.5721435546875,485.68,479.46
2024-09-05,ITC.NS,492.2422790527344,487.14,480.01
2024-09-06,ITC.NS,483.0945739746094,487.74,480.39
2024-09-09,ITC.NS,492.7718811035156,488.66,480.69
2024-09-10,ITC.NS,494.5532836914063,490.27,481.26
2024-09-11,ITC.NS,495.27545166015625,490.86,482.04
2024-09-12,ITC.NS,500.2344665527344,492.25,482.82
2024-09-13,ITC.NS,494.79400634765625,493.28,483.46
2024-09-16,ITC.NS,492.14599609375,493.27,484.17
2024-09-17,ITC.NS,488.9202270507813,494.1,484.87
2024-09-18,ITC.NS,488.5350341796875,493.49,485.54
2024-09-19,ITC.NS,489.4016723632813,492.76,486.04
2024-09-20,ITC.NS,495.3236083984375,492.77,486.68
2024-09-23,ITC.NS,497.7790222167969,492.41,487.35
2024-09-24,ITC.NS,496.14208984375,492.61,488.01
2024-09-25,ITC.NS,498.3567810058594,493.49,488.9
2024-09-26,ITC.NS,503.3639526367188,495.56,489.88
2024-09-27,ITC.NS,503.3157958984375,497.67,490.52
2024-09-30,ITC.NS,498.9345397949219,499.03,491.06
2024-10-01,ITC.NS,497.0568542480469,499.28,491.62
2024-10-03,ITC.NS,493.73480224609375,498.7,491.85
2024-10-04,ITC.NS,484.8759765625,497.09,491.82
2024-10-07,ITC.NS,491.27935791015625,496.08,491.96
2024-10-08,ITC.NS,489.11279296875,494.04,492.03
2024-10-09,ITC.NS,473.4654235839844,489.78,491.75
2024-10-10,ITC.NS,473.8024597167969,486.19,491.58
2024-10-11,ITC.NS,470.09521484375,482.34,491.04
2024-10-14,ITC.NS,478.5207214355469,480.16,490.88
2024-10-15,ITC.NS,480.0614013671875,479.48,490.51
2024-10-16,ITC.NS,474.9097900390625,477.14,489.99
2024-10-17,ITC.NS,470.7692565917969,474.52,489.43
2024-10-18,ITC.NS,468.6508483886719,473.83,488.64
2024-10-21,ITC.NS,465.7139587402344,472.67,488.06
2024-10-22,ITC.NS,463.93255615234375,471.79,487.1
2024-10-23,ITC.NS,462.5363464355469,469.51,486.03
2024-10-24,ITC.NS,454.2071228027344,465.82,484.67
2024-10-25,ITC.NS,464.4140319824219,464.32,483.47
2024-10-28,ITC.NS,466.1954040527344,463.66,482.52
2024-10-29,ITC.NS,469.8544921875,463.84,481.78
2024-10-30,ITC.NS,473.3209838867188,464.92,481.26
2024-10-31,ITC.NS,470.6729736328125,465.89,480.66
2024-11-01,ITC.NS,472.1173400878906,467.25,480.08
2024-11-04,ITC.NS,466.6287231445313,469.03,479.13
2024-11-05,ITC.NS,462.3919067382813,468.74,477.95
2024-11-06,ITC.NS,463.2585144042969,468.32,476.85
2024-11-07,ITC.NS,460.17718505859375,466.94,475.58
2024-11-08,ITC.NS,460.3216247558594,465.08,474.14
2024-11-11,ITC.NS,459.2624206542969,463.45,472.68
2024-11-12,ITC.NS,455.3144836425781,461.05,471.22
2024-11-13,ITC.NS,454.6885681152344,459.34,469.81
2024-11-14,ITC.NS,448.67034912109375,457.38,468.31
2024-11-18,ITC.NS,449.24810791015625,455.38,467.12
2024-11-19,ITC.NS,450.0184326171875,453.93,465.74
2024-11-21,ITC.NS,440.19671630859375,451.06,464.11
2024-11-22,ITC.NS,457.0477294921875,450.74,463.57
2024-11-25,ITC.NS,459.1179809570313,451.28,463.08
2024-11-26,ITC.NS,459.3105773925781,451.94,462.72
2024-11-27,ITC.NS,459.2624206542969,453.46,462.08
2024-11-28,ITC.NS,457.2884521484375,454.61,461.32
2024-11-29,ITC.NS,459.0698547363281,455.9,460.79
2024-12-02,ITC.NS,459.5031433105469,458.66,460.41
2024-12-03,ITC.NS,455.0256042480469,458.37,459.96
2024-12-04,ITC.NS,449.7777099609375,457.03,459.43
2024-12-05,ITC.NS,450.1628723144531,455.73,458.97
2024-12-06,ITC.NS,453.6775207519531,454.93,458.67
2024-12-09,ITC.NS,447.7074279785156,453.56,458.46
2024-12-10,ITC.NS,448.18890380859375,452.01,457.92
2024-12-11,ITC.NS,447.9963073730469,450.36,457.31
2024-12-12,ITC.NS,443.5187683105469,448.72,456.43
2024-12-13,ITC.NS,452.5701599121094,449.12,455.74
2024-12-16,ITC.NS,452.66644287109375,449.48,455.14
2024-12-17,ITC.NS,452.1368408203125,449.25,454.47
2024-12-18,ITC.NS,453.0516357421875,450.02,454.02
2024-12-19,ITC.NS,449.24810791015625,450.17,453.58
2024-12-20,ITC.NS,447.4185791015625,450.09,453.05
2024-12-23,ITC.NS,456.6625671386719,451.96,452.94
2024-12-24,ITC.NS,460.706787109375,453.13,452.95
2024-12-26,ITC.NS,459.2624206542969,454.07,452.95
2024-12-27,ITC.NS,460.8512268066406,455.31,453.14
2024-12-30,ITC.NS,459.3105773925781,456.21,453.29
2024-12-31,ITC.NS,465.7139587402344,458.56,453.86
2025-01-01,ITC.NS,466.0028381347656,461.22,454.42
2025-01-02,ITC.NS,470.9136962890625,463.25,455.11
2025-01-03,ITC.NS,463.739990234375,463.68,455.9
2025-01-06,ITC.NS,442.6499938964844,461.31,455.42
2025-01-07,ITC.NS,441.1000061035156,458.49,454.82
2025-01-08,ITC.NS,449.5499877929688,457.1,454.49
2025-01-09,ITC.NS,450.1000061035156,454.87,454.19
2025-01-10,ITC.NS,444.8999938964844,451.85,453.77
2025-01-13,ITC.NS,439.0499877929688,447.3,453.11
2025-01-14,ITC.NS,436.6000061035156,443.42,452.34
2025-01-15,ITC.NS,437.3500061035156,442.66,451.75
2025-01-16,ITC.NS,432.8500061035156,441.49,451.19
2025-01-17,ITC.NS,440.2000122070313,440.15,450.86
2025-01-20,ITC.NS,437.7000122070313,438.38,450.32
2025-01-21,ITC.NS,437.5499877929688,437.33,449.99
2025-01-22,ITC.NS,437.0,437.04,449.61
2025-01-23,ITC.NS,440.2000122070313,437.55,449.35
2025-01-24,ITC.NS,441.6000061035156,438.16,449.29
2025-01-27,ITC.NS,440.1000061035156,439.19,448.87
2025-01-28,ITC.NS,435.4500122070313,438.51,448.3
2025-01-29,ITC.NS,433.3500061035156,437.89,447.67
2025-01-30,ITC.NS,436.2000122070313,437.7,447.11
2025-01-31,ITC.NS,447.5,439.2,447.05
2025-02-01,ITC.NS,462.5499877929688,442.39,447.56
2025-02-03,ITC.NS,454.3500061035156,444.21,447.48
2025-02-04,ITC.NS,455.1499938964844,446.36,447.29
2025-02-05,ITC.NS,448.1499938964844,448.18,446.92
2025-02-06,ITC.NS,441.1000061035156,449.29,446.27
2025-02-07,ITC.NS,430.8500061035156,448.52,445.32
2025-02-10,ITC.NS,427.2000122070313,445.62,444.03
2025-02-11,ITC.NS,418.2999877929688,439.3,442.44
2025-02-12,ITC.NS,409.8999938964844,432.95,440.41
2025-02-13,ITC.NS,409.7000122070313,426.46,438.61
2025-02-14,ITC.NS,410.25,421.04,437.53
2025-02-17,ITC.NS,408.6000061035156,416.4,436.45
2025-02-18,ITC.NS,405.25,412.74,434.97
2025-02-19,ITC.NS,406.3999938964844,409.77,433.51
2025-02-20,ITC.NS,402.0499877929688,407.45,432.08
2025-02-21,ITC.NS,400.8999938964844,406.16,430.81
2025-02-24,ITC.NS,401.8999938964844,405.05,429.66
2025-02-25,ITC.NS,404.8500061035156,404.28,428.57
2025-02-27,ITC.NS,401.6000061035156,403.28,427.53
2025-02-28,ITC.NS,395.0,401.81,426.02
2025-03-03,ITC.NS,397.4500122070313,400.54,424.68
2025-03-04,ITC.NS,394.8500061035156,399.51,423.26
2025-03-05,ITC.NS,405.0499877929688,400.1,422.19
2025-03-06,ITC.NS,405.7000122070313,400.64,421.04
2025-03-07,ITC.NS,403.8999938964844,400.51,419.79
2025-03-10,ITC.NS,405.0,400.99,418.62
2025-03-11,ITC.NS,406.2000122070313,402.59,417.64
2025-03-12,ITC.NS,412.3999938964844,404.73,416.94
2025-03-13,ITC.NS,412.0499877929688,407.19,416.14
2025-03-17,ITC.NS,407.9500122070313,407.6,414.82
2025-03-18,ITC.NS,409.1000061035156,408.09,413.04
2025-03-19,ITC.NS,403.0499877929688,407.96,411.33
2025-03-20,ITC.NS,403.9500122070313,407.81,409.62
2025-03-21,ITC.NS,405.5499877929688,407.72,408.2
2025-03-24,ITC.NS,410.8999938964844,407.51,407.2
2025-03-25,ITC.NS,409.7999877929688,407.19,406.49
2025-03-26,ITC.NS,407.3500061035156,407.1,405.83
2025-03-27,ITC.NS,409.4500122070313,407.15,405.54
2025-03-28,ITC.NS,409.75,408.11,405.53
2025-04-01,ITC.NS,406.6499938964844,408.49,405.43
2025-04-02,ITC.NS,409.0499877929688,408.99,405.39
2025-04-03,ITC.NS,409.3999938964844,408.78,405.42
2025-04-04,ITC.NS,409.7000122070313,408.76,405.56
2025-04-07,ITC.NS,406.0499877929688,408.58,405.55
2025-04-08,ITC.NS,412.5499877929688,409.02,405.9
2025-04-09,ITC.NS,416.2999877929688,409.96,406.42
2025-04-11,ITC.NS,421.5499877929688,412.09,407.07
2025-04-15,ITC.NS,420.3999938964844,413.71,407.59
2025-04-16,ITC.NS,424.4500122070313,415.86,408.35
2025-04-17,ITC.NS,427.25,418.36,409.43
2025-04-21,ITC.NS,422.8500061035156,420.76,410.27
2025-04-22,ITC.NS,433.6000061035156,423.77,411.56
2025-04-23,ITC.NS,430.8500061035156,425.85,412.42
2025-04-24,ITC.NS,430.0499877929688,427.06,413.24
2025-04-25,ITC.NS,427.7999877929688,428.12,414.03
2025-04-28,ITC.NS,428.7999877929688,428.74,414.83
2025-04-29,ITC.NS,426.0,428.56,415.49
2025-04-30,ITC.NS,425.7999877929688,428.99,415.93
2025-05-02,ITC.NS,429.5,428.4,416.51
2025-05-05,ITC.NS,436.9500122070313,429.27,417.48
2025-05-06,ITC.NS,435.5499877929688,430.06,418.36
2025-05-07,ITC.NS,431.1499938964844,430.54,419.3
2025-05-08,ITC.NS,430.6000061035156,430.79,420.19
2025-05-09,ITC.NS,423.5499877929688,430.44,420.79
2025-05-12,ITC.NS,435.5,431.83,421.61
2025-05-13,ITC.NS,427.8999938964844,431.6,422.21
2025-05-14,ITC.NS,429.1000061035156,430.48,422.94
2025-05-15,ITC.NS,432.6499938964844,430.06,423.71
2025-05-16,ITC.NS,435.7000122070313,430.71,424.57
2025-05-19,ITC.NS,435.3500061035156,431.39,425.53
2025-05-20,ITC.NS,434.8999938964844,433.01,426.39
2025-05-21,ITC.NS,433.0,432.66,427.18
2025-05-22,ITC.NS,426.1000061035156,432.4,427.73
2025-05-23,ITC.NS,436.2999877929688,433.43,428.73
2025-05-26,ITC.NS,442.8999938964844,434.89,429.75
2025-05-27,ITC.NS,433.8999938964844,434.64,430.33
2025-05-28,ITC.NS,420.2000122070313,432.47,430.29
2025-05-29,ITC.NS,418.75,430.16,430.23
2025-05-30,ITC.NS,418.0499877929688,428.03,430.02
2025-06-02,ITC.NS,419.2999877929688,427.06,429.75
2025-06-03,ITC.NS,416.9500122070313,424.29,429.56
2025-06-04,ITC.NS,417.0,420.59,429.0
2025-06-05,ITC.NS,419.1000061035156,418.48,428.61
2025-06-06,ITC.NS,421.0499877929688,418.6,428.31
2025-06-09,ITC.NS,423.0499877929688,419.21,428.15
2025-06-10,ITC.NS,427.0,420.49,428.09
2025-06-11,ITC.NS,426.1499938964844,421.47,428.1
2025-06-12,ITC.NS,421.0,422.05,427.94
2025-06-13,ITC.NS,413.8999938964844,421.61,427.42
2025-06-16,ITC.NS,418.2000122070313,421.48,426.79
2025-06-17,ITC.NS,417.3999938964844,420.96,426.19
2025-06-18,ITC.NS,415.8999938964844,419.94,425.68
2025-06-19,ITC.NS,416.0,418.36,425.19
2025-06-20,ITC.NS,418.5499877929688,417.28,425.03
2025-06-23,ITC.NS,413.8999938964844,416.26,424.31
2025-06-24,ITC.NS,414.3500061035156,416.33,423.86
2025-06-25,ITC.NS,416.3500061035156,416.06,423.43
2025-06-26,ITC.NS,420.2999877929688,416.48,423.02
2025-06-27,ITC.NS,418.6499938964844,416.87,422.45
2025-06-30,ITC.NS,416.4500122070313,416.94,421.82
2025-07-01,ITC.NS,415.1000061035156,416.44,421.16
2025-07-02,ITC.NS,412.9500122070313,416.31,420.49
2025-07-03,ITC.NS,413.3500061035156,416.16,420.07
2025-07-04,ITC.NS,412.5499877929688,415.62,419.28
2025-07-07,ITC.NS,416.1499938964844,415.03,418.38
2025-07-08,ITC.NS,417.2000122070313,414.82,417.83
2025-07-09,ITC.NS,419.4500122070313,415.25,417.8
2025-07-10,ITC.NS,416.8500061035156,415.5,417.74
2025-07-11,ITC.NS,416.7999877929688,416.05,417.7
2025-07-14,ITC.NS,419.3999938964844,416.91,417.7
2025-07-15,ITC.NS,422.1000061035156,418.28,417.87
2025-07-16,ITC.NS,424.6000061035156,419.49,418.13
2025-07-17,ITC.NS,423.9500122070313,420.45,418.29
2025-07-18,ITC.NS,422.75,420.92,418.35
2025-07-21,ITC.NS,420.1000061035156,421.39,418.25
2025-07-22,ITC.NS,416.0,421.27,417.88
2025-07-23,ITC.NS,414.9500122070313,420.64,417.51
2025-07-24,ITC.NS,409.9500122070313,418.9,417.14
2025-07-25,ITC.NS,409.3999938964844,416.73,416.99
2025-07-28,ITC.NS,409.8999938964844,414.72,416.71
2025-07-29,ITC.NS,408.4500122070313,412.68,416.41
2025-07-30,ITC.NS,407.6000061035156,410.89,416.14
2025-07-31,ITC.NS,411.9500122070313,410.31,416.0
2025-08-01,ITC.NS,416.4500122070313,410.53,415.93
2025-08-04,ITC.NS,416.8500061035156,411.51,416.03
2025-08-05,ITC.NS,414.1499938964844,412.19,416.02
2025-08-06,ITC.NS,412.0,412.49,415.88
2025-08-07,ITC.NS,413.6000061035156,413.23,415.66
2025-08-08,ITC.NS,414.5,414.21,415.52
2025-08-11,ITC.NS,416.8500061035156,414.91,415.53
2025-08-12,ITC.NS,416.3500061035156,414.9,415.57
2025-08-13,ITC.NS,414.1000061035156,414.51,415.61
2025-08-14,ITC.NS,411.4500122070313,414.12,415.55
2025-08-18,ITC.NS,406.2999877929688,413.31,415.34
2025-08-19,ITC.NS,409.1000061035156,412.66,415.1
2025-08-20,ITC.NS,406.0499877929688,411.46,414.73
2025-08-21,ITC.NS,405.5499877929688,409.84,414.27
2025-08-22,ITC.NS,398.2999877929688,407.26,413.65
2025-08-25,ITC.NS,399.3500061035156,405.16,413.07
2025-08-26,ITC.NS,403.3500061035156,404.0,412.53
2025-08-28,ITC.NS,400.8999938964844,403.23,411.83
2025-08-29,ITC.NS,409.75,403.32,411.33
2025-09-01,ITC.NS,405.8500061035156,403.29,410.73
2025-09-02,ITC.NS,406.75,403.46,410.2
2025-09-03,ITC.NS,411.75,405.39,409.92
2025-09-04,ITC.NS,415.8999938964844,407.75,409.91
2025-09-05,ITC.NS,407.3500061035156,408.32,409.66
2025-09-08,ITC.NS,407.5499877929688,409.27,409.58
2025-09-09,ITC.NS,410.0499877929688,409.31,409.6
2025-09-10,ITC.NS,413.0499877929688,410.34,409.71
2025-09-11,ITC.NS,415.0499877929688,411.53,409.93
2025-09-12,ITC.NS,413.75,411.81,410.13
2025-09-15,ITC.NS,412.6499938964844,411.35,410.15
2025-09-16,ITC.NS,413.1000061035156,412.17,410.04
2025-09-17,ITC.NS,409.2999877929688,412.42,409.79
2025-09-18,ITC.NS,411.5499877929688,412.64,409.7
2025-09-19,ITC.NS,410.6499938964844,412.29,409.66
2025-09-22,ITC.NS,406.9500122070313,411.14,409.44
2025-09-23,ITC.NS,403.2000122070313,409.63,409.06
2025-09-24,ITC.NS,401.0,407.96,408.53
2025-09-25,ITC.NS,400.1000061035156,406.11,407.99
2025-09-26,ITC.NS,405.1000061035156,405.51,407.69
2025-09-29,ITC.NS,407.25,404.89,407.55
2025-09-30,ITC.NS,401.5499877929688,403.59,407.39
2025-10-01,ITC.NS,405.6000061035156,403.4,407.28
2025-10-03,ITC.NS,404.2999877929688,403.56,407.22
2025-10-06,ITC.NS,400.75,403.52,407.06
2025-10-07,ITC.NS,399.7999877929688,403.48,407.11
2025-10-08,ITC.NS,399.75,402.71,407.12
2025-10-09,ITC.NS,399.8999938964844,401.66,407.01
2025-10-10,ITC.NS,402.7999877929688,401.84,407.07
2025-10-13,ITC.NS,399.25,400.94,406.72
2025-10-14,ITC.NS,396.7999877929688,399.86,406.42
2025-10-15,ITC.NS,399.8999938964844,399.74,406.19
2025-10-16,ITC.NS,405.1499938964844,400.51,405.97
2025-10-17,ITC.NS,412.1499938964844,402.28,405.84
2025-10-20,ITC.NS,413.0499877929688,404.16,406.03
2025-10-21,ITC.NS,412.8500061035156,405.59,406.21
2025-10-23,ITC.NS,415.9500122070313,407.98,406.41
2025-10-24,ITC.NS,416.7999877929688,410.84,406.53
2025-10-27,ITC.NS,420.6499938964844,413.8,406.72
2025-10-28,ITC.NS,417.8999938964844,415.62,406.86
2025-10-29,ITC.NS,421.6000061035156,416.97,407.16
2025-10-30,ITC.NS,418.75,417.79,407.34
2025-10-31,ITC.NS,420.3500061035156,418.86,407.71
2025-11-03,ITC.NS,413.9500122070313,418.57,407.79
2025-11-04,ITC.NS,408.8999938964844,417.44,407.73
2025-11-06,ITC.NS,407.5,415.56,407.75
2025-11-07,ITC.NS,404.0499877929688,413.59,407.78
2025-11-10,ITC.NS,405.5499877929688,411.29,407.93
2025-11-11,ITC.NS,406.8500061035156,409.59,408.16
2025-11-12,ITC.NS,407.0,407.69,408.22
2025-11-13,ITC.NS,405.7000122070313,406.51,408.17
2025-11-14,ITC.NS,408.1499938964844,406.4,408.39
2025-11-17,ITC.NS,407.1000061035156,406.34,408.44
2025-11-18,ITC.NS,405.8500061035156,406.6,408.49
2025-11-19,ITC.NS,403.5499877929688,406.31,408.58
2025-11-20,ITC.NS,405.4500122070313,406.11,408.77
2025-11-21,ITC.NS,407.8500061035156,406.24,409.04
2025-11-24,ITC.NS,403.5499877929688,405.93,409.16
2025-11-25,ITC.NS,400.7999877929688,404.88,409.1
2025-11-26,ITC.NS,402.2999877929688,404.19,409.2
2025-11-27,ITC.NS,404.2999877929688,403.97,409.45
2025-11-28,ITC.NS,404.25,404.07,409.59
2025-12-01,ITC.NS,404.25,403.9,409.56
2025-12-02,ITC.NS,400.9500122070313,402.91,409.19
2025-12-03,ITC.NS,400.5,402.48,408.77
2025-12-04,ITC.NS,403.0499877929688,402.8,408.45
2025-12-05,ITC.NS,404.9500122070313,403.18,408.08
2025-12-08,ITC.NS,402.2999877929688,402.89,407.6
2025-12-09,ITC.NS,401.0499877929688,402.44,406.94
2025-12-10,ITC.NS,403.1499938964844,402.28,406.45
2025-12-11,ITC.NS,402.8999938964844,402.56,405.83
2025-12-12,ITC.NS,400.1000061035156,402.5,405.21
2025-12-15,ITC.NS,402.2999877929688,402.39,404.6
2025-12-16,ITC.NS,401.7000122070313,401.93,404.2
2025-12-17,ITC.NS,399.7999877929688,401.57,403.89
2025-12-18,ITC.NS,400.3999938964844,401.48,403.66
2025-12-19,ITC.NS,401.0499877929688,401.18,403.56
2025-12-22,ITC.NS,402.7000122070313,401.15,403.46
2025-12-23,ITC.NS,407.3500061035156,402.19,403.48
2025-12-24,ITC.NS,406.6000061035156,402.8,403.46
2025-12-26,ITC.NS,404.1499938964844,403.15,403.41
2025-12-29,ITC.NS,402.6000061035156,403.55,403.23
2025-12-30,ITC.NS,400.6000061035156,403.58,403.01
2025-12-31,ITC.NS,403.0,403.86,402.92
2026-01-01,ITC.NS,363.8500061035156,398.31,401.59
2026-01-02,ITC.NS,350.04998779296875,390.12,399.75
2026-01-05,ITC.NS,349.70001220703125,381.99,397.81
2026-01-06,ITC.NS,342.45001220703125,373.18,395.77
2026-01-07,ITC.NS,341.25,364.41,393.79
2026-01-08,ITC.NS,340.8999938964844,355.89,391.74
2026-01-09,ITC.NS,337.1499938964844,346.48,389.5
2026-01-12,ITC.NS,338.3999938964844,342.84,387.31
2026-01-13,ITC.NS,334.70001220703125,340.65,384.99
2026-01-14,ITC.NS,334.75,338.51,382.78
2026-01-15,ITC.NS,334.75,337.41,380.59
2026-01-16,ITC.NS,329.20001220703125,335.69,378.13
2026-01-19,ITC.NS,333.20001220703125,334.59,375.74
2026-01-20,ITC.NS,326.29998779296875,333.04,373.2
2026-01-21,ITC.NS,324.75,331.09,370.66
2026-01-22,ITC.NS,324.8500061035156,329.69,368.05
2026-01-23,ITC.NS,323.3999938964844,328.06,365.4
2026-01-27,ITC.NS,318.6499938964844,325.76,362.69
2026-01-28,ITC.NS,321.1499938964844,324.61,359.98
2026-01-29,ITC.NS,318.6000061035156,322.53,357.21
2026-01-30,ITC.NS,322.1499938964844,321.94,354.62
2026-02-02,ITC.NS,314.70001220703125,320.5,351.77
2026-02-03,ITC.NS,316.6499938964844,319.33,348.95
2026-02-04,ITC.NS,313.8500061035156,317.96,345.99
2026-02-05,ITC.NS,310.20001220703125,316.76,342.75
2026-02-06,ITC.NS,325.79998779296875,317.42,340.06
2026-02-09,ITC.NS,322.79998779296875,318.02,337.35
2026-02-10,ITC.NS,321.3999938964844,317.91,334.64
2026-02-11,ITC.NS,318.25,318.42,331.9
2026-02-12,ITC.NS,317.45001220703125,318.54,329.04
2026-02-13,ITC.NS,313.75,318.52,327.37
2026-02-16,ITC.NS,317.95001220703125,319.63,326.3
2026-02-17,ITC.NS,325.45001220703125,319.58,325.5
2026-02-18,ITC.NS,332.45001220703125,320.96,325.16
2026-02-19,ITC.NS,326.0,321.61,324.65
2026-02-20,ITC.NS,327.0,322.86,324.19
2026-02-23,ITC.NS,325.3999938964844,324.0,323.8
2026-02-24,ITC.NS,323.5,325.39,323.3
2026-02-25,ITC.NS,319.75,325.65,322.8
2026-02-26,ITC.NS,318.29998779296875,324.63,322.26
2026-02-27,ITC.NS,313.6000061035156,321.94,321.55
2026-03-02,ITC.NS,314.8999938964844,320.35,321.07
2026-03-04,ITC.NS,311.95001220703125,318.2,320.37
2026-03-05,ITC.NS,311.5,316.21,319.87
2026-03-06,ITC.NS,309.70001220703125,314.24,319.37
2026-03-09,ITC.NS,306.0,312.28,318.74
2026-03-10,ITC.NS,309.04998779296875,310.96,318.26
2026-03-11,ITC.NS,309.0,310.3,317.94
2026-03-12,ITC.NS,304.1000061035156,308.76,317.37
2026-03-13,ITC.NS,301.45001220703125,307.26,316.8
2026-03-16,ITC.NS,308.25,306.79,316.34
2026-03-17,ITC.NS,304.8500061035156,306.1,316.01
2026-03-18,ITC.NS,304.04998779296875,305.82,315.59
2026-03-19,ITC.NS,298.0,304.24,315.06
2026-03-20,ITC.NS,299.95001220703125,302.95,314.72
2026-03-23,ITC.NS,290.45001220703125,301.0,313.54
2026-03-24,ITC.NS,291.25,299.54,312.49
2026-03-25,ITC.NS,295.70001220703125,297.75,311.63
2026-03-27,ITC.NS,294.70001220703125,296.3,310.85
2026-03-30,ITC.NS,287.70001220703125,293.96,309.86
2026-04-01,ITC.NS,291.70001220703125,293.06,309.12
2026-04-02,ITC.NS,292.8500061035156,292.05,308.29
2026-04-06,ITC.NS,294.8500061035156,292.68,307.27
2026-04-07,ITC.NS,298.45001220703125,293.71,306.13
2026-04-08,ITC.NS,302.45001220703125,294.67,305.35
2026-04-09,ITC.NS,303.0,295.86,304.55
2026-04-10,ITC.NS,304.25,298.22,303.84
2026-04-13,ITC.NS,298.6499938964844,299.21,303.01
2026-04-15,ITC.NS,302.04998779296875,300.53,302.42
2026-04-16,ITC.NS,303.3999938964844,301.75,301.93
2026-04-17,ITC.NS,306.79998779296875,302.94,301.7
2026-04-20,ITC.NS,305.0,303.31,301.37
2026-04-21,ITC.NS,309.6499938964844,304.26,301.29
2026-04-22,ITC.NS,305.5,304.44,301.09
2026-04-23,ITC.NS,305.29998779296875,305.39,300.95
2026-04-24,ITC.NS,301.6000061035156,305.32,300.8
2026-04-27,ITC.NS,303.8500061035156,305.39,300.63
2026-04-28,ITC.NS,304.45001220703125,305.05,300.48
2026-04-29,ITC.NS,316.25,306.66,300.88
2026-04-30,ITC.NS,314.8999938964844,307.41,301.33
2026-05-01,ITC.NS,314.8999938964844,308.75,301.55
2026-05-04,ITC.NS,311.1000061035156,309.58,301.76
2026-05-05,ITC.NS,311.45001220703125,310.99,302.01
2026-05-06,ITC.NS,310.70001220703125,311.96,302.43
2026-05-07,ITC.NS,307.3999938964844,312.39,302.68
2026-05-08,ITC.NS,307.45001220703125,311.13,303.24
2026-05-11,ITC.NS,305.8500061035156,309.84,303.73
2026-05-12,ITC.NS,300.70001220703125,307.81,303.9
2026-05-13,ITC.NS,304.45001220703125,306.86,304.22
2026-05-14,ITC.NS,307.20001220703125,306.25,304.87
2026-05-15,ITC.NS,309.45001220703125,306.07,305.46
2026-05-18,ITC.NS,310.1499938964844,306.46,306.04
2026-05-19,ITC.NS,310.29998779296875,306.87,306.56
2026-05-20,ITC.NS,307.54998779296875,307.11,306.86
2026-05-21,ITC.NS,308.04998779296875,308.16,307.05
2026-05-22,ITC.NS,301.70001220703125,307.77,307.0
2026-05-25,ITC.NS,303.95001220703125,307.31,306.99
2026-05-26,ITC.NS,301.6499938964844,306.19,307.09
2026-05-27,ITC.NS,291.95001220703125,303.59,306.76
2026-05-28,ITC.NS,291.95001220703125,300.97,306.37
2026-05-29,ITC.NS,286.8999938964844,298.02,305.71
2023-05-30,JPM,137.4600067138672,137.46,137.46
2023-05-31,JPM,135.7100067138672,136.59,136.59
2023-06-01,JPM,137.5800018310547,136.92,136.92
2023-06-02,JPM,140.47000122070312,137.81,137.81
2023-06-05,JPM,139.08999633789062,138.06,138.06
2023-06-06,JPM,139.33999633789062,138.28,138.28
2023-06-07,JPM,140.69000244140625,138.62,138.62
2023-06-08,JPM,140.72999572753906,139.09,138.88
2023-06-09,JPM,141.00999450683594,139.84,139.12
2023-06-12,JPM,141.0,140.33,139.31
2023-06-13,JPM,142.02000427246094,140.55,139.55
2023-06-14,JPM,141.49000549316406,140.9,139.72
2023-06-15,JPM,143.08999633789062,141.43,139.98
2023-06-16,JPM,143.25999450683594,141.8,140.21
2023-06-20,JPM,142.52999877929688,142.06,140.36
2023-06-21,JPM,142.32000732421875,142.24,140.49
2023-06-22,JPM,139.5800018310547,142.04,140.43
2023-06-23,JPM,138.85000610351562,141.59,140.35
2023-06-26,JPM,139.19000244140625,141.26,140.28
2023-06-27,JPM,139.1999969482422,140.7,140.23
2023-06-28,JPM,138.58999633789062,140.04,140.15
2023-06-29,JPM,143.42999267578125,140.17,140.3
2023-06-30,JPM,145.44000244140625,140.61,140.52
2023-07-03,JPM,146.61000061035156,141.62,140.78
2023-07-05,JPM,144.63999938964844,142.44,140.93
2023-07-06,JPM,143.2100067138672,143.02,141.02
2023-07-07,JPM,144.33999633789062,143.75,141.14
2023-07-10,JPM,145.14999389648438,144.69,141.29
2023-07-11,JPM,147.4199981689453,145.26,141.5
2023-07-12,JPM,148.14999389648438,145.65,141.72
2023-07-13,JPM,148.8699951171875,145.97,142.1
2023-07-14,JPM,149.77000427246094,146.7,142.57
2023-07-17,JPM,153.3800048828125,148.15,143.1
2023-07-18,JPM,153.66000366210938,149.49,143.53
2023-07-19,JPM,154.25,150.79,144.04
2023-07-20,JPM,156.14999389648438,152.03,144.6
2023-07-21,JPM,154.9499969482422,153.0,145.08
2023-07-24,JPM,158.0,154.31,145.65
2023-07-25,JPM,156.82000732421875,155.32,146.18
2023-07-26,JPM,157.75999450683594,155.94,146.74
2023-07-27,JPM,156.02000427246094,156.28,147.2
2023-07-28,JPM,156.91000366210938,156.66,147.72
2023-07-31,JPM,157.9600067138672,156.92,148.21
2023-08-01,JPM,157.17999267578125,157.24,148.68
2023-08-02,JPM,155.39999389648438,156.86,149.11
2023-08-03,JPM,156.35000610351562,156.8,149.57
2023-08-04,JPM,156.02000427246094,156.55,150.12
2023-08-07,JPM,156.75999450683594,156.65,150.72
2023-08-08,JPM,155.8800048828125,156.51,151.28
2023-08-09,JPM,153.7899932861328,155.91,151.76
2023-08-10,JPM,153.55999755859375,155.39,152.26
2023-08-11,JPM,154.4499969482422,155.26,152.63
2023-08-14,JPM,154.77000427246094,155.03,152.94
2023-08-15,JPM,150.8300018310547,154.29,153.08
2023-08-16,JPM,150.19000244140625,153.35,153.26
2023-08-17,JPM,148.6300048828125,152.32,153.45
2023-08-18,JPM,148.97000122070312,151.63,153.6
2023-08-21,JPM,149.47999572753906,151.05,153.74
2023-08-22,JPM,146.3800048828125,149.89,153.71
2023-08-23,JPM,147.3699951171875,148.84,153.68
2023-08-24,JPM,147.22999572753906,148.32,153.63
2023-08-25,JPM,147.0500030517578,147.87,153.54
2023-08-28,JPM,147.55999755859375,147.72,153.34
2023-08-29,JPM,148.75999450683594,147.69,153.18
2023-08-30,JPM,148.16000366210938,147.5,152.98
2023-08-31,JPM,146.3300018310547,147.49,152.65
2023-09-01,JPM,146.82000732421875,147.42,152.38
2023-09-05,JPM,145.1999969482422,147.13,151.95
2023-09-06,JPM,144.9600067138672,146.83,151.56
2023-09-07,JPM,143.72000122070312,146.28,151.09
2023-09-08,JPM,143.8300018310547,145.57,150.68
2023-09-11,JPM,144.4600067138672,145.05,150.27
2023-09-12,JPM,146.33999633789062,145.05,149.88
2023-09-13,JPM,146.41000366210938,144.99,149.52
2023-09-14,JPM,149.25,145.57,149.32
2023-09-15,JPM,148.80999755859375,146.12,149.07
2023-09-18,JPM,149.1199951171875,146.89,148.84
2023-09-19,JPM,148.92999267578125,147.62,148.57
2023-09-20,JPM,148.3000030517578,148.17,148.32
2023-09-21,JPM,147.13999938964844,148.28,148.1
2023-09-22,JPM,145.72999572753906,148.18,147.84
2023-09-25,JPM,146.4499969482422,147.78,147.57
2023-09-26,JPM,144.92999267578125,147.23,147.24
2023-09-27,JPM,145.77999877929688,146.75,147.08
2023-09-28,JPM,147.58999633789062,146.56,146.99
2023-09-29,JPM,145.02000427246094,146.09,146.87
2023-10-02,JPM,143.77000427246094,145.61,146.7
2023-10-03,JPM,142.7100067138672,145.18,146.47
2023-10-04,JPM,143.35000610351562,144.74,146.37
2023-10-05,JPM,142.89999389648438,144.45,146.22
2023-10-06,JPM,145.10000610351562,144.35,146.15
2023-10-09,JPM,144.77000427246094,143.95,146.07
2023-10-10,JPM,145.64999389648438,144.04,146.01
2023-10-11,JPM,146.14999389648438,144.38,145.92
2023-10-12,JPM,145.80999755859375,144.82,145.84
2023-10-13,JPM,148.0,145.48,145.9
2023-10-16,JPM,147.85000610351562,146.19,145.93
2023-10-17,JPM,147.52999877929688,146.54,146.01
2023-10-18,JPM,145.91000366210938,146.7,146.04
2023-10-19,JPM,145.2899932861328,146.65,146.1
2023-10-20,JPM,142.9499969482422,146.19,146.07
2023-10-23,JPM,141.0,145.5,145.95
2023-10-24,JPM,141.1699981689453,144.53,145.78
2023-10-25,JPM,140.39999389648438,143.46,145.58
2023-10-26,JPM,140.75999450683594,142.5,145.3
2023-10-27,JPM,135.69000244140625,141.04,144.86
2023-10-30,JPM,137.4199981689453,139.91,144.47
2023-10-31,JPM,139.05999755859375,139.36,144.14
2023-11-01,JPM,138.94000244140625,139.06,143.83
2023-11-02,JPM,141.4199981689453,139.1,143.64
2023-11-03,JPM,143.0,139.47,143.55
2023-11-06,JPM,144.0800018310547,139.94,143.47
2023-11-07,JPM,144.00999450683594,141.13,143.44
2023-11-08,JPM,144.72000122070312,142.18,143.4
2023-11-09,JPM,144.2899932861328,142.92,143.29
2023-11-10,JPM,146.42999267578125,143.99,143.34
2023-11-13,JPM,145.77999877929688,144.62,143.4
2023-11-14,JPM,148.44000244140625,145.39,143.6
2023-11-15,JPM,149.74000549316406,146.2,143.81
2023-11-16,JPM,151.4499969482422,147.26,144.09
2023-11-17,JPM,152.82000732421875,148.42,144.35
2023-11-20,JPM,153.2899932861328,149.71,144.63
2023-11-21,JPM,152.97000122070312,150.64,144.88
2023-11-22,JPM,153.3300018310547,151.72,145.12
2023-11-24,JPM,153.5399932861328,152.45,145.38
2023-11-27,JPM,153.19000244140625,152.94,145.55
2023-11-28,JPM,153.5399932861328,153.24,145.74
2023-11-29,JPM,154.32000732421875,153.45,145.96
2023-11-30,JPM,156.0800018310547,153.85,146.3
2023-12-01,JPM,156.83999633789062,154.41,146.69
2023-12-04,JPM,157.99000549316406,155.07,147.19
2023-12-05,JPM,157.97000122070312,155.7,147.76
2023-12-06,JPM,156.30999755859375,156.15,148.26
2023-12-07,JPM,156.7899932861328,156.61,148.81
2023-12-08,JPM,158.52000427246094,157.21,149.4
2023-12-11,JPM,159.10000610351562,157.65,150.18
2023-12-12,JPM,160.52000427246094,158.17,150.95
2023-12-13,JPM,161.05999755859375,158.61,151.68
2023-12-14,JPM,163.99000549316406,159.47,152.52
2023-12-15,JPM,165.22999572753906,160.74,153.31
2023-12-18,JPM,166.22999572753906,162.09,154.09
2023-12-19,JPM,168.4499969482422,163.51,154.9
2023-12-20,JPM,166.5500030517578,164.58,155.65
2023-12-21,JPM,167.5,165.57,156.41
2023-12-22,JPM,167.39999389648438,166.48,157.18
2023-12-26,JPM,168.38999938964844,167.11,157.91
2023-12-27,JPM,169.39999389648438,167.7,158.7
2023-12-28,JPM,170.3000030517578,168.28,159.43
2023-12-29,JPM,170.10000610351562,168.52,160.11
2024-01-02,JPM,172.0800018310547,169.31,160.79
2024-01-03,JPM,171.3300018310547,169.86,161.41
2024-01-04,JPM,171.41000366210938,170.43,162.01
2024-01-05,JPM,172.27000427246094,170.98,162.66
2024-01-08,JPM,172.02000427246094,171.36,163.28
2024-01-09,JPM,170.66000366210938,171.41,163.85
2024-01-10,JPM,171.02000427246094,171.54,164.45
2024-01-11,JPM,170.3000030517578,171.29,165.0
2024-01-12,JPM,169.0500030517578,170.96,165.5
2024-01-16,JPM,167.99000549316406,170.47,165.89
2024-01-17,JPM,167.08999633789062,169.73,166.23
2024-01-18,JPM,167.4199981689453,169.08,166.55
2024-01-19,JPM,170.30999755859375,169.03,166.96
2024-01-22,JPM,170.11000061035156,168.9,167.42
2024-01-23,JPM,168.99000549316406,168.71,167.83
2024-01-24,JPM,170.5,168.92,168.23
2024-01-25,JPM,172.94000244140625,169.62,168.69
2024-01-26,JPM,172.27999877929688,170.36,169.08
2024-01-29,JPM,172.72999572753906,171.12,169.47
2024-01-30,JPM,176.27000427246094,171.97,169.88
2024-01-31,JPM,174.36000061035156,172.58,170.18
2024-02-01,JPM,173.72999572753906,173.26,170.43
2024-02-02,JPM,174.72999572753906,173.86,170.64
2024-02-05,JPM,174.5,174.09,170.91
2024-02-06,JPM,175.10000610351562,174.49,171.16
2024-02-07,JPM,175.42999267578125,174.87,171.43
2024-02-08,JPM,174.8000030517578,174.66,171.64
2024-02-09,JPM,175.00999450683594,174.76,171.83
2024-02-12,JPM,175.7899932861328,175.05,172.01
2024-02-13,JPM,174.25999450683594,174.98,172.15
2024-02-14,JPM,176.02999877929688,175.2,172.28
2024-02-15,JPM,179.8699951171875,175.88,172.57
2024-02-16,JPM,179.02999877929688,176.4,172.82
2024-02-20,JPM,179.72999572753906,177.1,173.07
2024-02-21,JPM,180.8999938964844,177.94,173.36
2024-02-22,JPM,183.07000732421875,178.98,173.78
2024-02-23,JPM,183.9900054931641,180.37,174.21
2024-02-26,JPM,183.3600006103516,181.42,174.65
2024-02-27,JPM,183.4499969482422,181.93,175.13
2024-02-28,JPM,184.3800048828125,182.7,175.67
2024-02-29,JPM,186.0599975585937,183.6,176.3
2024-03-01,JPM,185.2899932861328,184.23,176.9
2024-03-04,JPM,186.67999267578125,184.74,177.45
2024-03-05,JPM,188.5500030517578,185.4,178.06
2024-03-06,JPM,189.52999877929688,186.28,178.74
2024-03-07,JPM,187.8699951171875,186.91,179.32
2024-03-08,JPM,188.22000122070312,187.46,179.83
2024-03-11,JPM,188.2899932861328,187.78,180.37
2024-03-12,JPM,189.83999633789065,188.43,180.94
2024-03-13,JPM,191.3800048828125,189.1,181.44
2024-03-14,JPM,187.97000122070312,189.01,181.89
2024-03-15,JPM,190.3000030517578,189.12,182.45
2024-03-18,JPM,192.66000366210932,189.81,183.04
2024-03-19,JPM,193.7899932861328,190.6,183.69
2024-03-20,JPM,196.3300018310547,191.75,184.4
2024-03-21,JPM,199.0599975585937,193.07,185.18
2024-03-22,JPM,196.6199951171875,193.82,185.91
2024-03-25,JPM,194.82000732421875,194.8,186.57
2024-03-26,JPM,195.72999572753903,195.57,187.24
2024-03-27,JPM,199.5200042724609,196.55,188.08
2024-03-28,JPM,200.3000030517578,197.48,188.89
2024-04-01,JPM,198.94000244140625,197.86,189.52
2024-04-02,JPM,198.8600006103516,197.83,190.18
2024-04-03,JPM,198.3000030517578,198.07,190.8
2024-04-04,JPM,195.6499938964844,198.19,191.29
2024-04-05,JPM,197.4499969482422,198.43,191.77
2024-04-08,JPM,198.47999572753903,198.28,192.26
2024-04-09,JPM,197.1499938964844,197.83,192.72
2024-04-10,JPM,195.47000122070312,197.34,193.12
2024-04-11,JPM,195.42999267578125,196.85,193.48
2024-04-12,JPM,182.7899932861328,194.63,193.38
2024-04-15,JPM,182.88999938964844,192.81,193.3
2024-04-16,JPM,180.8000030517578,190.43,193.1
2024-04-17,JPM,180.0800018310547,187.8,192.82
2024-04-18,JPM,181.25,185.53,192.54
2024-04-19,JPM,185.8000030517578,184.15,192.47
2024-04-22,JPM,189.41000366210932,183.29,192.51
2024-04-23,JPM,192.13999938964844,184.62,192.64
2024-04-24,JPM,193.0800018310547,186.08,192.75
2024-04-25,JPM,193.3699951171875,187.88,192.81
2024-04-26,JPM,193.4900054931641,189.79,193.0
2024-04-29,JPM,193.27999877929688,191.51,193.1
2024-04-30,JPM,191.7400054931641,192.36,193.07
2024-05-01,JPM,191.8600006103516,192.71,193.0
2024-05-02,JPM,191.66000366210932,192.64,192.85
2024-05-03,JPM,190.509994506836,192.27,192.56
2024-05-06,JPM,192.0,192.08,192.41
2024-05-07,JPM,191.75,191.83,192.31
2024-05-08,JPM,195.6499938964844,192.17,192.3
2024-05-09,JPM,197.5,192.99,192.24
2024-05-10,JPM,198.7700042724609,193.98,192.18
2024-05-13,JPM,198.72999572753903,194.99,192.18
2024-05-14,JPM,201.509994506836,196.56,192.27
2024-05-15,JPM,202.1100006103516,198.0,192.39
2024-05-16,JPM,202.47000122070312,199.53,192.62
2024-05-17,JPM,204.7899932861328,200.84,192.87
2024-05-20,JPM,195.5800018310547,200.57,192.77
2024-05-21,JPM,199.5200042724609,200.67,192.85
2024-05-22,JPM,198.3099975585937,200.61,192.94
2024-05-23,JPM,196.9199981689453,199.96,192.99
2024-05-24,JPM,200.7100067138672,199.76,193.59
2024-05-28,JPM,199.5,199.33,194.14
2024-05-29,JPM,198.1100006103516,198.38,194.72
2024-05-30,JPM,199.3300018310547,198.91,195.36
2024-05-31,JPM,202.6300048828125,199.36,196.07
2024-06-03,JPM,201.82000732421875,199.86,196.61
2024-06-04,JPM,199.16000366210932,200.18,196.93
2024-06-05,JPM,197.259994506836,199.69,197.1
2024-06-06,JPM,196.91000366210932,199.32,197.23
2024-06-07,JPM,199.9499969482422,199.58,197.45
2024-06-10,JPM,199.6100006103516,199.62,197.66
2024-06-11,JPM,194.3600006103516,198.44,197.69
2024-06-12,JPM,191.52999877929688,196.97,197.68
2024-06-13,JPM,193.66000366210932,196.18,197.74
2024-06-14,JPM,193.77999877929688,195.69,197.81
2024-06-17,JPM,194.97999572753903,195.41,197.96
2024-06-18,JPM,197.0,194.99,198.13
2024-06-20,JPM,198.6699981689453,194.85,198.36
2024-06-21,JPM,196.3000030517578,195.13,198.38
2024-06-24,JPM,198.8800048828125,196.18,198.43
2024-06-25,JPM,198.07000732421875,196.81,198.41
2024-06-26,JPM,197.42999267578125,197.33,198.36
2024-06-27,JPM,199.1699981689453,197.93,198.28
2024-06-28,JPM,202.259994506836,198.68,198.29
2024-07-01,JPM,205.4499969482422,199.65,198.39
2024-07-02,JPM,208.8300018310547,201.44,198.52
2024-07-03,JPM,208.69000244140625,202.84,198.96
2024-07-05,JPM,204.7899932861328,203.8,199.14
2024-07-08,JPM,205.1699981689453,204.91,199.36
2024-07-09,JPM,207.6300048828125,206.12,199.72
2024-07-10,JPM,207.8000030517578,206.91,199.96
2024-07-11,JPM,207.4499969482422,207.19,200.22
2024-07-12,JPM,204.94000244140625,206.64,200.45
2024-07-15,JPM,210.0500030517578,206.83,200.81
2024-07-16,JPM,213.6199951171875,208.09,201.17
2024-07-17,JPM,216.8699951171875,209.77,201.68
2024-07-18,JPM,209.97999572753903,210.1,202.04
2024-07-19,JPM,209.77999877929688,210.38,202.45
2024-07-22,JPM,210.27999877929688,210.79,202.9
2024-07-23,JPM,210.3300018310547,211.56,203.25
2024-07-24,JPM,208.58999633789065,211.35,203.54
2024-07-25,JPM,208.6699981689453,210.64,204.02
2024-07-26,JPM,212.2400054931641,209.98,204.71
2024-07-29,JPM,210.8500061035156,210.11,205.28
2024-07-30,JPM,215.19000244140625,210.88,206.0
2024-07-31,JPM,212.8000030517578,211.24,206.59
2024-08-01,JPM,207.9600067138672,210.9,206.96
2024-08-02,JPM,199.13999938964844,209.55,206.97
2024-08-05,JPM,194.8999938964844,207.58,206.93
2024-08-06,JPM,200.33999633789065,205.88,206.98
2024-08-07,JPM,200.3999938964844,204.39,207.05
2024-08-08,JPM,204.0599975585937,202.8,207.27
2024-08-09,JPM,205.8000030517578,201.8,207.5
2024-08-12,JPM,206.19000244140625,201.55,207.63
2024-08-13,JPM,207.94000244140625,202.8,207.71
2024-08-14,JPM,210.2400054931641,205.0,207.76
2024-08-15,JPM,211.5500030517578,206.6,207.85
2024-08-16,JPM,213.97000122070312,208.54,208.16
2024-08-19,JPM,215.4499969482422,210.16,208.5
2024-08-20,JPM,214.5200042724609,211.41,208.73
2024-08-21,JPM,214.6000061035156,212.61,208.96
2024-08-22,JPM,216.6300048828125,213.85,209.26
2024-08-23,JPM,218.3099975585937,215.0,209.71
2024-08-26,JPM,219.1699981689453,216.09,210.01
2024-08-27,JPM,220.17999267578125,216.98,210.23
2024-08-28,JPM,221.2899932861328,217.81,210.38
2024-08-29,JPM,222.2100067138672,218.91,210.79
2024-08-30,JPM,224.8000030517578,220.37,211.29
2024-09-03,JPM,220.3000030517578,220.89,211.62
2024-09-04,JPM,219.3300018310547,221.04,211.92
2024-09-05,JPM,217.6300048828125,220.82,212.22
2024-09-06,JPM,212.4600067138672,219.72,212.35
2024-09-09,JPM,216.8099975585937,219.08,212.5
2024-09-10,JPM,205.5599975585937,216.7,212.32
2024-09-11,JPM,207.22999572753903,214.19,212.06
2024-09-12,JPM,206.6000061035156,212.23,211.85
2024-09-13,JPM,204.32000732421875,210.09,211.73
2024-09-16,JPM,207.8600006103516,208.69,212.02
2024-09-17,JPM,209.25,208.23,212.5
2024-09-18,JPM,207.52999877929688,206.91,212.74
2024-09-19,JPM,210.47999572753903,207.61,213.08
2024-09-20,JPM,211.08999633789065,208.16,213.31
2024-09-23,JPM,211.44000244140625,208.85,213.5
2024-09-24,JPM,211.58999633789065,209.89,213.68
2024-09-25,JPM,210.19000244140625,210.22,213.75
2024-09-26,JPM,209.77999877929688,210.3,213.74
2024-09-27,JPM,210.5,210.72,213.7
2024-09-30,JPM,210.8600006103516,210.78,213.6
2024-10-01,JPM,207.0399932861328,210.2,213.32
2024-10-02,JPM,207.2899932861328,209.61,213.08
2024-10-03,JPM,205.22999572753903,208.7,212.77
2024-10-04,JPM,211.22000122070312,208.85,212.58
2024-10-07,JPM,210.92999267578125,209.01,212.34
2024-10-08,JPM,210.75,209.05,212.06
2024-10-09,JPM,213.4199981689453,209.41,211.83
2024-10-10,JPM,212.83999633789065,210.24,211.55
2024-10-11,JPM,222.2899932861328,212.38,211.55
2024-10-14,JPM,221.47999572753903,214.7,211.44
2024-10-15,JPM,222.38999938964844,216.3,211.51
2024-10-16,JPM,223.63999938964844,218.12,211.66
2024-10-17,JPM,224.4199981689453,220.07,211.88
2024-10-18,JPM,225.3699951171875,221.78,212.31
2024-10-21,JPM,223.0,223.23,212.52
2024-10-22,JPM,224.1199951171875,223.49,213.14
2024-10-23,JPM,223.41000366210932,223.76,213.68
2024-10-24,JPM,224.97999572753903,224.13,214.29
2024-10-25,JPM,222.3099975585937,223.94,214.89
2024-10-28,JPM,225.5,224.1,215.48
2024-10-29,JPM,222.8999938964844,223.75,215.93
2024-10-30,JPM,224.41000366210932,223.95,216.5
2024-10-31,JPM,221.9199981689453,223.63,216.88
2024-11-01,JPM,222.94000244140625,223.57,217.27
2024-11-04,JPM,219.77999877929688,222.82,217.55
2024-11-05,JPM,221.4900054931641,222.71,217.88
2024-11-06,JPM,247.0599975585937,225.79,219.11
2024-11-07,JPM,236.3800048828125,227.71,220.0
2024-11-08,JPM,236.97999572753903,229.51,220.88
2024-11-11,JPM,239.2899932861328,231.99,221.83
2024-11-12,JPM,239.5599975585937,234.36,222.91
2024-11-13,JPM,241.16000366210932,237.42,224.04
2024-11-14,JPM,241.8699951171875,240.33,225.26
2024-11-15,JPM,245.3099975585937,240.08,226.4
2024-11-18,JPM,245.02999877929688,241.31,227.53
2024-11-19,JPM,243.08999633789065,242.19,228.61
2024-11-20,JPM,240.77999877929688,242.4,229.52
2024-11-21,JPM,244.759994506836,243.14,230.59
2024-11-22,JPM,248.5500030517578,244.2,231.46
2024-11-25,JPM,250.2899932861328,245.4,232.42
2024-11-26,JPM,249.97000122070312,246.07,233.34
2024-11-27,JPM,249.7899932861328,246.75,234.21
2024-11-29,JPM,249.72000122070312,247.69,235.06
2024-12-02,JPM,246.25,248.48,235.75
2024-12-03,JPM,244.82000732421875,248.48,236.48
2024-12-04,JPM,243.3999938964844,247.75,237.12
2024-12-05,JPM,245.47999572753903,247.06,237.86
2024-12-06,JPM,247.3600006103516,246.69,238.6
2024-12-09,JPM,243.8099975585937,245.83,239.32
2024-12-10,JPM,242.8600006103516,244.85,239.9
2024-12-11,JPM,243.52999877929688,244.47,240.59
2024-12-12,JPM,241.52999877929688,244.0,241.16
2024-12-13,JPM,239.94000244140625,243.5,241.76
2024-12-16,JPM,239.5800018310547,242.66,242.31
2024-12-17,JPM,238.3600006103516,241.37,242.93
2024-12-18,JPM,230.3699951171875,239.45,243.23
2024-12-19,JPM,232.9600067138672,238.04,242.76
2024-12-20,JPM,237.6000061035156,237.19,242.8
2024-12-23,JPM,238.38999938964844,236.74,242.85
2024-12-24,JPM,242.3099975585937,237.08,242.95
2024-12-26,JPM,243.13999938964844,237.59,243.07
2024-12-27,JPM,241.1699981689453,237.99,243.07
2024-12-30,JPM,239.32000732421875,239.27,242.98
2024-12-31,JPM,239.7100067138672,240.23,242.8
2025-01-02,JPM,240.0,240.58,242.63
2025-01-03,JPM,243.27999877929688,241.28,242.63
2025-01-06,JPM,240.8500061035156,241.07,242.64
2025-01-07,JPM,243.1699981689453,241.07,242.58
2025-01-08,JPM,243.1300048828125,241.35,242.4
2025-01-10,JPM,239.8699951171875,241.43,242.06
2025-01-13,JPM,244.2100067138672,242.07,241.86
2025-01-14,JPM,247.47000122070312,243.14,241.79
2025-01-15,JPM,252.3500061035156,244.44,241.87
2025-01-16,JPM,254.2700042724609,246.35,242.14
2025-01-17,JPM,259.1600036621094,248.64,242.62
2025-01-21,JPM,263.0299987792969,251.48,243.27
2025-01-22,JPM,262.8399963378906,254.76,243.85
2025-01-23,JPM,265.95001220703125,257.87,244.47
2025-01-24,JPM,264.8399963378906,260.35,245.17
2025-01-27,JPM,265.8500061035156,262.28,245.94
2025-01-28,JPM,267.1400146484375,264.12,246.73
2025-01-29,JPM,266.5799865722656,265.18,247.56
2025-01-30,JPM,268.2300109863281,265.92,248.5
2025-01-31,JPM,267.29998779296875,266.56,249.43
2025-02-03,JPM,266.8099975585937,266.68,250.38
2025-02-04,JPM,267.94000244140625,267.12,251.63
2025-02-05,JPM,270.42999267578125,267.78,252.88
2025-02-06,JPM,276.8999938964844,269.17,254.19
2025-02-07,JPM,275.79998779296875,270.49,255.44
2025-02-10,JPM,271.0400085449219,270.89,256.39
2025-02-11,JPM,274.989990234375,271.99,257.45
2025-02-12,JPM,275.45001220703125,273.22,258.6
2025-02-13,JPM,276.32000732421875,274.42,259.83
2025-02-14,JPM,276.5899963378906,275.3,261.06
2025-02-18,JPM,279.95001220703125,275.73,262.39
2025-02-19,JPM,279.25,276.23,263.59
2025-02-20,JPM,266.79998779296875,275.62,264.46
2025-02-21,JPM,264.239990234375,274.09,265.16
2025-02-24,JPM,261.3399963378906,272.07,265.76
2025-02-25,JPM,257.3999938964844,269.37,266.35
2025-02-26,JPM,258.7900085449219,266.82,266.84
2025-02-27,JPM,259.04998779296875,263.84,267.22
2025-02-28,JPM,264.6499938964844,261.75,267.63
2025-03-03,JPM,260.6199951171875,260.87,267.84
2025-03-04,JPM,250.25,258.87,267.55
2025-03-05,JPM,251.52999877929688,257.47,267.16
2025-03-06,JPM,246.5399932861328,255.92,266.62
2025-03-07,JPM,242.27999877929688,253.56,265.83
2025-03-10,JPM,232.22000122070312,249.73,264.74
2025-03-11,JPM,229.13999938964844,244.65,263.52
2025-03-12,JPM,227.8999938964844,239.98,262.21
2025-03-13,JPM,225.19000244140625,236.4,260.83
2025-03-14,JPM,232.44000244140625,233.67,259.64
2025-03-17,JPM,233.92999267578125,231.87,258.53
2025-03-18,JPM,234.97000122070312,230.83,257.46
2025-03-19,JPM,239.1100006103516,231.81,256.5
2025-03-20,JPM,239.009994506836,233.22,255.46
2025-03-21,JPM,241.6300048828125,235.18,254.28
2025-03-24,JPM,248.0599975585937,238.45,253.36
2025-03-25,JPM,251.1300048828125,241.12,252.69
2025-03-26,JPM,251.02999877929688,243.56,251.89
2025-03-27,JPM,248.1199951171875,245.44,250.98
2025-03-28,JPM,242.8500061035156,245.98,249.87
2025-03-31,JPM,245.3000030517578,246.87,248.82
2025-04-01,JPM,243.66000366210932,247.16,247.61
2025-04-02,JPM,245.82000732421875,246.84,246.5
2025-04-03,JPM,228.69000244140625,243.64,245.23
2025-04-04,JPM,210.27999877929688,237.82,243.43
2025-04-07,JPM,214.44000244140625,233.01,241.87
2025-04-08,JPM,216.8699951171875,229.29,240.52
2025-04-09,JPM,234.33999633789065,227.73,239.7
2025-04-10,JPM,227.1100006103516,225.36,238.64
2025-04-11,JPM,236.1999969482422,223.99,237.69
2025-04-14,JPM,234.72000122070312,224.85,236.83
2025-04-15,JPM,233.1300048828125,228.12,236.25
2025-04-16,JPM,229.6100006103516,230.28,235.52
2025-04-17,JPM,231.9600067138672,232.44,235.04
2025-04-21,JPM,228.9900054931641,231.67,234.6
2025-04-22,JPM,235.58999633789065,232.89,234.71
2025-04-23,JPM,240.8800048828125,233.55,235.1
2025-04-24,JPM,244.63999938964844,234.97,235.66
2025-04-25,JPM,243.5500030517578,236.46,236.27
2025-04-28,JPM,243.22000122070312,238.4,236.63
2025-04-29,JPM,244.6199951171875,240.21,236.98
2025-04-30,JPM,244.6199951171875,242.45,237.31
2025-05-01,JPM,246.88999938964844,244.06,237.57
2025-05-02,JPM,252.509994506836,245.72,238.02
2025-05-05,JPM,252.5599975585937,246.85,238.38
2025-05-06,JPM,249.25,247.67,238.42
2025-05-07,JPM,249.38999938964844,248.55,238.36
2025-05-08,JPM,253.47000122070312,249.81,238.44
2025-05-09,JPM,253.0800018310547,251.02,238.61
2025-05-12,JPM,260.04998779296875,252.9,239.18
2025-05-13,JPM,263.010009765625,254.4,239.77
2025-05-14,JPM,265.6400146484375,256.27,240.5
2025-05-15,JPM,267.489990234375,258.88,241.23
2025-05-16,JPM,267.5599975585937,261.47,242.52
2025-05-19,JPM,264.8800048828125,263.1,244.34
2025-05-20,JPM,265.67999267578125,264.9,246.05
2025-05-21,JPM,261.0400085449219,265.04,247.52
2025-05-22,JPM,260.6700134277344,264.71,248.4
2025-05-23,JPM,260.7099914550781,264.0,249.52
2025-05-27,JPM,265.2900085449219,263.69,250.49
2025-05-28,JPM,263.489990234375,263.11,251.45
2025-05-29,JPM,264.3699951171875,263.04,252.49
2025-05-30,JPM,264.0,262.8,253.64
2025-06-02,JPM,264.6600036621094,263.31,254.73
2025-06-03,JPM,266.2699890136719,264.11,255.97
2025-06-04,JPM,264.2200012207031,264.61,256.92
2025-06-05,JPM,261.95001220703125,264.14,257.63
2025-06-06,JPM,265.7300109863281,264.46,258.33
2025-06-09,JPM,266.739990234375,264.8,259.1
2025-06-10,JPM,268.6000061035156,265.45,259.95
2025-06-11,JPM,268.1499938964844,265.95,260.73
2025-06-12,JPM,268.239990234375,266.23,261.52
2025-06-13,JPM,264.95001220703125,266.34,262.12
2025-06-16,JPM,270.3599853515625,267.54,262.72
2025-06-17,JPM,269.5199890136719,268.08,263.28
2025-06-18,JPM,273.9599914550781,269.11,264.11
2025-06-20,JPM,275.0,270.03,264.96
2025-06-23,JPM,278.2699890136719,271.47,265.79
2025-06-24,JPM,281.260009765625,273.33,266.73
2025-06-25,JPM,284.0599975585937,276.06,267.53
2025-06-26,JPM,288.75,278.69,268.38
2025-06-27,JPM,287.1099853515625,281.2,269.1
2025-06-30,JPM,289.9100036621094,283.48,269.85
2025-07-01,JPM,290.4100036621094,285.68,270.61
2025-07-02,JPM,292.0,287.64,271.51
2025-07-03,JPM,296.0,289.75,272.52
2025-07-07,JPM,291.9700012207031,290.88,273.55
2025-07-08,JPM,282.7799987792969,290.03,274.29
2025-07-09,JPM,283.1600036621094,289.46,275.04
2025-07-10,JPM,288.19000244140625,289.22,275.8
2025-07-11,JPM,286.8599853515625,288.71,276.58
2025-07-14,JPM,288.70001220703125,288.24,277.39
2025-07-15,JPM,286.54998779296875,286.89,278.14
2025-07-16,JPM,285.82000732421875,286.01,278.85
2025-07-17,JPM,289.8999938964844,287.03,279.64
2025-07-18,JPM,291.2699890136719,288.18,280.54
2025-07-21,JPM,290.9700012207031,288.58,281.51
2025-07-22,JPM,291.42999267578125,289.23,282.36
2025-07-23,JPM,296.760009765625,290.39,283.36
2025-07-24,JPM,296.54998779296875,291.81,284.3
2025-07-25,JPM,298.6199951171875,293.64,285.31
2025-07-28,JPM,298.2799987792969,294.84,286.31
2025-07-29,JPM,297.0400085449219,295.66,287.38
2025-07-30,JPM,299.6300048828125,296.9,288.36
2025-07-31,JPM,296.239990234375,297.59,289.25
2025-08-01,JPM,289.3699951171875,296.53,289.76
2025-08-04,JPM,294.260009765625,296.21,290.4
2025-08-05,JPM,291.3699951171875,295.17,290.84
2025-08-06,JPM,291.3500061035156,294.18,291.18
2025-08-07,JPM,286.94000244140625,292.74,291.27
2025-08-08,JPM,288.760009765625,291.18,291.27
2025-08-11,JPM,289.5599975585937,290.23,291.35
2025-08-12,JPM,292.8500061035156,290.73,291.45
2025-08-13,JPM,290.5299987792969,290.19,291.46
2025-08-14,JPM,294.1600036621094,290.59,291.53
2025-08-15,JPM,290.489990234375,290.47,291.35
2025-08-18,JPM,291.5299987792969,291.13,291.33
2025-08-19,JPM,290.6600036621094,291.4,291.59
2025-08-20,JPM,292.239990234375,291.78,291.9
2025-08-21,JPM,291.4700012207031,291.58,292.01
2025-08-22,JPM,296.239990234375,292.4,292.32
2025-08-25,JPM,294.8999938964844,292.5,292.52
2025-08-26,JPM,298.57000732421875,293.66,292.93
2025-08-27,JPM,299.2799987792969,294.77,293.37
2025-08-28,JPM,301.07000732421875,296.25,293.75
2025-08-29,JPM,301.4200134277344,297.56,294.08
2025-09-02,JPM,299.70001220703125,298.74,294.38
2025-09-03,JPM,299.510009765625,299.21,294.65
2025-09-04,JPM,303.82000732421875,300.48,294.88
2025-09-05,JPM,294.3800048828125,299.88,294.81
2025-09-08,JPM,292.9100036621094,298.97,294.62
2025-09-09,JPM,297.8500061035156,298.51,294.6
2025-09-10,JPM,300.5400085449219,298.39,294.72
2025-09-11,JPM,305.5599975585937,299.22,294.92
2025-09-12,JPM,306.9100036621094,300.28,295.27
2025-09-15,JPM,308.8999938964844,301.01,295.92
2025-09-16,JPM,309.19000244140625,303.12,296.42
2025-09-17,JPM,311.75,305.81,297.1
2025-09-18,JPM,313.2300109863281,308.01,297.83
2025-09-19,JPM,314.7799987792969,310.05,298.76
2025-09-22,JPM,312.44000244140625,311.03,299.55
2025-09-23,JPM,312.739990234375,311.86,300.32
2025-09-24,JPM,313.4200134277344,312.51,301.01
2025-09-25,JPM,313.45001220703125,313.12,301.77
2025-09-26,JPM,316.0599975585937,313.73,302.5
2025-09-29,JPM,315.69000244140625,314.08,303.34
2025-09-30,JPM,315.42999267578125,314.18,304.14
2025-10-01,JPM,310.7099914550781,313.93,304.81
2025-10-02,JPM,307.54998779296875,313.19,305.32
2025-10-03,JPM,310.0299987792969,312.7,305.93
2025-10-06,JPM,309.17999267578125,312.09,306.37
2025-10-07,JPM,307.69000244140625,310.9,306.79
2025-10-08,JPM,304.0299987792969,309.23,306.97
2025-10-09,JPM,305.5299987792969,307.82,307.18
2025-10-10,JPM,300.8900146484375,306.41,307.18
2025-10-13,JPM,307.9700012207031,306.47,307.39
2025-10-14,JPM,302.0799865722656,305.34,307.47
2025-10-15,JPM,305.69000244140625,304.84,307.68
2025-10-16,JPM,298.5400085449219,303.53,307.5
2025-10-17,JPM,297.5599975585937,302.61,307.61
2025-10-20,JPM,302.3599853515625,302.16,307.93
2025-10-21,JPM,297.0899963378906,301.61,307.9
2025-10-22,JPM,294.1099853515625,299.63,307.69
2025-10-23,JPM,294.5400085449219,298.56,307.32
2025-10-24,JPM,300.44000244140625,297.81,307.1
2025-10-27,JPM,304.1499938964844,298.61,306.94
2025-10-28,JPM,305.3599853515625,299.72,306.82
2025-10-29,JPM,305.510009765625,300.17,306.61
2025-10-30,JPM,309.44000244140625,301.94,306.48
2025-10-31,JPM,311.1199951171875,304.37,306.36
2025-11-03,JPM,309.3500061035156,306.48,306.26
2025-11-04,JPM,309.25,307.74,306.14
2025-11-05,JPM,311.67999267578125,308.82,306.08
2025-11-06,JPM,313.4200134277344,309.97,306.08
2025-11-07,JPM,314.2099914550781,311.21,306.02
2025-11-10,JPM,316.8900146484375,312.27,306.06
2025-11-11,JPM,315.6199951171875,312.92,306.07
2025-11-12,JPM,320.4100036621094,314.5,306.39
2025-11-13,JPM,309.4800109863281,314.53,306.45
2025-11-14,JPM,303.6099853515625,313.38,306.24
2025-11-17,JPM,300.3699951171875,311.51,305.95
2025-11-18,JPM,299.4100036621094,309.4,305.67
2025-11-19,JPM,303.2699890136719,307.45,305.64
2025-11-20,JPM,298.3800048828125,304.99,305.41
2025-11-21,JPM,298.0199890136719,301.79,305.31
2025-11-24,JPM,298.0,300.15,304.98
2025-11-25,JPM,303.0,300.06,305.01
2025-11-26,JPM,307.6400146484375,301.1,305.07
2025-11-28,JPM,313.0799865722656,303.06,305.56
2025-12-01,JPM,308.9200134277344,303.86,305.94
2025-12-02,JPM,307.8800048828125,305.22,306.12
2025-12-03,JPM,312.1300048828125,307.24,306.62
2025-12-04,JPM,316.1000061035156,309.82,307.36
2025-12-05,JPM,315.0400085449219,311.54,308.04
2025-12-08,JPM,315.2099914550781,312.62,308.53
2025-12-09,JPM,300.510009765625,310.83,308.41
2025-12-10,JPM,310.1099853515625,311.0,308.57
2025-12-11,JPM,317.3800048828125,312.35,308.96
2025-12-12,JPM,318.5199890136719,313.27,309.27
2025-12-15,JPM,320.0199890136719,313.83,309.56
2025-12-16,JPM,315.54998779296875,313.9,309.77
2025-12-17,JPM,314.9800109863281,313.87,309.96
2025-12-18,JPM,313.0,315.65,310.01
2025-12-19,JPM,317.2099914550781,316.67,310.13
2025-12-22,JPM,323.0899963378906,317.48,310.43
2025-12-23,JPM,325.92999267578125,318.54,310.73
2025-12-24,JPM,329.1700134277344,319.85,311.18
2025-12-26,JPM,327.9100036621094,321.61,311.43
2025-12-29,JPM,323.75,322.87,311.91
2025-12-30,JPM,323.4200134277344,324.35,312.57
2025-12-31,JPM,322.2200012207031,325.07,313.3
2026-01-02,JPM,325.4800109863281,325.41,314.16
2026-01-05,JPM,334.0400085449219,326.57,315.19
2026-01-06,JPM,334.6099853515625,327.35,316.4
2026-01-07,JPM,326.989990234375,327.22,317.36
2026-01-08,JPM,329.7900085449219,328.08,318.42
2026-01-09,JPM,329.19000244140625,328.9,319.3
2026-01-12,JPM,324.489990234375,329.23,319.86
2026-01-13,JPM,310.8999938964844,327.14,319.78
2026-01-14,JPM,307.8699951171875,323.41,319.75
2026-01-15,JPM,309.260009765625,319.78,319.8
2026-01-16,JPM,312.4700012207031,317.71,319.81
2026-01-20,JPM,302.739990234375,313.85,319.36
2026-01-21,JPM,302.0400085449219,309.97,318.93
2026-01-22,JPM,303.6300048828125,306.99,318.54
2026-01-23,JPM,297.7200012207031,305.1,318.45
2026-01-26,JPM,301.0400085449219,304.13,318.15
2026-01-27,JPM,300.3099975585937,302.85,317.58
2026-01-28,JPM,300.7699890136719,301.18,316.99
2026-01-29,JPM,306.4200134277344,301.7,316.53
2026-01-30,JPM,305.8900146484375,302.25,316.21
2026-02-02,JPM,308.1400146484375,302.9,315.98
2026-02-03,JPM,314.8500061035156,305.35,316.04
2026-02-04,JPM,317.2699890136719,307.66,316.05
2026-02-05,JPM,310.1600036621094,309.07,315.62
2026-02-06,JPM,322.3999938964844,312.16,315.5
2026-02-09,JPM,322.1000061035156,314.4,315.26
2026-02-10,JPM,318.2799987792969,316.17,314.94
2026-02-11,JPM,310.82000732421875,316.55,314.51
2026-02-12,JPM,302.6400146484375,314.81,313.82
2026-02-13,JPM,302.54998779296875,312.71,313.16
2026-02-17,JPM,307.1300048828125,312.27,312.55
2026-02-18,JPM,308.7799987792969,310.33,311.71
2026-02-19,JPM,308.04998779296875,308.32,310.82
2026-02-20,JPM,310.7900085449219,307.25,310.28
2026-02-23,JPM,297.6700134277344,305.37,309.21
2026-02-24,JPM,297.29998779296875,304.61,308.15
2026-02-25,JPM,303.29998779296875,304.72,307.44
2026-02-26,JPM,306.1300048828125,304.57,307.28
2026-02-27,JPM,300.29998779296875,303.36,307.03
2026-03-02,JPM,297.5599975585937,301.86,306.64
2026-03-03,JPM,300.260009765625,300.36,306.23
2026-03-04,JPM,299.3900146484375,300.61,306.12
2026-03-05,JPM,293.54998779296875,300.07,305.84
2026-03-06,JPM,289.4800109863281,298.1,305.37
2026-03-09,JPM,289.9200134277344,295.78,305.11
2026-03-10,JPM,288.7300109863281,294.13,304.7
2026-03-11,JPM,287.5199890136719,292.69,304.27
2026-03-12,JPM,282.8900146484375,290.21,303.68
2026-03-13,JPM,283.44000244140625,287.93,302.91
2026-03-16,JPM,286.1600036621094,286.88,302.25
2026-03-17,JPM,286.8900146484375,286.51,301.54
2026-03-18,JPM,287.739990234375,286.2,300.64
2026-03-19,JPM,287.9700012207031,286.09,299.66
2026-03-20,JPM,286.5599975585937,285.95,298.88
2026-03-23,JPM,289.9100036621094,286.95,297.79
2026-03-24,JPM,292.3999938964844,288.23,296.8
2026-03-25,JPM,295.4200134277344,289.56,296.04
2026-03-26,JPM,291.6600036621094,290.24,295.4
2026-03-27,JPM,282.8399963378906,289.54,294.74
2026-03-30,JPM,283.7699890136719,288.94,294.12
2026-03-31,JPM,294.1600036621094,290.02,293.68
2026-04-01,JPM,295.3800048828125,290.8,293.24
2026-04-02,JPM,294.6000061035156,291.12,292.79
2026-04-06,JPM,295.45001220703125,291.12,292.28
2026-04-07,JPM,297.3999938964844,291.94,292.27
2026-04-08,JPM,307.9700012207031,295.53,292.63
2026-04-09,JPM,310.3299865722656,299.33,292.86
2026-04-10,JPM,309.8699951171875,301.57,292.98
2026-04-13,JPM,313.67999267578125,304.19,293.43
2026-04-14,JPM,311.1199951171875,306.55,293.88
2026-04-15,JPM,305.92999267578125,308.04,294.07
2026-04-16,JPM,309.95001220703125,309.84,294.42
2026-04-17,JPM,310.2900085449219,310.17,294.98
2026-04-20,JPM,316.989990234375,311.12,295.9
2026-04-21,JPM,313.0,311.57,296.67
2026-04-22,JPM,313.0199890136719,311.47,297.48
2026-04-23,JPM,311.69000244140625,311.55,298.28
2026-04-24,JPM,308.2799987792969,311.89,299.13
2026-04-27,JPM,311.6300048828125,312.13,300.07
2026-04-28,JPM,311.45001220703125,312.29,300.91
2026-04-29,JPM,309.25,311.19,301.66
2026-04-30,JPM,313.2300109863281,311.22,302.51
2026-05-01,JPM,312.4700012207031,311.14,303.32
2026-05-04,JPM,307.6499938964844,310.57,304.03
2026-05-05,JPM,309.3999938964844,310.73,304.68
2026-05-06,JPM,314.8999938964844,311.19,305.43
2026-05-07,JPM,306.2699890136719,310.45,305.79
2026-05-08,JPM,302.1000061035156,309.43,306.14
2026-05-11,JPM,300.0,307.54,306.71
2026-05-12,JPM,304.8800048828125,306.46,307.41
2026-05-13,JPM,300.25,305.4,307.61
2026-05-14,JPM,299.9100036621094,304.04,307.77
2026-05-15,JPM,297.8099975585937,301.6,307.87
2026-05-18,JPM,300.7300109863281,300.81,308.05
2026-05-19,JPM,295.70001220703125,299.9,307.99
2026-05-20,JPM,301.9800109863281,300.18,307.79
2026-05-21,JPM,303.0,299.91,307.55
2026-05-22,JPM,306.3800048828125,300.79,307.43
2026-05-26,JPM,306.739990234375,301.76,307.2
2026-05-27,JPM,299.2799987792969,301.97,306.81
2026-05-28,JPM,296.7300109863281,301.4,306.5
2026-05-29,JPM,299.3099975585937,301.92,306.14
2023-05-29,LT.NS,2224.550048828125,2224.55,2224.55
2023-05-30,LT.NS,2210.800048828125,2217.68,2217.68
2023-05-31,LT.NS,2205.64990234375,2213.67,2213.67
2023-06-01,LT.NS,2207.800048828125,2212.2,2212.2
2023-06-02,LT.NS,2234.550048828125,2216.67,2216.67
2023-06-05,LT.NS,2268.300048828125,2225.28,2225.28
2023-06-06,LT.NS,2277.949951171875,2232.8,2232.8
2023-06-07,LT.NS,2315.5,2245.79,2243.14
2023-06-08,LT.NS,2340.300048828125,2264.29,2253.93
2023-06-09,LT.NS,2363.0,2286.77,2264.84
2023-06-12,LT.NS,2339.949951171875,2305.65,2271.67
2023-06-13,LT.NS,2354.39990234375,2322.77,2278.56
2023-06-14,LT.NS,2355.050048828125,2335.16,2284.45
2023-06-15,LT.NS,2361.300048828125,2347.07,2289.94
2023-06-16,LT.NS,2366.800048828125,2354.4,2295.06
2023-06-19,LT.NS,2366.35009765625,2358.12,2299.52
2023-06-20,LT.NS,2382.0,2360.84,2304.37
2023-06-21,LT.NS,2394.449951171875,2368.62,2309.37
2023-06-22,LT.NS,2416.25,2377.46,2315.0
2023-06-23,LT.NS,2389.550048828125,2382.39,2318.73
2023-06-26,LT.NS,2377.550048828125,2384.71,2321.53
2023-06-27,LT.NS,2388.050048828125,2387.74,2324.55
2023-06-28,LT.NS,2421.449951171875,2395.61,2328.76
2023-06-30,LT.NS,2475.550048828125,2408.98,2334.88
2023-07-03,LT.NS,2454.050048828125,2417.49,2339.65
2023-07-04,LT.NS,2461.85009765625,2424.01,2344.35
2023-07-05,LT.NS,2470.800048828125,2435.61,2349.03
2023-07-06,LT.NS,2488.60009765625,2451.48,2354.01
2023-07-07,LT.NS,2449.35009765625,2460.24,2357.3
2023-07-10,LT.NS,2438.75,2462.71,2360.02
2023-07-11,LT.NS,2474.550048828125,2462.56,2368.35
2023-07-12,LT.NS,2454.949951171875,2462.69,2376.49
2023-07-13,LT.NS,2450.14990234375,2461.02,2384.64
2023-07-14,LT.NS,2472.25,2461.23,2393.45
2023-07-17,LT.NS,2468.800048828125,2458.4,2401.26
2023-07-18,LT.NS,2474.699951171875,2462.02,2408.14
2023-07-19,LT.NS,2494.14990234375,2469.94,2415.35
2023-07-20,LT.NS,2489.699951171875,2472.1,2421.16
2023-07-21,LT.NS,2586.25,2490.86,2429.35
2023-07-24,LT.NS,2605.25,2513.01,2437.43
2023-07-25,LT.NS,2560.89990234375,2525.68,2444.79
2023-07-26,LT.NS,2646.25,2551.03,2454.52
2023-07-27,LT.NS,2660.199951171875,2577.53,2464.69
2023-07-28,LT.NS,2649.550048828125,2599.73,2474.3
2023-07-31,LT.NS,2681.35009765625,2627.11,2484.79
2023-08-01,LT.NS,2666.64990234375,2638.59,2494.8
2023-08-02,LT.NS,2622.14990234375,2641.01,2502.8
2023-08-03,LT.NS,2598.10009765625,2646.32,2509.59
2023-08-04,LT.NS,2626.89990234375,2643.56,2516.61
2023-08-07,LT.NS,2635.89990234375,2640.09,2524.82
2023-08-08,LT.NS,2632.199951171875,2637.61,2533.31
2023-08-09,LT.NS,2651.60009765625,2633.36,2542.1
2023-08-10,LT.NS,2643.5,2630.05,2549.5
2023-08-11,LT.NS,2638.5,2632.39,2554.93
2023-08-14,LT.NS,2659.89990234375,2641.21,2561.79
2023-08-16,LT.NS,2691.050048828125,2650.38,2569.43
2023-08-17,LT.NS,2652.5,2652.75,2575.49
2023-08-18,LT.NS,2641.949951171875,2654.14,2580.6
2023-08-21,LT.NS,2662.25,2655.66,2587.7
2023-08-22,LT.NS,2678.800048828125,2660.71,2595.7
2023-08-23,LT.NS,2717.60009765625,2672.01,2603.8
2023-08-24,LT.NS,2688.14990234375,2676.04,2611.57
2023-08-25,LT.NS,2638.39990234375,2668.52,2617.85
2023-08-28,LT.NS,2695.35009765625,2674.64,2625.28
2023-08-29,LT.NS,2718.949951171875,2685.64,2633.62
2023-08-30,LT.NS,2709.0,2692.32,2641.43
2023-08-31,LT.NS,2702.699951171875,2695.74,2648.38
2023-09-01,LT.NS,2702.10009765625,2693.52,2655.46
2023-09-04,LT.NS,2711.10009765625,2696.8,2659.63
2023-09-05,LT.NS,2732.949951171875,2710.31,2663.88
2023-09-06,LT.NS,2730.449951171875,2715.32,2669.53
2023-09-07,LT.NS,2846.39990234375,2733.53,2676.21
2023-09-08,LT.NS,2901.60009765625,2761.04,2684.25
2023-09-11,LT.NS,2894.199951171875,2788.4,2692.41
2023-09-12,LT.NS,2944.10009765625,2822.97,2701.17
2023-09-13,LT.NS,2906.75,2850.92,2709.17
2023-09-14,LT.NS,2918.60009765625,2877.44,2719.05
2023-09-15,LT.NS,2908.550048828125,2902.89,2729.4
2023-09-18,LT.NS,2919.85009765625,2913.38,2739.17
2023-09-20,LT.NS,2890.0,2911.72,2747.64
2023-09-21,LT.NS,2899.35009765625,2912.46,2756.54
2023-09-22,LT.NS,2918.5,2908.8,2765.44
2023-09-25,LT.NS,2902.5,2908.19,2774.07
2023-09-26,LT.NS,2912.550048828125,2907.33,2783.21
2023-09-27,LT.NS,2965.050048828125,2915.4,2793.38
2023-09-28,LT.NS,3010.0,2928.28,2804.01
2023-09-29,LT.NS,3023.550048828125,2947.36,2816.38
2023-10-03,LT.NS,3073.25,2972.2,2830.75
2023-10-04,LT.NS,3027.75,2987.81,2842.94
2023-10-05,LT.NS,3096.050048828125,3015.46,2856.85
2023-10-06,LT.NS,3093.699951171875,3041.34,2869.38
2023-10-09,LT.NS,3074.699951171875,3057.0,2882.27
2023-10-10,LT.NS,3076.0,3066.43,2896.85
2023-10-11,LT.NS,3088.699951171875,3075.74,2909.97
2023-10-12,LT.NS,3081.75,3076.95,2922.06
2023-10-13,LT.NS,3089.60009765625,3085.79,2934.75
2023-10-16,LT.NS,3101.89990234375,3086.62,2948.05
2023-10-17,LT.NS,3066.300048828125,3082.71,2960.19
2023-10-18,LT.NS,3045.60009765625,3078.55,2971.34
2023-10-19,LT.NS,3054.39990234375,3075.46,2982.06
2023-10-20,LT.NS,3012.35009765625,3064.56,2991.45
2023-10-23,LT.NS,2958.300048828125,3046.92,2995.18
2023-10-25,LT.NS,2916.10009765625,3022.14,2995.67
2023-10-26,LT.NS,2864.60009765625,2988.24,2994.68
2023-10-27,LT.NS,2901.89990234375,2964.75,2993.27
2023-10-30,LT.NS,2926.35009765625,2947.71,2993.93
2023-10-31,LT.NS,2929.050048828125,2929.81,2994.28
2023-11-01,LT.NS,2895.300048828125,2913.09,2993.83
2023-11-02,LT.NS,2918.10009765625,2907.34,2993.78
2023-11-03,LT.NS,2911.25,2906.65,2994.48
2023-11-06,LT.NS,2975.449951171875,2922.49,2997.02
2023-11-07,LT.NS,2961.300048828125,2930.97,2998.45
2023-11-08,LT.NS,2996.449951171875,2940.99,3001.58
2023-11-09,LT.NS,3024.85009765625,2954.67,3005.32
2023-11-10,LT.NS,3033.25,2974.38,3007.6
2023-11-13,LT.NS,3048.5,2993.01,3008.88
2023-11-15,LT.NS,3064.949951171875,3014.96,3010.26
2023-11-16,LT.NS,3051.14990234375,3025.78,3009.52
2023-11-17,LT.NS,3109.0,3046.88,3012.23
2023-11-20,LT.NS,3088.800048828125,3060.07,3011.99
2023-11-21,LT.NS,3074.85009765625,3067.21,3011.36
2023-11-22,LT.NS,3082.300048828125,3074.22,3011.61
2023-11-23,LT.NS,3045.64990234375,3073.81,3010.6
2023-11-24,LT.NS,3054.25,3072.29,3009.45
2023-11-28,LT.NS,3050.0,3072.12,3008.4
2023-11-29,LT.NS,3083.75,3068.51,3008.2
2023-11-30,LT.NS,3109.199951171875,3071.43,3008.44
2023-12-01,LT.NS,3190.64990234375,3087.97,3012.59
2023-12-04,LT.NS,3313.550048828125,3121.01,3021.52
2023-12-05,LT.NS,3315.449951171875,3159.55,3030.22
2023-12-06,LT.NS,3392.300048828125,3207.84,3042.89
2023-12-07,LT.NS,3355.60009765625,3251.5,3056.13
2023-12-08,LT.NS,3378.449951171875,3293.6,3071.54
2023-12-11,LT.NS,3385.800048828125,3333.11,3088.92
2023-12-12,LT.NS,3342.39990234375,3354.79,3103.6
2023-12-13,LT.NS,3399.800048828125,3367.11,3119.38
2023-12-14,LT.NS,3433.10009765625,3383.92,3136.18
2023-12-15,LT.NS,3488.0,3397.59,3155.94
2023-12-18,LT.NS,3491.60009765625,3417.02,3175.06
2023-12-19,LT.NS,3498.949951171875,3434.24,3194.65
2023-12-20,LT.NS,3418.5,3438.91,3209.41
2023-12-21,LT.NS,3424.14990234375,3450.59,3224.84
2023-12-22,LT.NS,3477.949951171875,3461.75,3240.89
2023-12-26,LT.NS,3490.050048828125,3469.89,3256.4
2023-12-27,LT.NS,3544.0,3477.89,3273.42
2023-12-28,LT.NS,3518.050048828125,3481.66,3289.07
2023-12-29,LT.NS,3526.0,3485.53,3304.44
2024-01-01,LT.NS,3525.449951171875,3500.81,3320.25
2024-01-02,LT.NS,3438.10009765625,3502.8,3331.22
2024-01-03,LT.NS,3440.35009765625,3497.43,3342.94
2024-01-04,LT.NS,3458.699951171875,3492.95,3355.74
2024-01-05,LT.NS,3521.89990234375,3489.79,3370.39
2024-01-08,LT.NS,3501.10009765625,3487.37,3385.57
2024-01-09,LT.NS,3555.949951171875,3491.65,3402.3
2024-01-10,LT.NS,3545.5,3494.51,3418.81
2024-01-11,LT.NS,3504.85009765625,3504.05,3432.85
2024-01-12,LT.NS,3568.800048828125,3522.4,3448.17
2024-01-15,LT.NS,3543.050048828125,3534.45,3459.92
2024-01-16,LT.NS,3573.5,3541.82,3468.58
2024-01-17,LT.NS,3570.949951171875,3551.8,3477.1
2024-01-18,LT.NS,3596.0,3557.52,3483.89
2024-01-19,LT.NS,3646.0,3571.88,3493.57
2024-01-23,LT.NS,3551.0,3578.47,3499.32
2024-01-24,LT.NS,3589.199951171875,3581.39,3506.1
2024-01-25,LT.NS,3593.449951171875,3588.59,3514.47
2024-01-29,LT.NS,3708.0,3607.8,3524.74
2024-01-30,LT.NS,3633.300048828125,3616.71,3531.41
2024-01-31,LT.NS,3479.75,3600.1,3531.14
2024-02-01,LT.NS,3398.0,3564.67,3528.02
2024-02-02,LT.NS,3376.050048828125,3539.68,3523.92
2024-02-05,LT.NS,3341.75,3504.33,3521.36
2024-02-06,LT.NS,3424.25,3480.16,3521.37
2024-02-07,LT.NS,3394.699951171875,3435.4,3518.59
2024-02-08,LT.NS,3335.5,3392.86,3513.44
2024-02-09,LT.NS,3324.550048828125,3370.69,3506.13
2024-02-12,LT.NS,3299.550048828125,3356.62,3498.84
2024-02-13,LT.NS,3321.5,3348.83,3492.03
2024-02-14,LT.NS,3309.0,3344.15,3484.81
2024-02-15,LT.NS,3300.300048828125,3326.44,3480.22
2024-02-16,LT.NS,3386.75,3325.31,3478.43
2024-02-19,LT.NS,3339.85009765625,3325.93,3474.47
2024-02-20,LT.NS,3356.75,3330.53,3468.96
2024-02-21,LT.NS,3296.39990234375,3330.08,3462.14
2024-02-22,LT.NS,3363.75,3336.11,3455.73
2024-02-23,LT.NS,3387.949951171875,3347.39,3450.48
2024-02-26,LT.NS,3470.14990234375,3371.66,3449.32
2024-02-27,LT.NS,3506.449951171875,3388.76,3447.25
2024-02-28,LT.NS,3470.199951171875,3407.38,3444.82
2024-02-29,LT.NS,3477.550048828125,3424.64,3441.62
2024-03-01,LT.NS,3633.5,3472.79,3443.7
2024-03-04,LT.NS,3644.449951171875,3512.89,3445.32
2024-03-05,LT.NS,3612.60009765625,3544.99,3444.21
2024-03-06,LT.NS,3642.199951171875,3569.56,3447.25
2024-03-07,LT.NS,3676.949951171875,3593.92,3450.17
2024-03-11,LT.NS,3640.60009765625,3618.26,3451.74
2024-03-12,LT.NS,3621.64990234375,3638.85,3448.86
2024-03-13,LT.NS,3538.550048828125,3625.29,3445.71
2024-03-14,LT.NS,3608.199951171875,3620.11,3449.99
2024-03-15,LT.NS,3537.14990234375,3609.33,3454.63
2024-03-18,LT.NS,3561.199951171875,3597.76,3460.8
2024-03-19,LT.NS,3501.699951171875,3572.72,3466.13
2024-03-20,LT.NS,3509.699951171875,3554.02,3468.98
2024-03-21,LT.NS,3560.0,3545.21,3474.49
2024-03-22,LT.NS,3617.800048828125,3556.54,3483.9
2024-03-26,LT.NS,3670.10009765625,3565.38,3495.42
2024-03-27,LT.NS,3706.39990234375,3589.56,3508.98
2024-03-28,LT.NS,3763.89990234375,3618.51,3523.72
2024-04-01,LT.NS,3838.0,3666.56,3541.36
2024-04-02,LT.NS,3807.39990234375,3709.09,3558.26
2024-04-03,LT.NS,3782.449951171875,3740.86,3571.45
2024-04-04,LT.NS,3797.85009765625,3766.59,3586.72
2024-04-05,LT.NS,3743.10009765625,3777.01,3599.6
2024-04-08,LT.NS,3807.85009765625,3791.51,3616.64
2024-04-09,LT.NS,3785.25,3794.56,3630.69
2024-04-10,LT.NS,3753.199951171875,3782.44,3642.87
2024-04-12,LT.NS,3679.25,3764.14,3649.84
2024-04-15,LT.NS,3600.800048828125,3738.19,3652.98
2024-04-16,LT.NS,3543.449951171875,3701.84,3655.43
2024-04-18,LT.NS,3550.949951171875,3674.39,3657.87
2024-04-19,LT.NS,3518.35009765625,3633.04,3654.03
2024-04-22,LT.NS,3612.699951171875,3608.39,3652.98
2024-04-23,LT.NS,3610.14990234375,3587.95,3652.89
2024-04-24,LT.NS,3634.85009765625,3581.61,3652.65
2024-04-25,LT.NS,3652.300048828125,3588.96,3651.83
2024-04-26,LT.NS,3605.199951171875,3597.79,3650.65
2024-04-29,LT.NS,3634.300048828125,3609.69,3651.07
2024-04-30,LT.NS,3594.300048828125,3620.54,3652.93
2024-05-02,LT.NS,3599.5,3618.66,3652.64
2024-05-03,LT.NS,3499.800048828125,3602.89,3651.39
2024-05-06,LT.NS,3463.300048828125,3578.39,3648.13
2024-05-07,LT.NS,3427.75,3546.31,3645.67
2024-05-08,LT.NS,3486.85009765625,3529.4,3644.9
2024-05-09,LT.NS,3275.449951171875,3478.14,3635.42
2024-05-10,LT.NS,3271.449951171875,3432.01,3623.87
2024-05-13,LT.NS,3293.85009765625,3388.35,3611.33
2024-05-14,LT.NS,3379.449951171875,3371.16,3600.43
2024-05-15,LT.NS,3411.300048828125,3363.73,3588.68
2024-05-16,LT.NS,3460.60009765625,3368.42,3576.1
2024-05-17,LT.NS,3450.75,3363.26,3564.21
2024-05-21,LT.NS,3440.949951171875,3386.91,3552.83
2024-05-22,LT.NS,3460.85009765625,3413.96,3541.6
2024-05-23,LT.NS,3585.39990234375,3455.61,3536.34
2024-05-24,LT.NS,3625.89990234375,3490.82,3530.27
2024-05-27,LT.NS,3652.0,3525.21,3525.83
2024-05-28,LT.NS,3658.199951171875,3553.44,3522.67
2024-05-29,LT.NS,3634.800048828125,3579.73,3521.18
2024-05-30,LT.NS,3634.699951171875,3607.41,3522.31
2024-05-31,LT.NS,3669.300048828125,3637.19,3526.51
2024-06-03,LT.NS,3897.14990234375,3681.72,3538.05
2024-06-04,LT.NS,3403.199951171875,3649.91,3534.21
2024-06-05,LT.NS,3409.0,3615.19,3527.42
2024-06-06,LT.NS,3482.550048828125,3590.1,3523.17
2024-06-07,LT.NS,3532.5,3575.49,3519.76
2024-06-10,LT.NS,3543.75,3562.49,3516.14
2024-06-11,LT.NS,3598.699951171875,3552.41,3515.92
2024-06-12,LT.NS,3630.300048828125,3514.29,3515.79
2024-06-13,LT.NS,3703.64990234375,3557.21,3519.43
2024-06-14,LT.NS,3687.800048828125,3597.04,3522.38
2024-06-18,LT.NS,3689.199951171875,3626.56,3528.69
2024-06-19,LT.NS,3589.949951171875,3634.76,3532.91
2024-06-20,LT.NS,3594.449951171875,3642.01,3538.47
2024-06-21,LT.NS,3535.0,3632.91,3540.07
2024-06-24,LT.NS,3531.60009765625,3618.81,3548.61
2024-06-25,LT.NS,3587.800048828125,3602.26,3559.15
2024-06-26,LT.NS,3602.949951171875,3590.14,3569.46
2024-06-27,LT.NS,3564.39990234375,3572.31,3575.62
2024-06-28,LT.NS,3548.449951171875,3566.38,3580.19
2024-07-01,LT.NS,3526.550048828125,3556.68,3582.39
2024-07-02,LT.NS,3626.5,3569.75,3588.25
2024-07-03,LT.NS,3614.35009765625,3581.57,3594.03
2024-07-04,LT.NS,3573.300048828125,3579.5,3597.78
2024-07-05,LT.NS,3627.14990234375,3582.96,3599.17
2024-07-08,LT.NS,3632.0,3592.61,3599.37
2024-07-09,LT.NS,3666.10009765625,3609.42,3599.84
2024-07-10,LT.NS,3650.050048828125,3627.06,3599.57
2024-07-11,LT.NS,3621.10009765625,3626.29,3599.12
2024-07-12,LT.NS,3649.35009765625,3631.29,3599.61
2024-07-15,LT.NS,3651.60009765625,3642.48,3599.02
2024-07-16,LT.NS,3636.550048828125,3643.82,3590.33
2024-07-18,LT.NS,3656.199951171875,3647.28,3598.76
2024-07-19,LT.NS,3618.5,3640.48,3605.75
2024-07-22,LT.NS,3651.449951171875,3640.68,3611.38
2024-07-23,LT.NS,3538.050048828125,3628.81,3611.56
2024-07-24,LT.NS,3519.449951171875,3610.26,3610.75
2024-07-25,LT.NS,3619.14990234375,3605.62,3611.43
2024-07-26,LT.NS,3679.89990234375,3611.81,3613.09
2024-07-29,LT.NS,3774.949951171875,3628.78,3615.46
2024-07-30,LT.NS,3784.64990234375,3652.51,3618.69
2024-07-31,LT.NS,3815.0,3675.88,3622.88
2024-08-01,LT.NS,3779.300048828125,3710.34,3629.2
2024-08-02,LT.NS,3665.699951171875,3731.24,3631.57
2024-08-05,LT.NS,3528.0,3718.21,3631.34
2024-08-06,LT.NS,3576.199951171875,3703.4,3632.82
2024-08-07,LT.NS,3638.25,3683.87,3634.5
2024-08-08,LT.NS,3553.550048828125,3650.86,3632.86
2024-08-09,LT.NS,3592.050048828125,3619.01,3633.78
2024-08-12,LT.NS,3571.949951171875,3589.39,3634.56
2024-08-13,LT.NS,3551.800048828125,3573.11,3635.41
2024-08-14,LT.NS,3545.199951171875,3575.57,3632.7
2024-08-16,LT.NS,3568.35009765625,3574.45,3631.16
2024-08-19,LT.NS,3555.050048828125,3562.56,3630.55
2024-08-20,LT.NS,3572.699951171875,3565.3,3628.74
2024-08-21,LT.NS,3596.050048828125,3565.87,3627.54
2024-08-22,LT.NS,3606.5,3570.81,3625.55
2024-08-23,LT.NS,3598.550048828125,3577.49,3623.84
2024-08-26,LT.NS,3641.89990234375,3591.3,3624.53
2024-08-27,LT.NS,3702.699951171875,3610.49,3626.31
2024-08-28,LT.NS,3689.050048828125,3629.64,3627.56
2024-08-29,LT.NS,3683.449951171875,3645.46,3629.12
2024-08-30,LT.NS,3704.64990234375,3660.97,3630.73
2024-09-02,LT.NS,3683.10009765625,3671.91,3632.89
2024-09-03,LT.NS,3690.14990234375,3685.0,3634.18
2024-09-04,LT.NS,3650.800048828125,3686.27,3637.94
2024-09-05,LT.NS,3624.14990234375,3675.05,3641.43
2024-09-06,LT.NS,3574.75,3658.72,3639.95
2024-09-09,LT.NS,3578.300048828125,3643.7,3636.56
2024-09-10,LT.NS,3596.14990234375,3628.2,3630.6
2024-09-11,LT.NS,3536.949951171875,3607.32,3622.34
2024-09-12,LT.NS,3622.0,3597.59,3615.91
2024-09-13,LT.NS,3613.0,3592.19,3610.37
2024-09-16,LT.NS,3662.25,3597.63,3610.25
2024-09-17,LT.NS,3695.199951171875,3614.84,3615.82
2024-09-18,LT.NS,3730.449951171875,3636.57,3620.97
2024-09-19,LT.NS,3683.699951171875,3649.08,3622.48
2024-09-20,LT.NS,3793.89990234375,3685.79,3630.49
2024-09-23,LT.NS,3787.699951171875,3709.46,3637.01
2024-09-24,LT.NS,3791.60009765625,3734.97,3644.34
2024-09-25,LT.NS,3793.85009765625,3753.77,3652.4
2024-09-26,LT.NS,3762.14990234375,3763.34,3659.64
2024-09-27,LT.NS,3705.64990234375,3759.79,3664.21
2024-09-30,LT.NS,3675.550048828125,3758.63,3668.23
2024-10-01,LT.NS,3653.5,3738.57,3670.92
2024-10-03,LT.NS,3497.64990234375,3697.14,3667.64
2024-10-04,LT.NS,3493.949951171875,3654.61,3663.89
2024-10-07,LT.NS,3468.35009765625,3608.11,3659.55
2024-10-08,LT.NS,3532.39990234375,3575.29,3655.9
2024-10-09,LT.NS,3487.10009765625,3544.07,3648.71
2024-10-10,LT.NS,3460.35009765625,3513.33,3641.09
2024-10-11,LT.NS,3482.550048828125,3488.91,3634.39
2024-10-14,LT.NS,3555.050048828125,3497.11,3629.41
2024-10-15,LT.NS,3551.89990234375,3505.39,3625.03
2024-10-16,LT.NS,3532.60009765625,3514.56,3619.78
2024-10-17,LT.NS,3570.300048828125,3519.98,3617.1
2024-10-18,LT.NS,3577.800048828125,3532.94,3615.55
2024-10-21,LT.NS,3585.60009765625,3550.83,3615.92
2024-10-22,LT.NS,3511.89990234375,3555.02,3613.7
2024-10-23,LT.NS,3455.39990234375,3540.79,3609.01
2024-10-24,LT.NS,3442.64990234375,3525.18,3605.87
2024-10-25,LT.NS,3326.39990234375,3495.72,3596.01
2024-10-28,LT.NS,3340.800048828125,3462.94,3586.94
2024-10-29,LT.NS,3380.89990234375,3434.81,3577.56
2024-10-30,LT.NS,3408.35009765625,3409.49,3568.0
2024-10-31,LT.NS,3622.300048828125,3425.26,3564.4
2024-11-01,LT.NS,3626.35009765625,3449.68,3562.49
2024-11-04,LT.NS,3574.449951171875,3468.51,3555.17
2024-11-05,LT.NS,3574.800048828125,3503.99,3548.07
2024-11-06,LT.NS,3645.449951171875,3547.51,3543.2
2024-11-07,LT.NS,3646.550048828125,3585.46,3538.29
2024-11-08,LT.NS,3660.300048828125,3621.46,3534.9
2024-11-11,LT.NS,3628.85009765625,3622.39,3532.34
2024-11-12,LT.NS,3591.35009765625,3617.39,3529.53
2024-11-13,LT.NS,3547.949951171875,3613.61,3526.01
2024-11-14,LT.NS,3526.25,3606.67,3526.97
2024-11-18,LT.NS,3542.14990234375,3591.91,3528.57
2024-11-19,LT.NS,3505.89990234375,3571.82,3529.82
2024-11-21,LT.NS,3483.5,3546.56,3528.19
2024-11-22,LT.NS,3603.5,3542.94,3532.07
2024-11-25,LT.NS,3753.0,3566.04,3541.83
2024-11-26,LT.NS,3702.60009765625,3588.13,3549.16
2024-11-27,LT.NS,3698.699951171875,3612.76,3553.95
2024-11-28,LT.NS,3666.050048828125,3630.46,3557.76
2024-11-29,LT.NS,3724.800048828125,3661.74,3564.16
2024-12-02,LT.NS,3704.050048828125,3693.24,3568.62
2024-12-03,LT.NS,3787.050048828125,3719.46,3575.6
2024-12-04,LT.NS,3789.89990234375,3724.74,3582.41
2024-12-05,LT.NS,3831.550048828125,3743.16,3593.06
2024-12-06,LT.NS,3866.699951171875,3767.16,3606.77
2024-12-09,LT.NS,3947.300048828125,3807.34,3623.59
2024-12-10,LT.NS,3923.14990234375,3835.67,3643.49
2024-12-11,LT.NS,3916.75,3866.06,3662.68
2024-12-12,LT.NS,3859.89990234375,3876.46,3678.65
2024-12-13,LT.NS,3887.0,3890.34,3694.61
2024-12-16,LT.NS,3877.85009765625,3896.95,3703.12
2024-12-17,LT.NS,3807.199951171875,3888.45,3709.15
2024-12-18,LT.NS,3758.14990234375,3861.43,3715.28
2024-12-19,LT.NS,3716.35009765625,3831.89,3719.99
2024-12-20,LT.NS,3629.85009765625,3790.9,3719.47
2024-12-23,LT.NS,3640.5,3759.56,3719.27
2024-12-24,LT.NS,3639.75,3724.24,3718.59
2024-12-26,LT.NS,3629.5,3688.76,3718.61
2024-12-27,LT.NS,3608.10009765625,3660.31,3719.17
2024-12-30,LT.NS,3578.949951171875,3634.71,3720.2
2024-12-31,LT.NS,3607.64990234375,3619.19,3722.91
2025-01-01,LT.NS,3667.5,3624.56,3727.09
2025-01-02,LT.NS,3713.5,3634.99,3734.01
2025-01-03,LT.NS,3659.89990234375,3637.87,3739.89
2025-01-06,LT.NS,3603.199951171875,3634.11,3739.88
2025-01-07,LT.NS,3643.300048828125,3639.14,3736.22
2025-01-08,LT.NS,3596.35009765625,3641.63,3732.68
2025-01-09,LT.NS,3527.89990234375,3630.24,3726.99
2025-01-10,LT.NS,3536.14990234375,3611.47,3722.66
2025-01-13,LT.NS,3464.300048828125,3575.87,3713.98
2025-01-14,LT.NS,3462.60009765625,3547.69,3705.93
2025-01-15,LT.NS,3501.39990234375,3533.14,3696.41
2025-01-16,LT.NS,3507.89990234375,3513.8,3687.01
2025-01-17,LT.NS,3568.64990234375,3509.84,3678.24
2025-01-20,LT.NS,3593.0,3519.14,3669.12
2025-01-21,LT.NS,3541.10009765625,3519.85,3655.58
2025-01-22,LT.NS,3518.199951171875,3527.55,3642.08
2025-01-23,LT.NS,3503.25,3533.36,3628.3
2025-01-24,LT.NS,3458.199951171875,3527.19,3614.91
2025-01-27,LT.NS,3457.64990234375,3520.01,3600.6
2025-01-28,LT.NS,3413.89990234375,3497.9,3585.13
2025-01-29,LT.NS,3449.699951171875,3477.43,3573.21
2025-01-30,LT.NS,3420.949951171875,3460.26,3561.97
2025-01-31,LT.NS,3567.39990234375,3467.29,3557.01
2025-02-01,LT.NS,3447.5,3459.33,3550.93
2025-02-03,LT.NS,3289.199951171875,3435.19,3539.22
2025-02-04,LT.NS,3439.14990234375,3432.54,3532.53
2025-02-05,LT.NS,3383.199951171875,3428.16,3524.32
2025-02-06,LT.NS,3352.75,3414.31,3515.81
2025-02-07,LT.NS,3336.89990234375,3402.3,3507.74
2025-02-10,LT.NS,3328.64990234375,3368.19,3498.44
2025-02-11,LT.NS,3239.64990234375,3338.5,3484.18
2025-02-12,LT.NS,3289.64990234375,3338.56,3470.05
2025-02-13,LT.NS,3263.64990234375,3313.49,3456.85
2025-02-14,LT.NS,3237.64990234375,3292.7,3444.66
2025-02-17,LT.NS,3221.85009765625,3274.0,3430.61
2025-02-18,LT.NS,3220.14990234375,3257.32,3418.07
2025-02-19,LT.NS,3275.89990234375,3249.79,3409.67
2025-02-20,LT.NS,3275.800048828125,3254.95,3400.99
2025-02-21,LT.NS,3315.10009765625,3258.59,3396.02
2025-02-24,LT.NS,3257.699951171875,3257.74,3389.19
2025-02-25,LT.NS,3225.89990234375,3256.06,3380.01
2025-02-27,LT.NS,3209.5,3254.29,3370.06
2025-02-28,LT.NS,3163.85009765625,3246.25,3356.57
2025-03-03,LT.NS,3197.300048828125,3235.02,3343.38
2025-03-04,LT.NS,3213.0,3226.05,3332.44
2025-03-05,LT.NS,3239.64990234375,3215.27,3323.16
2025-03-06,LT.NS,3259.89990234375,3215.59,3315.04
2025-03-07,LT.NS,3244.699951171875,3218.27,3307.93
2025-03-10,LT.NS,3177.699951171875,3213.73,3298.6
2025-03-11,LT.NS,3195.449951171875,3218.24,3291.31
2025-03-12,LT.NS,3193.64990234375,3217.72,3282.78
2025-03-13,LT.NS,3187.300048828125,3214.05,3274.99
2025-03-17,LT.NS,3173.449951171875,3204.59,3261.86
2025-03-18,LT.NS,3173.449951171875,3192.24,3252.72
2025-03-19,LT.NS,3319.550048828125,3202.94,3253.74
2025-03-20,LT.NS,3351.050048828125,3227.7,3250.8
2025-03-21,LT.NS,3415.949951171875,3259.2,3251.89
2025-03-24,LT.NS,3481.85009765625,3300.37,3256.19
2025-03-25,LT.NS,3469.60009765625,3340.7,3260.62
2025-03-26,LT.NS,3444.800048828125,3379.46,3264.49
2025-03-27,LT.NS,3501.60009765625,3426.34,3273.22
2025-03-28,LT.NS,3492.300048828125,3451.02,3279.98
2025-04-01,LT.NS,3436.800048828125,3463.27,3285.75
2025-04-02,LT.NS,3419.89990234375,3463.84,3291.82
2025-04-03,LT.NS,3420.14990234375,3455.02,3298.43
2025-04-04,LT.NS,3260.14990234375,3425.1,3299.77
2025-04-07,LT.NS,3068.5,3371.34,3292.85
2025-04-08,LT.NS,3161.10009765625,3322.7,3289.03
2025-04-09,LT.NS,3054.14990234375,3260.11,3280.33
2025-04-11,LT.NS,3115.949951171875,3214.27,3275.61
2025-04-15,LT.NS,3257.60009765625,3191.09,3276.66
2025-04-16,LT.NS,3227.699951171875,3163.59,3277.27
2025-04-17,LT.NS,3247.300048828125,3161.76,3280.05
2025-04-21,LT.NS,3280.5,3192.04,3282.82
2025-04-22,LT.NS,3257.800048828125,3205.86,3284.32
2025-04-23,LT.NS,3301.0,3241.12,3286.36
2025-04-24,LT.NS,3300.60009765625,3267.5,3287.72
2025-04-25,LT.NS,3272.10009765625,3269.57,3288.63
2025-04-28,LT.NS,3327.300048828125,3283.8,3293.62
2025-04-29,LT.NS,3322.300048828125,3294.51,3297.85
2025-04-30,LT.NS,3341.0,3303.16,3302.76
2025-05-02,LT.NS,3334.89990234375,3314.17,3307.68
2025-05-05,LT.NS,3330.199951171875,3318.34,3312.91
2025-05-06,LT.NS,3334.0,3323.11,3318.26
2025-05-07,LT.NS,3321.39990234375,3330.16,3318.32
2025-05-08,LT.NS,3323.89990234375,3329.67,3317.41
2025-05-09,LT.NS,3443.89990234375,3347.04,3318.35
2025-05-12,LT.NS,3587.199951171875,3382.21,3321.86
2025-05-13,LT.NS,3567.0,3415.37,3325.1
2025-05-14,LT.NS,3573.10009765625,3450.07,3329.38
2025-05-15,LT.NS,3618.199951171875,3490.67,3333.27
2025-05-16,LT.NS,3604.699951171875,3531.14,3337.01
2025-05-19,LT.NS,3600.199951171875,3570.61,3342.46
2025-05-20,LT.NS,3567.800048828125,3588.31,3347.39
2025-05-21,LT.NS,3589.0,3588.57,3353.02
2025-05-22,LT.NS,3551.39990234375,3586.34,3362.73
2025-05-23,LT.NS,3599.89990234375,3590.17,3380.44
2025-05-26,LT.NS,3648.699951171875,3594.53,3396.69
2025-05-27,LT.NS,3640.0,3599.57,3416.22
2025-05-28,LT.NS,3646.300048828125,3606.16,3433.9
2025-05-29,LT.NS,3655.300048828125,3618.66,3447.16
2025-05-30,LT.NS,3675.10009765625,3630.96,3462.07
2025-06-02,LT.NS,3679.60009765625,3649.27,3476.48
2025-06-03,LT.NS,3644.800048828125,3655.69,3488.62
2025-06-04,LT.NS,3626.5,3652.51,3500.91
2025-06-05,LT.NS,3642.60009765625,3652.89,3512.3
2025-06-06,LT.NS,3656.300048828125,3654.31,3524.16
2025-06-09,LT.NS,3678.89990234375,3657.69,3537.72
2025-06-10,LT.NS,3679.800048828125,3658.36,3549.47
2025-06-11,LT.NS,3684.800048828125,3659.1,3561.55
2025-06-12,LT.NS,3603.89990234375,3653.26,3570.31
2025-06-13,LT.NS,3587.39990234375,3647.67,3578.73
2025-06-16,LT.NS,3628.699951171875,3645.69,3588.68
2025-06-17,LT.NS,3622.300048828125,3640.83,3598.29
2025-06-18,LT.NS,3601.5,3629.77,3607.63
2025-06-19,LT.NS,3621.10009765625,3621.39,3617.53
2025-06-20,LT.NS,3662.0,3618.13,3624.8
2025-06-23,LT.NS,3583.699951171875,3615.24,3624.69
2025-06-24,LT.NS,3604.800048828125,3617.73,3625.95
2025-06-25,LT.NS,3619.800048828125,3616.46,3627.5
2025-06-26,LT.NS,3659.60009765625,3621.79,3628.88
2025-06-27,LT.NS,3679.199951171875,3632.89,3631.37
2025-06-30,LT.NS,3669.800048828125,3639.84,3633.69
2025-07-01,LT.NS,3666.699951171875,3640.51,3636.98
2025-07-02,LT.NS,3596.800048828125,3642.39,3637.24
2025-07-03,LT.NS,3582.89990234375,3639.26,3638.29
2025-07-04,LT.NS,3594.60009765625,3635.66,3638.12
2025-07-07,LT.NS,3581.39990234375,3624.49,3635.87
2025-07-08,LT.NS,3606.39990234375,3614.09,3634.75
2025-07-09,LT.NS,3579.699951171875,3601.21,3632.53
2025-07-10,LT.NS,3574.699951171875,3588.07,3629.85
2025-07-11,LT.NS,3540.60009765625,3580.04,3625.36
2025-07-14,LT.NS,3495.89990234375,3567.61,3619.24
2025-07-15,LT.NS,3494.0,3553.24,3614.21
2025-07-16,LT.NS,3503.800048828125,3542.16,3610.12
2025-07-17,LT.NS,3474.0,3523.24,3604.5
2025-07-18,LT.NS,3464.800048828125,3506.83,3598.12
2025-07-21,LT.NS,3502.800048828125,3496.56,3592.25
2025-07-22,LT.NS,3464.60009765625,3485.7,3585.08
2025-07-23,LT.NS,3484.89990234375,3484.13,3578.41
2025-07-24,LT.NS,3477.5,3481.77,3574.2
2025-07-25,LT.NS,3442.89990234375,3473.07,3569.38
2025-07-28,LT.NS,3422.199951171875,3465.67,3562.5
2025-07-29,LT.NS,3495.60009765625,3470.07,3558.28
2025-07-30,LT.NS,3665.10009765625,3493.26,3560.4
2025-07-31,LT.NS,3636.5,3517.81,3560.91
2025-08-01,LT.NS,3587.300048828125,3532.44,3558.42
2025-08-04,LT.NS,3631.10009765625,3554.39,3560.0
2025-08-05,LT.NS,3652.60009765625,3584.34,3561.59
2025-08-06,LT.NS,3628.39990234375,3613.8,3561.88
2025-08-07,LT.NS,3641.60009765625,3634.66,3561.28
2025-08-08,LT.NS,3607.60009765625,3626.44,3558.89
2025-08-11,LT.NS,3668.39990234375,3631.0,3558.85
2025-08-12,LT.NS,3686.10009765625,3645.11,3559.49
2025-08-13,LT.NS,3693.699951171875,3654.06,3562.72
2025-08-14,LT.NS,3677.0,3657.54,3565.86
2025-08-18,LT.NS,3635.10009765625,3658.5,3567.21
2025-08-19,LT.NS,3613.0,3654.41,3568.26
2025-08-20,LT.NS,3592.300048828125,3652.23,3567.79
2025-08-21,LT.NS,3612.60009765625,3644.26,3568.89
2025-08-22,LT.NS,3595.800048828125,3631.36,3569.59
2025-08-25,LT.NS,3603.10009765625,3618.41,3571.68
2025-08-26,LT.NS,3541.300048828125,3599.03,3573.19
2025-08-28,LT.NS,3560.10009765625,3588.31,3575.39
2025-08-29,LT.NS,3601.0,3586.6,3578.63
2025-09-01,LT.NS,3598.39990234375,3587.47,3582.78
2025-09-02,LT.NS,3574.89990234375,3582.09,3586.45
2025-09-03,LT.NS,3600.800048828125,3582.8,3589.72
2025-09-04,LT.NS,3592.60009765625,3581.3,3593.98
2025-09-05,LT.NS,3553.60009765625,3583.06,3596.27
2025-09-08,LT.NS,3529.60009765625,3578.7,3598.01
2025-09-09,LT.NS,3525.0,3567.84,3600.75
2025-09-10,LT.NS,3550.0,3560.93,3605.01
2025-09-11,LT.NS,3539.699951171875,3555.9,3606.48
2025-09-12,LT.NS,3579.800048828125,3552.9,3603.63
2025-09-15,LT.NS,3586.199951171875,3551.99,3601.96
2025-09-16,LT.NS,3667.800048828125,3568.3,3604.64
2025-09-17,LT.NS,3685.5,3590.57,3606.45
2025-09-18,LT.NS,3686.0,3613.57,3607.57
2025-09-19,LT.NS,3675.39990234375,3631.49,3609.13
2025-09-22,LT.NS,3644.5,3646.46,3609.23
2025-09-23,LT.NS,3657.60009765625,3657.57,3610.9
2025-09-24,LT.NS,3673.800048828125,3670.09,3611.08
2025-09-25,LT.NS,3644.39990234375,3666.74,3609.69
2025-09-26,LT.NS,3729.5,3673.03,3610.88
2025-09-29,LT.NS,3688.39990234375,3673.37,3611.26
2025-09-30,LT.NS,3659.0,3671.03,3612.06
2025-10-01,LT.NS,3670.300048828125,3674.71,3613.97
2025-10-03,LT.NS,3733.10009765625,3685.5,3618.66
2025-10-06,LT.NS,3737.0,3694.53,3622.81
2025-10-07,LT.NS,3729.699951171875,3706.71,3627.27
2025-10-08,LT.NS,3729.800048828125,3706.76,3631.49
2025-10-09,LT.NS,3769.199951171875,3718.3,3639.09
2025-10-10,LT.NS,3784.0,3736.16,3646.55
2025-10-13,LT.NS,3769.5,3750.33,3652.17
2025-10-14,LT.NS,3744.300048828125,3751.93,3657.03
2025-10-15,LT.NS,3828.699951171875,3765.03,3665.49
2025-10-16,LT.NS,3861.800048828125,3783.9,3674.19
2025-10-17,LT.NS,3839.39990234375,3799.56,3682.42
2025-10-20,LT.NS,3872.699951171875,3814.34,3693.06
2025-10-21,LT.NS,3888.199951171875,3829.23,3705.01
2025-10-23,LT.NS,3918.699951171875,3850.54,3718.13
2025-10-24,LT.NS,3904.89990234375,3873.49,3729.96
2025-10-27,LT.NS,3923.800048828125,3887.07,3742.77
2025-10-28,LT.NS,3972.800048828125,3902.93,3755.87
2025-10-29,LT.NS,3958.10009765625,3919.89,3768.26
2025-10-30,LT.NS,3987.5,3936.29,3778.92
2025-10-31,LT.NS,4030.89990234375,3956.67,3790.43
2025-11-03,LT.NS,3980.5,3965.5,3800.25
2025-11-04,LT.NS,3924.39990234375,3968.29,3808.55
2025-11-06,LT.NS,3881.60009765625,3962.26,3816.45
2025-11-07,LT.NS,3882.5,3949.36,3823.95
2025-11-10,LT.NS,3918.5,3943.7,3832.11
2025-11-11,LT.NS,3955.0,3939.06,3842.46
2025-11-12,LT.NS,3954.60009765625,3928.16,3849.96
2025-11-13,LT.NS,4002.5,3931.3,3860.43
2025-11-14,LT.NS,4004.39990234375,3942.73,3871.95
2025-11-17,LT.NS,4027.699951171875,3963.6,3883.86
2025-11-18,LT.NS,3999.60009765625,3980.33,3892.74
2025-11-19,LT.NS,4019.60009765625,3994.77,3902.16
2025-11-20,LT.NS,4037.39990234375,4006.54,3912.42
2025-11-21,LT.NS,4024.89990234375,4016.59,3922.26
2025-11-24,LT.NS,4013.300048828125,4018.13,3930.39
2025-11-25,LT.NS,3996.699951171875,4017.03,3937.48
2025-11-26,LT.NS,4062.0,4021.93,3947.23
2025-11-27,LT.NS,4081.300048828125,4033.6,3958.47
2025-11-28,LT.NS,4069.60009765625,4040.74,3966.5
2025-12-01,LT.NS,4073.199951171875,4045.86,3973.54
2025-12-02,LT.NS,4030.5,4046.66,3979.91
2025-12-03,LT.NS,3988.0,4043.04,3983.76
2025-12-04,LT.NS,3983.60009765625,4041.17,3986.94
2025-12-05,LT.NS,4038.199951171875,4037.77,3990.92
2025-12-08,LT.NS,3996.699951171875,4025.69,3993.98
2025-12-09,LT.NS,3997.5,4015.39,3996.44
2025-12-10,LT.NS,3991.300048828125,4003.69,3997.05
2025-12-11,LT.NS,4003.89990234375,3999.89,3998.58
2025-12-12,LT.NS,4074.10009765625,4012.19,4001.47
2025-12-15,LT.NS,4092.300048828125,4027.71,4003.51
2025-12-16,LT.NS,4063.800048828125,4031.37,4006.29
2025-12-17,LT.NS,4062.39990234375,4040.76,4010.89
2025-12-18,LT.NS,4031.10009765625,4045.56,4015.87
2025-12-19,LT.NS,4073.5,4057.3,4022.24
2025-12-22,LT.NS,4072.39990234375,4067.09,4027.37
2025-12-23,LT.NS,4058.800048828125,4064.9,4030.83
2025-12-24,LT.NS,4053.60009765625,4059.37,4034.13
2025-12-26,LT.NS,4047.300048828125,4057.01,4035.62
2025-12-29,LT.NS,4038.699951171875,4053.63,4036.77
2025-12-30,LT.NS,4052.0,4056.61,4037.58
2025-12-31,LT.NS,4083.5,4058.04,4040.37
2026-01-01,LT.NS,4140.39990234375,4067.76,4044.4
2026-01-02,LT.NS,4163.39990234375,4082.7,4048.6
2026-01-05,LT.NS,4150.39990234375,4096.53,4052.78
2026-01-06,LT.NS,4140.60009765625,4109.86,4057.03
2026-01-07,LT.NS,4157.0,4126.76,4062.37
2026-01-08,LT.NS,4028.39990234375,4123.39,4061.25
2026-01-09,LT.NS,4025.199951171875,4115.06,4059.38
2026-01-12,LT.NS,4019.0,4097.71,4057.69
2026-01-13,LT.NS,3887.39990234375,4058.29,4051.5
2026-01-14,LT.NS,3865.800048828125,4017.63,4046.01
2026-01-15,LT.NS,3865.800048828125,3978.37,4041.94
2026-01-16,LT.NS,3856.39990234375,3935.43,4037.7
2026-01-19,LT.NS,3869.800048828125,3912.77,4032.08
2026-01-20,LT.NS,3810.5,3882.1,4025.88
2026-01-21,LT.NS,3766.5,3846.03,4018.18
2026-01-22,LT.NS,3793.800048828125,3832.66,4011.59
2026-01-23,LT.NS,3743.800048828125,3815.23,4002.92
2026-01-27,LT.NS,3787.800048828125,3804.09,3993.38
2026-01-28,LT.NS,3794.0,3795.17,3983.44
2026-01-29,LT.NS,3932.89990234375,3804.19,3979.07
2026-01-30,LT.NS,3932.300048828125,3821.59,3974.74
2026-02-02,LT.NS,3921.300048828125,3843.7,3971.08
2026-02-03,LT.NS,4038.800048828125,3878.7,3969.92
2026-02-04,LT.NS,4087.10009765625,3927.74,3970.41
2026-02-05,LT.NS,4063.300048828125,3967.1,3970.56
2026-02-06,LT.NS,4068.10009765625,4006.26,3971.04
2026-02-09,LT.NS,4113.60009765625,4032.07,3973.25
2026-02-10,LT.NS,4169.0,4065.89,3977.6
2026-02-11,LT.NS,4170.39990234375,4101.47,3981.54
2026-02-12,LT.NS,4185.89990234375,4122.49,3984.96
2026-02-13,LT.NS,4173.89990234375,4134.89,3986.07
2026-02-16,LT.NS,4201.5,4154.63,3987.34
2026-02-17,LT.NS,4279.7998046875,4184.87,3991.66
2026-02-18,LT.NS,4325.89990234375,4215.2,3997.83
2026-02-19,LT.NS,4280.5,4231.13,4001.95
2026-02-20,LT.NS,4380.60009765625,4261.16,4013.69
2026-02-23,LT.NS,4418.10009765625,4294.33,4026.79
2026-02-24,LT.NS,4259.2001953125,4306.51,4034.79
2026-02-25,LT.NS,4298.5,4320.37,4048.5
2026-02-26,LT.NS,4286.5,4321.33,4062.52
2026-02-27,LT.NS,4278.2998046875,4314.53,4076.27
2026-03-02,LT.NS,4066.699951171875,4283.99,4083.28
2026-03-04,LT.NS,3882.60009765625,4212.84,4083.71
2026-03-05,LT.NS,4038.699951171875,4158.64,4091.31
2026-03-06,LT.NS,3949.800048828125,4114.44,4097.42
2026-03-09,LT.NS,3842.10009765625,4049.24,4099.03
2026-03-10,LT.NS,3876.0,3990.6,4103.44
2026-03-11,LT.NS,3838.800048828125,3927.81,4105.14
2026-03-12,LT.NS,3719.5,3878.21,4102.66
2026-03-13,LT.NS,3439.0,3814.84,4086.19
2026-03-16,LT.NS,3469.39990234375,3733.51,4070.76
2026-03-17,LT.NS,3542.800048828125,3675.37,4058.15
2026-03-18,LT.NS,3607.89990234375,3641.91,4043.78
2026-03-19,LT.NS,3434.5,3578.84,4022.03
2026-03-20,LT.NS,3434.800048828125,3521.13,4001.08
2026-03-23,LT.NS,3342.39990234375,3467.26,3976.89
2026-03-24,LT.NS,3516.800048828125,3478.37,3957.0
2026-03-25,LT.NS,3649.300048828125,3504.07,3939.67
2026-03-27,LT.NS,3564.10009765625,3507.11,3919.46
2026-03-30,LT.NS,3504.10009765625,3492.29,3896.74
2026-04-01,LT.NS,3607.5,3517.0,3877.86
2026-04-02,LT.NS,3613.10009765625,3542.47,3858.24
2026-04-06,LT.NS,3727.699951171875,3597.51,3839.84
2026-04-07,LT.NS,3723.300048828125,3627.01,3819.75
2026-04-08,LT.NS,4005.89990234375,3677.96,3810.6
2026-04-09,LT.NS,3896.199951171875,3725.4,3794.45
2026-04-10,LT.NS,3959.89990234375,3790.51,3779.18
2026-04-13,LT.NS,3954.300048828125,3840.06,3769.02
2026-04-15,LT.NS,4076.300048828125,3906.23,3761.61
2026-04-16,LT.NS,4119.7998046875,3962.24,3756.05
2026-04-17,LT.NS,4096.10009765625,4015.5,3749.98
2026-04-20,LT.NS,4051.0,4021.94,3749.46
2026-04-21,LT.NS,4075.39990234375,4047.54,3755.88
2026-04-22,LT.NS,4021.10009765625,4056.29,3755.3
2026-04-23,LT.NS,4054.10009765625,4070.54,3758.77
2026-04-24,LT.NS,4014.300048828125,4061.69,3764.51
2026-04-27,LT.NS,4053.60009765625,4052.23,3770.43
2026-04-28,LT.NS,4037.699951171875,4043.89,3777.06
2026-04-29,LT.NS,4096.10009765625,4050.33,3789.62
2026-04-30,LT.NS,4014.0,4041.56,3808.78
2026-05-01,LT.NS,4014.0,4040.54,3826.94
2026-05-04,LT.NS,4100.7998046875,4047.21,3845.54
2026-05-05,LT.NS,4054.5,4052.96,3860.42
2026-05-06,LT.NS,4008.5,4046.51,3879.56
2026-05-07,LT.NS,4023.0,4044.41,3899.16
2026-05-08,LT.NS,3974.5,4027.04,3920.23
2026-05-11,LT.NS,3940.199951171875,4016.5,3934.35
2026-05-12,LT.NS,3856.5,3994.0,3941.25
2026-05-13,LT.NS,3915.800048828125,3967.57,3952.98
2026-05-14,LT.NS,3940.39990234375,3951.27,3967.52
2026-05-15,LT.NS,3909.0,3937.06,3977.57
2026-05-18,LT.NS,3917.800048828125,3922.03,3987.73
2026-05-19,LT.NS,3921.0,3914.39,3994.17
2026-05-20,LT.NS,3910.699951171875,3910.17,4000.42
2026-05-21,LT.NS,3928.5,3920.46,3997.84
2026-05-22,LT.NS,3926.60009765625,3922.0,3998.85
2026-05-25,LT.NS,4033.39990234375,3935.29,4001.3
2026-05-26,LT.NS,4037.800048828125,3953.69,4004.08
2026-05-27,LT.NS,4047.5,3972.21,4003.12
2026-05-28,LT.NS,4047.5,3990.29,4000.71
2026-05-29,LT.NS,4076.5,4013.97,4000.06
2023-05-30,META,262.5199890136719,262.52,262.52
2023-05-31,META,264.7200012207031,263.62,263.62
2023-06-01,META,272.6099853515625,266.62,266.62
2023-06-02,META,272.6099853515625,268.11,268.11
2023-06-05,META,271.3900146484375,268.77,268.77
2023-06-06,META,271.1199951171875,269.16,269.16
2023-06-07,META,263.6000061035156,268.37,268.37
2023-06-08,META,264.5799865722656,268.66,267.89
2023-06-09,META,264.95001220703125,268.69,267.57
2023-06-12,META,271.04998779296875,268.47,267.91
2023-06-13,META,271.32000732421875,268.29,268.22
2023-06-14,META,273.3500061035156,268.57,268.65
2023-06-15,META,281.8299865722656,270.1,269.67
2023-06-16,META,281.0,272.58,270.47
2023-06-20,META,284.3299865722656,275.4,271.4
2023-06-21,META,281.6400146484375,277.79,272.04
2023-06-22,META,284.8800048828125,279.76,272.79
2023-06-23,META,288.7300109863281,282.25,273.68
2023-06-26,META,278.4700012207031,282.98,273.93
2023-06-27,META,287.04998779296875,283.73,274.59
2023-06-28,META,285.2900085449219,284.34,275.1
2023-06-29,META,281.5299987792969,283.94,275.39
2023-06-30,META,286.9800109863281,284.7,275.89
2023-07-03,META,286.0199890136719,284.87,276.32
2023-07-05,META,294.3699951171875,285.67,277.04
2023-07-06,META,291.989990234375,287.6,277.61
2023-07-07,META,290.5299987792969,288.1,278.09
2023-07-10,META,294.1000061035156,289.36,278.66
2023-07-11,META,298.2900085449219,291.75,279.34
2023-07-12,META,309.3399963378906,294.95,280.34
2023-07-13,META,313.4100036621094,298.86,282.04
2023-07-14,META,308.8699951171875,300.93,283.51
2023-07-17,META,310.6199951171875,303.59,284.77
2023-07-18,META,312.04998779296875,306.67,286.09
2023-07-19,META,316.010009765625,309.8,287.58
2023-07-20,META,302.5199890136719,310.4,288.62
2023-07-21,META,294.260009765625,308.25,289.65
2023-07-24,META,291.6099853515625,305.13,290.55
2023-07-25,META,294.4700012207031,303.08,291.53
2023-07-26,META,298.57000732421875,301.36,292.45
2023-07-27,META,311.7099914550781,301.31,293.79
2023-07-28,META,325.4800109863281,302.66,295.53
2023-07-31,META,318.6000061035156,304.96,296.76
2023-08-01,META,322.7099914550781,309.02,298.15
2023-08-02,META,314.3099975585937,312.26,299.15
2023-08-03,META,313.19000244140625,314.94,300.2
2023-08-04,META,310.7300109863281,316.68,301.06
2023-08-07,META,316.5599975585937,317.37,301.99
2023-08-08,META,312.6400146484375,315.53,303.13
2023-08-09,META,305.2099914550781,313.62,303.73
2023-08-10,META,305.739990234375,311.2,304.41
2023-08-11,META,301.6400146484375,309.39,305.08
2023-08-14,META,306.19000244140625,308.39,305.72
2023-08-15,META,301.95001220703125,307.13,306.26
2023-08-16,META,294.2900085449219,303.95,306.25
2023-08-17,META,285.0899963378906,300.02,306.02
2023-08-18,META,283.25,296.88,305.78
2023-08-21,META,289.8999938964844,294.62,305.64
2023-08-22,META,287.6000061035156,292.61,305.28
2023-08-23,META,294.239990234375,290.9,304.78
2023-08-24,META,286.75,288.73,303.89
2023-08-25,META,285.5,287.48,303.11
2023-08-28,META,290.260009765625,288.21,302.43
2023-08-29,META,297.989990234375,290.32,301.97
2023-08-30,META,295.1000061035156,291.06,301.27
2023-08-31,META,295.8900146484375,292.25,301.05
2023-09-01,META,296.3800048828125,292.55,301.12
2023-09-05,META,300.1499938964844,294.47,301.4
2023-09-06,META,299.1700134277344,296.42,301.56
2023-09-07,META,298.6700134277344,297.62,301.56
2023-09-08,META,297.8900146484375,297.61,301.1
2023-09-11,META,307.5599975585937,299.39,300.51
2023-09-12,META,301.6600036621094,300.21,299.94
2023-09-13,META,305.0599975585937,301.45,299.35
2023-09-14,META,311.7200012207031,303.1,299.27
2023-09-15,META,300.3099975585937,303.27,298.84
2023-09-18,META,302.54998779296875,303.82,298.56
2023-09-19,META,305.07000732421875,304.85,298.18
2023-09-20,META,299.6700134277344,303.72,297.75
2023-09-21,META,295.7300109863281,302.87,297.43
2023-09-22,META,299.0799865722656,302.02,297.21
2023-09-25,META,300.8299865722656,300.46,297.18
2023-09-26,META,298.9599914550781,300.27,296.94
2023-09-27,META,297.739990234375,299.58,296.8
2023-09-28,META,303.9599914550781,299.42,297.12
2023-09-29,META,300.2099914550781,299.5,297.63
2023-10-02,META,306.82000732421875,301.09,298.41
2023-10-03,META,300.94000244140625,301.35,298.78
2023-10-04,META,305.5799865722656,302.03,299.38
2023-10-05,META,304.7900085449219,302.86,299.73
2023-10-06,META,315.42999267578125,305.39,300.69
2023-10-09,META,318.3599853515625,307.45,301.78
2023-10-10,META,321.8399963378906,310.54,302.84
2023-10-11,META,327.82000732421875,313.54,303.83
2023-10-12,META,324.1600036621094,316.85,304.8
2023-10-13,META,314.69000244140625,318.16,305.43
2023-10-16,META,321.1499938964844,320.49,306.25
2023-10-17,META,324.0,321.72,307.05
2023-10-18,META,316.9700012207031,321.52,307.64
2023-10-19,META,312.8099975585937,320.23,308.11
2023-10-20,META,308.6499938964844,317.49,308.47
2023-10-23,META,314.010009765625,316.04,308.69
2023-10-24,META,312.54998779296875,315.73,309.05
2023-10-25,META,299.5299987792969,312.65,308.86
2023-10-26,META,288.3500061035156,307.55,308.09
2023-10-27,META,296.7300109863281,304.66,307.97
2023-10-30,META,302.6600036621094,303.21,307.97
2023-10-31,META,301.2699890136719,302.16,307.84
2023-11-01,META,311.8500061035156,301.85,308.25
2023-11-02,META,310.8699951171875,301.61,308.75
2023-11-03,META,314.6000061035156,303.76,309.27
2023-11-06,META,315.79998779296875,307.68,309.77
2023-11-07,META,318.82000732421875,310.84,310.43
2023-11-08,META,319.7799987792969,313.28,311.17
2023-11-09,META,320.54998779296875,316.04,311.72
2023-11-10,META,328.7699890136719,318.46,312.67
2023-11-13,META,329.19000244140625,321.07,313.42
2023-11-14,META,336.3099975585937,324.17,314.6
2023-11-15,META,332.7099914550781,326.59,315.5
2023-11-16,META,334.19000244140625,328.79,316.48
2023-11-17,META,335.0400085449219,330.97,317.13
2023-11-20,META,339.9700012207031,333.74,317.85
2023-11-21,META,336.9800109863281,334.91,318.36
2023-11-22,META,341.489990234375,336.67,318.81
2023-11-24,META,338.2300109863281,336.94,319.28
2023-11-27,META,334.70001220703125,337.23,319.95
2023-11-28,META,338.989990234375,337.91,320.55
2023-11-29,META,332.20001220703125,337.51,320.82
2023-11-30,META,327.1499938964844,335.68,321.16
2023-12-01,META,324.82000732421875,333.94,321.56
2023-12-04,META,320.0199890136719,330.87,321.94
2023-12-05,META,318.2900085449219,328.02,322.08
2023-12-06,META,317.45001220703125,325.56,322.24
2023-12-07,META,326.5899963378906,323.79,323.15
2023-12-08,META,332.75,323.87,324.63
2023-12-11,META,325.2799987792969,323.6,325.58
2023-12-12,META,334.2200012207031,324.94,326.63
2023-12-13,META,334.739990234375,327.05,327.75
2023-12-14,META,333.1700134277344,329.17,328.46
2023-12-15,META,334.9200134277344,331.67,329.26
2023-12-18,META,344.6199951171875,334.24,330.26
2023-12-19,META,350.3599853515625,336.76,331.41
2023-12-20,META,349.2799987792969,340.19,332.43
2023-12-21,META,354.0899963378906,343.03,333.57
2023-12-22,META,353.3900146484375,345.69,334.66
2023-12-26,META,354.8299865722656,348.78,335.53
2023-12-27,META,357.8299865722656,352.06,336.49
2023-12-28,META,358.32000732421875,354.01,337.22
2023-12-29,META,353.9599914550781,354.53,337.93
2024-01-02,META,346.2900085449219,354.1,338.33
2024-01-03,META,344.4700012207031,352.73,338.65
2024-01-04,META,347.1199951171875,351.83,338.89
2024-01-05,META,351.95001220703125,351.42,339.38
2024-01-08,META,358.6600036621094,351.54,339.96
2024-01-09,META,357.42999267578125,351.41,340.6
2024-01-10,META,370.4700012207031,353.77,341.79
2024-01-11,META,369.6700134277344,357.11,342.81
2024-01-12,META,374.489990234375,361.4,344.22
2024-01-16,META,367.4599914550781,364.3,345.56
2024-01-17,META,368.3699951171875,366.65,347.02
2024-01-18,META,376.1300048828125,369.15,348.89
2024-01-19,META,383.4500122070313,372.86,351.06
2024-01-22,META,381.7799987792969,374.48,353.2
2024-01-23,META,385.2000122070313,376.7,355.16
2024-01-24,META,390.7000122070313,379.01,357.09
2024-01-25,META,393.1799926757813,382.69,359.35
2024-01-26,META,394.1400146484375,386.37,361.35
2024-01-29,META,401.0199890136719,389.92,363.56
2024-01-30,META,400.05999755859375,392.3,365.79
2024-01-31,META,390.1400146484375,393.49,367.63
2024-02-01,META,394.7799987792969,394.86,369.3
2024-02-02,META,474.989990234375,406.9,373.46
2024-02-05,META,459.4100036621094,416.36,377.13
2024-02-06,META,454.7200012207031,425.02,380.48
2024-02-07,META,469.5899963378906,434.81,384.35
2024-02-08,META,470.0,444.8,388.19
2024-02-09,META,468.1099853515625,455.94,391.87
2024-02-12,META,468.8999938964844,466.53,395.55
2024-02-13,META,460.1199951171875,464.41,399.09
2024-02-14,META,473.2799987792969,466.39,403.33
2024-02-15,META,484.0299987792969,470.58,407.98
2024-02-16,META,473.3200073242188,471.11,412.19
2024-02-20,META,471.75,471.36,416.18
2024-02-21,META,468.0299987792969,471.35,419.82
2024-02-22,META,486.1300048828125,473.81,424.11
2024-02-23,META,484.0299987792969,477.22,427.9
2024-02-26,META,481.739990234375,478.43,431.63
2024-02-27,META,487.0499877929688,478.86,435.39
2024-02-28,META,484.0199890136719,480.39,439.27
2024-02-29,META,490.1300048828125,483.02,443.33
2024-03-01,META,502.2999877929688,487.91,447.54
2024-03-04,META,498.1900024414063,489.64,451.36
2024-03-05,META,490.2200012207031,490.52,454.98
2024-03-06,META,496.0899963378906,492.57,458.67
2024-03-07,META,512.1900024414062,496.16,462.72
2024-03-08,META,505.9500122070313,499.3,466.48
2024-03-11,META,483.5899963378906,498.36,469.46
2024-03-12,META,499.75,498.0,472.75
2024-03-13,META,495.5700073242188,497.62,475.94
2024-03-14,META,491.8299865722656,497.85,479.33
2024-03-15,META,484.1000061035156,496.14,482.3
2024-03-18,META,496.9800109863281,493.97,483.04
2024-03-19,META,496.239990234375,492.58,484.26
2024-03-20,META,505.5199890136719,495.71,485.96
2024-03-21,META,507.760009765625,496.86,487.23
2024-03-22,META,509.5799865722656,498.86,488.55
2024-03-25,META,503.0199890136719,500.46,489.71
2024-03-26,META,495.8900146484375,502.14,490.61
2024-03-27,META,493.8599853515625,501.7,491.74
2024-03-28,META,485.5799865722656,500.17,492.15
2024-04-01,META,491.3500061035156,498.15,492.39
2024-04-02,META,497.3699951171875,496.66,493.19
2024-04-03,META,506.739990234375,496.26,494.36
2024-04-04,META,510.9200134277344,497.39,495.79
2024-04-05,META,527.3400268554688,501.88,497.16
2024-04-08,META,519.25,505.51,498.34
2024-04-09,META,516.9000244140625,509.98,499.51
2024-04-10,META,519.8300170898438,514.05,500.6
2024-04-11,META,523.1599731445312,517.73,501.91
2024-04-12,META,511.8999938964844,518.47,502.63
2024-04-15,META,500.2300109863281,516.94,502.56
2024-04-16,META,499.760009765625,513.0,502.62
2024-04-17,META,494.1700134277344,509.42,502.75
2024-04-18,META,501.7999877929688,507.26,502.94
2024-04-19,META,481.0700073242188,501.73,501.9
2024-04-22,META,481.7300109863281,495.81,501.09
2024-04-23,META,496.1000061035156,493.55,501.51
2024-04-24,META,493.5,492.59,501.3
2024-04-25,META,441.3800048828125,484.25,499.5
2024-04-26,META,443.2900085449219,476.98,497.88
2024-04-29,META,432.6199951171875,467.1,496.16
2024-04-30,META,430.1700134277344,459.83,493.93
2024-05-01,META,439.1900024414063,453.75,492.03
2024-05-02,META,441.6799926757813,445.98,489.9
2024-05-03,META,451.9599914550781,440.04,488.04
2024-05-06,META,465.6799926757813,443.51,486.58
2024-05-07,META,468.239990234375,447.08,485.42
2024-05-08,META,472.6000061035156,452.79,484.65
2024-05-09,META,475.4200134277344,459.25,484.03
2024-05-10,META,476.2000122070313,464.54,483.72
2024-05-13,META,468.010009765625,468.3,482.94
2024-05-14,META,471.8500061035156,471.14,482.09
2024-05-15,META,481.5400085449219,473.41,481.25
2024-05-16,META,473.2300109863281,474.12,479.99
2024-05-17,META,471.9100036621094,474.02,478.15
2024-05-20,META,468.8399963378906,473.08,476.47
2024-05-21,META,464.6300048828125,471.43,474.72
2024-05-22,META,467.7799987792969,471.4,472.99
2024-05-23,META,465.7799987792969,470.53,471.08
2024-05-24,META,478.2200012207031,470.06,469.95
2024-05-28,META,479.9200134277344,471.01,469.28
2024-05-29,META,474.3599853515625,471.36,468.43
2024-05-30,META,467.0499877929688,471.11,467.53
2024-05-31,META,466.8299865722656,471.42,466.36
2024-06-03,META,477.489990234375,472.81,466.24
2024-06-04,META,476.989990234375,474.41,466.08
2024-06-05,META,495.05999755859375,476.81,466.05
2024-06-06,META,493.760009765625,478.79,466.06
2024-06-07,META,492.9599914550781,481.45,467.78
2024-06-10,META,502.6000061035156,486.53,469.75
2024-06-11,META,507.4700012207031,492.33,472.25
2024-06-12,META,508.8399963378906,496.81,474.87
2024-06-13,META,504.1000061035156,500.68,477.03
2024-06-14,META,504.1600036621094,501.98,479.12
2024-06-17,META,506.6300048828125,503.82,480.94
2024-06-18,META,499.489990234375,504.76,482.07
2024-06-20,META,501.7000122070313,504.63,483.18
2024-06-21,META,494.7799987792969,502.81,483.92
2024-06-24,META,498.9100036621094,501.4,484.7
2024-06-25,META,510.6000061035156,502.32,485.85
2024-06-26,META,513.1199951171875,503.6,487.35
2024-06-27,META,519.5599975585938,505.45,488.94
2024-06-28,META,504.2200012207031,506.13,489.7
2024-07-01,META,504.6799926757813,506.55,490.75
2024-07-02,META,509.5,508.66,492.0
2024-07-03,META,509.9599914550781,510.23,493.37
2024-07-05,META,539.9099731445312,514.42,495.88
2024-07-08,META,529.3200073242188,516.74,497.93
2024-07-09,META,530.0,518.23,500.07
2024-07-10,META,534.6900024414062,522.58,501.96
2024-07-11,META,512.7000122070312,523.73,503.05
2024-07-12,META,498.8699951171875,522.21,503.86
2024-07-15,META,496.1600036621094,520.24,504.84
2024-07-16,META,489.7900085449219,513.08,505.6
2024-07-17,META,461.989990234375,503.46,505.08
2024-07-18,META,475.8500061035156,495.72,505.05
2024-07-19,META,476.7900085449219,487.45,504.44
2024-07-22,META,487.3999938964844,483.84,504.23
2024-07-23,META,488.6900024414063,482.38,504.08
2024-07-24,META,461.2699890136719,477.4,502.7
2024-07-25,META,453.4100036621094,472.2,500.9
2024-07-26,META,465.7000122070313,472.73,499.47
2024-07-29,META,465.7099914550781,471.28,498.19
2024-07-30,META,463.1900024414063,469.34,496.82
2024-07-31,META,474.8299865722656,467.54,495.76
2024-08-01,META,497.739990234375,468.84,495.7
2024-08-02,META,488.1400146484375,472.67,495.25
2024-08-05,META,475.7300109863281,475.86,494.61
2024-08-06,META,494.0899963378906,479.92,494.45
2024-08-07,META,488.9200134277344,483.23,493.73
2024-08-08,META,509.6300048828125,489.87,493.61
2024-08-09,META,517.77001953125,496.0,493.56
2024-08-12,META,515.9500122070312,498.6,493.95
2024-08-13,META,528.5399780273438,504.38,494.74
2024-08-14,META,526.760009765625,511.67,495.32
2024-08-15,META,537.3300170898438,517.84,496.23
2024-08-16,META,527.4199829101562,523.34,495.81
2024-08-19,META,529.280029296875,526.15,495.81
2024-08-20,META,526.72998046875,527.43,495.7
2024-08-21,META,535.1599731445312,530.17,495.72
2024-08-22,META,531.9299926757812,530.66,496.36
2024-08-23,META,528.0,530.84,497.33
2024-08-26,META,521.1199951171875,528.52,498.16
2024-08-27,META,519.0999755859375,527.33,499.14
2024-08-28,META,516.780029296875,525.55,500.97
2024-08-29,META,518.219970703125,524.33,502.38
2024-08-30,META,521.3099975585938,522.35,503.86
2024-09-03,META,511.760009765625,519.47,504.67
2024-09-04,META,512.739990234375,517.29,505.48
2024-09-05,META,516.8599853515625,516.68,507.33
2024-09-06,META,500.2699890136719,513.99,508.89
2024-09-09,META,504.7900085449219,512.28,510.19
2024-09-10,META,504.7900085449219,510.36,511.5
2024-09-11,META,511.8299865722656,509.01,513.12
2024-09-12,META,525.5999755859375,510.98,514.81
2024-09-13,META,524.6199951171875,512.68,515.71
2024-09-16,META,533.280029296875,515.03,517.21
2024-09-17,META,536.3200073242188,520.18,519.23
2024-09-18,META,537.9500122070312,524.91,520.69
2024-09-19,META,559.0999755859375,532.67,523.03
2024-09-20,META,561.3499755859375,539.75,524.76
2024-09-23,META,564.4099731445312,545.29,526.31
2024-09-24,META,563.3300170898438,550.82,527.89
2024-09-25,META,568.3099975585938,555.82,529.21
2024-09-26,META,567.8400268554688,560.33,530.58
2024-09-27,META,567.3599853515625,564.53,531.59
2024-09-30,META,572.4400024414062,566.43,533.09
2024-10-01,META,576.469970703125,568.59,534.66
2024-10-02,META,572.8099975585938,569.79,536.19
2024-10-03,META,582.77001953125,572.57,537.78
2024-10-04,META,595.9400024414062,576.52,539.92
2024-10-07,META,584.780029296875,578.94,541.81
2024-10-08,META,592.8900146484375,582.59,544.2
2024-10-09,META,590.510009765625,585.17,546.58
2024-10-10,META,583.8300170898438,586.22,548.82
2024-10-11,META,589.9500122070312,588.67,551.21
2024-10-14,META,590.4199829101562,589.76,553.51
2024-10-15,META,586.27001953125,588.38,555.99
2024-10-16,META,576.7899780273438,587.24,558.13
2024-10-17,META,576.9299926757812,584.96,560.13
2024-10-18,META,576.469970703125,582.95,562.67
2024-10-21,META,575.1599731445312,581.71,565.02
2024-10-22,META,582.010009765625,580.58,567.59
2024-10-23,META,563.6900024414062,576.76,569.32
2024-10-24,META,567.780029296875,574.12,570.73
2024-10-25,META,573.25,573.61,572.35
2024-10-28,META,578.1599731445312,573.79,573.84
2024-10-29,META,593.280029296875,576.19,575.74
2024-10-30,META,591.7999877929688,578.57,577.54
2024-10-31,META,567.5800170898438,576.51,577.82
2024-11-01,META,567.1599731445312,577.0,578.01
2024-11-04,META,560.6799926757812,575.99,577.89
2024-11-05,META,572.4299926757812,575.87,578.19
2024-11-06,META,572.0499877929688,575.0,578.32
2024-11-07,META,591.7000122070312,574.77,579.11
2024-11-08,META,589.3400268554688,574.42,579.84
2024-11-11,META,583.1699829101562,576.65,580.2
2024-11-12,META,584.8200073242188,579.17,580.48
2024-11-13,META,580.0,581.93,580.72
2024-11-14,META,577.1599731445312,582.61,580.53
2024-11-15,META,554.0800170898438,580.04,579.14
2024-11-18,META,554.4000244140625,574.71,578.13
2024-11-19,META,561.0900268554688,570.67,577.07
2024-11-20,META,565.52001953125,568.15,576.23
2024-11-21,META,563.0900268554688,565.05,575.54
2024-11-22,META,559.1400146484375,562.07,574.51
2024-11-25,META,565.1099853515625,560.35,573.67
2024-11-26,META,573.5399780273438,563.13,573.25
2024-11-27,META,569.2000122070312,565.24,572.99
2024-11-29,META,574.3200073242188,567.13,572.91
2024-12-02,META,592.8300170898438,571.03,573.45
2024-12-03,META,613.6500244140625,578.26,574.73
2024-12-04,META,613.780029296875,586.06,575.79
2024-12-05,META,608.9299926757812,592.32,577.3
2024-12-06,META,623.77001953125,599.5,579.17
2024-12-09,META,613.5700073242188,605.84,580.51
2024-12-10,META,619.3200073242188,612.26,581.88
2024-12-11,META,632.6799926757812,617.96,583.2
2024-12-12,META,630.7899780273438,620.41,584.5
2024-12-13,META,620.3499755859375,621.34,586.26
2024-12-16,META,624.239990234375,623.53,588.16
2024-12-17,META,619.4400024414062,622.91,590.12
2024-12-18,META,597.1900024414062,620.57,590.94
2024-12-19,META,595.5700073242188,617.18,591.73
2024-12-20,META,585.25,610.4,591.51
2024-12-23,META,599.8499755859375,605.98,591.86
2024-12-24,META,607.75,604.18,592.68
2024-12-26,META,603.3499755859375,601.2,593.3
2024-12-27,META,599.8099975585938,598.4,593.96
2024-12-30,META,591.239990234375,597.55,594.43
2024-12-31,META,585.510009765625,596.11,595.48
2025-01-02,META,599.239990234375,598.11,596.97
2025-01-03,META,604.6300048828125,598.79,598.42
2025-01-06,META,630.2000122070312,602.0,600.58
2025-01-07,META,617.8900146484375,604.07,602.4
2025-01-08,META,610.719970703125,605.63,604.12
2025-01-10,META,615.8599853515625,609.15,605.82
2025-01-13,META,608.3300170898438,612.41,606.98
2025-01-14,META,594.25,611.7,607.81
2025-01-15,META,617.1199951171875,613.48,609.24
2025-01-16,META,611.2999877929688,610.78,609.85
2025-01-17,META,612.77001953125,610.05,609.82
2025-01-21,META,616.4600219726562,610.87,609.91
2025-01-22,META,623.5,611.96,610.4
2025-01-23,META,636.4500122070312,615.98,610.82
2025-01-24,META,647.489990234375,623.58,611.95
2025-01-27,META,659.8800048828125,629.69,613.3
2025-01-28,META,674.3300170898438,638.7,614.69
2025-01-29,META,676.489990234375,647.8,616.22
2025-01-30,META,687.0,657.88,618.44
2025-01-31,META,689.1799926757812,667.26,620.6
2025-02-03,META,697.4600219726562,675.98,623.2
2025-02-04,META,704.1900024414062,684.08,626.77
2025-02-05,META,704.8699951171875,690.5,630.41
2025-02-06,META,711.989990234375,695.88,634.64
2025-02-07,META,714.52001953125,701.32,638.46
2025-02-10,META,717.4000244140625,705.66,642.11
2025-02-11,META,719.7999877929688,710.03,646.0
2025-02-12,META,725.3800048828125,714.02,650.18
2025-02-13,META,728.5599975585938,717.5,654.76
2025-02-14,META,736.6699829101562,722.05,659.8
2025-02-18,META,716.3699951171875,722.67,663.7
2025-02-19,META,703.77001953125,721.14,667.01
2025-02-20,META,694.8400268554688,717.91,669.16
2025-02-21,META,683.5499877929688,712.73,671.35
2025-02-24,META,668.1300048828125,704.56,673.26
2025-02-25,META,657.5,694.4,674.65
2025-02-26,META,673.7000122070312,685.41,676.83
2025-02-27,META,658.239990234375,677.1,678.96
2025-02-28,META,668.2000122070312,672.02,680.67
2025-03-03,META,655.0499877929688,666.34,682.12
2025-03-04,META,640.0,660.12,683.03
2025-03-05,META,656.469970703125,658.45,684.37
2025-03-06,META,627.9299926757812,654.23,684.51
2025-03-07,META,625.6599731445312,647.36,684.15
2025-03-10,META,597.989990234375,638.76,682.5
2025-03-11,META,605.7100219726562,629.83,680.7
2025-03-12,META,619.5599975585938,624.76,678.87
2025-03-13,META,590.6400146484375,617.71,676.01
2025-03-14,META,607.5999755859375,610.73,673.36
2025-03-17,META,604.9000244140625,607.44,670.56
2025-03-18,META,582.3599853515625,601.25,666.72
2025-03-19,META,584.0599975585938,599.26,662.71
2025-03-20,META,586.0,596.45,658.75
2025-03-21,META,596.25,593.12,654.89
2025-03-24,META,618.8499755859375,597.15,651.7
2025-03-25,META,626.3099975585938,599.82,648.67
2025-03-26,META,610.97998046875,600.69,645.04
2025-03-27,META,602.5800170898438,603.58,640.95
2025-03-28,META,576.739990234375,602.53,635.89
2025-03-31,META,576.3599853515625,601.15,630.54
2025-04-01,META,586.0,599.69,626.2
2025-04-02,META,583.9299926757812,594.7,622.2
2025-04-03,META,531.6199951171875,581.17,616.76
2025-04-04,META,504.7300109863281,565.99,610.8
2025-04-07,META,516.25,553.66,605.74
2025-04-08,META,510.4500122070313,544.19,600.84
2025-04-09,META,585.77001953125,545.54,597.91
2025-04-10,META,546.2899780273438,539.86,594.17
2025-04-11,META,543.5700073242188,534.1,590.02
2025-04-14,META,531.47998046875,534.08,585.9
2025-04-15,META,521.52001953125,536.48,581.95
2025-04-16,META,502.30999755859375,534.48,576.81
2025-04-17,META,501.4800109863281,533.2,572.6
2025-04-21,META,484.6600036621094,518.76,567.9
2025-04-22,META,500.2799987792969,512.19,564.64
2025-04-23,META,520.27001953125,508.86,561.79
2025-04-24,META,533.1500244140625,509.1,558.91
2025-04-25,META,547.27001953125,512.77,557.47
2025-04-28,META,549.739990234375,519.55,555.54
2025-04-29,META,554.4400024414062,527.12,553.86
2025-04-30,META,549.0,536.31,552.74
2025-05-01,META,572.2100219726562,546.58,552.35
2025-05-02,META,597.02001953125,557.55,552.72
2025-05-05,META,599.27001953125,566.99,552.82
2025-05-06,META,587.3099975585938,572.71,551.77
2025-05-07,META,596.8099975585938,579.44,550.78
2025-05-08,META,598.010009765625,585.66,550.35
2025-05-09,META,592.489990234375,591.87,550.01
2025-05-12,META,639.4299926757812,601.48,552.1
2025-05-13,META,656.030029296875,609.91,554.76
2025-05-14,META,659.3599853515625,618.49,557.21
2025-05-15,META,643.8800048828125,626.57,559.2
2025-05-16,META,640.3400268554688,632.79,562.83
2025-05-19,META,640.4299926757812,638.85,567.35
2025-05-20,META,637.0999755859375,645.22,571.38
2025-05-21,META,635.5,644.66,575.55
2025-05-22,META,636.5700073242188,641.88,577.24
2025-05-23,META,627.0599975585938,637.27,579.93
2025-05-27,META,642.3200073242188,637.05,583.22
2025-05-28,META,643.5800170898438,637.51,586.96
2025-05-29,META,645.0499877929688,638.17,591.08
2025-05-30,META,647.489990234375,639.65,595.92
2025-06-02,META,670.9000244140625,644.71,601.57
2025-06-03,META,666.8499755859375,649.04,607.64
2025-06-04,META,687.9500122070312,657.73,613.89
2025-06-05,META,684.6199951171875,663.78,619.37
2025-06-06,META,697.7100219726562,671.51,624.86
2025-06-09,META,694.0599975585938,678.51,629.75
2025-06-10,META,702.4000244140625,686.36,634.84
2025-06-11,META,694.1400146484375,689.68,639.5
2025-06-12,META,693.3599853515625,693.46,644.31
2025-06-13,META,682.8699951171875,692.74,648.0
2025-06-16,META,702.1199951171875,695.24,651.5
2025-06-17,META,697.22998046875,695.17,654.77
2025-06-18,META,695.77001953125,695.41,658.38
2025-06-20,META,682.3499755859375,692.55,661.23
2025-06-23,META,698.530029296875,693.18,664.58
2025-06-24,META,712.2000122070312,695.87,668.57
2025-06-25,META,708.6799926757812,699.55,670.88
2025-06-26,META,726.0900268554688,702.98,673.22
2025-06-27,META,733.6300048828125,708.18,675.69
2025-06-30,META,738.0900268554688,714.22,678.83
2025-07-01,META,719.219970703125,719.49,681.46
2025-07-02,META,713.5700073242188,721.64,683.9
2025-07-03,META,719.010009765625,722.61,686.63
2025-07-07,META,718.3499755859375,723.99,689.39
2025-07-08,META,720.6699829101562,723.22,692.2
2025-07-09,META,732.780029296875,723.1,695.72
2025-07-10,META,727.239990234375,721.55,698.55
2025-07-11,META,717.510009765625,721.3,701.01
2025-07-14,META,720.9199829101562,722.35,703.54
2025-07-15,META,710.3900146484375,721.12,705.64
2025-07-16,META,702.9099731445312,718.92,706.71
2025-07-17,META,701.4099731445312,716.17,707.86
2025-07-18,META,704.280029296875,712.09,708.4
2025-07-21,META,712.969970703125,710.06,709.35
2025-07-22,META,704.8099975585938,708.24,709.59
2025-07-23,META,713.5800170898438,707.19,710.24
2025-07-24,META,714.7999877929688,707.82,710.65
2025-07-25,META,712.6799926757812,709.22,711.27
2025-07-28,META,717.6300048828125,711.54,712.08
2025-07-29,META,700.0,710.92,712.65
2025-07-30,META,695.2100219726562,708.39,712.42
2025-07-31,META,773.4400024414062,718.19,714.96
2025-08-01,META,750.010009765625,723.4,716.77
2025-08-04,META,776.3699951171875,732.19,719.9
2025-08-05,META,763.4600219726562,739.45,722.06
2025-08-06,META,771.989990234375,747.21,724.06
2025-08-07,META,761.8300170898438,756.04,725.83
2025-08-08,META,769.2999877929688,766.63,727.27
2025-08-11,META,765.8699951171875,765.55,728.34
2025-08-12,META,790.0,771.26,730.07
2025-08-13,META,780.0800170898438,771.79,732.1
2025-08-14,META,782.1300048828125,774.46,734.39
2025-08-15,META,785.22998046875,776.35,736.59
2025-08-18,META,767.3699951171875,777.14,738.23
2025-08-19,META,751.47998046875,774.59,739.26
2025-08-20,META,747.719970703125,772.0,739.75
2025-08-21,META,739.0999755859375,764.73,740.15
2025-08-22,META,754.7899780273438,761.12,741.39
2025-08-25,META,753.2999877929688,757.0,742.47
2025-08-26,META,754.0999755859375,752.55,743.93
2025-08-27,META,747.3800048828125,749.7,745.41
2025-08-28,META,751.1099853515625,749.64,747.07
2025-08-29,META,738.7000122070312,748.35,748.21
2025-09-02,META,735.1099853515625,747.78,748.95
2025-09-03,META,737.0499877929688,745.25,750.03
2025-09-04,META,748.6500244140625,744.59,751.2
2025-09-05,META,752.4500122070312,744.35,752.45
2025-09-08,META,752.2999877929688,745.05,753.77
2025-09-09,META,765.7000122070312,747.14,755.37
2025-09-10,META,751.97998046875,749.03,757.11
2025-09-11,META,750.9000244140625,751.29,758.96
2025-09-12,META,755.5900268554688,753.94,758.37
2025-09-15,META,764.7000122070312,756.23,758.86
2025-09-16,META,779.0,760.02,758.95
2025-09-17,META,775.719970703125,763.37,759.35
2025-09-18,META,780.25,765.45,759.63
2025-09-19,META,778.3800048828125,769.22,760.18
2025-09-22,META,765.1599731445312,771.26,760.04
2025-09-23,META,755.4000244140625,771.23,759.69
2025-09-24,META,760.6599731445312,770.65,758.72
2025-09-25,META,748.9099731445312,766.35,757.68
2025-09-26,META,743.75,761.79,756.4
2025-09-29,META,743.4000244140625,756.52,755.0
2025-09-30,META,734.3800048828125,750.24,753.9
2025-10-01,META,717.3400268554688,743.41,752.77
2025-10-02,META,727.0499877929688,739.36,752.08
2025-10-03,META,710.5599975585938,732.2,751.13
2025-10-06,META,715.6599731445312,727.45,749.82
2025-10-07,META,713.0800170898438,723.07,748.48
2025-10-08,META,717.8400268554688,719.42,747.27
2025-10-09,META,733.510009765625,719.29,746.81
2025-10-10,META,705.2999877929688,717.57,745.28
2025-10-13,META,715.7000122070312,715.95,744.52
2025-10-14,META,708.6500244140625,715.68,743.63
2025-10-15,META,717.5499877929688,715.95,742.98
2025-10-16,META,712.0700073242188,715.8,741.76
2025-10-17,META,716.9199829101562,715.67,740.58
2025-10-20,META,732.1699829101562,715.48,739.91
2025-10-21,META,733.27001953125,719.48,738.83
2025-10-22,META,733.4099731445312,722.01,738.21
2025-10-23,META,734.0,725.63,737.65
2025-10-24,META,738.3599853515625,728.6,737.07
2025-10-27,META,750.8200073242188,734.14,736.61
2025-10-28,META,751.4400024414062,739.07,735.69
2025-10-29,META,751.6699829101562,741.85,734.89
2025-10-30,META,666.469970703125,732.31,731.1
2025-10-31,META,648.3499755859375,720.16,726.76
2025-11-03,META,637.7100219726562,706.4,722.51
2025-11-04,META,627.3200073242188,690.54,718.24
2025-11-05,META,635.9500122070312,674.13,714.09
2025-11-06,META,618.9400024414062,655.2,709.75
2025-11-07,META,621.7100219726562,636.64,705.69
2025-11-10,META,631.760009765625,631.68,701.97
2025-11-11,META,627.0800170898438,628.64,698.39
2025-11-12,META,609.010009765625,624.54,694.78
2025-11-13,META,609.8900146484375,622.05,690.87
2025-11-14,META,609.4600219726562,618.26,687.5
2025-11-17,META,602.010009765625,615.85,683.71
2025-11-18,META,597.6900024414062,612.41,679.87
2025-11-19,META,590.3200073242188,606.49,675.62
2025-11-20,META,589.1500244140625,601.08,670.81
2025-11-21,META,594.25,598.97,667.1
2025-11-24,META,613.0499877929688,599.42,663.68
2025-11-25,META,636.219970703125,603.24,661.27
2025-11-26,META,633.6099853515625,607.76,658.47
2025-11-28,META,647.9500122070312,614.94,656.33
2025-12-01,META,640.8699951171875,622.16,653.8
2025-12-02,META,647.0999755859375,630.44,650.96
2025-12-03,META,639.5999755859375,636.91,647.84
2025-12-04,META,661.530029296875,643.84,645.44
2025-12-05,META,673.4199829101562,649.15,643.42
2025-12-08,META,666.7999877929688,653.9,641.04
2025-12-09,META,656.9600219726562,655.18,637.91
2025-12-10,META,650.1300048828125,656.51,634.53
2025-12-11,META,652.7100219726562,657.31,631.23
2025-12-12,META,644.22998046875,657.97,630.49
2025-12-15,META,647.510009765625,655.97,630.46
2025-12-16,META,657.1500244140625,653.64,631.11
2025-12-17,META,649.5,651.17,631.85
2025-12-18,META,664.4500122070312,652.24,632.8
2025-12-19,META,658.77001953125,653.47,634.13
2025-12-22,META,661.5,654.73,635.46
2025-12-23,META,664.9400024414062,657.69,636.56
2025-12-24,META,667.5499877929688,660.55,637.91
2025-12-26,META,663.2899780273438,661.43,639.72
2025-12-29,META,658.6900024414062,662.74,641.35
2025-12-30,META,665.9500122070312,662.96,643.23
2025-12-31,META,660.0900268554688,663.14,645.17
2026-01-02,META,650.4099731445312,661.56,646.92
2026-01-05,META,658.7899780273438,660.68,649.21
2026-01-06,META,660.6199951171875,659.69,651.59
2026-01-07,META,648.6900024414062,657.61,653.4
2026-01-08,META,646.0599975585938,655.8,654.5
2026-01-09,META,653.0599975585938,653.96,655.06
2026-01-12,META,641.969970703125,651.37,655.34
2026-01-13,META,631.0900268554688,648.61,654.78
2026-01-14,META,615.52001953125,642.43,653.94
2026-01-15,META,620.7999877929688,636.74,653.06
2026-01-16,META,620.25,632.68,652.41
2026-01-20,META,604.1199951171875,626.69,650.5
2026-01-21,META,612.9600219726562,620.96,648.49
2026-01-22,META,647.6300048828125,621.77,647.85
2026-01-23,META,658.760009765625,625.72,647.91
2026-01-26,META,672.3599853515625,633.84,648.65
2026-01-27,META,672.969970703125,641.29,649.32
2026-01-28,META,668.72998046875,648.22,650.14
2026-01-29,META,738.3099975585938,667.39,653.17
2026-01-30,META,716.5,682.18,655.14
2026-02-02,META,706.4099731445312,690.58,657.04
2026-02-03,META,691.7000122070312,695.28,657.95
2026-02-04,META,668.989990234375,694.8,658.29
2026-02-05,META,670.2100219726562,694.41,658.58
2026-02-06,META,661.4600219726562,693.37,658.46
2026-02-09,META,677.219970703125,684.64,658.79
2026-02-10,META,670.719970703125,678.1,659.03
2026-02-11,META,668.6900024414062,672.71,659.37
2026-02-12,META,649.8099975585938,666.73,658.83
2026-02-13,META,639.77001953125,662.55,658.15
2026-02-17,META,639.2899780273438,658.14,657.78
2026-02-18,META,643.219970703125,655.53,657.26
2026-02-19,META,644.780029296875,650.9,656.73
2026-02-20,META,655.6599731445312,648.75,656.97
2026-02-23,META,637.25,644.25,656.67
2026-02-24,META,639.2999877929688,642.75,656.21
2026-02-25,META,653.6900024414062,644.74,656.61
2026-02-26,META,657.010009765625,647.27,657.47
2026-02-27,META,648.1799926757812,647.98,658.56
2026-03-02,META,653.5599975585938,649.24,659.65
2026-03-03,META,655.0800170898438,649.15,660.81
2026-03-04,META,667.72998046875,653.51,662.93
2026-03-05,META,660.5700073242188,656.55,664.52
2026-03-06,META,644.8599853515625,655.28,664.43
2026-03-09,META,647.3900146484375,653.91,664.05
2026-03-10,META,654.0700073242188,654.75,663.44
2026-03-11,META,654.8599853515625,654.94,662.83
2026-03-12,META,638.1799926757812,652.52,661.82
2026-03-13,META,613.7100219726562,644.81,657.66
2026-03-16,META,627.4500122070312,640.07,654.69
2026-03-17,META,622.6599731445312,636.9,651.9
2026-03-18,META,615.6799926757812,632.37,649.37
2026-03-19,META,606.7000122070312,625.61,647.29
2026-03-20,META,593.6599731445312,616.86,644.74
2026-03-23,META,604.0599975585938,611.99,642.83
2026-03-24,META,592.9199829101562,609.02,640.02
2026-03-25,META,594.8900146484375,604.37,637.49
2026-03-26,META,547.5399780273438,593.64,633.45
2026-03-27,META,525.719970703125,580.78,629.31
2026-03-30,META,536.3800048828125,570.74,625.87
2026-03-31,META,572.1300048828125,567.66,623.63
2026-04-01,META,579.22998046875,564.12,621.5
2026-04-02,META,574.4600219726562,561.48,619.15
2026-04-06,META,573.02001953125,558.35,616.4
2026-04-07,META,575.0499877929688,562.28,614.32
2026-04-08,META,612.4199829101562,574.67,613.43
2026-04-09,META,628.3900146484375,587.81,612.59
2026-04-10,META,629.8599853515625,596.06,611.68
2026-04-13,META,634.530029296875,603.96,611.23
2026-04-14,META,662.489990234375,616.54,611.52
2026-04-15,META,671.5800170898438,630.62,612.07
2026-04-16,META,676.8699951171875,645.16,612.38
2026-04-17,META,688.5499877929688,656.04,613.31
2026-04-20,META,670.9099731445312,662.11,614.18
2026-04-21,META,668.8400268554688,667.68,614.89
2026-04-22,META,674.719970703125,673.42,615.58
2026-04-23,META,659.1500244140625,672.95,615.72
2026-04-24,META,675.030029296875,673.44,616.95
2026-04-27,META,678.6199951171875,673.69,619.12
2026-04-28,META,671.3400268554688,671.23,620.58
2026-04-29,META,669.1199951171875,670.97,622.13
2026-04-30,META,611.9099731445312,662.84,622.0
2026-05-01,META,608.75,653.42,622.07
2026-05-04,META,610.4099731445312,646.45,622.63
2026-05-05,META,604.9600219726562,636.44,622.66
2026-05-06,META,612.8800048828125,627.05,623.33
2026-05-07,META,616.8099975585938,619.26,624.06
2026-05-08,META,609.6300048828125,610.76,626.13
2026-05-11,META,598.8599853515625,608.9,628.56
2026-05-12,META,603.0,608.08,630.78
2026-05-13,META,616.6300048828125,608.97,632.27
2026-05-14,META,618.4299926757812,610.89,633.57
2026-05-15,META,614.22998046875,611.08,634.9
2026-05-18,META,611.2100219726562,610.28,636.17
2026-05-19,META,602.6099853515625,609.28,637.09
2026-05-20,META,605.0599975585938,610.17,636.85
2026-05-21,META,607.3800048828125,610.79,636.15
2026-05-22,META,610.260009765625,609.88,635.49
2026-05-26,META,612.3400268554688,609.01,634.75
2026-05-27,META,635.260009765625,612.02,633.85
2026-05-28,META,635.2899780273438,615.46,632.64
2026-05-29,META,632.510009765625,619.73,631.16
2023-05-30,MSFT,331.2099914550781,331.21,331.21
2023-05-31,MSFT,328.3900146484375,329.8,329.8
2023-06-01,MSFT,332.5799865722656,330.73,330.73
2023-06-02,MSFT,335.3999938964844,331.89,331.89
2023-06-05,MSFT,335.94000244140625,332.7,332.7
2023-06-06,MSFT,333.67999267578125,332.87,332.87
2023-06-07,MSFT,323.3800048828125,331.51,331.51
2023-06-08,MSFT,325.260009765625,330.66,330.73
2023-06-09,MSFT,326.7900085449219,330.43,330.29
2023-06-12,MSFT,331.8500061035156,330.33,330.45
2023-06-13,MSFT,334.2900085449219,330.17,330.8
2023-06-14,MSFT,337.3399963378906,330.37,331.34
2023-06-15,MSFT,348.1000061035156,332.43,332.63
2023-06-16,MSFT,342.3299865722656,335.14,333.32
2023-06-20,MSFT,338.04998779296875,336.96,333.64
2023-06-21,MSFT,333.5599975585937,337.93,333.63
2023-06-22,MSFT,339.7099914550781,339.05,333.99
2023-06-23,MSFT,335.0199890136719,339.16,334.05
2023-06-26,MSFT,328.6000061035156,337.91,333.76
2023-06-27,MSFT,334.57000732421875,335.98,333.8
2023-06-28,MSFT,335.8500061035156,335.05,333.9
2023-06-29,MSFT,335.04998779296875,334.62,333.95
2023-06-30,MSFT,340.5400085449219,335.62,334.24
2023-07-03,MSFT,337.989990234375,335.37,334.39
2023-07-05,MSFT,338.1499938964844,335.82,334.55
2023-07-06,MSFT,341.2699890136719,337.63,334.8
2023-07-07,MSFT,337.2200012207031,338.01,334.89
2023-07-10,MSFT,331.8299865722656,337.44,334.78
2023-07-11,MSFT,332.4700012207031,337.07,334.7
2023-07-12,MSFT,337.20001220703125,336.59,334.79
2023-07-13,MSFT,342.6600036621094,337.26,335.17
2023-07-14,MSFT,345.239990234375,338.27,335.73
2023-07-17,MSFT,345.7300109863281,338.91,336.17
2023-07-18,MSFT,359.489990234375,342.09,336.97
2023-07-19,MSFT,355.0799865722656,345.41,337.61
2023-07-20,MSFT,346.8699951171875,347.47,338.05
2023-07-21,MSFT,343.7699890136719,348.41,338.73
2023-07-24,MSFT,345.1099853515625,348.76,339.39
2023-07-25,MSFT,350.9800109863281,349.58,340.2
2023-07-26,MSFT,337.7699890136719,348.44,340.39
2023-07-27,MSFT,330.7200012207031,344.33,340.28
2023-07-28,MSFT,338.3699951171875,341.94,340.31
2023-07-31,MSFT,335.9200134277344,340.38,339.9
2023-08-01,MSFT,336.3399963378906,339.32,339.7
2023-08-02,MSFT,327.5,336.8,339.35
2023-08-03,MSFT,326.6600036621094,333.33,339.12
2023-08-04,MSFT,327.7799987792969,331.9,338.72
2023-08-07,MSFT,330.1099853515625,331.81,338.56
2023-08-08,MSFT,326.04998779296875,330.05,338.48
2023-08-09,MSFT,322.2300109863281,328.1,338.06
2023-08-10,MSFT,322.92999267578125,326.18,337.63
2023-08-11,MSFT,321.010009765625,325.25,337.17
2023-08-14,MSFT,324.0400085449219,324.88,336.62
2023-08-15,MSFT,321.8599853515625,324.03,336.08
2023-08-16,MSFT,320.3999938964844,322.65,335.49
2023-08-17,MSFT,316.8800048828125,321.34,334.67
2023-08-18,MSFT,316.4800109863281,320.51,333.98
2023-08-21,MSFT,321.8800048828125,320.36,333.65
2023-08-22,MSFT,322.4599914550781,320.57,333.32
2023-08-23,MSFT,327.0,320.99,332.98
2023-08-24,MSFT,319.9700012207031,320.72,332.22
2023-08-25,MSFT,322.9800109863281,321.09,331.48
2023-08-28,MSFT,323.70001220703125,322.07,330.74
2023-08-29,MSFT,328.4100036621094,323.77,329.71
2023-08-30,MSFT,328.7900085449219,324.76,328.83
2023-08-31,MSFT,327.760009765625,325.52,328.2
2023-09-01,MSFT,328.6600036621094,325.75,327.69
2023-09-05,MSFT,333.54998779296875,327.69,327.31
2023-09-06,MSFT,332.8800048828125,329.11,326.7
2023-09-07,MSFT,329.9100036621094,329.99,326.44
2023-09-08,MSFT,334.2699890136719,330.83,326.56
2023-09-11,MSFT,337.94000244140625,332.14,326.55
2023-09-12,MSFT,331.7699890136719,332.71,326.41
2023-09-13,MSFT,336.0599975585937,333.77,326.4
2023-09-14,MSFT,338.70001220703125,334.5,326.77
2023-09-15,MSFT,330.2200012207031,334.12,326.89
2023-09-18,MSFT,329.0599975585937,334.0,326.93
2023-09-19,MSFT,328.6499938964844,333.2,326.88
2023-09-20,MSFT,320.7699890136719,330.75,326.71
2023-09-21,MSFT,319.5299987792969,329.0,326.62
2023-09-22,MSFT,317.010009765625,326.28,326.42
2023-09-25,MSFT,317.5400085449219,323.25,326.3
2023-09-26,MSFT,312.1400146484375,320.67,325.91
2023-09-27,MSFT,312.7900085449219,318.35,325.61
2023-09-28,MSFT,313.6400146484375,316.2,325.38
2023-09-29,MSFT,315.75,315.49,325.34
2023-10-02,MSFT,321.79998779296875,315.81,325.52
2023-10-03,MSFT,313.3900146484375,315.29,325.24
2023-10-04,MSFT,318.9599914550781,315.5,325.12
2023-10-05,MSFT,319.3599853515625,316.53,324.87
2023-10-06,MSFT,327.260009765625,318.59,325.11
2023-10-09,MSFT,329.82000732421875,320.91,325.34
2023-10-10,MSFT,328.3900146484375,322.71,325.49
2023-10-11,MSFT,332.4200134277344,324.23,325.63
2023-10-12,MSFT,331.1600036621094,326.77,325.71
2023-10-13,MSFT,327.7300109863281,328.02,325.7
2023-10-16,MSFT,332.6400146484375,329.92,325.84
2023-10-17,MSFT,332.0599975585937,330.6,325.79
2023-10-18,MSFT,330.1099853515625,330.64,325.7
2023-10-19,MSFT,331.32000732421875,331.06,325.74
2023-10-20,MSFT,326.6700134277344,330.24,325.49
2023-10-23,MSFT,329.32000732421875,329.98,325.2
2023-10-24,MSFT,330.5299987792969,330.38,325.16
2023-10-25,MSFT,340.6700134277344,331.53,325.31
2023-10-26,MSFT,327.8900146484375,330.93,324.95
2023-10-27,MSFT,329.8099975585937,330.89,324.94
2023-10-30,MSFT,337.3099975585937,331.74,325.21
2023-10-31,MSFT,338.1099853515625,333.38,325.53
2023-11-01,MSFT,346.07000732421875,335.77,326.37
2023-11-02,MSFT,348.32000732421875,338.31,327.33
2023-11-03,MSFT,352.79998779296875,340.04,328.53
2023-11-06,MSFT,356.5299987792969,344.14,329.83
2023-11-07,MSFT,360.5299987792969,348.52,331.44
2023-11-08,MSFT,363.2000122070313,352.22,333.12
2023-11-09,MSFT,360.6900024414063,355.45,334.69
2023-11-10,MSFT,369.6700134277344,358.82,336.48
2023-11-13,MSFT,366.6799926757813,361.44,337.98
2023-11-14,MSFT,370.2699890136719,363.94,339.88
2023-11-15,MSFT,369.6700134277344,365.82,341.57
2023-11-16,MSFT,376.1700134277344,368.05,343.46
2023-11-17,MSFT,369.8500061035156,369.0,344.88
2023-11-20,MSFT,377.4400024414063,371.39,346.47
2023-11-21,MSFT,373.0700073242188,371.88,347.96
2023-11-22,MSFT,377.8500061035156,373.47,349.47
2023-11-24,MSFT,377.4299926757813,374.5,351.01
2023-11-27,MSFT,378.6099853515625,375.77,352.71
2023-11-28,MSFT,382.7000122070313,376.71,354.38
2023-11-29,MSFT,378.8500061035156,377.99,355.94
2023-11-30,MSFT,378.9100036621094,378.2,357.56
2023-12-01,MSFT,374.510009765625,378.41,359.0
2023-12-04,MSFT,369.1400146484375,377.16,360.42
2023-12-05,MSFT,372.5199890136719,376.46,361.86
2023-12-06,MSFT,368.7999877929688,375.06,363.14
2023-12-07,MSFT,370.9500122070313,373.38,364.15
2023-12-08,MSFT,374.2300109863281,372.72,365.69
2023-12-11,MSFT,371.2999877929688,371.64,367.07
2023-12-12,MSFT,374.3800048828125,371.62,368.31
2023-12-13,MSFT,374.3699951171875,372.36,369.52
2023-12-14,MSFT,365.9299926757813,371.42,370.18
2023-12-15,MSFT,370.7300109863281,371.7,370.93
2023-12-18,MSFT,372.6499938964844,371.94,371.59
2023-12-19,MSFT,373.260009765625,371.8,372.15
2023-12-20,MSFT,370.6199951171875,371.71,372.48
2023-12-21,MSFT,373.5400085449219,371.59,372.83
2023-12-22,MSFT,374.5799865722656,371.62,373.29
2023-12-26,MSFT,374.6600036621094,372.86,373.46
2023-12-27,MSFT,374.0700073242188,373.34,373.7
2023-12-28,MSFT,375.2799987792969,373.72,373.87
2023-12-29,MSFT,376.0400085449219,374.11,374.08
2024-01-02,MSFT,370.8699951171875,374.15,373.9
2024-01-03,MSFT,370.6000061035156,373.73,373.93
2024-01-04,MSFT,367.9400024414063,372.78,373.61
2024-01-05,MSFT,367.75,371.79,373.44
2024-01-08,MSFT,374.6900024414063,371.88,373.33
2024-01-09,MSFT,375.7900085449219,371.95,373.28
2024-01-10,MSFT,382.7699890136719,372.92,373.41
2024-01-11,MSFT,384.6300048828125,374.88,373.48
2024-01-12,MSFT,388.4700012207031,377.43,373.8
2024-01-16,MSFT,390.2699890136719,380.62,374.18
2024-01-17,MSFT,389.4700012207031,383.73,374.68
2024-01-18,MSFT,393.8699951171875,386.47,375.5
2024-01-19,MSFT,398.6700134277344,389.74,376.37
2024-01-22,MSFT,396.510009765625,391.7,377.3
2024-01-23,MSFT,398.8999938964844,393.74,378.23
2024-01-24,MSFT,402.55999755859375,395.75,379.17
2024-01-25,MSFT,404.8699951171875,397.84,380.29
2024-01-26,MSFT,403.9299926757813,399.9,381.28
2024-01-29,MSFT,409.7200012207031,402.17,382.45
2024-01-30,MSFT,408.5899963378906,403.58,383.88
2024-01-31,MSFT,397.5799865722656,403.74,384.77
2024-02-01,MSFT,403.7799987792969,404.43,385.81
2024-02-02,MSFT,411.2200012207031,405.67,387.07
2024-02-05,MSFT,405.6499938964844,405.78,388.24
2024-02-06,MSFT,405.489990234375,406.0,389.31
2024-02-07,MSFT,414.0499877929688,406.62,390.62
2024-02-08,MSFT,414.1099853515625,407.41,391.94
2024-02-09,MSFT,420.5499877929688,410.69,393.49
2024-02-12,MSFT,415.260009765625,412.33,394.82
2024-02-13,MSFT,406.3200073242188,411.63,395.83
2024-02-14,MSFT,409.489990234375,412.18,397.12
2024-02-15,MSFT,406.55999755859375,412.33,398.32
2024-02-16,MSFT,404.05999755859375,410.91,399.52
2024-02-20,MSFT,402.7900085449219,409.29,400.69
2024-02-21,MSFT,402.1799926757813,406.67,401.6
2024-02-22,MSFT,411.6499938964844,406.15,402.8
2024-02-23,MSFT,410.3399963378906,406.72,403.72
2024-02-26,MSFT,407.5400085449219,406.45,404.48
2024-02-27,MSFT,407.4800109863281,406.58,405.12
2024-02-28,MSFT,407.7200012207031,407.1,405.7
2024-02-29,MSFT,413.6400146484375,408.65,406.5
2024-03-01,MSFT,415.5,410.55,407.22
2024-03-04,MSFT,414.9200134277344,411.02,407.77
2024-03-05,MSFT,402.6499938964844,409.92,407.97
2024-03-06,MSFT,402.0899963378906,409.14,408.08
2024-03-07,MSFT,409.1400146484375,409.38,408.3
2024-03-08,MSFT,406.2200012207031,409.17,408.34
2024-03-11,MSFT,404.5199890136719,407.86,408.36
2024-03-12,MSFT,415.2799987792969,407.83,408.55
2024-03-13,MSFT,415.1000061035156,407.86,408.76
2024-03-14,MSFT,425.2200012207031,411.08,409.68
2024-03-15,MSFT,416.4200134277344,413.13,410.11
2024-03-18,MSFT,417.3200073242188,414.3,410.31
2024-03-19,MSFT,421.4100036621094,416.47,410.83
2024-03-20,MSFT,425.2300109863281,419.43,411.49
2024-03-21,MSFT,429.3699951171875,421.44,412.0
2024-03-22,MSFT,428.739990234375,423.39,412.49
2024-03-25,MSFT,422.8599853515625,423.05,412.57
2024-03-26,MSFT,421.6499938964844,423.8,412.78
2024-03-27,MSFT,421.4299926757813,424.38,413.28
2024-03-28,MSFT,420.7200012207031,424.29,413.66
2024-04-01,MSFT,424.5700073242188,424.19,414.26
2024-04-02,MSFT,421.4400024414063,423.06,414.84
2024-04-03,MSFT,420.4500122070313,421.87,415.43
2024-04-04,MSFT,417.8800048828125,421.16,415.95
2024-04-05,MSFT,425.5199890136719,421.72,416.41
2024-04-08,MSFT,424.5899963378906,422.17,416.89
2024-04-09,MSFT,426.2799987792969,422.96,417.51
2024-04-10,MSFT,423.260009765625,422.77,418.04
2024-04-11,MSFT,427.9299926757813,423.7,418.71
2024-04-12,MSFT,421.8999938964844,423.91,418.99
2024-04-15,MSFT,413.6400146484375,423.3,418.93
2024-04-16,MSFT,414.5799865722656,421.74,418.91
2024-04-17,MSFT,411.8399963378906,419.92,419.22
2024-04-18,MSFT,404.2699890136719,416.77,419.29
2024-04-19,MSFT,399.1199951171875,413.33,418.96
2024-04-22,MSFT,400.9599914550781,409.47,418.78
2024-04-23,MSFT,407.5700073242188,407.43,418.88
2024-04-24,MSFT,409.05999755859375,406.77,418.68
2024-04-25,MSFT,399.0400085449219,404.55,418.14
2024-04-26,MSFT,406.3200073242188,403.76,417.51
2024-04-29,MSFT,402.25,403.47,417.04
2024-04-30,MSFT,389.3299865722656,402.08,416.11
2024-05-01,MSFT,394.9400024414063,401.22,415.22
2024-05-02,MSFT,397.8399963378906,399.83,414.31
2024-05-03,MSFT,406.6600036621094,399.48,413.55
2024-05-06,MSFT,413.5400085449219,401.55,413.05
2024-05-07,MSFT,409.3399963378906,401.99,412.6
2024-05-08,MSFT,410.5400085449219,403.17,412.23
2024-05-09,MSFT,412.3200073242188,406.45,411.92
2024-05-10,MSFT,414.739990234375,409.28,411.72
2024-05-13,MSFT,413.7200012207031,411.55,411.36
2024-05-14,MSFT,416.55999755859375,412.97,411.2
2024-05-15,MSFT,423.0799865722656,414.33,411.29
2024-05-16,MSFT,420.989990234375,415.99,411.39
2024-05-17,MSFT,420.2099914550781,417.37,411.21
2024-05-20,MSFT,425.3399963378906,419.23,411.24
2024-05-21,MSFT,429.0400085449219,421.28,411.33
2024-05-22,MSFT,430.5199890136719,423.68,411.57
2024-05-23,MSFT,427.0,425.17,411.54
2024-05-24,MSFT,430.1600036621094,426.18,411.82
2024-05-28,MSFT,430.3200073242188,427.51,412.37
2024-05-29,MSFT,429.1700134277344,428.79,412.86
2024-05-30,MSFT,414.6700134277344,427.27,412.95
2024-05-31,MSFT,415.1300048828125,425.28,413.32
2024-06-03,MSFT,413.5199890136719,422.85,413.8
2024-06-04,MSFT,416.0700073242188,421.29,414.3
2024-06-05,MSFT,424.010009765625,420.41,414.85
2024-06-06,MSFT,424.5199890136719,419.58,415.36
2024-06-07,MSFT,423.8500061035156,418.82,416.19
2024-06-10,MSFT,427.8699951171875,420.71,416.91
2024-06-11,MSFT,432.6799926757813,423.22,417.92
2024-06-12,MSFT,441.05999755859375,427.15,419.65
2024-06-13,MSFT,441.5799865722656,430.8,421.2
2024-06-14,MSFT,442.5700073242188,433.45,422.69
2024-06-17,MSFT,448.3699951171875,436.85,424.08
2024-06-18,MSFT,446.3399963378906,440.07,425.18
2024-06-20,MSFT,445.7000122070313,442.61,426.39
2024-06-21,MSFT,449.7799987792969,445.06,427.7
2024-06-24,MSFT,447.6700134277344,446.0,428.87
2024-06-25,MSFT,450.9500122070313,447.34,430.08
2024-06-26,MSFT,452.1600036621094,448.71,431.36
2024-06-27,MSFT,452.8500061035156,449.35,432.57
2024-06-28,MSFT,446.9500122070313,449.44,433.37
2024-07-01,MSFT,456.7300109863281,451.01,434.56
2024-07-02,MSFT,459.2799987792969,452.37,435.86
2024-07-03,MSFT,460.7699890136719,454.24,437.04
2024-07-05,MSFT,467.55999755859375,456.61,438.33
2024-07-08,MSFT,466.239990234375,458.63,439.52
2024-07-09,MSFT,459.5400085449219,459.58,440.6
2024-07-10,MSFT,466.25,462.34,441.81
2024-07-11,MSFT,454.7000122070313,462.05,442.62
2024-07-12,MSFT,453.5499877929688,461.23,443.43
2024-07-15,MSFT,453.9599914550781,460.26,444.74
2024-07-16,MSFT,449.5199890136719,457.68,445.89
2024-07-17,MSFT,443.5199890136719,454.43,446.89
2024-07-18,MSFT,440.3699951171875,451.7,447.7
2024-07-19,MSFT,437.1099853515625,447.53,448.13
2024-07-22,MSFT,442.9400024414063,445.85,448.75
2024-07-23,MSFT,444.8500061035156,444.61,449.45
2024-07-24,MSFT,428.8999938964844,441.03,449.48
2024-07-25,MSFT,418.3999938964844,436.58,449.01
2024-07-26,MSFT,425.2699890136719,433.98,448.48
2024-07-29,MSFT,426.7300109863281,432.03,447.98
2024-07-30,MSFT,422.9200134277344,430.0,447.33
2024-07-31,MSFT,418.3500061035156,426.49,446.33
2024-08-01,MSFT,417.1099853515625,422.53,445.35
2024-08-02,MSFT,408.489990234375,419.61,444.11
2024-08-05,MSFT,395.1499938964844,416.29,442.29
2024-08-06,MSFT,399.6099853515625,412.62,440.69
2024-08-07,MSFT,398.4299926757813,408.58,438.94
2024-08-08,MSFT,402.6900024414063,405.69,437.29
2024-08-09,MSFT,406.0199890136719,403.93,435.73
2024-08-12,MSFT,406.80999755859375,402.46,434.39
2024-08-13,MSFT,414.010009765625,403.25,432.97
2024-08-14,MSFT,416.8599853515625,406.35,431.55
2024-08-15,MSFT,421.0299987792969,409.41,430.23
2024-08-16,MSFT,418.4700012207031,412.27,428.59
2024-08-19,MSFT,421.5299987792969,414.96,427.1
2024-08-20,MSFT,424.7999877929688,417.64,425.94
2024-08-21,MSFT,424.1400146484375,420.12,424.54
2024-08-22,MSFT,415.5499877929688,420.34,423.24
2024-08-23,MSFT,416.7900085449219,420.33,422.01
2024-08-26,MSFT,413.489990234375,419.25,420.66
2024-08-27,MSFT,413.8399963378906,418.59,419.47
2024-08-28,MSFT,410.6000061035156,417.03,418.38
2024-08-29,MSFT,413.1199951171875,415.36,417.47
2024-08-30,MSFT,417.1400146484375,414.36,416.8
2024-09-03,MSFT,409.4400024414063,413.49,415.68
2024-09-04,MSFT,408.8999938964844,412.36,414.49
2024-09-05,MSFT,408.3900146484375,411.63,413.8
2024-09-06,MSFT,401.7000122070313,409.9,413.25
2024-09-09,MSFT,405.7200012207031,409.2,412.59
2024-09-10,MSFT,414.2000122070313,409.36,412.18
2024-09-11,MSFT,423.0400085449219,410.2,412.18
2024-09-12,MSFT,427.0,412.71,412.47
2024-09-13,MSFT,430.5899963378906,415.81,412.92
2024-09-16,MSFT,431.3399963378906,419.08,413.68
2024-09-17,MSFT,435.1499938964844,423.86,415.01
2024-09-18,MSFT,430.80999755859375,427.45,416.05
2024-09-19,MSFT,438.6900024414063,430.95,417.4
2024-09-20,MSFT,435.2699890136719,432.69,418.48
2024-09-23,MSFT,433.510009765625,433.62,419.4
2024-09-24,MSFT,429.1700134277344,433.42,420.14
2024-09-25,MSFT,432.1099853515625,433.53,420.75
2024-09-26,MSFT,431.30999755859375,432.98,421.23
2024-09-27,MSFT,428.0199890136719,432.58,421.46
2024-09-30,MSFT,430.2999877929688,431.38,421.86
2024-10-01,MSFT,420.6900024414063,429.3,421.83
2024-10-02,MSFT,417.1300048828125,426.96,421.57
2024-10-03,MSFT,416.5400085449219,425.16,421.32
2024-10-04,MSFT,416.05999755859375,422.86,421.34
2024-10-07,MSFT,409.5400085449219,419.75,421.09
2024-10-08,MSFT,414.7099914550781,417.85,421.13
2024-10-09,MSFT,417.4599914550781,416.02,421.26
2024-10-10,MSFT,415.8399963378906,415.33,421.43
2024-10-11,MSFT,416.3200073242188,415.21,421.54
2024-10-14,MSFT,419.1400146484375,415.58,421.6
2024-10-15,MSFT,418.739990234375,415.96,421.91
2024-10-16,MSFT,416.1199951171875,416.9,422.15
2024-10-17,MSFT,416.7200012207031,417.19,422.43
2024-10-18,MSFT,418.1600036621094,417.29,422.98
2024-10-21,MSFT,418.7799987792969,417.71,423.42
2024-10-22,MSFT,427.510009765625,419.31,423.86
2024-10-23,MSFT,424.6000061035156,420.09,423.91
2024-10-24,MSFT,424.7300109863281,420.95,423.84
2024-10-25,MSFT,428.1499938964844,422.66,423.75
2024-10-28,MSFT,426.5899963378906,424.07,423.6
2024-10-29,MSFT,431.9500122070313,426.04,423.49
2024-10-30,MSFT,432.5299987792969,428.01,423.55
2024-10-31,MSFT,406.3500061035156,424.99,422.47
2024-11-01,MSFT,410.3699951171875,422.95,421.64
2024-11-04,MSFT,408.4599914550781,420.63,420.8
2024-11-05,MSFT,411.4599914550781,418.24,420.21
2024-11-06,MSFT,420.1799926757813,417.33,419.82
2024-11-07,MSFT,425.4299926757813,416.4,419.62
2024-11-08,MSFT,422.5400085449219,414.97,419.44
2024-11-11,MSFT,418.010009765625,416.64,419.03
2024-11-12,MSFT,423.0299987792969,418.44,419.11
2024-11-13,MSFT,425.2000122070313,420.84,419.37
2024-11-14,MSFT,426.8900146484375,423.04,419.72
2024-11-15,MSFT,415.0,422.3,419.68
2024-11-18,MSFT,415.760009765625,420.92,419.89
2024-11-19,MSFT,417.7900085449219,420.24,419.99
2024-11-20,MSFT,415.489990234375,419.88,419.93
2024-11-21,MSFT,412.8699951171875,418.43,419.83
2024-11-22,MSFT,417.0,417.26,419.85
2024-11-25,MSFT,418.7900085449219,416.1,419.84
2024-11-26,MSFT,427.989990234375,417.96,420.15
2024-11-27,MSFT,422.989990234375,418.99,420.38
2024-11-29,MSFT,423.4599914550781,419.8,420.6
2024-12-02,MSFT,430.9800109863281,422.01,421.03
2024-12-03,MSFT,431.2000122070313,424.63,421.44
2024-12-04,MSFT,437.4200134277344,427.55,421.77
2024-12-05,MSFT,442.6199951171875,430.95,422.37
2024-12-06,MSFT,443.5700073242188,433.18,423.0
2024-12-09,MSFT,446.0199890136719,436.47,423.6
2024-12-10,MSFT,443.3299865722656,439.31,424.16
2024-12-11,MSFT,448.989990234375,441.88,424.72
2024-12-12,MSFT,449.55999755859375,444.5,425.29
2024-12-13,MSFT,447.2699890136719,445.91,426.66
2024-12-16,MSFT,451.5899963378906,447.19,428.03
2024-12-17,MSFT,454.4599914550781,448.75,429.56
2024-12-18,MSFT,437.3900146484375,447.51,430.43
2024-12-19,MSFT,437.0299987792969,446.61,430.99
2024-12-20,MSFT,436.6000061035156,444.84,431.36
2024-12-23,MSFT,435.25,442.8,431.79
2024-12-24,MSFT,439.3299865722656,441.66,432.5
2024-12-26,MSFT,438.1099853515625,439.74,433.0
2024-12-27,MSFT,430.5299987792969,436.32,433.18
2024-12-30,MSFT,424.8299865722656,434.53,433.11
2024-12-31,MSFT,421.5,432.31,433.32
2025-01-02,MSFT,418.5799865722656,429.73,433.42
2025-01-03,MSFT,423.3500061035156,428.03,433.6
2025-01-06,MSFT,427.8500061035156,426.39,434.02
2025-01-07,MSFT,422.3699951171875,424.14,434.33
2025-01-08,MSFT,424.55999755859375,423.29,434.58
2025-01-10,MSFT,418.9500122070313,422.45,434.59
2025-01-13,MSFT,417.1900024414063,421.84,434.23
2025-01-14,MSFT,415.6700134277344,421.42,433.99
2025-01-15,MSFT,426.30999755859375,421.84,434.08
2025-01-16,MSFT,424.5799865722656,421.38,433.87
2025-01-17,MSFT,429.0299987792969,422.33,433.79
2025-01-21,MSFT,428.5,422.89,433.5
2025-01-22,MSFT,446.2000122070313,426.78,433.62
2025-01-23,MSFT,446.7099914550781,431.0,433.72
2025-01-24,MSFT,444.05999755859375,435.06,433.66
2025-01-27,MSFT,434.55999755859375,436.23,433.36
2025-01-28,MSFT,447.2000122070313,439.47,433.3
2025-01-29,MSFT,442.3299865722656,441.37,433.06
2025-01-30,MSFT,414.989990234375,439.44,431.99
2025-01-31,MSFT,415.05999755859375,434.99,430.77
2025-02-03,MSFT,410.9200134277344,429.87,429.32
2025-02-04,MSFT,412.3699951171875,425.35,428.48
2025-02-05,MSFT,413.2900085449219,422.31,427.69
2025-02-06,MSFT,415.8200073242188,417.83,427.0
2025-02-07,MSFT,409.75,413.17,426.15
2025-02-10,MSFT,412.2200012207031,412.78,425.25
2025-02-11,MSFT,411.4400024414063,412.26,424.36
2025-02-12,MSFT,409.0400085449219,411.99,423.64
2025-02-13,MSFT,410.5400085449219,411.73,423.16
2025-02-14,MSFT,408.4299926757813,411.03,422.73
2025-02-18,MSFT,409.6400146484375,410.15,422.43
2025-02-19,MSFT,414.7699890136719,410.87,422.15
2025-02-20,MSFT,416.1300048828125,411.43,421.75
2025-02-21,MSFT,408.2099914550781,410.97,421.28
2025-02-24,MSFT,404.0,410.25,420.6
2025-02-25,MSFT,397.8999938964844,408.44,419.9
2025-02-26,MSFT,399.7300109863281,407.2,419.31
2025-02-27,MSFT,392.5299987792969,404.75,418.54
2025-02-28,MSFT,396.989990234375,402.21,417.56
2025-03-03,MSFT,388.489990234375,398.26,416.36
2025-03-04,MSFT,388.6099853515625,395.46,415.01
2025-03-05,MSFT,401.0199890136719,395.04,414.1
2025-03-06,MSFT,396.8900146484375,394.89,412.45
2025-03-07,MSFT,393.30999755859375,393.98,410.67
2025-03-10,MSFT,380.1600036621094,392.21,408.54
2025-03-11,MSFT,380.4500122070313,389.85,406.74
2025-03-12,MSFT,383.2699890136719,389.1,404.61
2025-03-13,MSFT,378.7699890136719,387.7,402.49
2025-03-14,MSFT,388.55999755859375,385.92,401.61
2025-03-17,MSFT,388.7000122070313,384.75,400.73
2025-03-18,MSFT,383.5199890136719,383.35,399.82
2025-03-19,MSFT,387.8200073242188,384.44,399.0
2025-03-20,MSFT,386.8399963378906,385.35,398.12
2025-03-21,MSFT,391.260009765625,386.5,397.3
2025-03-24,MSFT,393.0799865722656,388.54,396.74
2025-03-25,MSFT,395.1600036621094,389.48,396.18
2025-03-26,MSFT,389.9700012207031,389.66,395.46
2025-03-27,MSFT,390.5799865722656,390.67,394.84
2025-03-28,MSFT,378.7999877929688,389.38,393.79
2025-03-31,MSFT,375.3900146484375,387.75,392.68
2025-04-01,MSFT,382.1900024414063,386.45,391.77
2025-04-02,MSFT,382.1400146484375,384.89,390.68
2025-04-03,MSFT,373.1099853515625,381.74,389.25
2025-04-04,MSFT,359.8399963378906,377.44,387.64
2025-04-07,MSFT,357.8599853515625,372.76,386.1
2025-04-08,MSFT,354.5599975585937,369.3,384.65
2025-04-09,MSFT,390.489990234375,371.46,384.35
2025-04-10,MSFT,381.3500061035156,371.34,383.97
2025-04-11,MSFT,388.4500122070313,372.24,383.69
2025-04-14,MSFT,387.80999755859375,374.34,383.67
2025-04-15,MSFT,385.7300109863281,378.04,383.57
2025-04-16,MSFT,371.6099853515625,380.0,382.59
2025-04-17,MSFT,367.7799987792969,381.89,381.62
2025-04-21,MSFT,359.1199951171875,377.41,380.48
2025-04-22,MSFT,366.8200073242188,375.33,380.03
2025-04-23,MSFT,374.3900146484375,373.32,379.83
2025-04-24,MSFT,387.2999877929688,373.25,379.97
2025-04-25,MSFT,391.8500061035156,374.12,380.4
2025-04-28,MSFT,391.1600036621094,376.92,380.49
2025-04-29,MSFT,394.0400085449219,380.67,380.67
2025-04-30,MSFT,395.260009765625,385.83,381.06
2025-05-01,MSFT,425.3999938964844,394.2,382.31
2025-05-02,MSFT,435.2799987792969,402.9,383.93
2025-05-05,MSFT,436.1700134277344,409.88,385.42
2025-05-06,MSFT,433.30999755859375,415.8,386.76
2025-05-07,MSFT,433.3500061035156,421.83,388.04
2025-05-08,MSFT,438.1700134277344,428.13,389.64
2025-05-09,MSFT,438.7300109863281,434.34,391.25
2025-05-12,MSFT,449.260009765625,437.75,393.6
2025-05-13,MSFT,449.1400146484375,439.73,396.06
2025-05-14,MSFT,452.9400024414063,442.13,398.41
2025-05-15,MSFT,453.1300048828125,444.96,400.78
2025-05-16,MSFT,454.2699890136719,447.95,403.49
2025-05-19,MSFT,458.8699951171875,450.91,406.79
2025-05-20,MSFT,458.1700134277344,453.68,410.13
2025-05-21,MSFT,452.5700073242188,454.16,413.4
2025-05-22,MSFT,454.8599853515625,454.97,415.54
2025-05-23,MSFT,450.1799926757813,454.58,417.84
2025-05-27,MSFT,460.6900024414063,455.66,420.25
2025-05-28,MSFT,457.3599853515625,456.1,422.56
2025-05-29,MSFT,458.6799926757813,456.07,425.0
2025-05-30,MSFT,460.3599853515625,456.39,427.95
2025-06-02,MSFT,461.9700012207031,457.73,431.09
2025-06-03,MSFT,462.9700012207031,458.89,434.56
2025-06-04,MSFT,463.8699951171875,460.84,437.79
2025-06-05,MSFT,467.6799926757813,461.84,440.9
2025-06-06,MSFT,470.3800048828125,463.7,443.67
2025-06-09,MSFT,472.75,465.71,446.37
2025-06-10,MSFT,470.9200134277344,467.22,449.02
2025-06-11,MSFT,472.6199951171875,468.74,451.64
2025-06-12,MSFT,478.8699951171875,471.01,454.43
2025-06-13,MSFT,474.9599914550781,472.6,456.08
2025-06-16,MSFT,479.1400146484375,474.23,457.54
2025-06-17,MSFT,478.0400085449219,475.33,458.94
2025-06-18,MSFT,480.239990234375,476.4,460.5
2025-06-20,MSFT,477.3999938964844,477.32,461.97
2025-06-23,MSFT,486.0,479.24,463.57
2025-06-24,MSFT,490.1099853515625,480.84,465.28
2025-06-25,MSFT,492.2699890136719,483.31,466.71
2025-06-26,MSFT,497.4500122070313,485.93,468.32
2025-06-27,MSFT,495.9400024414063,488.49,469.76
2025-06-30,MSFT,497.4100036621094,490.94,471.23
2025-07-01,MSFT,492.0499877929688,493.03,472.49
2025-07-02,MSFT,491.0899963378906,493.76,473.57
2025-07-03,MSFT,498.8399963378906,495.01,474.92
2025-07-07,MSFT,497.7200012207031,495.79,476.43
2025-07-08,MSFT,496.6199951171875,495.67,477.82
2025-07-09,MSFT,503.510009765625,496.75,479.6
2025-07-10,MSFT,501.4800109863281,497.33,480.96
2025-07-11,MSFT,503.3200073242188,498.94,482.49
2025-07-14,MSFT,503.0199890136719,500.64,483.97
2025-07-15,MSFT,505.8200073242188,501.64,485.48
2025-07-16,MSFT,505.6199951171875,502.77,486.94
2025-07-17,MSFT,511.7000122070313,504.92,488.56
2025-07-18,MSFT,510.0499877929688,505.86,490.1
2025-07-21,MSFT,510.05999755859375,507.08,491.51
2025-07-22,MSFT,505.2699890136719,507.36,492.68
2025-07-23,MSFT,505.8699951171875,507.77,493.78
2025-07-24,MSFT,510.8800048828125,508.49,495.11
2025-07-25,MSFT,513.7100219726562,509.65,496.48
2025-07-28,MSFT,512.5,509.76,497.6
2025-07-29,MSFT,512.5700073242188,510.12,498.86
2025-07-30,MSFT,513.239990234375,510.58,499.99
2025-07-31,MSFT,533.5,514.61,501.84
2025-08-01,MSFT,524.1099853515625,517.22,503.3
2025-08-04,MSFT,535.6400146484375,520.75,505.25
2025-08-05,MSFT,527.75,522.76,506.64
2025-08-06,MSFT,524.9400024414062,524.54,507.8
2025-08-07,MSFT,520.8400268554688,525.72,508.75
2025-08-08,MSFT,522.0399780273438,526.97,509.57
2025-08-11,MSFT,521.77001953125,525.3,510.43
2025-08-12,MSFT,529.239990234375,526.03,511.49
2025-08-13,MSFT,520.5800170898438,523.88,512.44
2025-08-14,MSFT,522.47998046875,523.13,513.49
2025-08-15,MSFT,520.1699829101562,522.45,514.2
2025-08-18,MSFT,517.0999755859375,521.91,514.85
2025-08-19,MSFT,509.7699890136719,520.16,515.28
2025-08-20,MSFT,505.7200012207031,517.87,515.36
2025-08-21,MSFT,504.239990234375,514.29,515.45
2025-08-22,MSFT,507.2300109863281,512.39,515.58
2025-08-25,MSFT,504.260009765625,509.78,515.62
2025-08-26,MSFT,502.0400085449219,507.19,515.5
2025-08-27,MSFT,506.739990234375,505.71,515.53
2025-08-28,MSFT,509.6400146484375,505.7,515.46
2025-08-29,MSFT,506.6900024414063,505.83,515.35
2025-09-02,MSFT,505.1199951171875,505.96,515.19
2025-09-03,MSFT,505.3500061035156,505.69,515.19
2025-09-04,MSFT,507.9700012207031,506.22,515.26
2025-09-05,MSFT,495.0,505.22,514.73
2025-09-08,MSFT,498.2000122070313,504.0,514.21
2025-09-09,MSFT,498.4100036621094,502.39,513.75
2025-09-10,MSFT,500.3699951171875,501.49,513.34
2025-09-11,MSFT,501.010009765625,500.9,512.93
2025-09-12,MSFT,509.8999938964844,501.55,512.14
2025-09-15,MSFT,515.3599853515625,502.61,511.85
2025-09-16,MSFT,509.0400085449219,504.61,510.97
2025-09-17,MSFT,510.0199890136719,506.3,510.37
2025-09-18,MSFT,508.4500122070313,507.74,509.82
2025-09-19,MSFT,517.9299926757812,510.24,509.73
2025-09-22,MSFT,514.4500122070312,512.16,509.48
2025-09-23,MSFT,509.2300109863281,512.07,509.06
2025-09-24,MSFT,510.1499938964844,511.32,508.42
2025-09-25,MSFT,507.0299987792969,511.04,507.97
2025-09-26,MSFT,511.4599914550781,511.24,507.6
2025-09-29,MSFT,514.5999755859375,512.12,507.42
2025-09-30,MSFT,517.9500122070312,512.12,507.44
2025-10-01,MSFT,519.7100219726562,512.88,507.78
2025-10-02,MSFT,515.739990234375,513.81,508.11
2025-10-03,MSFT,517.3499755859375,514.83,508.55
2025-10-06,MSFT,528.5700073242188,517.91,509.26
2025-10-07,MSFT,523.97998046875,519.7,509.92
2025-10-08,MSFT,524.8499755859375,521.16,510.68
2025-10-09,MSFT,522.4000244140625,521.8,511.2
2025-10-10,MSFT,510.9599914550781,520.55,511.24
2025-10-13,MSFT,514.0499877929688,520.31,511.49
2025-10-14,MSFT,513.5700073242188,519.77,511.77
2025-10-15,MSFT,513.4299926757812,517.61,512.04
2025-10-16,MSFT,511.6099853515625,515.84,512.16
2025-10-17,MSFT,513.5800170898438,514.23,512.78
2025-10-20,MSFT,516.7899780273438,513.43,513.4
2025-10-21,MSFT,517.6599731445312,514.38,514.04
2025-10-22,MSFT,520.5399780273438,515.31,514.71
2025-10-23,MSFT,520.5599975585938,516.31,515.36
2025-10-24,MSFT,523.6099853515625,517.76,515.82
2025-10-27,MSFT,531.52001953125,520.61,516.36
2025-10-28,MSFT,542.0700073242188,524.68,517.46
2025-10-29,MSFT,541.5499877929688,528.22,518.51
2025-10-30,MSFT,525.760009765625,529.37,519.09
2025-10-31,MSFT,517.8099975585938,528.98,519.08
2025-11-03,MSFT,517.030029296875,528.48,519.17
2025-11-04,MSFT,514.3300170898438,527.15,519.34
2025-11-05,MSFT,507.1600036621094,523.67,519.24
2025-11-06,MSFT,497.1000061035156,517.25,518.91
2025-11-07,MSFT,496.8200073242188,510.86,518.42
2025-11-10,MSFT,506.0,508.04,518.14
2025-11-11,MSFT,508.6799926757813,506.73,517.83
2025-11-12,MSFT,511.1400146484375,505.89,517.54
2025-11-13,MSFT,503.2900085449219,504.31,517.13
2025-11-14,MSFT,510.1799926757813,504.74,516.89
2025-11-17,MSFT,507.489990234375,506.23,516.18
2025-11-18,MSFT,493.7900085449219,505.8,515.18
2025-11-19,MSFT,487.1199951171875,503.1,513.92
2025-11-20,MSFT,478.4299926757813,498.78,512.45
2025-11-21,MSFT,472.1199951171875,493.2,511.16
2025-11-24,MSFT,474.0,489.02,509.82
2025-11-25,MSFT,476.989990234375,484.28,508.61
2025-11-26,MSFT,485.5,481.14,507.67
2025-11-28,MSFT,492.010009765625,480.88,507.02
2025-12-01,MSFT,486.739990234375,480.83,506.13
2025-12-02,MSFT,490.0,482.48,505.23
2025-12-03,MSFT,477.7300109863281,483.28,503.9
2025-12-04,MSFT,480.8399963378906,484.26,502.58
2025-12-05,MSFT,483.1600036621094,485.14,501.33
2025-12-08,MSFT,491.0199890136719,485.93,500.25
2025-12-09,MSFT,492.0199890136719,485.93,498.93
2025-12-10,MSFT,478.55999755859375,484.76,496.81
2025-12-11,MSFT,483.4700012207031,483.83,494.88
2025-12-12,MSFT,478.5299987792969,483.94,493.3
2025-12-15,MSFT,474.8200073242188,483.08,491.87
2025-12-16,MSFT,476.3900146484375,482.12,490.51
2025-12-17,MSFT,476.1199951171875,479.99,489.24
2025-12-18,MSFT,483.9800109863281,478.84,488.47
2025-12-19,MSFT,485.9200134277344,479.89,488.1
2025-12-22,MSFT,484.9200134277344,480.1,487.7
2025-12-23,MSFT,486.8500061035156,481.29,487.06
2025-12-24,MSFT,488.0199890136719,483.17,486.37
2025-12-26,MSFT,487.7099914550781,484.79,485.59
2025-12-29,MSFT,487.1000061035156,486.36,485.05
2025-12-30,MSFT,487.4800109863281,486.86,484.29
2025-12-31,MSFT,483.6199951171875,486.53,483.5
2026-01-02,MSFT,472.9400024414063,484.82,482.8
2026-01-05,MSFT,472.8500061035156,482.82,482.33
2026-01-06,MSFT,478.510009765625,481.46,482.33
2026-01-07,MSFT,483.4700012207031,480.85,482.71
2026-01-08,MSFT,478.1099853515625,479.57,482.85
2026-01-09,MSFT,479.2799987792969,478.4,482.92
2026-01-12,MSFT,477.1799926757813,477.48,482.65
2026-01-13,MSFT,470.6700134277344,477.15,481.93
2026-01-14,MSFT,459.3800048828125,475.23,481.02
2026-01-15,MSFT,456.6600036621094,472.11,479.91
2026-01-16,MSFT,459.8599853515625,468.73,479.31
2026-01-20,MSFT,454.5199890136719,465.36,478.44
2026-01-21,MSFT,444.1099853515625,460.34,477.14
2026-01-22,MSFT,451.1400146484375,456.62,475.81
2026-01-23,MSFT,465.9500122070313,455.95,474.94
2026-01-26,MSFT,470.2799987792969,457.5,474.66
2026-01-27,MSFT,480.5799865722656,460.92,474.57
2026-01-28,MSFT,481.6300048828125,464.03,474.67
2026-01-29,MSFT,433.5,461.03,473.29
2026-01-30,MSFT,430.2900085449219,459.05,471.75
2026-02-02,MSFT,423.3699951171875,455.09,470.0
2026-02-03,MSFT,411.2099914550781,447.27,467.57
2026-02-04,MSFT,414.1900024414063,439.25,465.18
2026-02-05,MSFT,393.6700134277344,426.84,462.14
2026-02-06,MSFT,401.1400146484375,415.34,459.28
2026-02-09,MSFT,413.6000061035156,412.5,456.8
2026-02-10,MSFT,413.2699890136719,410.06,454.32
2026-02-11,MSFT,404.3699951171875,407.35,451.56
2026-02-12,MSFT,401.8399963378906,406.01,448.71
2026-02-13,MSFT,401.3200073242188,404.17,445.96
2026-02-17,MSFT,396.8599853515625,404.63,443.43
2026-02-18,MSFT,399.6000061035156,404.41,440.99
2026-02-19,MSFT,398.4599914550781,402.25,438.32
2026-02-20,MSFT,397.2300109863281,399.95,435.44
2026-02-23,MSFT,384.4700012207031,397.11,432.32
2026-02-24,MSFT,389.0,395.28,429.31
2026-02-25,MSFT,400.6000061035156,395.17,426.76
2026-02-26,MSFT,401.7200012207031,395.87,424.46
2026-02-27,MSFT,392.739990234375,394.89,422.24
2026-03-02,MSFT,398.5499877929688,394.9,420.3
2026-03-03,MSFT,403.9299926757813,395.86,418.44
2026-03-04,MSFT,405.2000122070313,398.82,416.79
2026-03-05,MSFT,410.6799926757813,401.92,415.68
2026-03-06,MSFT,408.9599914550781,403.11,414.27
2026-03-09,MSFT,409.4100036621094,404.21,412.39
2026-03-10,MSFT,405.760009765625,406.07,410.24
2026-03-11,MSFT,404.8800048828125,406.97,407.72
2026-03-12,MSFT,401.8599853515625,406.68,405.06
2026-03-13,MSFT,395.5499877929688,405.3,403.79
2026-03-16,MSFT,399.9500122070313,403.77,402.78
2026-03-17,MSFT,399.4100036621094,402.4,401.98
2026-03-18,MSFT,391.7900085449219,399.89,401.33
2026-03-19,MSFT,389.0199890136719,397.49,400.49
2026-03-20,MSFT,381.8699951171875,394.21,400.1
2026-03-23,MSFT,383.0,391.51,399.5
2026-03-24,MSFT,372.739990234375,388.25,398.13
2026-03-25,MSFT,371.0400085449219,384.12,396.73
2026-03-26,MSFT,365.9700012207031,379.35,395.45
2026-03-27,MSFT,356.7699890136719,374.34,393.94
2026-03-30,MSFT,358.9599914550781,370.05,392.53
2026-03-31,MSFT,370.1700134277344,368.38,391.64
2026-04-01,MSFT,369.3699951171875,366.43,390.64
2026-04-02,MSFT,373.4599914550781,366.53,389.8
2026-04-06,MSFT,372.8800048828125,366.8,388.99
2026-04-07,MSFT,372.2900085449219,367.7,388.58
2026-04-08,MSFT,374.3299865722656,370.21,388.1
2026-04-09,MSFT,373.0700073242188,372.22,387.18
2026-04-10,MSFT,370.8699951171875,372.32,386.15
2026-04-13,MSFT,384.3699951171875,374.47,385.87
2026-04-14,MSFT,393.1099853515625,377.27,385.69
2026-04-15,MSFT,411.2200012207031,382.75,385.93
2026-04-16,MSFT,420.260009765625,389.6,386.43
2026-04-17,MSFT,422.7900085449219,396.53,386.84
2026-04-20,MSFT,418.0700073242188,402.96,387.14
2026-04-21,MSFT,424.1600036621094,410.57,387.63
2026-04-22,MSFT,432.9200134277344,417.5,388.54
2026-04-23,MSFT,415.75,420.74,388.9
2026-04-24,MSFT,424.6199951171875,422.65,389.66
2026-04-27,MSFT,424.8200073242188,423.3,390.64
2026-04-28,MSFT,429.25,424.23,391.61
2026-04-29,MSFT,424.4599914550781,425.14,392.45
2026-04-30,MSFT,407.7799987792969,422.8,392.98
2026-05-01,MSFT,414.4400024414063,420.16,393.83
2026-05-04,MSFT,413.6199951171875,419.86,394.89
2026-05-05,MSFT,411.3800048828125,417.96,395.83
2026-05-06,MSFT,413.9599914550781,416.41,397.21
2026-05-07,MSFT,420.7699890136719,415.2,398.86
2026-05-08,MSFT,415.1199951171875,413.87,400.5
2026-05-11,MSFT,412.6600036621094,414.56,402.36
2026-05-12,MSFT,407.7699890136719,413.61,403.99
2026-05-13,MSFT,405.2099914550781,412.41,405.16
2026-05-14,MSFT,409.4299926757813,412.13,406.49
2026-05-15,MSFT,421.9200134277344,413.27,408.11
2026-05-18,MSFT,423.5400085449219,413.66,409.8
2026-05-19,MSFT,417.4200134277344,413.99,411.3
2026-05-20,MSFT,421.05999755859375,415.19,412.86
2026-05-21,MSFT,419.0899963378906,416.81,414.39
2026-05-22,MSFT,418.5700073242188,418.72,415.98
2026-05-26,MSFT,416.0299987792969,419.66,417.04
2026-05-27,MSFT,412.6700134277344,418.34,417.69
2026-05-28,MSFT,426.989990234375,418.83,418.22
2026-05-29,MSFT,450.239990234375,423.52,419.22
2023-05-30,NVDA,40.11100006103516,40.11,40.11
2023-05-31,NVDA,37.83399963378906,38.97,38.97
2023-06-01,NVDA,39.77000045776367,39.24,39.24
2023-06-02,NVDA,39.32699966430664,39.26,39.26
2023-06-05,NVDA,39.17100143432617,39.24,39.24
2023-06-06,NVDA,38.65399932861328,39.14,39.14
2023-06-07,NVDA,37.47499847412109,38.91,38.91
2023-06-08,NVDA,38.5099983215332,38.68,38.86
2023-06-09,NVDA,38.77000045776367,38.81,38.85
2023-06-12,NVDA,39.48199844360352,38.77,38.91
2023-06-13,NVDA,41.02199935913086,39.01,39.1
2023-06-14,NVDA,42.99700164794922,39.56,39.43
2023-06-15,NVDA,42.65299987792969,40.13,39.68
2023-06-16,NVDA,42.69200134277344,40.88,39.89
2023-06-20,NVDA,43.80799865722656,41.63,40.15
2023-06-21,NVDA,43.04499816894531,42.24,40.33
2023-06-22,NVDA,43.025001525878906,42.75,40.49
2023-06-23,NVDA,42.20899963378906,42.92,40.59
2023-06-26,NVDA,40.63199996948242,42.58,40.59
2023-06-27,NVDA,41.8759994506836,42.47,40.65
2023-06-28,NVDA,41.117000579833984,42.24,40.68
2023-06-29,NVDA,40.821998596191406,41.82,40.68
2023-06-30,NVDA,42.30199813842773,41.71,40.75
2023-07-03,NVDA,42.41299819946289,41.62,40.82
2023-07-05,NVDA,42.31700134277344,41.64,40.88
2023-07-06,NVDA,42.10300064086914,41.85,40.93
2023-07-07,NVDA,42.50299835205078,41.94,40.99
2023-07-10,NVDA,42.18000030517578,42.09,41.03
2023-07-11,NVDA,42.40499877929688,42.32,41.08
2023-07-12,NVDA,43.902000427246094,42.55,41.17
2023-07-13,NVDA,45.97700119018555,43.06,41.37
2023-07-14,NVDA,45.46900177001953,43.51,41.62
2023-07-17,NVDA,46.46099853515625,44.13,41.84
2023-07-18,NVDA,47.49399948120117,44.84,42.12
2023-07-19,NVDA,47.07699966430664,45.54,42.38
2023-07-20,NVDA,45.52000045776367,45.99,42.61
2023-07-21,NVDA,44.30899810791016,46.04,42.84
2023-07-24,NVDA,44.61199951171875,45.85,43.04
2023-07-25,NVDA,45.67900085449219,45.88,43.27
2023-07-26,NVDA,45.45199966430664,45.73,43.47
2023-07-27,NVDA,45.900001525878906,45.51,43.63
2023-07-28,NVDA,46.75,45.46,43.76
2023-07-31,NVDA,46.729000091552734,45.63,43.89
2023-08-01,NVDA,46.50699996948242,45.95,44.02
2023-08-02,NVDA,44.26900100708008,45.9,44.04
2023-08-03,NVDA,44.51499938964844,45.73,44.08
2023-08-04,NVDA,44.68000030517578,45.62,44.14
2023-08-07,NVDA,45.41699981689453,45.55,44.25
2023-08-08,NVDA,44.66400146484375,45.25,44.38
2023-08-09,NVDA,42.55400085449219,44.66,44.4
2023-08-10,NVDA,42.38800048828125,44.07,44.45
2023-08-11,NVDA,40.85499954223633,43.58,44.45
2023-08-14,NVDA,43.75299835205078,43.47,44.5
2023-08-15,NVDA,43.93999862670898,43.37,44.55
2023-08-16,NVDA,43.48600006103516,43.09,44.58
2023-08-17,NVDA,43.34400177001953,42.9,44.63
2023-08-18,NVDA,43.29899978637695,43.01,44.65
2023-08-21,NVDA,46.96699905395508,43.66,44.81
2023-08-22,NVDA,45.667999267578125,44.35,44.92
2023-08-23,NVDA,47.11600112915039,44.83,45.03
2023-08-24,NVDA,47.16299819946289,45.29,45.07
2023-08-25,NVDA,46.01800155639648,45.65,45.09
2023-08-28,NVDA,46.834999084472656,46.15,45.1
2023-08-29,NVDA,48.78400039672852,46.94,45.14
2023-08-30,NVDA,49.26399993896485,47.26,45.21
2023-08-31,NVDA,49.35499954223633,47.79,45.34
2023-09-01,NVDA,48.50899887084961,47.99,45.48
2023-09-05,NVDA,48.54800033569336,48.19,45.61
2023-09-06,NVDA,47.06100082397461,48.34,45.66
2023-09-07,NVDA,46.24100112915039,48.25,45.69
2023-09-08,NVDA,45.571998596191406,47.79,45.68
2023-09-11,NVDA,45.178001403808594,47.21,45.62
2023-09-12,NVDA,44.869998931884766,46.57,45.56
2023-09-13,NVDA,45.48500061035156,46.14,45.53
2023-09-14,NVDA,45.58100128173828,45.71,45.57
2023-09-15,NVDA,43.900001525878906,45.26,45.55
2023-09-18,NVDA,43.96599960327149,44.94,45.53
2023-09-19,NVDA,43.52000045776367,44.64,45.46
2023-09-20,NVDA,42.23899841308594,44.22,45.38
2023-09-21,NVDA,41.016998291015625,43.67,45.33
2023-09-22,NVDA,41.61000061035156,43.12,45.3
2023-09-25,NVDA,42.22200012207031,42.64,45.35
2023-09-26,NVDA,41.9109992980957,42.35,45.29
2023-09-27,NVDA,42.46799850463867,42.14,45.24
2023-09-28,NVDA,43.0890007019043,42.08,45.23
2023-09-29,NVDA,43.499000549316406,42.26,45.23
2023-10-02,NVDA,44.78200149536133,42.8,45.28
2023-10-03,NVDA,43.516998291015625,43.07,45.17
2023-10-04,NVDA,44.04100036621094,43.33,45.11
2023-10-05,NVDA,44.6879997253418,43.73,45.03
2023-10-06,NVDA,45.762001037597656,44.2,44.98
2023-10-09,NVDA,45.27299880981445,44.51,44.96
2023-10-10,NVDA,45.79800033569336,44.84,44.92
2023-10-11,NVDA,46.805999755859375,45.13,44.86
2023-10-12,NVDA,46.94499969482422,45.62,44.78
2023-10-13,NVDA,45.46099853515625,45.82,44.65
2023-10-16,NVDA,46.095001220703125,46.02,44.57
2023-10-17,NVDA,43.9379997253418,45.76,44.42
2023-10-18,NVDA,42.19599914550781,45.32,44.26
2023-10-19,NVDA,42.10100173950195,44.79,44.12
2023-10-20,NVDA,41.387001037597656,44.02,43.98
2023-10-23,NVDA,42.97499847412109,43.45,43.9
2023-10-24,NVDA,43.66299819946289,43.19,43.86
2023-10-25,NVDA,41.77899932861328,42.58,43.74
2023-10-26,NVDA,40.32600021362305,42.06,43.57
2023-10-27,NVDA,40.5,41.82,43.45
2023-10-30,NVDA,41.1609992980957,41.68,43.36
2023-10-31,NVDA,40.77999877929688,41.6,43.27
2023-11-01,NVDA,42.32500076293945,41.5,43.27
2023-11-02,NVDA,43.50600051879883,41.48,43.35
2023-11-03,NVDA,45.005001068115234,41.94,43.47
2023-11-06,NVDA,45.7509994506836,42.72,43.58
2023-11-07,NVDA,45.95500183105469,43.5,43.72
2023-11-08,NVDA,46.57400131225586,44.27,43.86
2023-11-09,NVDA,46.95000076293945,45.15,43.98
2023-11-10,NVDA,48.334999084472656,46.01,44.15
2023-11-13,NVDA,48.619998931884766,46.74,44.27
2023-11-14,NVDA,49.65599822998047,47.41,44.48
2023-11-15,NVDA,48.88800048828125,47.85,44.64
2023-11-16,NVDA,49.47999954223633,48.36,44.8
2023-11-17,NVDA,49.29800033569336,48.75,44.92
2023-11-20,NVDA,50.40900039672852,49.24,45.09
2023-11-21,NVDA,49.94400024414063,49.47,45.23
2023-11-22,NVDA,48.71599960327149,49.48,45.29
2023-11-24,NVDA,47.7760009765625,49.22,45.32
2023-11-27,NVDA,48.242000579833984,49.12,45.41
2023-11-28,NVDA,47.82099914550781,48.89,45.47
2023-11-29,NVDA,48.13999938964844,48.72,45.61
2023-11-30,NVDA,46.77000045776367,48.2,45.76
2023-12-01,NVDA,46.76499938964844,47.75,45.92
2023-12-04,NVDA,45.5099983215332,47.29,46.05
2023-12-05,NVDA,46.56600189208984,47.12,46.17
2023-12-06,NVDA,45.50299835205078,46.72,46.24
2023-12-07,NVDA,46.59600067138672,46.55,46.4
2023-12-08,NVDA,47.50600051879883,46.46,46.63
2023-12-11,NVDA,46.62699890136719,46.44,46.84
2023-12-12,NVDA,47.65700149536133,46.57,47.06
2023-12-13,NVDA,48.0880012512207,46.93,47.3
2023-12-14,NVDA,48.34999847412109,47.19,47.5
2023-12-15,NVDA,48.88999938964844,47.67,47.68
2023-12-18,NVDA,50.07699966430664,48.17,47.85
2023-12-19,NVDA,49.604000091552734,48.47,47.98
2023-12-20,NVDA,48.11100006103516,48.68,48.05
2023-12-21,NVDA,48.9900016784668,48.87,48.13
2023-12-22,NVDA,48.83000183105469,48.98,48.19
2023-12-26,NVDA,49.27899932861328,49.11,48.22
2023-12-27,NVDA,49.41699981689453,49.19,48.25
2023-12-28,NVDA,49.52199935913086,49.11,48.25
2023-12-29,NVDA,49.52199935913086,49.1,48.27
2024-01-02,NVDA,48.167999267578125,49.1,48.22
2024-01-03,NVDA,47.56900024414063,48.9,48.17
2024-01-04,NVDA,47.99800109863281,48.78,48.09
2024-01-05,NVDA,49.09700012207031,48.76,48.06
2024-01-08,NVDA,52.25299835205078,49.16,48.17
2024-01-09,NVDA,53.13999938964844,49.68,48.35
2024-01-10,NVDA,54.34999847412109,50.37,48.56
2024-01-11,NVDA,54.821998596191406,51.32,48.79
2024-01-12,NVDA,54.709999084472656,52.34,49.01
2024-01-16,NVDA,56.38199996948242,53.54,49.33
2024-01-17,NVDA,56.053001403808594,54.53,49.64
2024-01-18,NVDA,57.10699844360352,55.22,50.03
2024-01-19,NVDA,59.49100112915039,56.13,50.46
2024-01-22,NVDA,59.65399932861328,56.89,50.93
2024-01-23,NVDA,59.87300109863281,57.61,51.37
2024-01-24,NVDA,61.36199951171875,58.56,51.83
2024-01-25,NVDA,61.617000579833984,59.31,52.33
2024-01-26,NVDA,61.03099822998047,60.02,52.78
2024-01-29,NVDA,62.46500015258789,60.78,53.26
2024-01-30,NVDA,62.77399826049805,61.25,53.74
2024-01-31,NVDA,61.527000427246094,61.52,54.16
2024-02-01,NVDA,63.027000427246094,61.97,54.59
2024-02-02,NVDA,66.16000366210938,62.66,55.14
2024-02-05,NVDA,69.33200073242188,63.76,55.85
2024-02-06,NVDA,68.2229995727539,64.79,56.49
2024-02-07,NVDA,70.0989990234375,65.88,57.2
2024-02-08,NVDA,69.64099884033203,66.86,57.88
2024-02-09,NVDA,72.13300323486328,68.37,58.64
2024-02-12,NVDA,72.24800109863281,69.69,59.39
2024-02-13,NVDA,72.12799835205078,70.54,60.15
2024-02-14,NVDA,73.9000015258789,71.2,61.01
2024-02-15,NVDA,72.65799713134766,71.83,61.84
2024-02-16,NVDA,72.61299896240234,72.19,62.66
2024-02-20,NVDA,69.4520034790039,72.16,63.34
2024-02-21,NVDA,67.47200012207031,71.5,63.85
2024-02-22,NVDA,78.53800201416016,72.39,64.69
2024-02-23,NVDA,78.81700134277344,73.35,65.51
2024-02-26,NVDA,79.09200286865234,74.09,66.32
2024-02-27,NVDA,78.70099639892578,74.96,67.12
2024-02-28,NVDA,77.66300201416016,75.68,67.83
2024-02-29,NVDA,79.11199951171875,77.06,68.6
2024-03-01,NVDA,82.27899932861328,79.17,69.44
2024-03-04,NVDA,85.23699951171875,80.13,70.29
2024-03-05,NVDA,85.96399688720703,81.15,71.17
2024-03-06,NVDA,88.69999694824219,82.52,72.13
2024-03-07,NVDA,92.66899871826172,84.52,73.18
2024-03-08,NVDA,87.52799987792969,85.93,74.04
2024-03-11,NVDA,85.77400207519531,86.88,74.86
2024-03-12,NVDA,91.91300201416016,88.25,75.85
2024-03-13,NVDA,90.88800048828124,89.06,76.78
2024-03-14,NVDA,87.94400024414062,89.35,77.66
2024-03-15,NVDA,87.83699798583984,89.22,78.49
2024-03-18,NVDA,88.45500183105469,88.62,79.23
2024-03-19,NVDA,89.39800262451172,88.89,79.9
2024-03-20,NVDA,90.37200164794922,89.54,80.64
2024-03-21,NVDA,91.43499755859376,89.48,81.35
2024-03-22,NVDA,94.28900146484376,89.96,82.17
2024-03-25,NVDA,95.0019989013672,90.97,82.94
2024-03-26,NVDA,92.56099700927734,91.64,83.61
2024-03-27,NVDA,90.25,91.9,84.22
2024-03-28,NVDA,90.3560028076172,92.04,84.77
2024-04-01,NVDA,90.36299896240234,92.04,85.36
2024-04-02,NVDA,89.4520034790039,91.75,85.92
2024-04-03,NVDA,88.96399688720703,90.99,86.57
2024-04-04,NVDA,85.90499877929688,89.69,87.18
2024-04-05,NVDA,88.00800323486328,89.04,87.5
2024-04-08,NVDA,87.13300323486328,88.6,87.77
2024-04-09,NVDA,85.35399627685547,87.88,87.98
2024-04-10,NVDA,87.03900146484375,87.41,88.26
2024-04-11,NVDA,90.61599731445312,87.57,88.69
2024-04-12,NVDA,88.18599700927734,87.46,89.0
2024-04-15,NVDA,86.0009994506836,87.48,89.12
2024-04-16,NVDA,87.41500091552734,87.39,89.19
2024-04-17,NVDA,84.03500366210938,86.95,89.13
2024-04-18,NVDA,84.6709976196289,86.85,88.99
2024-04-19,NVDA,76.19999694824219,85.3,88.44
2024-04-22,NVDA,79.51799774169922,83.72,88.18
2024-04-23,NVDA,82.4229965209961,82.89,88.07
2024-04-24,NVDA,79.677001953125,81.99,87.66
2024-04-25,NVDA,82.63200378417969,81.31,87.38
2024-04-26,NVDA,87.73500061035156,81.84,87.38
2024-04-29,NVDA,87.75700378417969,82.28,87.37
2024-04-30,NVDA,86.4020004272461,83.73,87.3
2024-05-01,NVDA,83.04100036621094,84.24,87.09
2024-05-02,NVDA,85.81700134277344,84.72,86.94
2024-05-03,NVDA,88.78900146484375,86.02,86.85
2024-05-06,NVDA,92.13999938964844,87.38,86.78
2024-05-07,NVDA,90.5540008544922,87.79,86.63
2024-05-08,NVDA,90.41200256347656,88.17,86.56
2024-05-09,NVDA,88.74700164794922,88.5,86.51
2024-05-10,NVDA,89.87799835205078,89.48,86.5
2024-05-13,NVDA,90.39900207519533,90.13,86.5
2024-05-14,NVDA,91.3560028076172,90.5,86.56
2024-05-15,NVDA,94.62999725341795,90.85,86.75
2024-05-16,NVDA,94.35900115966795,91.4,87.03
2024-05-17,NVDA,92.47899627685548,91.69,87.18
2024-05-20,NVDA,94.77999877929688,92.55,87.43
2024-05-21,NVDA,95.38600158691406,93.34,87.77
2024-05-22,NVDA,94.9499969482422,93.99,88.03
2024-05-23,NVDA,103.79900360107422,95.77,88.47
2024-05-24,NVDA,106.46900177001952,97.46,89.08
2024-05-28,NVDA,113.9010009765625,100.25,90.01
2024-05-29,NVDA,114.8249969482422,103.44,90.93
2024-05-30,NVDA,110.5,105.69,91.81
2024-05-31,NVDA,109.63300323486328,107.73,92.64
2024-06-03,NVDA,115.0,110.59,93.93
2024-06-04,NVDA,116.43699645996094,112.39,95.16
2024-06-05,NVDA,122.44000244140624,114.68,96.5
2024-06-06,NVDA,120.9980010986328,115.69,97.87
2024-06-07,NVDA,120.88800048828124,116.56,99.15
2024-06-10,NVDA,121.79000091552734,118.17,100.29
2024-06-11,NVDA,120.91000366210938,119.78,101.39
2024-06-12,NVDA,125.1999969482422,121.24,102.68
2024-06-13,NVDA,129.61000061035156,123.12,104.24
2024-06-14,NVDA,131.8800048828125,124.47,105.77
2024-06-17,NVDA,130.97999572753906,125.89,107.18
2024-06-18,NVDA,135.5800018310547,127.99,108.63
2024-06-20,NVDA,130.77999877929688,129.28,109.97
2024-06-21,NVDA,126.56999969482422,130.09,111.17
2024-06-24,NVDA,118.11000061035156,129.07,112.15
2024-06-25,NVDA,126.08999633789062,128.57,113.36
2024-06-26,NVDA,126.4000015258789,127.79,114.56
2024-06-27,NVDA,123.98999786376952,126.79,115.65
2024-06-28,NVDA,123.54000091552734,125.07,116.61
2024-07-01,NVDA,124.3000030517578,124.14,117.61
2024-07-02,NVDA,122.66999816894533,123.59,118.61
2024-07-03,NVDA,128.27999877929688,125.04,119.73
2024-07-05,NVDA,125.83000183105467,125.0,120.75
2024-07-08,NVDA,128.1999969482422,125.26,121.85
2024-07-09,NVDA,131.3800048828125,126.31,122.77
2024-07-10,NVDA,134.91000366210938,127.94,123.72
2024-07-11,NVDA,127.4000015258789,128.38,124.17
2024-07-12,NVDA,129.24000549316406,129.32,124.65
2024-07-15,NVDA,128.44000244140625,129.34,125.25
2024-07-16,NVDA,126.36000061035156,129.42,125.81
2024-07-17,NVDA,117.98999786376952,127.96,125.91
2024-07-18,NVDA,121.08999633789062,126.49,126.06
2024-07-19,NVDA,117.93000030517578,124.06,125.91
2024-07-22,NVDA,123.54000091552734,123.51,126.0
2024-07-23,NVDA,122.58999633789062,122.56,126.05
2024-07-24,NVDA,114.25,120.54,125.8
2024-07-25,NVDA,112.27999877929688,118.52,125.51
2024-07-26,NVDA,113.05999755859376,117.82,125.11
2024-07-29,NVDA,111.58999633789062,116.46,124.51
2024-07-30,NVDA,103.7300033569336,114.43,123.57
2024-07-31,NVDA,117.0199966430664,113.5,123.1
2024-08-01,NVDA,109.20999908447266,111.59,122.23
2024-08-02,NVDA,107.2699966430664,110.59,121.44
2024-08-05,NVDA,100.4499969482422,108.9,120.57
2024-08-06,NVDA,104.25,107.65,120.11
2024-08-07,NVDA,98.91000366210938,105.83,119.2
2024-08-08,NVDA,104.97000122070312,106.01,118.49
2024-08-09,NVDA,104.75,104.26,117.85
2024-08-12,NVDA,109.0199966430664,104.23,117.36
2024-08-13,NVDA,116.13999938964844,105.5,117.09
2024-08-14,NVDA,118.08000183105467,108.02,116.94
2024-08-15,NVDA,122.86000061035156,110.68,116.76
2024-08-16,NVDA,124.58000183105467,114.34,116.72
2024-08-19,NVDA,130.0,117.92,116.78
2024-08-20,NVDA,127.25,121.13,116.64
2024-08-21,NVDA,128.5,123.92,116.42
2024-08-22,NVDA,123.73999786376952,125.0,116.3
2024-08-23,NVDA,129.3699951171875,126.61,116.31
2024-08-26,NVDA,126.45999908447266,127.13,116.24
2024-08-27,NVDA,128.3000030517578,127.66,116.31
2024-08-28,NVDA,125.61000061035156,127.03,116.56
2024-08-29,NVDA,117.58999633789062,125.65,116.44
2024-08-30,NVDA,119.37000274658205,124.35,116.49
2024-09-03,NVDA,108.0,122.1,115.97
2024-09-04,NVDA,106.20999908447266,118.79,115.43
2024-09-05,NVDA,107.20999908447266,116.04,115.19
2024-09-06,NVDA,102.83000183105467,112.4,114.88
2024-09-09,NVDA,106.47000122070312,109.67,114.66
2024-09-10,NVDA,108.0999984741211,108.31,114.54
2024-09-11,NVDA,116.91000366210938,107.96,114.98
2024-09-12,NVDA,119.13999938964844,109.55,115.05
2024-09-13,NVDA,119.0999984741211,111.39,115.38
2024-09-16,NVDA,116.77999877929688,112.76,115.7
2024-09-17,NVDA,115.58999633789062,114.58,116.2
2024-09-18,NVDA,113.37000274658205,115.57,116.51
2024-09-19,NVDA,117.87000274658205,116.97,117.14
2024-09-20,NVDA,116.0,116.84,117.51
2024-09-23,NVDA,116.26000213623048,116.42,117.89
2024-09-24,NVDA,120.87000274658205,116.68,118.29
2024-09-25,NVDA,123.51000213623048,117.64,118.53
2024-09-26,NVDA,124.04000091552734,118.85,118.73
2024-09-27,NVDA,121.4000015258789,119.99,118.68
2024-09-30,NVDA,121.44000244140624,120.5,118.58
2024-10-01,NVDA,117.0,120.65,118.14
2024-10-02,NVDA,118.8499984741211,121.02,117.86
2024-10-03,NVDA,122.8499984741211,121.3,117.67
2024-10-04,NVDA,124.91999816894533,121.5,117.71
2024-10-07,NVDA,127.72000122070312,122.03,117.66
2024-10-08,NVDA,132.88999938964844,123.67,117.87
2024-10-09,NVDA,132.64999389648438,125.27,118.02
2024-10-10,NVDA,134.80999755859375,127.81,118.33
2024-10-11,NVDA,134.8000030517578,130.09,118.9
2024-10-14,NVDA,138.07000732421875,132.27,119.52
2024-10-15,NVDA,131.60000610351562,133.22,120.31
2024-10-16,NVDA,135.72000122070312,134.36,121.29
2024-10-17,NVDA,136.92999267578125,134.94,122.28
2024-10-18,NVDA,138.0,135.7,123.46
2024-10-21,NVDA,143.7100067138672,136.98,124.7
2024-10-22,NVDA,143.58999633789062,138.23,125.88
2024-10-23,NVDA,139.55999755859375,138.44,126.63
2024-10-24,NVDA,140.41000366210938,139.7,127.34
2024-10-25,NVDA,141.5399932861328,140.53,128.09
2024-10-28,NVDA,140.52000427246094,141.05,128.88
2024-10-29,NVDA,141.25,141.51,129.74
2024-10-30,NVDA,139.33999633789062,140.89,130.6
2024-10-31,NVDA,132.75999450683594,139.34,131.1
2024-11-01,NVDA,135.39999389648438,138.75,131.75
2024-11-04,NVDA,136.0500030517578,138.12,132.41
2024-11-05,NVDA,139.91000366210938,137.89,133.04
2024-11-06,NVDA,145.61000061035156,138.62,133.78
2024-11-07,NVDA,148.8800048828125,139.71,134.61
2024-11-08,NVDA,147.6300048828125,140.89,135.48
2024-11-11,NVDA,145.25999450683594,142.68,136.27
2024-11-12,NVDA,148.2899932861328,144.52,137.32
2024-11-13,NVDA,146.27000427246094,145.98,138.23
2024-11-14,NVDA,146.75999450683594,146.96,139.03
2024-11-15,NVDA,141.97999572753906,146.44,139.6
2024-11-18,NVDA,140.14999389648438,145.19,140.01
2024-11-19,NVDA,147.00999450683594,145.1,140.48
2024-11-20,NVDA,145.88999938964844,145.19,140.92
2024-11-21,NVDA,146.6699981689453,144.96,141.32
2024-11-22,NVDA,141.9499969482422,144.34,141.56
2024-11-25,NVDA,136.02000427246094,142.81,141.49
2024-11-26,NVDA,136.9199981689453,142.09,141.67
2024-11-27,NVDA,135.33999633789062,141.4,141.65
2024-11-29,NVDA,138.25,140.15,141.7
2024-12-02,NVDA,138.6300048828125,139.11,141.72
2024-12-03,NVDA,140.25999450683594,138.2,141.6
2024-12-04,NVDA,145.13999938964844,138.65,141.65
2024-12-05,NVDA,145.05999755859375,139.94,141.84
2024-12-06,NVDA,142.44000244140625,140.73,141.91
2024-12-09,NVDA,138.80999755859375,141.23,141.81
2024-12-10,NVDA,135.07000732421875,140.77,141.63
2024-12-11,NVDA,139.30999755859375,140.87,141.57
2024-12-12,NVDA,137.33999633789062,140.45,141.5
2024-12-13,NVDA,134.25,138.9,141.55
2024-12-16,NVDA,132.0,137.03,141.44
2024-12-17,NVDA,130.38999938964844,135.31,141.25
2024-12-18,NVDA,128.91000366210938,133.9,140.88
2024-12-19,NVDA,130.67999267578125,133.27,140.39
2024-12-20,NVDA,134.6999969482422,132.61,139.91
2024-12-23,NVDA,139.6699981689453,132.94,139.65
2024-12-24,NVDA,140.22000122070312,133.8,139.48
2024-12-26,NVDA,139.92999267578125,134.93,139.2
2024-12-27,NVDA,137.00999450683594,135.87,138.89
2024-12-30,NVDA,137.49000549316406,137.1,138.58
2024-12-31,NVDA,134.2899932861328,137.62,138.33
2025-01-02,NVDA,138.30999755859375,138.13,138.27
2025-01-03,NVDA,144.47000122070312,138.82,138.18
2025-01-06,NVDA,149.42999267578125,140.13,138.3
2025-01-07,NVDA,140.13999938964844,140.16,138.08
2025-01-08,NVDA,140.11000061035156,140.61,138.02
2025-01-10,NVDA,135.91000366210938,140.38,138.02
2025-01-13,NVDA,133.22999572753906,140.23,137.89
2025-01-14,NVDA,131.75999450683594,139.29,137.77
2025-01-15,NVDA,136.24000549316406,138.12,137.71
2025-01-16,NVDA,133.57000732421875,135.85,137.54
2025-01-17,NVDA,137.7100067138672,135.5,137.45
2025-01-21,NVDA,140.8300018310547,135.61,137.31
2025-01-22,NVDA,147.07000732421875,137.2,137.38
2025-01-23,NVDA,147.22000122070312,139.2,137.54
2025-01-24,NVDA,142.6199951171875,140.75,137.66
2025-01-27,NVDA,118.41999816894533,138.21,137.11
2025-01-28,NVDA,128.99000549316406,137.55,136.76
2025-01-29,NVDA,123.6999969482422,135.55,136.31
2025-01-30,NVDA,124.6500015258789,133.24,135.99
2025-01-31,NVDA,120.06999969482422,129.38,135.59
2025-02-03,NVDA,116.66000366210938,125.02,135.13
2025-02-04,NVDA,118.6500015258789,121.59,134.79
2025-02-05,NVDA,124.83000183105467,122.51,134.6
2025-02-06,NVDA,128.67999267578125,122.46,134.4
2025-02-07,NVDA,129.83999633789062,123.34,134.07
2025-02-10,NVDA,133.57000732421875,124.61,133.85
2025-02-11,NVDA,132.8000030517578,126.43,133.61
2025-02-12,NVDA,131.13999938964844,128.5,133.41
2025-02-13,NVDA,135.2899932861328,130.88,133.34
2025-02-14,NVDA,138.85000610351562,132.88,133.49
2025-02-18,NVDA,139.39999389648438,134.41,133.53
2025-02-19,NVDA,139.22999572753906,135.75,133.35
2025-02-20,NVDA,140.11000061035156,136.69,133.04
2025-02-21,NVDA,134.42999267578125,136.92,132.85
2025-02-24,NVDA,130.27999877929688,136.8,132.53
2025-02-25,NVDA,126.62999725341795,135.56,132.22
2025-02-26,NVDA,131.27999877929688,134.48,132.15
2025-02-27,NVDA,120.1500015258789,131.73,131.76
2025-02-28,NVDA,124.91999816894533,129.69,131.39
2025-03-03,NVDA,114.05999755859376,125.96,130.74
2025-03-04,NVDA,115.98999786376952,123.33,130.01
2025-03-05,NVDA,117.3000030517578,121.48,129.23
2025-03-06,NVDA,110.56999969482422,119.18,128.01
2025-03-07,NVDA,112.69000244140624,116.53,126.86
2025-03-10,NVDA,106.9800033569336,114.64,125.67
2025-03-11,NVDA,108.76000213623048,112.34,125.35
2025-03-12,NVDA,115.73999786376952,112.58,124.91
2025-03-13,NVDA,115.58000183105467,112.52,124.64
2025-03-14,NVDA,121.66999816894533,113.14,124.54
2025-03-17,NVDA,119.52999877929688,114.42,124.52
2025-03-18,NVDA,115.43000030517578,114.81,124.48
2025-03-19,NVDA,117.5199966430664,116.32,124.44
2025-03-20,NVDA,118.52999877929688,117.71,124.23
2025-03-21,NVDA,117.6999969482422,117.99,123.87
2025-03-24,NVDA,121.41000366210938,118.83,123.58
2025-03-25,NVDA,120.69000244140624,118.69,123.16
2025-03-26,NVDA,113.76000213623048,117.86,122.52
2025-03-27,NVDA,111.43000030517578,117.29,121.86
2025-03-28,NVDA,109.66999816894533,116.17,121.01
2025-03-31,NVDA,108.37999725341795,114.72,119.99
2025-04-01,NVDA,110.1500015258789,113.64,119.02
2025-04-02,NVDA,110.41999816894533,112.07,118.06
2025-04-03,NVDA,101.8000030517578,109.37,116.78
2025-04-04,NVDA,94.30999755859376,106.59,115.44
2025-04-07,NVDA,97.63999938964844,104.62,114.36
2025-04-08,NVDA,96.3000030517578,102.71,113.35
2025-04-09,NVDA,114.33000183105467,103.56,112.78
2025-04-10,NVDA,107.56999969482422,103.2,112.36
2025-04-11,NVDA,110.93000030517578,103.27,111.89
2025-04-14,NVDA,110.70999908447266,104.54,111.78
2025-04-15,NVDA,112.1999969482422,107.1,111.66
2025-04-16,NVDA,104.48999786376952,108.08,111.23
2025-04-17,NVDA,101.48999786376952,108.82,110.93
2025-04-21,NVDA,96.91000366210938,106.33,110.4
2025-04-22,NVDA,98.88999938964844,105.09,110.13
2025-04-23,NVDA,102.70999908447266,103.91,109.93
2025-04-24,NVDA,106.43000030517578,103.3,109.62
2025-04-25,NVDA,111.01000213623048,103.13,109.47
2025-04-28,NVDA,108.7300033569336,103.74,109.04
2025-04-29,NVDA,109.0199966430664,104.81,108.69
2025-04-30,NVDA,108.91999816894533,106.53,108.47
2025-05-01,NVDA,111.61000061035156,108.35,108.27
2025-05-02,NVDA,114.5,110.03,108.14
2025-05-05,NVDA,113.81999969482422,111.09,108.01
2025-05-06,NVDA,113.54000091552734,111.45,107.75
2025-05-07,NVDA,117.05999755859376,112.64,107.62
2025-05-08,NVDA,117.37000274658205,113.83,107.74
2025-05-09,NVDA,116.6500015258789,114.94,107.92
2025-05-12,NVDA,123.0,116.56,108.36
2025-05-13,NVDA,129.92999267578125,118.77,109.08
2025-05-14,NVDA,135.33999633789062,121.84,109.92
2025-05-15,NVDA,134.8300018310547,124.88,110.73
2025-05-16,NVDA,135.39999389648438,127.5,111.85
2025-05-19,NVDA,135.57000732421875,130.1,113.23
2025-05-20,NVDA,134.3800048828125,132.64,114.45
2025-05-21,NVDA,131.8000030517578,133.89,115.64
2025-05-22,NVDA,132.8300018310547,134.31,116.25
2025-05-23,NVDA,131.2899932861328,133.73,117.05
2025-05-27,NVDA,135.5,133.82,117.86
2025-05-28,NVDA,134.80999755859375,133.74,118.67
2025-05-29,NVDA,139.19000244140625,134.26,119.57
2025-05-30,NVDA,135.1300048828125,134.36,120.59
2025-06-02,NVDA,137.3800048828125,135.16,121.79
2025-06-03,NVDA,141.22000122070312,136.36,123.26
2025-06-04,NVDA,141.9199981689453,137.88,124.7
2025-06-05,NVDA,139.99000549316406,138.52,125.94
2025-06-06,NVDA,141.72000122070312,139.51,127.12
2025-06-09,NVDA,142.6300048828125,140.0,128.17
2025-06-10,NVDA,143.9600067138672,141.26,129.34
2025-06-11,NVDA,142.8300018310547,142.04,130.47
2025-06-12,NVDA,145.0,142.58,131.67
2025-06-13,NVDA,141.97000122070312,142.59,132.69
2025-06-16,NVDA,144.69000244140625,143.26,133.69
2025-06-17,NVDA,144.1199951171875,143.6,134.7
2025-06-18,NVDA,145.47999572753906,144.01,135.77
2025-06-20,NVDA,143.85000610351562,143.99,136.66
2025-06-23,NVDA,144.1699981689453,144.18,137.55
2025-06-24,NVDA,147.89999389648438,144.6,138.59
2025-06-25,NVDA,154.30999755859375,146.36,139.64
2025-06-26,NVDA,155.02000427246094,147.84,140.47
2025-06-27,NVDA,157.75,149.78,141.22
2025-06-30,NVDA,157.99000549316406,151.57,141.99
2025-07-01,NVDA,153.3000030517578,152.92,142.59
2025-07-02,NVDA,157.25,154.79,143.31
2025-07-03,NVDA,159.33999633789062,156.42,144.14
2025-07-07,NVDA,158.24000549316406,156.98,145.03
2025-07-08,NVDA,160.0,157.7,145.93
2025-07-09,NVDA,162.8800048828125,158.43,146.98
2025-07-10,NVDA,164.10000610351562,159.3,147.94
2025-07-11,NVDA,164.9199981689453,160.96,148.94
2025-07-14,NVDA,164.07000732421875,161.94,149.77
2025-07-15,NVDA,170.6999969482422,163.56,150.96
2025-07-16,NVDA,171.3699951171875,165.43,152.09
2025-07-17,NVDA,173.0,167.29,153.15
2025-07-18,NVDA,172.41000366210938,168.65,154.17
2025-07-21,NVDA,171.3800048828125,169.69,155.21
2025-07-22,NVDA,167.02999877929688,169.99,156.06
2025-07-23,NVDA,170.77999877929688,170.95,156.99
2025-07-24,NVDA,173.74000549316406,171.39,157.99
2025-07-25,NVDA,173.5,171.69,159.01
2025-07-28,NVDA,176.75,172.23,160.07
2025-07-29,NVDA,175.50999450683594,172.67,161.19
2025-07-30,NVDA,179.27000427246094,173.8,162.34
2025-07-31,NVDA,177.8699951171875,175.35,163.46
2025-08-01,NVDA,173.72000122070312,175.77,164.4
2025-08-04,NVDA,180.0,176.66,165.61
2025-08-05,NVDA,178.25999450683594,177.34,166.75
2025-08-06,NVDA,179.4199981689453,177.72,167.8
2025-08-07,NVDA,180.7700042724609,178.47,168.68
2025-08-08,NVDA,182.6999969482422,178.96,169.6
2025-08-11,NVDA,182.0599975585937,179.56,170.41
2025-08-12,NVDA,183.16000366210932,180.91,171.25
2025-08-13,NVDA,181.58999633789065,181.14,172.19
2025-08-14,NVDA,182.0200042724609,181.67,173.02
2025-08-15,NVDA,180.4499969482422,181.82,173.72
2025-08-18,NVDA,182.009994506836,182.0,174.51
2025-08-19,NVDA,175.63999938964844,180.99,175.04
2025-08-20,NVDA,175.39999389648438,180.04,175.45
2025-08-21,NVDA,174.97999572753906,178.87,175.82
2025-08-22,NVDA,177.99000549316406,178.36,176.25
2025-08-25,NVDA,179.80999755859375,178.04,176.78
2025-08-26,NVDA,181.7700042724609,178.23,177.15
2025-08-27,NVDA,181.6000061035156,178.17,177.49
2025-08-28,NVDA,180.1699981689453,178.82,177.73
2025-08-29,NVDA,174.17999267578125,178.64,177.78
2025-09-02,NVDA,170.77999877929688,178.04,177.76
2025-09-03,NVDA,170.6199951171875,176.99,177.88
2025-09-04,NVDA,171.66000366210938,175.83,177.91
2025-09-05,NVDA,167.02000427246094,173.72,177.69
2025-09-08,NVDA,168.30999755859375,171.82,177.52
2025-09-09,NVDA,170.75999450683594,170.48,177.32
2025-09-10,NVDA,177.3300018310547,170.93,177.38
2025-09-11,NVDA,177.1699981689453,171.84,177.31
2025-09-12,NVDA,177.82000732421875,172.87,177.31
2025-09-15,NVDA,177.75,173.74,177.44
2025-09-16,NVDA,174.8800048828125,174.86,177.27
2025-09-17,NVDA,170.2899932861328,175.14,177.0
2025-09-18,NVDA,176.24000549316406,175.93,176.9
2025-09-19,NVDA,176.6699981689453,175.83,176.76
2025-09-22,NVDA,183.6100006103516,176.75,176.79
2025-09-23,NVDA,178.42999267578125,176.84,176.67
2025-09-24,NVDA,176.97000122070312,176.73,176.46
2025-09-25,NVDA,177.69000244140625,177.13,176.33
2025-09-26,NVDA,178.19000244140625,178.26,176.21
2025-09-29,NVDA,181.8500061035156,179.06,176.25
2025-09-30,NVDA,186.5800018310547,180.47,176.41
2025-10-01,NVDA,187.2400054931641,180.99,176.79
2025-10-02,NVDA,188.88999938964844,182.49,177.24
2025-10-03,NVDA,187.6199951171875,184.01,177.66
2025-10-06,NVDA,185.5399932861328,185.13,177.91
2025-10-07,NVDA,185.0399932861328,186.11,178.09
2025-10-08,NVDA,189.1100006103516,187.15,178.33
2025-10-09,NVDA,192.57000732421875,188.0,178.7
2025-10-10,NVDA,183.16000366210932,187.42,178.8
2025-10-13,NVDA,188.32000732421875,187.34,179.27
2025-10-14,NVDA,180.02999877929688,186.25,179.58
2025-10-15,NVDA,179.8300018310547,185.44,179.89
2025-10-16,NVDA,181.8099975585937,184.98,180.22
2025-10-17,NVDA,183.22000122070312,184.13,180.76
2025-10-20,NVDA,182.63999938964844,182.72,181.24
2025-10-21,NVDA,181.16000366210932,182.43,181.59
2025-10-22,NVDA,180.27999877929688,181.28,181.69
2025-10-23,NVDA,182.16000366210932,181.59,181.85
2025-10-24,NVDA,186.259994506836,182.5,182.13
2025-10-27,NVDA,191.4900054931641,183.89,182.59
2025-10-28,NVDA,201.02999877929688,186.43,183.46
2025-10-29,NVDA,207.0399932861328,189.92,184.69
2025-10-30,NVDA,202.88999938964844,193.02,185.58
2025-10-31,NVDA,202.4900054931641,196.19,186.44
2025-11-03,NVDA,206.8800048828125,199.73,187.21
2025-11-04,NVDA,198.69000244140625,201.5,187.89
2025-11-05,NVDA,195.2100067138672,202.03,188.5
2025-11-06,NVDA,188.0800018310547,200.18,188.84
2025-11-07,NVDA,188.1499938964844,197.48,189.18
2025-11-10,NVDA,199.0500030517578,196.94,189.75
2025-11-11,NVDA,193.16000366210932,195.6,189.97
2025-11-12,NVDA,193.8000030517578,193.73,190.19
2025-11-13,NVDA,186.8600006103516,192.04,190.12
2025-11-14,NVDA,190.1699981689453,191.32,190.2
2025-11-17,NVDA,186.6000061035156,191.11,190.24
2025-11-18,NVDA,181.3600006103516,190.14,190.12
2025-11-19,NVDA,186.5200042724609,188.35,190.03
2025-11-20,NVDA,180.63999938964844,186.56,189.63
2025-11-21,NVDA,178.8800048828125,184.43,189.49
2025-11-24,NVDA,182.5500030517578,183.82,189.3
2025-11-25,NVDA,177.82000732421875,182.05,189.22
2025-11-26,NVDA,180.259994506836,181.15,189.24
2025-11-28,NVDA,177.0,180.52,189.08
2025-12-01,NVDA,179.9199981689453,179.58,188.97
2025-12-02,NVDA,181.4600067138672,179.7,188.93
2025-12-03,NVDA,179.58999633789062,179.8,188.88
2025-12-04,NVDA,183.3800048828125,179.92,188.98
2025-12-05,NVDA,182.41000366210932,180.57,188.99
2025-12-08,NVDA,185.5500030517578,181.33,188.96
2025-12-09,NVDA,184.97000122070312,182.47,188.75
2025-12-10,NVDA,183.77999877929688,183.02,188.17
2025-12-11,NVDA,180.92999267578125,182.94,187.3
2025-12-12,NVDA,175.02000427246094,182.29,186.37
2025-12-15,NVDA,176.2899932861328,181.28,185.5
2025-12-16,NVDA,177.72000122070312,180.61,184.53
2025-12-17,NVDA,170.94000244140625,178.52,183.6
2025-12-18,NVDA,174.13999938964844,176.97,182.9
2025-12-19,NVDA,180.9900054931641,176.58,182.66
2025-12-22,NVDA,183.69000244140625,176.97,182.52
2025-12-23,NVDA,189.2100067138672,179.0,182.19
2025-12-24,NVDA,188.6100006103516,180.76,182.04
2025-12-26,NVDA,190.52999877929688,182.59,181.93
2025-12-29,NVDA,188.22000122070312,185.06,181.97
2025-12-30,NVDA,187.5399932861328,186.97,181.88
2025-12-31,NVDA,186.5,187.76,181.88
2026-01-02,NVDA,188.8500061035156,188.49,182.13
2026-01-05,NVDA,188.1199951171875,188.34,182.18
2026-01-06,NVDA,187.2400054931641,188.14,182.4
2026-01-07,NVDA,189.1100006103516,187.94,182.74
2026-01-08,NVDA,185.0399932861328,187.49,182.83
2026-01-09,NVDA,184.8600006103516,187.1,183.06
2026-01-12,NVDA,184.94000244140625,186.88,183.22
2026-01-13,NVDA,185.8099975585937,186.45,183.51
2026-01-14,NVDA,183.13999938964844,185.73,183.62
2026-01-15,NVDA,187.0500030517578,185.71,183.81
2026-01-16,NVDA,186.22999572753903,185.3,184.03
2026-01-20,NVDA,178.07000732421875,184.3,183.85
2026-01-21,NVDA,183.32000732421875,184.08,183.88
2026-01-22,NVDA,184.83999633789065,184.07,183.86
2026-01-23,NVDA,187.6699981689453,184.33,183.95
2026-01-26,NVDA,186.47000122070312,184.81,184.04
2026-01-27,NVDA,188.5200042724609,185.02,184.29
2026-01-28,NVDA,191.5200042724609,185.77,184.84
2026-01-29,NVDA,192.509994506836,187.84,185.38
2026-01-30,NVDA,191.1300048828125,188.95,185.83
2026-02-02,NVDA,185.6100006103516,189.06,186.32
2026-02-03,NVDA,180.33999633789065,188.01,186.52
2026-02-04,NVDA,174.19000244140625,186.26,186.3
2026-02-05,NVDA,171.8800048828125,183.88,185.9
2026-02-06,NVDA,185.41000366210932,183.01,185.78
2026-02-09,NVDA,190.0399932861328,182.66,185.82
2026-02-10,NVDA,188.5399932861328,182.29,185.76
2026-02-11,NVDA,190.0500030517578,182.92,185.82
2026-02-12,NVDA,186.94000244140625,183.86,185.8
2026-02-13,NVDA,182.8099975585937,185.1,185.68
2026-02-17,NVDA,184.97000122070312,186.97,185.55
2026-02-18,NVDA,187.97999572753903,187.33,185.54
2026-02-19,NVDA,187.8999938964844,187.03,185.56
2026-02-20,NVDA,189.82000732421875,187.21,185.59
2026-02-23,NVDA,191.5500030517578,187.42,185.8
2026-02-24,NVDA,192.8500061035156,188.27,186.07
2026-02-25,NVDA,195.5599975585937,190.09,186.42
2026-02-26,NVDA,184.88999938964844,190.08,186.39
2026-02-27,NVDA,177.19000244140625,188.54,186.2
2026-03-02,NVDA,182.47999572753903,187.76,186.04
2026-03-03,NVDA,180.0500030517578,186.37,185.84
2026-03-04,NVDA,183.0399932861328,185.15,186.0
2026-03-05,NVDA,183.33999633789065,183.79,186.0
2026-03-06,NVDA,177.82000732421875,181.26,185.77
2026-03-09,NVDA,182.6499938964844,180.94,185.6
2026-03-10,NVDA,184.7700042724609,182.02,185.55
2026-03-11,NVDA,186.02999877929688,182.53,185.46
2026-03-12,NVDA,183.13999938964844,182.97,185.18
2026-03-13,NVDA,180.25,182.57,184.77
2026-03-16,NVDA,183.22000122070312,182.55,184.51
2026-03-17,NVDA,181.92999267578125,183.14,184.39
2026-03-18,NVDA,180.3999938964844,182.82,184.39
2026-03-19,NVDA,178.55999755859375,181.93,184.54
2026-03-20,NVDA,172.6999969482422,180.03,184.56
2026-03-23,NVDA,175.63999938964844,178.96,184.24
2026-03-24,NVDA,175.1999969482422,178.24,183.74
2026-03-25,NVDA,178.67999267578125,177.59,183.41
2026-03-26,NVDA,171.24000549316406,176.06,182.79
2026-03-27,NVDA,167.52000427246094,174.22,182.14
2026-03-30,NVDA,165.1699981689453,172.31,181.55
2026-03-31,NVDA,174.39999389648438,172.55,181.2
2026-04-01,NVDA,175.75,172.57,180.79
2026-04-02,NVDA,177.38999938964844,172.88,180.44
2026-04-06,NVDA,177.63999938964844,172.73,180.03
2026-04-07,NVDA,178.10000610351562,173.71,179.59
2026-04-08,NVDA,182.0800018310547,175.79,179.23
2026-04-09,NVDA,183.91000366210932,178.47,178.84
2026-04-10,NVDA,188.6300048828125,180.5,178.96
2026-04-13,NVDA,189.3099975585937,182.44,179.37
2026-04-14,NVDA,196.509994506836,185.17,179.84
2026-04-15,NVDA,198.8699951171875,188.2,180.46
2026-04-16,NVDA,198.3500061035156,191.09,180.97
2026-04-17,NVDA,201.67999267578125,193.89,181.58
2026-04-20,NVDA,202.0599975585937,196.49,182.39
2026-04-21,NVDA,199.8800048828125,198.09,182.97
2026-04-22,NVDA,202.5,199.98,183.56
2026-04-23,NVDA,199.63999938964844,200.43,184.01
2026-04-24,NVDA,208.2700042724609,201.77,184.85
2026-04-27,NVDA,216.6100006103516,204.38,186.06
2026-04-28,NVDA,213.1699981689453,206.02,187.06
2026-04-29,NVDA,209.25,207.05,187.97
2026-04-30,NVDA,199.57000732421875,207.0,188.61
2026-05-01,NVDA,198.4499969482422,206.42,189.27
2026-05-04,NVDA,198.47999572753903,206.26,190.13
2026-05-05,NVDA,196.5,204.58,190.83
2026-05-06,NVDA,207.8300018310547,203.32,191.91
2026-05-07,NVDA,211.5,203.08,193.01
2026-05-08,NVDA,215.1999969482422,203.93,194.47
2026-05-11,NVDA,219.44000244140625,206.77,196.2
2026-05-12,NVDA,220.77999877929688,209.96,198.06
2026-05-13,NVDA,225.8300018310547,213.87,199.77
2026-05-14,NVDA,235.7400054931641,219.47,201.77
2026-05-15,NVDA,225.32000732421875,221.97,203.37
2026-05-18,NVDA,222.32000732421875,223.52,204.86
2026-05-19,NVDA,220.6100006103516,224.29,206.28
2026-05-20,NVDA,223.47000122070312,224.87,207.66
2026-05-21,NVDA,219.509994506836,224.69,208.84
2026-05-22,NVDA,215.3300018310547,223.19,209.73
2026-05-26,NVDA,214.8600006103516,220.2,210.58
2026-05-27,NVDA,212.6000061035156,218.39,211.12
2026-05-28,NVDA,214.25,217.23,211.63
2026-05-29,NVDA,211.13999938964844,215.88,212.06
2023-05-29,ONGC.NS,159.0,159.0,159.0
2023-05-30,ONGC.NS,158.85000610351562,158.93,158.93
2023-05-31,ONGC.NS,154.89999389648438,157.58,157.58
2023-06-01,ONGC.NS,153.64999389648438,156.6,156.6
2023-06-02,ONGC.NS,154.6999969482422,156.22,156.22
2023-06-05,ONGC.NS,155.39999389648438,156.08,156.08
2023-06-06,ONGC.NS,153.64999389648438,155.74,155.74
2023-06-07,ONGC.NS,153.85000610351562,155.0,155.5
2023-06-08,ONGC.NS,156.10000610351562,154.61,155.57
2023-06-09,ONGC.NS,154.25,154.51,155.43
2023-06-12,ONGC.NS,155.0500030517578,154.71,155.4
2023-06-13,ONGC.NS,155.64999389648438,154.85,155.42
2023-06-14,ONGC.NS,157.85000610351562,155.2,155.61
2023-06-15,ONGC.NS,157.64999389648438,155.77,155.75
2023-06-16,ONGC.NS,157.0,156.22,155.84
2023-06-19,ONGC.NS,157.8000030517578,156.46,155.96
2023-06-20,ONGC.NS,157.25,156.89,156.04
2023-06-21,ONGC.NS,160.1999969482422,157.63,156.27
2023-06-22,ONGC.NS,158.9499969482422,158.1,156.41
2023-06-23,ONGC.NS,156.89999389648438,157.96,156.43
2023-06-26,ONGC.NS,156.89999389648438,157.86,156.45
2023-06-27,ONGC.NS,157.85000610351562,157.98,156.52
2023-06-28,ONGC.NS,158.5500030517578,158.09,156.61
2023-06-30,ONGC.NS,160.3000030517578,158.52,156.76
2023-07-03,ONGC.NS,162.89999389648438,158.91,157.01
2023-07-04,ONGC.NS,161.1999969482422,159.23,157.17
2023-07-05,ONGC.NS,162.8000030517578,160.07,157.38
2023-07-06,ONGC.NS,165.39999389648438,161.29,157.66
2023-07-07,ONGC.NS,163.5,162.09,157.86
2023-07-10,ONGC.NS,162.75,162.69,158.03
2023-07-11,ONGC.NS,164.60000610351562,163.31,158.21
2023-07-12,ONGC.NS,167.64999389648438,163.99,158.51
2023-07-13,ONGC.NS,167.8000030517578,164.93,158.94
2023-07-14,ONGC.NS,169.25,165.85,159.46
2023-07-17,ONGC.NS,166.39999389648438,165.99,159.85
2023-07-18,ONGC.NS,166.89999389648438,166.48,160.23
2023-07-19,ONGC.NS,166.75,167.05,160.67
2023-07-20,ONGC.NS,167.1999969482422,167.42,161.11
2023-07-21,ONGC.NS,170.5500030517578,167.84,161.59
2023-07-24,ONGC.NS,171.0,168.29,162.15
2023-07-25,ONGC.NS,173.0,168.83,162.75
2023-07-26,ONGC.NS,172.9499969482422,169.76,163.33
2023-07-27,ONGC.NS,171.0,170.35,163.76
2023-07-28,ONGC.NS,171.8000030517578,171.07,164.24
2023-07-31,ONGC.NS,177.0500030517578,172.48,164.9
2023-08-01,ONGC.NS,176.6999969482422,173.36,165.53
2023-08-02,ONGC.NS,175.9499969482422,174.06,166.16
2023-08-03,ONGC.NS,172.10000610351562,173.94,166.55
2023-08-04,ONGC.NS,173.35000610351562,173.99,167.03
2023-08-07,ONGC.NS,172.9499969482422,174.27,167.57
2023-08-08,ONGC.NS,173.35000610351562,174.49,168.12
2023-08-09,ONGC.NS,176.89999389648438,174.47,168.75
2023-08-10,ONGC.NS,178.64999389648438,174.75,169.42
2023-08-11,ONGC.NS,177.1999969482422,174.93,169.99
2023-08-14,ONGC.NS,178.0,175.77,170.49
2023-08-16,ONGC.NS,179.0500030517578,176.59,171.08
2023-08-17,ONGC.NS,177.75,177.27,171.58
2023-08-18,ONGC.NS,175.3000030517578,177.55,171.91
2023-08-21,ONGC.NS,176.0500030517578,177.43,172.33
2023-08-22,ONGC.NS,176.14999389648438,177.07,172.78
2023-08-23,ONGC.NS,175.5,176.83,173.14
2023-08-24,ONGC.NS,173.10000610351562,176.13,173.32
2023-08-25,ONGC.NS,174.6999969482422,175.51,173.55
2023-08-28,ONGC.NS,175.1999969482422,175.14,173.75
2023-08-29,ONGC.NS,175.6999969482422,175.2,174.06
2023-08-30,ONGC.NS,175.75,175.16,174.36
2023-08-31,ONGC.NS,174.14999389648438,174.87,174.6
2023-09-01,ONGC.NS,181.75,175.76,175.09
2023-09-04,ONGC.NS,182.9499969482422,177.17,175.5
2023-09-05,ONGC.NS,183.1000061035156,178.37,175.9
2023-09-06,ONGC.NS,183.0500030517578,179.49,176.24
2023-09-07,ONGC.NS,181.75,180.36,176.53
2023-09-08,ONGC.NS,184.4499969482422,181.6,176.98
2023-09-11,ONGC.NS,183.3999938964844,182.92,177.37
2023-09-12,ONGC.NS,180.8999938964844,182.8,177.5
2023-09-13,ONGC.NS,183.8999938964844,182.94,177.74
2023-09-14,ONGC.NS,187.8999938964844,183.62,178.13
2023-09-15,ONGC.NS,186.6499938964844,184.14,178.62
2023-09-18,ONGC.NS,186.75,184.85,179.07
2023-09-20,ONGC.NS,188.1999969482422,185.39,179.57
2023-09-21,ONGC.NS,186.6999969482422,185.86,180.02
2023-09-22,ONGC.NS,185.1000061035156,186.46,180.29
2023-09-25,ONGC.NS,185.5,186.69,180.52
2023-09-26,ONGC.NS,187.75,186.66,180.87
2023-09-27,ONGC.NS,187.25,186.75,181.18
2023-09-28,ONGC.NS,187.4499969482422,186.85,181.46
2023-09-29,ONGC.NS,191.8500061035156,187.37,181.93
2023-10-03,ONGC.NS,184.6000061035156,187.07,182.24
2023-10-04,ONGC.NS,182.75,186.74,182.46
2023-10-05,ONGC.NS,182.1999969482422,186.26,182.67
2023-10-06,ONGC.NS,181.4499969482422,185.36,182.86
2023-10-09,ONGC.NS,181.6999969482422,184.57,183.15
2023-10-10,ONGC.NS,183.5,184.01,183.44
2023-10-11,ONGC.NS,183.25,182.78,183.71
2023-10-12,ONGC.NS,184.4499969482422,182.76,184.0
2023-10-13,ONGC.NS,184.8999938964844,183.06,184.31
2023-10-16,ONGC.NS,186.5500030517578,183.69,184.72
2023-10-17,ONGC.NS,186.25,184.37,184.87
2023-10-18,ONGC.NS,186.9499969482422,185.12,185.01
2023-10-19,ONGC.NS,186.3000030517578,185.52,185.11
2023-10-20,ONGC.NS,186.1999969482422,185.94,185.22
2023-10-23,ONGC.NS,184.8500061035156,186.0,185.32
2023-10-25,ONGC.NS,184.3500061035156,185.92,185.32
2023-10-26,ONGC.NS,180.8999938964844,185.11,185.23
2023-10-27,ONGC.NS,184.75,184.9,185.36
2023-10-30,ONGC.NS,188.8000030517578,185.16,185.53
2023-10-31,ONGC.NS,186.1499938964844,185.14,185.47
2023-11-01,ONGC.NS,186.6999969482422,185.21,185.47
2023-11-02,ONGC.NS,186.1999969482422,185.41,185.45
2023-11-03,ONGC.NS,190.0,186.21,185.51
2023-11-06,ONGC.NS,193.3000030517578,187.99,185.73
2023-11-07,ONGC.NS,193.1999969482422,189.19,186.0
2023-11-08,ONGC.NS,195.3500061035156,190.13,186.33
2023-11-09,ONGC.NS,192.6999969482422,191.06,186.49
2023-11-10,ONGC.NS,195.8999938964844,192.38,186.78
2023-11-13,ONGC.NS,195.8000030517578,193.75,187.06
2023-11-15,ONGC.NS,199.5,195.11,187.32
2023-11-16,ONGC.NS,201.8000030517578,196.32,187.89
2023-11-17,ONGC.NS,196.3500061035156,196.77,188.34
2023-11-20,ONGC.NS,197.8500061035156,197.13,188.86
2023-11-21,ONGC.NS,191.1999969482422,196.91,189.19
2023-11-22,ONGC.NS,191.0,196.21,189.5
2023-11-23,ONGC.NS,190.6499938964844,195.48,189.74
2023-11-24,ONGC.NS,188.8500061035156,193.96,189.93
2023-11-28,ONGC.NS,193.9499969482422,192.84,190.24
2023-11-29,ONGC.NS,192.0,192.21,190.48
2023-11-30,ONGC.NS,194.9499969482422,191.8,190.76
2023-12-01,ONGC.NS,194.5500030517578,192.28,191.04
2023-12-04,ONGC.NS,202.0500030517578,193.86,191.54
2023-12-05,ONGC.NS,202.0500030517578,195.49,192.06
2023-12-06,ONGC.NS,201.9499969482422,197.36,192.59
2023-12-07,ONGC.NS,198.8999938964844,198.06,193.06
2023-12-08,ONGC.NS,195.9499969482422,198.63,193.44
2023-12-11,ONGC.NS,197.8000030517578,199.04,194.01
2023-12-12,ONGC.NS,195.3999938964844,199.16,194.36
2023-12-13,ONGC.NS,193.1499938964844,197.89,194.51
2023-12-14,ONGC.NS,195.9499969482422,197.01,194.83
2023-12-15,ONGC.NS,201.0500030517578,196.89,195.31
2023-12-18,ONGC.NS,199.0,196.9,195.74
2023-12-19,ONGC.NS,200.3000030517578,197.52,196.08
2023-12-20,ONGC.NS,203.1999969482422,198.29,196.41
2023-12-21,ONGC.NS,202.6499938964844,199.33,196.73
2023-12-22,ONGC.NS,203.9499969482422,200.87,197.01
2023-12-26,ONGC.NS,207.3500061035156,202.5,197.5
2023-12-27,ONGC.NS,205.5500030517578,203.14,197.82
2023-12-28,ONGC.NS,208.3000030517578,204.47,198.24
2023-12-29,ONGC.NS,205.0500030517578,205.15,198.43
2024-01-01,ONGC.NS,205.3500061035156,205.46,198.54
2024-01-02,ONGC.NS,207.0500030517578,206.09,198.9
2024-01-03,ONGC.NS,208.25,206.7,199.25
2024-01-04,ONGC.NS,214.6499938964844,207.74,200.03
2024-01-05,ONGC.NS,216.4499969482422,209.3,200.88
2024-01-08,ONGC.NS,217.9499969482422,210.68,201.79
2024-01-09,ONGC.NS,216.6499938964844,212.34,202.71
2024-01-10,ONGC.NS,212.1000061035156,213.3,203.32
2024-01-11,ONGC.NS,211.8500061035156,213.99,203.98
2024-01-12,ONGC.NS,223.3999938964844,216.15,204.93
2024-01-15,ONGC.NS,233.5,218.84,206.23
2024-01-16,ONGC.NS,235.1000061035156,221.51,207.33
2024-01-17,ONGC.NS,232.0500030517578,223.52,208.33
2024-01-18,ONGC.NS,233.5500030517578,225.94,209.38
2024-01-19,ONGC.NS,242.0500030517578,230.21,210.82
2024-01-23,ONGC.NS,229.8999938964844,232.79,211.95
2024-01-24,ONGC.NS,234.3500061035156,234.36,213.17
2024-01-25,ONGC.NS,234.0500030517578,234.44,214.46
2024-01-29,ONGC.NS,252.5,236.92,216.44
2024-01-30,ONGC.NS,249.1999969482422,239.37,218.21
2024-01-31,ONGC.NS,252.25,242.04,219.92
2024-02-01,ONGC.NS,247.6499938964844,242.84,221.54
2024-02-02,ONGC.NS,257.25,246.75,223.44
2024-02-05,ONGC.NS,262.95001220703125,250.84,225.43
2024-02-06,ONGC.NS,272.29998779296875,256.3,227.75
2024-02-07,ONGC.NS,271.8999938964844,259.07,230.02
2024-02-08,ONGC.NS,273.1499938964844,262.49,232.21
2024-02-09,ONGC.NS,267.54998779296875,264.68,234.28
2024-02-12,ONGC.NS,257.8999938964844,266.14,235.93
2024-02-13,ONGC.NS,259.5,266.46,237.74
2024-02-14,ONGC.NS,268.8500061035156,267.31,239.86
2024-02-15,ONGC.NS,277.29998779296875,268.02,242.2
2024-02-16,ONGC.NS,274.70001220703125,268.42,244.42
2024-02-19,ONGC.NS,274.6499938964844,268.64,246.42
2024-02-20,ONGC.NS,276.6000061035156,269.93,248.42
2024-02-21,ONGC.NS,272.95001220703125,272.08,250.26
2024-02-22,ONGC.NS,274.70001220703125,274.25,252.19
2024-02-23,ONGC.NS,272.20001220703125,274.73,254.2
2024-02-26,ONGC.NS,269.8500061035156,273.66,256.13
2024-02-27,ONGC.NS,269.3500061035156,272.9,257.66
2024-02-28,ONGC.NS,265.75,271.63,258.74
2024-02-29,ONGC.NS,264.6000061035156,269.91,259.72
2024-03-01,ONGC.NS,270.54998779296875,269.57,261.0
2024-03-04,ONGC.NS,279.20001220703125,270.21,262.52
2024-03-05,ONGC.NS,283.75,271.86,263.91
2024-03-06,ONGC.NS,280.25,273.35,265.59
2024-03-07,ONGC.NS,278.1000061035156,274.6,267.05
2024-03-11,ONGC.NS,274.0,275.78,268.38
2024-03-12,ONGC.NS,270.3999938964844,276.61,268.98
2024-03-13,ONGC.NS,255.3500061035156,274.44,269.18
2024-03-14,ONGC.NS,263.25,272.16,269.55
2024-03-15,ONGC.NS,258.75,268.59,269.92
2024-03-18,ONGC.NS,261.6000061035156,265.92,270.07
2024-03-19,ONGC.NS,259.25,263.23,269.94
2024-03-20,ONGC.NS,263.8500061035156,261.78,269.66
2024-03-21,ONGC.NS,262.95001220703125,260.71,269.36
2024-03-22,ONGC.NS,263.25,261.84,269.03
2024-03-26,ONGC.NS,265.5,262.16,268.96
2024-03-27,ONGC.NS,261.75,262.59,269.09
2024-03-28,ONGC.NS,268.04998779296875,263.51,269.38
2024-04-01,ONGC.NS,269.8999938964844,265.04,269.41
2024-04-02,ONGC.NS,272.5,266.27,269.25
2024-04-03,ONGC.NS,275.3500061035156,268.04,269.27
2024-04-04,ONGC.NS,269.0,268.86,269.09
2024-04-05,ONGC.NS,267.95001220703125,269.21,268.8
2024-04-08,ONGC.NS,270.3999938964844,270.45,268.71
2024-04-09,ONGC.NS,268.95001220703125,270.58,268.52
2024-04-10,ONGC.NS,272.0,270.88,268.51
2024-04-12,ONGC.NS,265.70001220703125,269.91,268.38
2024-04-15,ONGC.NS,279.8500061035156,270.55,268.73
2024-04-16,ONGC.NS,283.1499938964844,272.57,269.31
2024-04-18,ONGC.NS,274.1499938964844,273.46,269.62
2024-04-19,ONGC.NS,275.25,274.15,269.78
2024-04-22,ONGC.NS,276.79998779296875,275.27,269.7
2024-04-23,ONGC.NS,276.79998779296875,275.96,269.47
2024-04-24,ONGC.NS,279.3500061035156,277.91,269.44
2024-04-25,ONGC.NS,281.95001220703125,278.21,269.57
2024-04-26,ONGC.NS,282.8999938964844,278.17,269.86
2024-04-29,ONGC.NS,283.20001220703125,279.46,270.29
2024-04-30,ONGC.NS,282.8500061035156,280.55,271.21
2024-05-02,ONGC.NS,282.79998779296875,281.41,271.86
2024-05-03,ONGC.NS,286.1000061035156,282.74,272.77
2024-05-06,ONGC.NS,282.1499938964844,283.14,273.46
2024-05-07,ONGC.NS,273.6000061035156,281.94,273.93
2024-05-08,ONGC.NS,276.8500061035156,281.08,274.37
2024-05-09,ONGC.NS,265.25,278.51,274.44
2024-05-10,ONGC.NS,270.25,276.71,274.68
2024-05-13,ONGC.NS,266.8999938964844,274.44,274.72
2024-05-14,ONGC.NS,272.8999938964844,272.56,275.1
2024-05-15,ONGC.NS,273.45001220703125,271.31,275.28
2024-05-16,ONGC.NS,277.6499938964844,271.89,275.53
2024-05-17,ONGC.NS,277.45001220703125,271.98,275.7
2024-05-21,ONGC.NS,280.1000061035156,274.1,275.86
2024-05-22,ONGC.NS,278.0,275.21,276.16
2024-05-23,ONGC.NS,283.45001220703125,277.57,276.67
2024-05-24,ONGC.NS,283.25,279.05,277.1
2024-05-27,ONGC.NS,277.6499938964844,279.65,277.39
2024-05-28,ONGC.NS,274.29998779296875,279.17,277.47
2024-05-29,ONGC.NS,271.8500061035156,278.37,277.67
2024-05-30,ONGC.NS,266.70001220703125,276.46,277.24
2024-05-31,ONGC.NS,264.3500061035156,274.51,276.61
2024-06-03,ONGC.NS,284.1000061035156,274.6,276.94
2024-06-04,ONGC.NS,236.3000030517578,267.89,275.64
2024-06-05,ONGC.NS,247.5,263.59,274.67
2024-06-06,ONGC.NS,252.3000030517578,260.44,273.85
2024-06-07,ONGC.NS,260.3999938964844,258.81,273.22
2024-06-10,ONGC.NS,259.1499938964844,257.73,272.46
2024-06-11,ONGC.NS,273.54998779296875,259.04,272.15
2024-06-12,ONGC.NS,275.5,257.81,271.89
2024-06-13,ONGC.NS,276.54998779296875,263.56,271.68
2024-06-14,ONGC.NS,275.3999938964844,267.55,271.43
2024-06-18,ONGC.NS,275.79998779296875,270.91,271.09
2024-06-19,ONGC.NS,271.54998779296875,272.5,270.73
2024-06-20,ONGC.NS,271.8500061035156,274.31,270.68
2024-06-21,ONGC.NS,269.6499938964844,273.76,270.44
2024-06-24,ONGC.NS,269.8999938964844,272.96,270.59
2024-06-25,ONGC.NS,267.0,271.59,270.48
2024-06-26,ONGC.NS,267.75,270.5,270.51
2024-06-27,ONGC.NS,267.5,269.31,270.33
2024-06-28,ONGC.NS,274.20001220703125,269.69,270.36
2024-07-01,ONGC.NS,272.95001220703125,269.85,270.2
2024-07-02,ONGC.NS,274.8500061035156,270.59,270.11
2024-07-03,ONGC.NS,274.70001220703125,271.28,269.93
2024-07-04,ONGC.NS,277.04998779296875,272.71,269.9
2024-07-05,ONGC.NS,288.20001220703125,275.64,270.06
2024-07-08,ONGC.NS,299.1499938964844,280.16,270.59
2024-07-09,ONGC.NS,297.45001220703125,283.48,271.25
2024-07-10,ONGC.NS,298.1499938964844,287.08,272.05
2024-07-11,ONGC.NS,304.75,291.35,273.14
2024-07-12,ONGC.NS,307.1000061035156,295.98,274.49
2024-07-15,ONGC.NS,322.5,302.47,276.43
2024-07-16,ONGC.NS,322.6499938964844,307.39,277.71
2024-07-18,ONGC.NS,331.70001220703125,312.04,280.89
2024-07-19,ONGC.NS,319.6499938964844,315.21,283.3
2024-07-22,ONGC.NS,320.79998779296875,318.45,285.58
2024-07-23,ONGC.NS,314.1499938964844,319.79,287.37
2024-07-24,ONGC.NS,319.54998779296875,321.57,289.38
2024-07-25,ONGC.NS,335.79998779296875,323.47,291.46
2024-07-26,ONGC.NS,331.6000061035156,324.75,293.33
2024-07-29,ONGC.NS,332.8999938964844,324.92,295.21
2024-07-30,ONGC.NS,331.8999938964844,326.67,297.09
2024-07-31,ONGC.NS,334.20001220703125,328.59,299.04
2024-08-01,ONGC.NS,341.75,332.53,301.38
2024-08-02,ONGC.NS,330.1000061035156,334.04,303.32
2024-08-05,ONGC.NS,310.25,330.39,304.67
2024-08-06,ONGC.NS,306.1000061035156,326.74,305.88
2024-08-07,ONGC.NS,329.1000061035156,326.2,307.95
2024-08-08,ONGC.NS,322.70001220703125,324.89,309.78
2024-08-09,ONGC.NS,332.54998779296875,324.65,311.95
2024-08-12,ONGC.NS,341.29998779296875,324.59,314.19
2024-08-13,ONGC.NS,335.8999938964844,325.41,316.28
2024-08-14,ONGC.NS,328.1499938964844,327.97,318.06
2024-08-16,ONGC.NS,329.6000061035156,331.33,319.89
2024-08-19,ONGC.NS,335.29998779296875,332.21,321.83
2024-08-20,ONGC.NS,330.1000061035156,333.27,323.23
2024-08-21,ONGC.NS,327.70001220703125,332.58,324.18
2024-08-22,ONGC.NS,324.3500061035156,330.16,325.08
2024-08-23,ONGC.NS,318.8999938964844,327.73,325.77
2024-08-26,ONGC.NS,327.8500061035156,327.69,326.54
2024-08-27,ONGC.NS,328.8500061035156,327.58,327.26
2024-08-28,ONGC.NS,327.79998779296875,326.51,327.44
2024-08-29,ONGC.NS,329.6000061035156,326.44,327.67
2024-08-30,ONGC.NS,330.75,326.87,327.64
2024-09-02,ONGC.NS,326.20001220703125,327.14,327.86
2024-09-03,ONGC.NS,322.20001220703125,327.61,327.91
2024-09-04,ONGC.NS,314.3999938964844,325.69,327.92
2024-09-05,ONGC.NS,311.3999938964844,323.19,327.64
2024-09-06,ONGC.NS,308.79998779296875,320.48,326.74
2024-09-09,ONGC.NS,298.8999938964844,316.09,325.65
2024-09-10,ONGC.NS,295.6000061035156,311.07,324.41
2024-09-11,ONGC.NS,285.29998779296875,305.23,322.86
2024-09-12,ONGC.NS,294.04998779296875,301.21,321.52
2024-09-13,ONGC.NS,291.45001220703125,297.93,319.84
2024-09-16,ONGC.NS,292.5,295.23,318.59
2024-09-17,ONGC.NS,294.6499938964844,293.21,318.07
2024-09-18,ONGC.NS,290.3999938964844,291.99,317.54
2024-09-19,ONGC.NS,285.25,290.51,316.08
2024-09-20,ONGC.NS,286.25,290.65,314.87
2024-09-23,ONGC.NS,295.45001220703125,290.85,313.63
2024-09-24,ONGC.NS,299.45001220703125,291.99,312.24
2024-09-25,ONGC.NS,298.70001220703125,292.88,311.0
2024-09-26,ONGC.NS,295.20001220703125,292.96,309.9
2024-09-27,ONGC.NS,297.20001220703125,293.93,308.82
2024-09-30,ONGC.NS,297.6000061035156,295.69,307.56
2024-10-01,ONGC.NS,291.95001220703125,296.51,306.29
2024-10-03,ONGC.NS,292.04998779296875,296.02,305.1
2024-10-04,ONGC.NS,295.25,295.42,304.13
2024-10-07,ONGC.NS,289.45001220703125,294.1,303.15
2024-10-08,ONGC.NS,293.45001220703125,293.85,302.0
2024-10-09,ONGC.NS,288.5,292.61,300.66
2024-10-10,ONGC.NS,288.75,291.34,299.36
2024-10-11,ONGC.NS,292.54998779296875,291.43,298.12
2024-10-14,ONGC.NS,286.5,290.64,296.65
2024-10-15,ONGC.NS,283.70001220703125,288.99,295.23
2024-10-16,ONGC.NS,285.3999938964844,288.41,294.0
2024-10-17,ONGC.NS,281.6000061035156,286.71,292.91
2024-10-18,ONGC.NS,283.29998779296875,285.97,291.97
2024-10-21,ONGC.NS,276.6000061035156,284.24,290.9
2024-10-22,ONGC.NS,270.79998779296875,281.13,289.96
2024-10-23,ONGC.NS,270.8500061035156,278.89,289.14
2024-10-24,ONGC.NS,269.1000061035156,276.81,288.6
2024-10-25,ONGC.NS,264.04998779296875,273.76,287.6
2024-10-28,ONGC.NS,263.3500061035156,271.15,286.66
2024-10-29,ONGC.NS,265.0,268.54,285.75
2024-10-30,ONGC.NS,261.6499938964844,266.4,284.65
2024-10-31,ONGC.NS,266.1499938964844,265.74,283.84
2024-11-01,ONGC.NS,271.75,265.86,283.39
2024-11-04,ONGC.NS,265.29998779296875,265.32,282.69
2024-11-05,ONGC.NS,267.3999938964844,265.8,281.75
2024-11-06,ONGC.NS,269.04998779296875,266.61,280.74
2024-11-07,ONGC.NS,265.20001220703125,266.64,279.62
2024-11-08,ONGC.NS,262.54998779296875,266.77,278.53
2024-11-11,ONGC.NS,256.8999938964844,265.45,277.19
2024-11-12,ONGC.NS,256.1499938964844,263.22,275.81
2024-11-13,ONGC.NS,252.5500030517578,261.4,274.5
2024-11-14,ONGC.NS,250.8000030517578,259.03,273.12
2024-11-18,ONGC.NS,250.6499938964844,256.4,271.63
2024-11-19,ONGC.NS,248.0,253.94,270.25
2024-11-21,ONGC.NS,242.1499938964844,251.03,268.54
2024-11-22,ONGC.NS,245.6000061035156,249.41,267.11
2024-11-25,ONGC.NS,257.8999938964844,249.66,266.08
2024-11-26,ONGC.NS,254.25,249.91,264.81
2024-11-27,ONGC.NS,254.3000030517578,250.41,263.73
2024-11-28,ONGC.NS,252.1999969482422,250.63,262.68
2024-11-29,ONGC.NS,256.70001220703125,251.87,261.73
2024-12-02,ONGC.NS,257.54998779296875,254.07,260.93
2024-12-03,ONGC.NS,262.3500061035156,256.46,260.23
2024-12-04,ONGC.NS,260.70001220703125,256.86,259.7
2024-12-05,ONGC.NS,261.29998779296875,257.87,259.38
2024-12-06,ONGC.NS,260.04998779296875,258.69,259.02
2024-12-09,ONGC.NS,258.8999938964844,259.65,258.68
2024-12-10,ONGC.NS,256.8999938964844,259.68,258.44
2024-12-11,ONGC.NS,256.6000061035156,259.54,258.22
2024-12-12,ONGC.NS,254.0500030517578,258.36,257.85
2024-12-13,ONGC.NS,254.25,257.44,257.61
2024-12-16,ONGC.NS,251.8000030517578,256.08,257.13
2024-12-17,ONGC.NS,247.3999938964844,254.27,256.32
2024-12-18,ONGC.NS,244.1499938964844,252.16,255.61
2024-12-19,ONGC.NS,241.8500061035156,250.01,254.76
2024-12-20,ONGC.NS,237.1000061035156,247.23,253.69
2024-12-23,ONGC.NS,240.8500061035156,245.34,252.88
2024-12-24,ONGC.NS,238.9499969482422,243.16,252.1
2024-12-26,ONGC.NS,240.25,241.51,251.54
2024-12-27,ONGC.NS,236.8999938964844,240.01,250.9
2024-12-30,ONGC.NS,232.6499938964844,238.36,250.24
2024-12-31,ONGC.NS,239.25,237.99,249.85
2025-01-01,ONGC.NS,236.9499969482422,237.97,249.39
2025-01-02,ONGC.NS,246.07000732421875,238.72,249.33
2025-01-03,ONGC.NS,258.8900146484375,241.57,249.89
2025-01-06,ONGC.NS,254.3600006103516,243.58,250.18
2025-01-07,ONGC.NS,263.489990234375,247.38,250.37
2025-01-08,ONGC.NS,271.3299865722656,252.91,250.94
2025-01-09,ONGC.NS,263.17999267578125,256.32,251.23
2025-01-10,ONGC.NS,263.0199890136719,260.05,251.59
2025-01-13,ONGC.NS,255.72999572753903,261.43,251.56
2025-01-14,ONGC.NS,260.3699951171875,261.64,251.65
2025-01-15,ONGC.NS,258.17999267578125,262.19,251.52
2025-01-16,ONGC.NS,263.17999267578125,262.14,251.6
2025-01-17,ONGC.NS,266.57000732421875,261.46,251.77
2025-01-20,ONGC.NS,269.3599853515625,262.34,252.08
2025-01-21,ONGC.NS,265.79998779296875,262.74,252.31
2025-01-22,ONGC.NS,264.04998779296875,263.93,252.55
2025-01-23,ONGC.NS,263.04998779296875,264.31,252.77
2025-01-24,ONGC.NS,256.510009765625,264.07,252.85
2025-01-27,ONGC.NS,250.77999877929688,262.3,252.73
2025-01-28,ONGC.NS,248.67999267578125,259.75,252.63
2025-01-29,ONGC.NS,251.3999938964844,257.18,252.76
2025-01-30,ONGC.NS,256.7200012207031,255.88,253.18
2025-01-31,ONGC.NS,262.6099853515625,255.68,253.87
2025-02-01,ONGC.NS,257.54998779296875,254.89,254.56
2025-02-03,ONGC.NS,249.0,253.82,254.83
2025-02-04,ONGC.NS,254.1000061035156,254.29,255.33
2025-02-05,ONGC.NS,261.6499938964844,256.15,256.05
2025-02-06,ONGC.NS,256.1499938964844,256.83,256.69
2025-02-07,ONGC.NS,248.8999938964844,255.71,257.23
2025-02-10,ONGC.NS,242.4499969482422,252.83,257.34
2025-02-11,ONGC.NS,238.9499969482422,250.17,257.4
2025-02-12,ONGC.NS,237.3999938964844,248.51,257.11
2025-02-13,ONGC.NS,234.9499969482422,245.78,256.32
2025-02-14,ONGC.NS,230.5,241.33,255.52
2025-02-17,ONGC.NS,233.6499938964844,238.11,254.53
2025-02-18,ONGC.NS,236.6000061035156,236.36,253.37
2025-02-19,ONGC.NS,238.3000030517578,235.76,252.54
2025-02-20,ONGC.NS,241.8999938964844,236.19,251.83
2025-02-21,ONGC.NS,239.8999938964844,236.54,251.31
2025-02-24,ONGC.NS,234.3500061035156,236.46,250.44
2025-02-25,ONGC.NS,233.0,236.81,249.6
2025-02-27,ONGC.NS,231.0,236.44,248.53
2025-02-28,ONGC.NS,225.25,234.81,247.15
2025-03-03,ONGC.NS,225.1300048828125,232.93,245.68
2025-03-04,ONGC.NS,226.759994506836,230.77,244.37
2025-03-05,ONGC.NS,228.94000244140625,229.2,243.2
2025-03-06,ONGC.NS,232.6000061035156,228.95,242.19
2025-03-07,ONGC.NS,232.88999938964844,228.94,241.4
2025-03-10,ONGC.NS,223.19000244140625,227.82,240.48
2025-03-11,ONGC.NS,226.72000122070312,228.03,239.75
2025-03-12,ONGC.NS,224.3999938964844,227.93,238.85
2025-03-13,ONGC.NS,225.42999267578125,227.74,237.81
2025-03-17,ONGC.NS,229.7400054931641,227.85,236.71
2025-03-18,ONGC.NS,229.7400054931641,227.44,235.78
2025-03-19,ONGC.NS,232.57000732421875,227.4,235.24
2025-03-20,ONGC.NS,235.58999633789065,229.17,234.62
2025-03-21,ONGC.NS,242.4199981689453,231.41,233.98
2025-03-24,ONGC.NS,243.8300018310547,234.19,233.57
2025-03-25,ONGC.NS,242.25,236.59,233.35
2025-03-26,ONGC.NS,239.72000122070312,238.02,233.26
2025-03-27,ONGC.NS,242.1699981689453,239.79,233.36
2025-03-28,ONGC.NS,246.3800048828125,241.77,233.66
2025-04-01,ONGC.NS,248.07000732421875,243.55,234.1
2025-04-02,ONGC.NS,250.63999938964844,244.72,234.77
2025-04-03,ONGC.NS,243.3099975585937,244.65,235.09
2025-04-04,ONGC.NS,226.009994506836,242.33,234.74
2025-04-07,ONGC.NS,219.83999633789065,239.49,234.12
2025-04-08,ONGC.NS,226.66000366210932,237.27,233.62
2025-04-09,ONGC.NS,221.94000244140625,233.78,233.02
2025-04-11,ONGC.NS,230.3699951171875,231.25,232.89
2025-04-15,ONGC.NS,232.69000244140625,228.69,232.88
2025-04-16,ONGC.NS,241.22000122070312,228.39,233.22
2025-04-17,ONGC.NS,243.4900054931641,230.89,233.82
2025-04-21,ONGC.NS,249.77999877929688,235.16,234.65
2025-04-22,ONGC.NS,247.77999877929688,238.18,235.35
2025-04-23,ONGC.NS,252.1699981689453,242.5,236.12
2025-04-24,ONGC.NS,249.3699951171875,245.21,236.68
2025-04-25,ONGC.NS,246.3300018310547,247.16,237.13
2025-04-28,ONGC.NS,250.6000061035156,248.5,238.04
2025-04-29,ONGC.NS,245.67999267578125,248.82,238.67
2025-04-30,ONGC.NS,244.4499969482422,248.05,239.34
2025-05-02,ONGC.NS,242.7400054931641,247.33,239.92
2025-05-05,ONGC.NS,239.1999969482422,245.48,240.23
2025-05-06,ONGC.NS,237.0,243.71,240.48
2025-05-07,ONGC.NS,238.6699981689453,242.62,240.68
2025-05-08,ONGC.NS,233.22000122070312,240.14,240.6
2025-05-09,ONGC.NS,234.9600067138672,238.61,240.35
2025-05-12,ONGC.NS,244.0200042724609,238.54,240.36
2025-05-13,ONGC.NS,241.16000366210932,238.32,240.32
2025-05-14,ONGC.NS,246.009994506836,239.29,240.53
2025-05-15,ONGC.NS,247.6100006103516,240.81,240.71
2025-05-16,ONGC.NS,247.2700042724609,242.04,240.74
2025-05-19,ONGC.NS,246.5800018310547,243.94,240.69
2025-05-20,ONGC.NS,249.259994506836,245.99,240.65
2025-05-21,ONGC.NS,248.67999267578125,246.65,240.83
2025-05-22,ONGC.NS,241.6699981689453,246.73,241.35
2025-05-23,ONGC.NS,244.2400054931641,246.47,242.16
2025-05-26,ONGC.NS,245.94000244140625,246.23,242.8
2025-05-27,ONGC.NS,244.5399932861328,245.84,243.56
2025-05-28,ONGC.NS,242.6699981689453,245.29,243.97
2025-05-29,ONGC.NS,243.0399932861328,244.4,244.31
2025-05-30,ONGC.NS,239.3999938964844,243.07,244.25
2025-06-02,ONGC.NS,238.3099975585937,242.59,244.08
2025-06-03,ONGC.NS,237.2700042724609,241.6,243.66
2025-06-04,ONGC.NS,238.0500030517578,240.47,243.34
2025-06-05,ONGC.NS,237.7700042724609,239.5,242.86
2025-06-06,ONGC.NS,240.0599975585937,239.13,242.55
2025-06-09,ONGC.NS,242.8000030517578,239.09,242.43
2025-06-10,ONGC.NS,244.67999267578125,239.85,242.23
2025-06-11,ONGC.NS,247.32000732421875,241.14,242.29
2025-06-12,ONGC.NS,247.8800048828125,242.65,242.4
2025-06-13,ONGC.NS,251.509994506836,244.57,242.69
2025-06-16,ONGC.NS,256.7900085449219,247.29,243.28
2025-06-17,ONGC.NS,252.3099975585937,249.04,243.79
2025-06-18,ONGC.NS,250.3600006103516,250.12,244.18
2025-06-19,ONGC.NS,251.5599975585937,251.1,244.79
2025-06-20,ONGC.NS,251.88999938964844,251.76,245.35
2025-06-23,ONGC.NS,251.3800048828125,252.26,245.6
2025-06-24,ONGC.NS,243.9199981689453,251.17,245.69
2025-06-25,ONGC.NS,241.91000366210932,249.05,245.56
2025-06-26,ONGC.NS,244.72999572753903,247.96,245.46
2025-06-27,ONGC.NS,242.8300018310547,246.89,245.31
2025-06-30,ONGC.NS,244.2100067138672,245.84,245.23
2025-07-01,ONGC.NS,243.3699951171875,244.62,245.04
2025-07-02,ONGC.NS,241.07000732421875,243.15,244.78
2025-07-03,ONGC.NS,244.0500030517578,243.17,244.86
2025-07-04,ONGC.NS,245.2400054931641,243.64,244.9
2025-07-07,ONGC.NS,241.5200042724609,243.18,244.75
2025-07-08,ONGC.NS,243.2400054931641,243.24,244.7
2025-07-09,ONGC.NS,243.3500061035156,243.12,244.73
2025-07-10,ONGC.NS,243.08999633789065,243.08,244.73
2025-07-11,ONGC.NS,241.759994506836,243.18,244.81
2025-07-14,ONGC.NS,244.22000122070312,243.2,245.0
2025-07-15,ONGC.NS,243.6699981689453,242.98,245.22
2025-07-16,ONGC.NS,242.8500061035156,243.17,245.38
2025-07-17,ONGC.NS,243.8699951171875,243.26,245.58
2025-07-18,ONGC.NS,246.3099975585937,243.68,245.79
2025-07-21,ONGC.NS,245.0399932861328,243.96,245.86
2025-07-22,ONGC.NS,246.41000366210932,244.62,245.92
2025-07-23,ONGC.NS,245.5500030517578,244.81,245.86
2025-07-24,ONGC.NS,244.8300018310547,244.98,245.76
2025-07-25,ONGC.NS,240.2899932861328,244.61,245.39
2025-07-28,ONGC.NS,240.0200042724609,244.06,244.83
2025-07-29,ONGC.NS,241.44000244140625,243.37,244.47
2025-07-30,ONGC.NS,241.8099975585937,242.91,244.18
2025-07-31,ONGC.NS,241.0,242.13,243.83
2025-08-01,ONGC.NS,236.7899932861328,240.88,243.33
2025-08-04,ONGC.NS,234.8300018310547,239.45,242.77
2025-08-05,ONGC.NS,234.47999572753903,238.62,242.46
2025-08-06,ONGC.NS,233.7700042724609,237.73,242.19
2025-08-07,ONGC.NS,233.92999267578125,236.66,241.83
2025-08-08,ONGC.NS,233.44000244140625,235.46,241.52
2025-08-11,ONGC.NS,233.7899932861328,234.43,241.17
2025-08-12,ONGC.NS,235.5200042724609,234.25,240.91
2025-08-13,ONGC.NS,238.6699981689453,234.8,240.83
2025-08-14,ONGC.NS,236.94000244140625,235.15,240.59
2025-08-18,ONGC.NS,238.16000366210932,235.78,240.35
2025-08-19,ONGC.NS,237.94000244140625,236.35,240.23
2025-08-20,ONGC.NS,237.92999267578125,236.99,240.06
2025-08-21,ONGC.NS,238.2899932861328,237.64,239.89
2025-08-22,ONGC.NS,236.2899932861328,237.75,239.66
2025-08-25,ONGC.NS,236.759994506836,237.47,239.49
2025-08-26,ONGC.NS,234.19000244140625,237.08,239.16
2025-08-28,ONGC.NS,233.38999938964844,236.4,238.82
2025-08-29,ONGC.NS,233.7100067138672,235.79,238.51
2025-09-01,ONGC.NS,238.72000122070312,235.91,238.34
2025-09-02,ONGC.NS,239.4900054931641,236.08,238.11
2025-09-03,ONGC.NS,239.07000732421875,236.48,237.91
2025-09-04,ONGC.NS,235.72000122070312,236.33,237.56
2025-09-05,ONGC.NS,234.1300048828125,236.32,237.18
2025-09-08,ONGC.NS,232.52999877929688,236.2,236.77
2025-09-09,ONGC.NS,231.3300018310547,235.86,236.47
2025-09-10,ONGC.NS,231.7400054931641,234.86,236.19
2025-09-11,ONGC.NS,233.759994506836,234.04,235.94
2025-09-12,ONGC.NS,233.25,233.21,235.65
2025-09-15,ONGC.NS,232.259994506836,232.71,235.36
2025-09-16,ONGC.NS,235.08999633789065,232.85,235.3
2025-09-17,ONGC.NS,236.8800048828125,233.47,235.37
2025-09-18,ONGC.NS,235.58999633789065,234.08,235.41
2025-09-19,ONGC.NS,236.69000244140625,234.79,235.51
2025-09-22,ONGC.NS,237.47000122070312,235.32,235.62
2025-09-23,ONGC.NS,236.66000366210932,235.81,235.73
2025-09-24,ONGC.NS,238.5200042724609,236.7,235.89
2025-09-25,ONGC.NS,239.6699981689453,237.35,236.03
2025-09-26,ONGC.NS,238.0200042724609,237.52,236.01
2025-09-29,ONGC.NS,239.97999572753903,238.14,236.11
2025-09-30,ONGC.NS,239.5,238.55,236.15
2025-10-01,ONGC.NS,243.0399932861328,239.34,236.32
2025-10-03,ONGC.NS,243.66000366210932,240.34,236.51
2025-10-06,ONGC.NS,245.8600006103516,241.39,236.77
2025-10-07,ONGC.NS,245.32000732421875,242.2,237.07
2025-10-08,ONGC.NS,241.8099975585937,242.74,237.24
2025-10-09,ONGC.NS,243.38999938964844,243.23,237.54
2025-10-10,ONGC.NS,246.33999633789065,244.2,237.97
2025-10-13,ONGC.NS,244.08999633789065,244.35,238.32
2025-10-14,ONGC.NS,244.69000244140625,244.5,238.52
2025-10-15,ONGC.NS,247.72000122070312,244.77,238.79
2025-10-16,ONGC.NS,248.3500061035156,245.2,239.1
2025-10-17,ONGC.NS,247.69000244140625,246.04,239.5
2025-10-20,ONGC.NS,248.7400054931641,246.8,239.99
2025-10-21,ONGC.NS,248.1199951171875,247.06,240.51
2025-10-23,ONGC.NS,252.3099975585937,248.23,241.21
2025-10-24,ONGC.NS,254.9600067138672,249.7,241.98
2025-10-27,ONGC.NS,253.2700042724609,250.49,242.63
2025-10-28,ONGC.NS,250.5399932861328,250.8,243.21
2025-10-29,ONGC.NS,255.63999938964844,251.94,243.99
2025-10-30,ONGC.NS,254.52999877929688,252.77,244.64
2025-10-31,ONGC.NS,255.3699951171875,253.8,245.25
2025-11-03,ONGC.NS,257.54998779296875,254.55,245.98
2025-11-04,ONGC.NS,252.3500061035156,254.18,246.51
2025-11-06,ONGC.NS,251.5,253.93,246.97
2025-11-07,ONGC.NS,252.1999969482422,254.16,247.49
2025-11-10,ONGC.NS,251.3999938964844,253.56,247.92
2025-11-11,ONGC.NS,249.4499969482422,252.83,248.25
2025-11-12,ONGC.NS,253.8500061035156,252.61,248.77
2025-11-13,ONGC.NS,250.8500061035156,251.66,249.14
2025-11-14,ONGC.NS,247.6000061035156,250.98,249.41
2025-11-17,ONGC.NS,248.0500030517578,250.49,249.57
2025-11-18,ONGC.NS,246.9499969482422,249.74,249.68
2025-11-19,ONGC.NS,249.0,249.39,249.79
2025-11-20,ONGC.NS,248.0500030517578,249.19,249.88
2025-11-21,ONGC.NS,246.9499969482422,248.21,250.05
2025-11-24,ONGC.NS,245.75,247.48,250.13
2025-11-25,ONGC.NS,245.3500061035156,247.16,250.1
2025-11-26,ONGC.NS,247.6999969482422,247.11,250.22
2025-11-27,ONGC.NS,244.0,246.69,250.19
2025-11-28,ONGC.NS,243.25,245.86,250.04
2025-12-01,ONGC.NS,244.8300018310547,245.4,249.93
2025-12-02,ONGC.NS,243.5399932861328,244.92,249.79
2025-12-03,ONGC.NS,240.0200042724609,244.1,249.5
2025-12-04,ONGC.NS,242.22999572753903,243.65,249.3
2025-12-05,ONGC.NS,241.22999572753903,242.73,248.93
2025-12-08,ONGC.NS,238.5200042724609,241.95,248.38
2025-12-09,ONGC.NS,239.83999633789065,241.46,247.94
2025-12-10,ONGC.NS,239.2899932861328,240.67,247.56
2025-12-11,ONGC.NS,238.41000366210932,239.93,246.99
2025-12-12,ONGC.NS,238.0200042724609,239.65,246.44
2025-12-15,ONGC.NS,235.3500061035156,238.67,245.77
2025-12-16,ONGC.NS,232.2100067138672,237.38,244.92
2025-12-17,ONGC.NS,232.91000366210932,236.58,244.28
2025-12-18,ONGC.NS,232.0,235.46,243.63
2025-12-19,ONGC.NS,232.88999938964844,234.54,242.98
2025-12-22,ONGC.NS,234.17999267578125,233.94,242.41
2025-12-23,ONGC.NS,235.4900054931641,233.58,241.94
2025-12-24,ONGC.NS,233.7700042724609,233.35,241.27
2025-12-26,ONGC.NS,234.52999877929688,233.68,240.73
2025-12-29,ONGC.NS,234.82000732421875,233.95,240.3
2025-12-30,ONGC.NS,234.67999267578125,234.34,239.86
2025-12-31,ONGC.NS,240.3800048828125,235.41,239.64
2026-01-01,ONGC.NS,237.94000244140625,235.94,239.27
2026-01-02,ONGC.NS,241.4600067138672,236.8,239.05
2026-01-05,ONGC.NS,238.08999633789065,237.41,238.76
2026-01-06,ONGC.NS,241.88999938964844,238.47,238.63
2026-01-07,ONGC.NS,239.0599975585937,239.07,238.42
2026-01-08,ONGC.NS,231.4199981689453,238.61,237.88
2026-01-09,ONGC.NS,234.08999633789065,237.71,237.54
2026-01-12,ONGC.NS,235.7100067138672,237.39,237.29
2026-01-13,ONGC.NS,243.77999877929688,237.72,237.26
2026-01-14,ONGC.NS,248.22999572753903,239.17,237.41
2026-01-15,ONGC.NS,248.22999572753903,240.07,237.69
2026-01-16,ONGC.NS,247.1699981689453,241.23,237.85
2026-01-19,ONGC.NS,243.1100006103516,242.9,237.92
2026-01-20,ONGC.NS,240.38999938964844,243.8,237.98
2026-01-21,ONGC.NS,242.3699951171875,244.75,238.06
2026-01-22,ONGC.NS,244.009994506836,244.79,238.22
2026-01-23,ONGC.NS,245.47000122070312,244.39,238.46
2026-01-27,ONGC.NS,247.9499969482422,244.35,238.79
2026-01-28,ONGC.NS,268.5799865722656,247.41,239.89
2026-01-29,ONGC.NS,275.3900146484375,252.02,241.33
2026-01-30,ONGC.NS,268.9599914550781,256.1,242.53
2026-02-02,ONGC.NS,253.9499969482422,257.76,243.27
2026-02-03,ONGC.NS,257.0,259.61,244.07
2026-02-04,ONGC.NS,266.95001220703125,262.68,245.16
2026-02-05,ONGC.NS,269.20001220703125,265.72,246.29
2026-02-06,ONGC.NS,268.95001220703125,265.77,247.46
2026-02-09,ONGC.NS,266.6000061035156,264.52,248.53
2026-02-10,ONGC.NS,272.1499938964844,264.97,249.77
2026-02-11,ONGC.NS,274.6000061035156,267.92,251.1
2026-02-12,ONGC.NS,276.3500061035156,270.69,252.3
2026-02-13,ONGC.NS,267.3999938964844,270.75,253.28
2026-02-16,ONGC.NS,271.54998779296875,271.09,254.29
2026-02-17,ONGC.NS,271.8500061035156,271.5,255.41
2026-02-18,ONGC.NS,264.6000061035156,271.21,256.17
2026-02-19,ONGC.NS,274.6499938964844,271.57,257.36
2026-02-20,ONGC.NS,278.6499938964844,272.15,258.93
2026-02-23,ONGC.NS,275.6499938964844,272.05,260.31
2026-02-24,ONGC.NS,276.5,273.35,261.67
2026-02-25,ONGC.NS,277.45001220703125,274.19,262.8
2026-02-26,ONGC.NS,280.1000061035156,275.37,263.86
2026-02-27,ONGC.NS,279.70001220703125,277.53,264.91
2026-03-02,ONGC.NS,282.20001220703125,278.61,266.08
2026-03-04,ONGC.NS,276.95001220703125,278.36,267.2
2026-03-05,ONGC.NS,276.3500061035156,278.46,268.4
2026-03-06,ONGC.NS,278.95001220703125,278.81,269.62
2026-03-09,ONGC.NS,270.79998779296875,277.86,270.52
2026-03-10,ONGC.NS,269.20001220703125,276.31,271.31
2026-03-11,ONGC.NS,270.75,275.03,272.07
2026-03-12,ONGC.NS,270.54998779296875,273.36,272.13
2026-03-13,ONGC.NS,264.1000061035156,271.53,271.76
2026-03-16,ONGC.NS,260.45001220703125,269.26,271.47
2026-03-17,ONGC.NS,264.75,267.23,271.83
2026-03-18,ONGC.NS,265.0,266.4,272.1
2026-03-19,ONGC.NS,269.1000061035156,266.39,272.17
2026-03-20,ONGC.NS,265.3999938964844,265.62,272.04
2026-03-23,ONGC.NS,265.45001220703125,264.89,271.93
2026-03-24,ONGC.NS,268.04998779296875,265.46,271.98
2026-03-25,ONGC.NS,270.20001220703125,266.85,271.91
2026-03-27,ONGC.NS,281.95001220703125,269.31,272.16
2026-03-30,ONGC.NS,284.6499938964844,272.11,272.43
2026-04-01,ONGC.NS,288.04998779296875,274.82,273.12
2026-04-02,ONGC.NS,287.20001220703125,277.94,273.64
2026-04-06,ONGC.NS,281.8500061035156,280.28,273.98
2026-04-07,ONGC.NS,286.6499938964844,282.94,274.71
2026-04-08,ONGC.NS,285.5,285.12,275.07
2026-04-09,ONGC.NS,288.6000061035156,286.07,275.4
2026-04-10,ONGC.NS,286.5,286.34,275.77
2026-04-13,ONGC.NS,287.54998779296875,286.26,276.13
2026-04-15,ONGC.NS,287.6000061035156,286.32,276.47
2026-04-16,ONGC.NS,282.75,286.45,276.56
2026-04-17,ONGC.NS,284.04998779296875,286.08,276.71
2026-04-20,ONGC.NS,283.3500061035156,285.77,276.74
2026-04-21,ONGC.NS,283.1000061035156,284.99,276.95
2026-04-22,ONGC.NS,283.6499938964844,284.58,277.19
2026-04-23,ONGC.NS,286.25,284.39,277.44
2026-04-24,ONGC.NS,284.79998779296875,283.99,277.9
2026-04-27,ONGC.NS,285.8999938964844,284.44,278.46
2026-04-28,ONGC.NS,301.29998779296875,286.91,279.48
2026-04-29,ONGC.NS,301.3999938964844,289.49,280.5
2026-04-30,ONGC.NS,299.54998779296875,291.84,281.69
2026-05-01,ONGC.NS,299.54998779296875,294.11,282.99
2026-05-04,ONGC.NS,292.8999938964844,295.06,283.93
2026-05-05,ONGC.NS,289.95001220703125,295.79,284.76
2026-05-06,ONGC.NS,280.79998779296875,295.06,285.15
2026-05-07,ONGC.NS,283.8999938964844,292.58,285.77
2026-05-08,ONGC.NS,279.20001220703125,289.41,286.22
2026-05-11,ONGC.NS,281.0,286.76,286.66
2026-05-12,ONGC.NS,294.5,286.04,287.47
2026-05-13,ONGC.NS,297.1499938964844,286.64,287.97
2026-05-14,ONGC.NS,300.8999938964844,288.21,288.51
2026-05-15,ONGC.NS,299.3500061035156,290.86,288.89
2026-05-18,ONGC.NS,297.20001220703125,292.76,289.22
2026-05-19,ONGC.NS,296.5,295.23,289.71
2026-05-20,ONGC.NS,298.29998779296875,297.7,290.1
2026-05-21,ONGC.NS,295.8500061035156,297.89,290.45
2026-05-22,ONGC.NS,290.0,296.87,290.49
2026-05-25,ONGC.NS,284.95001220703125,294.59,290.44
2026-05-26,ONGC.NS,287.5,292.9,290.44
2026-05-27,ONGC.NS,274.04998779296875,289.59,289.99
2026-05-28,ONGC.NS,274.04998779296875,286.39,289.7
2026-05-29,ONGC.NS,265.3999938964844,281.69,289.08
2023-05-29,RELIANCE.NS,1163.2564697265625,1163.26,1163.26
2023-05-30,RELIANCE.NS,1162.95654296875,1163.11,1163.11
2023-05-31,RELIANCE.NS,1139.8583984375,1155.36,1155.36
2023-06-01,RELIANCE.NS,1136.7894287109375,1150.72,1150.72
2023-06-02,RELIANCE.NS,1133.0743408203125,1147.19,1147.19
2023-06-05,RELIANCE.NS,1143.25048828125,1146.53,1146.53
2023-06-06,RELIANCE.NS,1144.2196044921875,1146.2,1146.2
2023-06-07,RELIANCE.NS,1152.8958740234375,1144.72,1147.04
2023-06-08,RELIANCE.NS,1153.5880126953125,1143.38,1147.77
2023-06-09,RELIANCE.NS,1145.4195556640625,1144.18,1147.53
2023-06-12,RELIANCE.NS,1146.434814453125,1145.55,1147.43
2023-06-13,RELIANCE.NS,1163.371826171875,1149.88,1148.76
2023-06-14,RELIANCE.NS,1177.6783447265625,1154.8,1150.98
2023-06-15,RELIANCE.NS,1178.00146484375,1159.63,1152.91
2023-06-16,RELIANCE.NS,1189.4697265625,1164.85,1155.35
2023-06-19,RELIANCE.NS,1177.6552734375,1168.29,1156.75
2023-06-20,RELIANCE.NS,1180.1011962890625,1173.24,1158.12
2023-06-21,RELIANCE.NS,1183.424072265625,1178.53,1159.52
2023-06-22,RELIANCE.NS,1170.1328125,1179.49,1160.08
2023-06-23,RELIANCE.NS,1160.5567626953125,1177.05,1160.11
2023-06-26,RELIANCE.NS,1151.6959228515625,1173.29,1159.71
2023-06-27,RELIANCE.NS,1152.111328125,1167.95,1159.36
2023-06-28,RELIANCE.NS,1167.3638916015625,1166.48,1159.71
2023-06-30,RELIANCE.NS,1176.93994140625,1166.03,1160.43
2023-07-03,RELIANCE.NS,1207.1451416015625,1169.42,1162.3
2023-07-04,RELIANCE.NS,1194.707763671875,1172.93,1163.54
2023-07-05,RELIANCE.NS,1192.746337890625,1177.53,1164.62
2023-07-06,RELIANCE.NS,1217.78271484375,1186.97,1166.52
2023-07-07,RELIANCE.NS,1215.406005859375,1196.01,1168.21
2023-07-10,RELIANCE.NS,1262.22509765625,1209.56,1171.34
2023-07-11,RELIANCE.NS,1275.9085693359375,1223.7,1175.1
2023-07-12,RELIANCE.NS,1277.316162109375,1233.73,1178.91
2023-07-13,RELIANCE.NS,1265.89404296875,1243.9,1183.11
2023-07-14,RELIANCE.NS,1264.8326416015625,1254.2,1187.38
2023-07-17,RELIANCE.NS,1290.6766357421875,1264.61,1192.63
2023-07-18,RELIANCE.NS,1301.63720703125,1276.93,1197.91
2023-07-19,RELIANCE.NS,1311.5133056640625,1283.97,1203.49
2023-07-20,RELIANCE.NS,1309.925048828125,1288.83,1208.72
2023-07-21,RELIANCE.NS,1269.375,1287.69,1212.58
2023-07-24,RELIANCE.NS,1243.699951171875,1284.52,1215.86
2023-07-25,RELIANCE.NS,1242.9000244140625,1281.39,1219.07
2023-07-26,RELIANCE.NS,1263.0999755859375,1277.45,1222.4
2023-07-27,RELIANCE.NS,1251.3499755859375,1270.27,1224.85
2023-07-28,RELIANCE.NS,1263.925048828125,1263.47,1227.72
2023-07-31,RELIANCE.NS,1274.625,1258.42,1230.56
2023-08-01,RELIANCE.NS,1256.5999755859375,1256.6,1233.19
2023-08-02,RELIANCE.NS,1243.175048828125,1256.53,1235.29
2023-08-03,RELIANCE.NS,1237.949951171875,1255.82,1237.11
2023-08-04,RELIANCE.NS,1254.7750244140625,1254.63,1239.93
2023-08-07,RELIANCE.NS,1261.925048828125,1256.14,1243.31
2023-08-08,RELIANCE.NS,1254.324951171875,1254.77,1246.73
2023-08-09,RELIANCE.NS,1262.5999755859375,1253.05,1250.41
2023-08-10,RELIANCE.NS,1268.2249755859375,1254.71,1253.77
2023-08-11,RELIANCE.NS,1273.574951171875,1259.05,1256.99
2023-08-14,RELIANCE.NS,1288.625,1266.29,1259.71
2023-08-16,RELIANCE.NS,1287.574951171875,1270.98,1262.81
2023-08-17,RELIANCE.NS,1269.0,1271.99,1265.35
2023-08-18,RELIANCE.NS,1278.4000244140625,1275.43,1267.37
2023-08-21,RELIANCE.NS,1260.0,1275.06,1268.86
2023-08-22,RELIANCE.NS,1259.699951171875,1273.84,1268.77
2023-08-23,RELIANCE.NS,1261.0999755859375,1272.06,1268.28
2023-08-24,RELIANCE.NS,1239.9000244140625,1265.1,1267.03
2023-08-25,RELIANCE.NS,1234.175048828125,1257.47,1265.97
2023-08-28,RELIANCE.NS,1221.875,1250.74,1264.54
2023-08-29,RELIANCE.NS,1210.175048828125,1240.99,1261.86
2023-08-30,RELIANCE.NS,1209.0250244140625,1233.71,1258.77
2023-08-31,RELIANCE.NS,1203.5,1225.68,1255.17
2023-09-01,RELIANCE.NS,1206.324951171875,1217.85,1251.72
2023-09-04,RELIANCE.NS,1205.3499755859375,1212.92,1249.58
2023-09-05,RELIANCE.NS,1211.800048828125,1209.72,1248.52
2023-09-06,RELIANCE.NS,1214.3499755859375,1208.65,1247.57
2023-09-07,RELIANCE.NS,1216.0,1209.48,1246.0
2023-09-08,RELIANCE.NS,1224.0999755859375,1211.63,1245.09
2023-09-11,RELIANCE.NS,1237.300048828125,1216.46,1244.2
2023-09-12,RELIANCE.NS,1219.425048828125,1218.33,1242.36
2023-09-13,RELIANCE.NS,1225.5250244140625,1221.21,1241.33
2023-09-14,RELIANCE.NS,1226.6500244140625,1223.34,1240.78
2023-09-15,RELIANCE.NS,1228.925048828125,1225.42,1240.47
2023-09-18,RELIANCE.NS,1218.2249755859375,1225.74,1239.26
2023-09-20,RELIANCE.NS,1191.074951171875,1221.02,1236.89
2023-09-21,RELIANCE.NS,1182.4000244140625,1213.18,1234.5
2023-09-22,RELIANCE.NS,1177.4749755859375,1207.18,1231.66
2023-09-25,RELIANCE.NS,1170.2249755859375,1199.28,1228.39
2023-09-26,RELIANCE.NS,1171.25,1191.37,1224.98
2023-09-27,RELIANCE.NS,1184.449951171875,1185.01,1221.51
2023-09-28,RELIANCE.NS,1167.050048828125,1177.7,1217.49
2023-09-29,RELIANCE.NS,1172.5,1175.05,1214.28
2023-10-03,RELIANCE.NS,1159.074951171875,1171.72,1210.3
2023-10-04,RELIANCE.NS,1157.074951171875,1168.8,1206.87
2023-10-05,RELIANCE.NS,1157.050048828125,1166.92,1203.45
2023-10-06,RELIANCE.NS,1159.0,1165.17,1200.04
2023-10-09,RELIANCE.NS,1149.125,1160.13,1197.02
2023-10-10,RELIANCE.NS,1154.199951171875,1158.29,1194.35
2023-10-11,RELIANCE.NS,1172.5250244140625,1158.29,1192.71
2023-10-12,RELIANCE.NS,1174.699951171875,1160.52,1191.52
2023-10-13,RELIANCE.NS,1174.6500244140625,1163.04,1190.38
2023-10-16,RELIANCE.NS,1172.0250244140625,1165.17,1189.33
2023-10-17,RELIANCE.NS,1177.625,1167.84,1188.37
2023-10-18,RELIANCE.NS,1162.0,1169.67,1186.93
2023-10-19,RELIANCE.NS,1153.074951171875,1169.51,1184.97
2023-10-20,RELIANCE.NS,1149.550048828125,1166.23,1182.81
2023-10-23,RELIANCE.NS,1131.5999755859375,1160.08,1179.99
2023-10-25,RELIANCE.NS,1128.9749755859375,1153.55,1176.82
2023-10-26,RELIANCE.NS,1113.25,1145.15,1172.69
2023-10-27,RELIANCE.NS,1132.9000244140625,1138.76,1169.8
2023-10-30,RELIANCE.NS,1156.25,1137.94,1167.5
2023-10-31,RELIANCE.NS,1143.949951171875,1136.64,1164.74
2023-11-01,RELIANCE.NS,1148.699951171875,1136.52,1162.06
2023-11-02,RELIANCE.NS,1160.0999755859375,1140.59,1160.13
2023-11-03,RELIANCE.NS,1159.8499755859375,1145.0,1159.09
2023-11-06,RELIANCE.NS,1169.5,1153.04,1158.66
2023-11-07,RELIANCE.NS,1161.9000244140625,1157.18,1158.14
2023-11-08,RELIANCE.NS,1167.949951171875,1158.85,1158.06
2023-11-09,RELIANCE.NS,1155.2750244140625,1160.47,1157.53
2023-11-10,RELIANCE.NS,1157.449951171875,1161.72,1156.63
2023-11-13,RELIANCE.NS,1157.300048828125,1161.32,1156.3
2023-11-15,RELIANCE.NS,1178.2249755859375,1163.94,1156.49
2023-11-16,RELIANCE.NS,1180.3499755859375,1165.49,1157.2
2023-11-17,RELIANCE.NS,1177.7750244140625,1167.76,1157.89
2023-11-20,RELIANCE.NS,1174.675048828125,1168.72,1158.48
2023-11-21,RELIANCE.NS,1189.449951171875,1173.6,1159.5
2023-11-22,RELIANCE.NS,1194.0999755859375,1178.84,1161.0
2023-11-23,RELIANCE.NS,1197.75,1184.62,1162.45
2023-11-24,RELIANCE.NS,1196.949951171875,1187.29,1163.26
2023-11-28,RELIANCE.NS,1197.199951171875,1189.7,1164.01
2023-11-29,RELIANCE.NS,1200.3499755859375,1192.92,1164.87
2023-11-30,RELIANCE.NS,1188.7249755859375,1194.93,1165.42
2023-12-01,RELIANCE.NS,1197.1500244140625,1196.03,1166.08
2023-12-04,RELIANCE.NS,1210.0999755859375,1198.32,1167.68
2023-12-05,RELIANCE.NS,1218.875,1201.34,1169.87
2023-12-06,RELIANCE.NS,1230.550048828125,1206.14,1172.57
2023-12-07,RELIANCE.NS,1228.5250244140625,1210.61,1175.8
2023-12-08,RELIANCE.NS,1227.875,1214.54,1179.1
2023-12-11,RELIANCE.NS,1229.675048828125,1220.39,1182.98
2023-12-12,RELIANCE.NS,1212.0250244140625,1222.52,1185.62
2023-12-13,RELIANCE.NS,1216.9749755859375,1223.5,1187.64
2023-12-14,RELIANCE.NS,1232.074951171875,1225.39,1190.58
2023-12-15,RELIANCE.NS,1247.800048828125,1227.85,1193.88
2023-12-18,RELIANCE.NS,1260.5,1232.42,1197.23
2023-12-19,RELIANCE.NS,1279.050048828125,1239.73,1201.2
2023-12-20,RELIANCE.NS,1263.574951171875,1244.57,1204.34
2023-12-21,RELIANCE.NS,1281.2750244140625,1254.46,1208.32
2023-12-22,RELIANCE.NS,1282.5250244140625,1263.83,1212.14
2023-12-26,RELIANCE.NS,1289.0250244140625,1271.96,1216.6
2023-12-27,RELIANCE.NS,1293.425048828125,1278.48,1221.13
2023-12-28,RELIANCE.NS,1302.7750244140625,1284.52,1225.98
2023-12-29,RELIANCE.NS,1292.4749755859375,1286.44,1229.79
2024-01-01,RELIANCE.NS,1295.125,1290.95,1233.61
2024-01-02,RELIANCE.NS,1305.8499755859375,1294.46,1237.88
2024-01-03,RELIANCE.NS,1291.6500244140625,1295.76,1241.78
2024-01-04,RELIANCE.NS,1298.324951171875,1297.09,1245.41
2024-01-05,RELIANCE.NS,1303.8499755859375,1298.58,1249.07
2024-01-08,RELIANCE.NS,1293.675048828125,1297.28,1252.27
2024-01-09,RELIANCE.NS,1290.25,1296.96,1255.38
2024-01-10,RELIANCE.NS,1325.050048828125,1301.24,1259.64
2024-01-11,RELIANCE.NS,1359.9000244140625,1308.96,1264.96
2024-01-12,RELIANCE.NS,1370.7249755859375,1320.25,1271.02
2024-01-15,RELIANCE.NS,1394.125,1333.94,1277.59
2024-01-16,RELIANCE.NS,1374.625,1344.05,1283.07
2024-01-17,RELIANCE.NS,1361.574951171875,1353.75,1287.83
2024-01-18,RELIANCE.NS,1367.949951171875,1364.85,1292.41
2024-01-19,RELIANCE.NS,1367.449951171875,1370.91,1297.04
2024-01-23,RELIANCE.NS,1328.574951171875,1366.43,1300.4
2024-01-24,RELIANCE.NS,1343.875,1362.6,1304.2
2024-01-25,RELIANCE.NS,1353.074951171875,1356.73,1308.9
2024-01-29,RELIANCE.NS,1448.050048828125,1367.22,1316.61
2024-01-30,RELIANCE.NS,1407.625,1373.8,1322.46
2024-01-31,RELIANCE.NS,1426.625,1382.18,1328.42
2024-02-01,RELIANCE.NS,1426.6500244140625,1390.64,1333.96
2024-02-02,RELIANCE.NS,1457.699951171875,1409.09,1339.91
2024-02-05,RELIANCE.NS,1439.0250244140625,1422.68,1345.76
2024-02-06,RELIANCE.NS,1427.800048828125,1433.35,1350.64
2024-02-07,RELIANCE.NS,1442.1500244140625,1432.51,1355.97
2024-02-08,RELIANCE.NS,1450.125,1438.58,1361.34
2024-02-09,RELIANCE.NS,1460.75,1443.46,1366.91
2024-02-12,RELIANCE.NS,1452.3499755859375,1447.13,1371.9
2024-02-13,RELIANCE.NS,1465.0999755859375,1448.19,1377.65
2024-02-14,RELIANCE.NS,1481.375,1454.24,1383.86
2024-02-15,RELIANCE.NS,1470.5999755859375,1460.35,1389.35
2024-02-16,RELIANCE.NS,1460.574951171875,1462.98,1394.98
2024-02-19,RELIANCE.NS,1474.0,1466.39,1400.84
2024-02-20,RELIANCE.NS,1471.0250244140625,1467.86,1406.41
2024-02-21,RELIANCE.NS,1467.699951171875,1470.05,1412.21
2024-02-22,RELIANCE.NS,1481.75,1472.43,1418.6
2024-02-23,RELIANCE.NS,1493.625,1474.18,1424.22
2024-02-26,RELIANCE.NS,1487.324951171875,1476.57,1428.46
2024-02-27,RELIANCE.NS,1485.6500244140625,1480.15,1432.29
2024-02-28,RELIANCE.NS,1455.625,1477.53,1434.34
2024-02-29,RELIANCE.NS,1460.800048828125,1476.07,1437.22
2024-03-01,RELIANCE.NS,1492.125,1479.56,1441.57
2024-03-04,RELIANCE.NS,1507.4000244140625,1483.22,1446.22
2024-03-05,RELIANCE.NS,1500.199951171875,1484.16,1450.64
2024-03-06,RELIANCE.NS,1503.0,1486.4,1456.46
2024-03-07,RELIANCE.NS,1478.925048828125,1485.44,1460.96
2024-03-11,RELIANCE.NS,1466.5999755859375,1487.01,1464.74
2024-03-12,RELIANCE.NS,1475.425048828125,1489.1,1465.65
2024-03-13,RELIANCE.NS,1432.175048828125,1480.53,1466.47
2024-03-14,RELIANCE.NS,1431.4749755859375,1469.69,1466.63
2024-03-15,RELIANCE.NS,1418.2249755859375,1457.98,1466.35
2024-03-18,RELIANCE.NS,1439.4749755859375,1448.9,1465.75
2024-03-19,RELIANCE.NS,1425.25,1441.23,1465.29
2024-03-20,RELIANCE.NS,1443.75,1437.97,1465.82
2024-03-21,RELIANCE.NS,1450.9749755859375,1434.47,1466.11
2024-03-22,RELIANCE.NS,1455.0250244140625,1437.74,1466.28
2024-03-26,RELIANCE.NS,1441.574951171875,1439.18,1465.64
2024-03-27,RELIANCE.NS,1492.8499755859375,1449.84,1466.99
2024-03-28,RELIANCE.NS,1485.8499755859375,1456.47,1467.68
2024-04-01,RELIANCE.NS,1484.7750244140625,1464.97,1467.79
2024-04-02,RELIANCE.NS,1486.949951171875,1471.14,1468.34
2024-04-03,RELIANCE.NS,1471.5999755859375,1474.09,1468.7
2024-04-04,RELIANCE.NS,1462.925048828125,1475.22,1468.33
2024-04-05,RELIANCE.NS,1460.0999755859375,1477.86,1467.97
2024-04-08,RELIANCE.NS,1485.9749755859375,1476.88,1468.58
2024-04-09,RELIANCE.NS,1463.6500244140625,1473.71,1467.98
2024-04-10,RELIANCE.NS,1479.574951171875,1472.97,1467.51
2024-04-12,RELIANCE.NS,1467.1500244140625,1470.14,1466.84
2024-04-15,RELIANCE.NS,1464.824951171875,1469.17,1466.14
2024-04-16,RELIANCE.NS,1465.75,1469.57,1466.48
2024-04-18,RELIANCE.NS,1464.324951171875,1470.18,1466.6
2024-04-19,RELIANCE.NS,1470.125,1467.91,1465.86
2024-04-22,RELIANCE.NS,1479.8499755859375,1470.23,1464.94
2024-04-23,RELIANCE.NS,1459.324951171875,1467.34,1463.58
2024-04-24,RELIANCE.NS,1450.175048828125,1464.91,1461.82
2024-04-25,RELIANCE.NS,1459.9749755859375,1464.22,1461.19
2024-04-26,RELIANCE.NS,1452.550048828125,1462.33,1460.72
2024-04-29,RELIANCE.NS,1465.0250244140625,1462.43,1460.37
2024-04-30,RELIANCE.NS,1467.0,1461.99,1461.54
2024-05-02,RELIANCE.NS,1466.550048828125,1460.09,1462.7
2024-05-03,RELIANCE.NS,1434.0,1456.47,1463.23
2024-05-06,RELIANCE.NS,1419.5250244140625,1452.09,1462.57
2024-05-07,RELIANCE.NS,1401.4749755859375,1443.73,1461.77
2024-05-08,RELIANCE.NS,1418.550048828125,1438.88,1460.93
2024-05-09,RELIANCE.NS,1394.125,1428.75,1459.04
2024-05-10,RELIANCE.NS,1407.425048828125,1420.24,1457.45
2024-05-13,RELIANCE.NS,1402.699951171875,1411.11,1456.16
2024-05-14,RELIANCE.NS,1420.074951171875,1409.13,1453.73
2024-05-15,RELIANCE.NS,1416.2750244140625,1408.66,1451.41
2024-05-16,RELIANCE.NS,1425.3499755859375,1412.07,1449.43
2024-05-17,RELIANCE.NS,1435.699951171875,1414.52,1447.72
2024-05-21,RELIANCE.NS,1436.125,1420.52,1446.54
2024-05-22,RELIANCE.NS,1460.6500244140625,1428.12,1446.46
2024-05-23,RELIANCE.NS,1486.050048828125,1440.03,1447.33
2024-05-24,RELIANCE.NS,1480.25,1448.63,1447.14
2024-05-27,RELIANCE.NS,1466.25,1455.77,1447.22
2024-05-28,RELIANCE.NS,1456.199951171875,1460.17,1446.44
2024-05-29,RELIANCE.NS,1440.7750244140625,1460.9,1445.57
2024-05-30,RELIANCE.NS,1424.8499755859375,1459.29,1444.23
2024-05-31,RELIANCE.NS,1430.4000244140625,1454.97,1443.06
2024-06-03,RELIANCE.NS,1510.324951171875,1458.44,1444.59
2024-06-04,RELIANCE.NS,1397.2750244140625,1446.58,1442.16
2024-06-05,RELIANCE.NS,1420.75,1440.08,1440.19
2024-06-06,RELIANCE.NS,1431.5999755859375,1436.57,1439.27
2024-06-07,RELIANCE.NS,1469.949951171875,1440.74,1439.92
2024-06-10,RELIANCE.NS,1471.4000244140625,1447.39,1440.31
2024-06-11,RELIANCE.NS,1456.675048828125,1451.14,1440.44
2024-06-12,RELIANCE.NS,1463.324951171875,1444.42,1440.39
2024-06-13,RELIANCE.NS,1465.25,1454.14,1440.33
2024-06-14,RELIANCE.NS,1477.550048828125,1462.25,1440.69
2024-06-18,RELIANCE.NS,1481.0250244140625,1469.31,1442.26
2024-06-19,RELIANCE.NS,1458.6500244140625,1467.7,1443.57
2024-06-20,RELIANCE.NS,1473.699951171875,1468.03,1445.97
2024-06-21,RELIANCE.NS,1454.199951171875,1467.67,1447.16
2024-06-24,RELIANCE.NS,1441.4749755859375,1464.55,1448.74
2024-06-25,RELIANCE.NS,1454.1500244140625,1462.96,1450.3
2024-06-26,RELIANCE.NS,1514.0250244140625,1468.17,1454.01
2024-06-27,RELIANCE.NS,1530.550048828125,1475.25,1457.69
2024-06-28,RELIANCE.NS,1565.4000244140625,1490.5,1462.66
2024-07-01,RELIANCE.NS,1560.1500244140625,1502.85,1467.16
2024-07-02,RELIANCE.NS,1565.175048828125,1518.7,1471.47
2024-07-03,RELIANCE.NS,1552.425048828125,1534.55,1475.35
2024-07-04,RELIANCE.NS,1554.0250244140625,1548.82,1478.46
2024-07-05,RELIANCE.NS,1588.625,1559.48,1481.88
2024-07-08,RELIANCE.NS,1600.9000244140625,1569.53,1485.9
2024-07-09,RELIANCE.NS,1590.2750244140625,1573.08,1490.04
2024-07-10,RELIANCE.NS,1584.2249755859375,1576.52,1494.3
2024-07-11,RELIANCE.NS,1580.6500244140625,1578.73,1498.97
2024-07-12,RELIANCE.NS,1596.7249755859375,1585.06,1504.7
2024-07-15,RELIANCE.NS,1597.2249755859375,1591.23,1510.26
2024-07-16,RELIANCE.NS,1576.25,1589.46,1512.45
2024-07-18,RELIANCE.NS,1586.675048828125,1587.43,1518.77
2024-07-19,RELIANCE.NS,1555.1500244140625,1582.41,1523.25
2024-07-22,RELIANCE.NS,1500.675048828125,1570.48,1525.55
2024-07-23,RELIANCE.NS,1487.9000244140625,1557.23,1526.15
2024-07-24,RELIANCE.NS,1495.699951171875,1542.8,1526.96
2024-07-25,RELIANCE.NS,1492.4000244140625,1527.82,1528.15
2024-07-26,RELIANCE.NS,1509.0250244140625,1518.22,1529.67
2024-07-29,RELIANCE.NS,1520.0999755859375,1508.71,1531.5
2024-07-30,RELIANCE.NS,1513.1500244140625,1502.71,1532.69
2024-07-31,RELIANCE.NS,1505.425048828125,1503.39,1533.5
2024-08-01,RELIANCE.NS,1515.300048828125,1507.3,1535.39
2024-08-02,RELIANCE.NS,1499.324951171875,1507.82,1536.24
2024-08-05,RELIANCE.NS,1447.324951171875,1501.38,1536.01
2024-08-06,RELIANCE.NS,1456.050048828125,1493.81,1536.5
2024-08-07,RELIANCE.NS,1464.824951171875,1485.91,1536.86
2024-08-08,RELIANCE.NS,1449.125,1476.77,1534.69
2024-08-09,RELIANCE.NS,1474.300048828125,1472.32,1532.82
2024-08-12,RELIANCE.NS,1460.625,1464.51,1529.32
2024-08-13,RELIANCE.NS,1463.625,1459.41,1526.11
2024-08-14,RELIANCE.NS,1461.8499755859375,1461.49,1522.66
2024-08-16,RELIANCE.NS,1478.199951171875,1464.65,1520.19
2024-08-19,RELIANCE.NS,1488.4000244140625,1468.02,1518.0
2024-08-20,RELIANCE.NS,1495.949951171875,1474.71,1514.91
2024-08-21,RELIANCE.NS,1498.675048828125,1478.19,1511.5
2024-08-22,RELIANCE.NS,1498.125,1483.55,1508.43
2024-08-23,RELIANCE.NS,1499.9749755859375,1488.74,1505.62
2024-08-26,RELIANCE.NS,1512.5999755859375,1495.99,1503.36
2024-08-27,RELIANCE.NS,1500.449951171875,1499.17,1500.15
2024-08-28,RELIANCE.NS,1498.300048828125,1500.58,1496.85
2024-08-29,RELIANCE.NS,1520.925048828125,1504.15,1495.01
2024-08-30,RELIANCE.NS,1509.625,1505.71,1492.44
2024-09-02,RELIANCE.NS,1516.25,1508.3,1491.14
2024-09-03,RELIANCE.NS,1509.125,1509.61,1491.42
2024-09-04,RELIANCE.NS,1514.550048828125,1509.89,1492.31
2024-09-05,RELIANCE.NS,1492.9749755859375,1508.82,1492.22
2024-09-06,RELIANCE.NS,1464.824951171875,1504.04,1491.3
2024-09-09,RELIANCE.NS,1462.449951171875,1495.69,1489.75
2024-09-10,RELIANCE.NS,1461.5250244140625,1488.81,1487.79
2024-09-11,RELIANCE.NS,1451.5,1479.56,1485.74
2024-09-12,RELIANCE.NS,1479.800048828125,1475.38,1484.89
2024-09-13,RELIANCE.NS,1472.625,1469.39,1483.46
2024-09-16,RELIANCE.NS,1471.3499755859375,1466.3,1482.53
2024-09-17,RELIANCE.NS,1472.300048828125,1467.36,1483.36
2024-09-18,RELIANCE.NS,1463.449951171875,1467.51,1483.61
2024-09-19,RELIANCE.NS,1469.675048828125,1468.67,1483.77
2024-09-20,RELIANCE.NS,1485.925048828125,1473.59,1485.0
2024-09-23,RELIANCE.NS,1493.375,1475.53,1485.63
2024-09-24,RELIANCE.NS,1489.375,1477.92,1486.59
2024-09-25,RELIANCE.NS,1493.949951171875,1481.15,1487.6
2024-09-26,RELIANCE.NS,1497.949951171875,1484.81,1488.81
2024-09-27,RELIANCE.NS,1526.175048828125,1493.78,1490.41
2024-09-30,RELIANCE.NS,1476.574951171875,1494.76,1490.01
2024-10-01,RELIANCE.NS,1464.824951171875,1491.75,1488.97
2024-10-03,RELIANCE.NS,1406.9749755859375,1479.4,1485.92
2024-10-04,RELIANCE.NS,1386.5250244140625,1464.71,1482.2
2024-10-07,RELIANCE.NS,1370.7249755859375,1447.11,1477.89
2024-10-08,RELIANCE.NS,1397.3499755859375,1432.74,1474.05
2024-10-09,RELIANCE.NS,1374.5999755859375,1411.08,1469.85
2024-10-10,RELIANCE.NS,1371.050048828125,1396.01,1465.61
2024-10-11,RELIANCE.NS,1372.0999755859375,1382.76,1460.65
2024-10-14,RELIANCE.NS,1372.5250244140625,1377.84,1456.08
2024-10-15,RELIANCE.NS,1344.0250244140625,1371.77,1450.34
2024-10-16,RELIANCE.NS,1354.074951171875,1369.39,1445.17
2024-10-17,RELIANCE.NS,1356.425048828125,1363.54,1439.9
2024-10-18,RELIANCE.NS,1359.300048828125,1361.36,1435.44
2024-10-21,RELIANCE.NS,1369.199951171875,1361.09,1432.26
2024-10-22,RELIANCE.NS,1343.3499755859375,1356.99,1428.29
2024-10-23,RELIANCE.NS,1338.5250244140625,1352.13,1424.19
2024-10-24,RELIANCE.NS,1339.800048828125,1351.53,1420.46
2024-10-25,RELIANCE.NS,1327.8499755859375,1347.78,1415.4
2024-10-28,RELIANCE.NS,1334.3499755859375,1344.63,1410.79
2024-10-29,RELIANCE.NS,1340.0,1341.87,1406.41
2024-10-30,RELIANCE.NS,1343.9000244140625,1338.25,1402.13
2024-10-31,RELIANCE.NS,1332.050048828125,1336.64,1397.75
2024-11-01,RELIANCE.NS,1338.6500244140625,1336.66,1393.38
2024-11-04,RELIANCE.NS,1302.1500244140625,1331.28,1387.26
2024-11-05,RELIANCE.NS,1305.300048828125,1328.06,1380.99
2024-11-06,RELIANCE.NS,1325.3499755859375,1326.77,1375.52
2024-11-07,RELIANCE.NS,1305.6500244140625,1321.86,1369.24
2024-11-08,RELIANCE.NS,1283.75,1313.27,1362.1
2024-11-11,RELIANCE.NS,1272.699951171875,1304.79,1353.66
2024-11-12,RELIANCE.NS,1274.25,1295.59,1346.91
2024-11-13,RELIANCE.NS,1252.050048828125,1288.44,1339.82
2024-11-14,RELIANCE.NS,1267.5999755859375,1283.05,1335.17
2024-11-18,RELIANCE.NS,1260.75,1273.82,1330.98
2024-11-19,RELIANCE.NS,1241.6500244140625,1264.68,1326.68
2024-11-21,RELIANCE.NS,1223.0,1256.0,1320.87
2024-11-22,RELIANCE.NS,1265.4000244140625,1254.96,1317.23
2024-11-25,RELIANCE.NS,1287.0,1256.78,1314.42
2024-11-26,RELIANCE.NS,1295.699951171875,1263.01,1311.88
2024-11-27,RELIANCE.NS,1293.199951171875,1266.67,1309.23
2024-11-28,RELIANCE.NS,1270.800048828125,1268.11,1306.79
2024-11-29,RELIANCE.NS,1292.199951171875,1275.33,1304.73
2024-12-02,RELIANCE.NS,1309.1500244140625,1287.64,1303.15
2024-12-03,RELIANCE.NS,1323.300048828125,1295.91,1301.95
2024-12-04,RELIANCE.NS,1308.949951171875,1299.04,1299.95
2024-12-05,RELIANCE.NS,1322.050048828125,1302.81,1299.24
2024-12-06,RELIANCE.NS,1311.550048828125,1305.43,1298.34
2024-12-09,RELIANCE.NS,1295.1500244140625,1308.91,1296.85
2024-12-10,RELIANCE.NS,1284.8499755859375,1307.86,1295.42
2024-12-11,RELIANCE.NS,1278.199951171875,1303.44,1293.54
2024-12-12,RELIANCE.NS,1262.9000244140625,1294.81,1290.97
2024-12-13,RELIANCE.NS,1272.8499755859375,1289.65,1288.61
2024-12-16,RELIANCE.NS,1268.300048828125,1281.97,1286.48
2024-12-17,RELIANCE.NS,1245.300048828125,1272.51,1283.37
2024-12-18,RELIANCE.NS,1253.25,1266.52,1281.74
2024-12-19,RELIANCE.NS,1230.449951171875,1258.75,1279.24
2024-12-20,RELIANCE.NS,1205.300048828125,1248.34,1275.24
2024-12-23,RELIANCE.NS,1222.300048828125,1242.54,1272.46
2024-12-24,RELIANCE.NS,1222.75,1235.38,1270.43
2024-12-26,RELIANCE.NS,1216.550048828125,1227.99,1268.56
2024-12-27,RELIANCE.NS,1221.050048828125,1224.52,1266.79
2024-12-30,RELIANCE.NS,1210.699951171875,1218.44,1265.41
2024-12-31,RELIANCE.NS,1215.449951171875,1216.3,1263.67
2025-01-01,RELIANCE.NS,1221.25,1218.58,1262.35
2025-01-02,RELIANCE.NS,1241.800048828125,1221.36,1262.36
2025-01-03,RELIANCE.NS,1251.1500244140625,1225.42,1263.3
2025-01-06,RELIANCE.NS,1218.0,1225.63,1261.72
2025-01-07,RELIANCE.NS,1240.8499755859375,1228.46,1260.18
2025-01-08,RELIANCE.NS,1265.5,1236.29,1259.17
2025-01-09,RELIANCE.NS,1254.75,1241.9,1257.89
2025-01-10,RELIANCE.NS,1241.9000244140625,1244.85,1256.93
2025-01-13,RELIANCE.NS,1239.8499755859375,1244.57,1255.18
2025-01-14,RELIANCE.NS,1238.75,1242.8,1252.83
2025-01-15,RELIANCE.NS,1252.199951171875,1247.69,1250.46
2025-01-16,RELIANCE.NS,1266.449951171875,1251.34,1249.05
2025-01-17,RELIANCE.NS,1302.3499755859375,1256.61,1248.39
2025-01-20,RELIANCE.NS,1305.449951171875,1263.85,1248.19
2025-01-21,RELIANCE.NS,1273.699951171875,1268.39,1247.47
2025-01-22,RELIANCE.NS,1277.0999755859375,1273.71,1247.21
2025-01-23,RELIANCE.NS,1263.6500244140625,1277.27,1246.73
2025-01-24,RELIANCE.NS,1246.300048828125,1276.43,1246.17
2025-01-27,RELIANCE.NS,1229.3499755859375,1271.13,1244.72
2025-01-28,RELIANCE.NS,1234.4000244140625,1261.42,1243.59
2025-01-29,RELIANCE.NS,1235.5,1251.43,1243.27
2025-01-30,RELIANCE.NS,1253.050048828125,1248.48,1243.26
2025-01-31,RELIANCE.NS,1265.0999755859375,1246.76,1244.42
2025-02-01,RELIANCE.NS,1264.5999755859375,1246.9,1246.39
2025-02-03,RELIANCE.NS,1245.9000244140625,1246.84,1247.18
2025-02-04,RELIANCE.NS,1285.199951171875,1254.82,1249.26
2025-02-05,RELIANCE.NS,1278.199951171875,1261.08,1251.32
2025-02-06,RELIANCE.NS,1281.550048828125,1267.66,1253.33
2025-02-07,RELIANCE.NS,1266.699951171875,1269.61,1255.2
2025-02-10,RELIANCE.NS,1253.6500244140625,1267.97,1256.47
2025-02-11,RELIANCE.NS,1234.8499755859375,1263.72,1256.93
2025-02-12,RELIANCE.NS,1216.550048828125,1259.53,1256.08
2025-02-13,RELIANCE.NS,1216.0999755859375,1249.66,1254.92
2025-02-14,RELIANCE.NS,1217.25,1240.95,1254.89
2025-02-17,RELIANCE.NS,1224.9000244140625,1232.86,1254.36
2025-02-18,RELIANCE.NS,1225.4000244140625,1226.96,1253.02
2025-02-19,RELIANCE.NS,1227.449951171875,1223.21,1252.11
2025-02-20,RELIANCE.NS,1233.0,1222.95,1251.82
2025-02-21,RELIANCE.NS,1228.1500244140625,1224.61,1251.43
2025-02-24,RELIANCE.NS,1214.550048828125,1224.39,1250.62
2025-02-25,RELIANCE.NS,1204.0,1222.49,1249.01
2025-02-27,RELIANCE.NS,1207.0999755859375,1219.95,1247.03
2025-02-28,RELIANCE.NS,1200.0999755859375,1216.34,1243.63
2025-03-03,RELIANCE.NS,1171.25,1208.31,1239.15
2025-03-04,RELIANCE.NS,1161.9000244140625,1198.15,1235.43
2025-03-05,RELIANCE.NS,1175.5999755859375,1190.64,1232.04
2025-03-06,RELIANCE.NS,1209.5999755859375,1189.94,1230.24
2025-03-07,RELIANCE.NS,1249.800048828125,1196.48,1230.36
2025-03-10,RELIANCE.NS,1238.4000244140625,1200.95,1230.66
2025-03-11,RELIANCE.NS,1247.300048828125,1207.69,1231.09
2025-03-12,RELIANCE.NS,1257.050048828125,1219.95,1231.81
2025-03-13,RELIANCE.NS,1247.9000244140625,1232.24,1231.64
2025-03-17,RELIANCE.NS,1238.8499755859375,1241.27,1230.76
2025-03-18,RELIANCE.NS,1238.8499755859375,1245.45,1229.9
2025-03-19,RELIANCE.NS,1247.1500244140625,1245.07,1229.95
2025-03-20,RELIANCE.NS,1269.1500244140625,1249.46,1229.41
2025-03-21,RELIANCE.NS,1276.3499755859375,1253.61,1229.35
2025-03-24,RELIANCE.NS,1302.0999755859375,1260.05,1230.03
2025-03-25,RELIANCE.NS,1285.449951171875,1265.41,1230.66
2025-03-26,RELIANCE.NS,1273.050048828125,1270.3,1231.31
2025-03-27,RELIANCE.NS,1278.199951171875,1275.92,1232.75
2025-03-28,RELIANCE.NS,1275.0999755859375,1279.91,1234.7
2025-04-01,RELIANCE.NS,1252.5999755859375,1277.55,1235.92
2025-04-02,RELIANCE.NS,1251.1500244140625,1273.95,1237.05
2025-04-03,RELIANCE.NS,1248.699951171875,1266.32,1237.84
2025-04-04,RELIANCE.NS,1204.699951171875,1254.79,1237.15
2025-04-07,RELIANCE.NS,1165.699951171875,1239.45,1235.09
2025-04-08,RELIANCE.NS,1182.199951171875,1225.74,1233.4
2025-04-09,RELIANCE.NS,1185.3499755859375,1212.91,1231.97
2025-04-11,RELIANCE.NS,1218.949951171875,1208.11,1232.12
2025-04-15,RELIANCE.NS,1240.0999755859375,1206.53,1233.32
2025-04-16,RELIANCE.NS,1239.300048828125,1205.19,1234.4
2025-04-17,RELIANCE.NS,1274.5,1215.16,1236.88
2025-04-21,RELIANCE.NS,1295.5,1233.7,1241.02
2025-04-22,RELIANCE.NS,1291.199951171875,1249.27,1245.33
2025-04-23,RELIANCE.NS,1300.0,1265.65,1249.47
2025-04-24,RELIANCE.NS,1301.5999755859375,1277.46,1252.54
2025-04-25,RELIANCE.NS,1300.4000244140625,1286.07,1254.23
2025-04-28,RELIANCE.NS,1368.800048828125,1304.57,1258.57
2025-04-29,RELIANCE.NS,1399.699951171875,1322.46,1263.65
2025-04-30,RELIANCE.NS,1405.0,1338.1,1268.59
2025-05-02,RELIANCE.NS,1419.800048828125,1356.47,1274.32
2025-05-05,RELIANCE.NS,1431.300048828125,1375.23,1280.73
2025-05-06,RELIANCE.NS,1420.9000244140625,1392.27,1286.8
2025-05-07,RELIANCE.NS,1406.0,1407.36,1292.09
2025-05-08,RELIANCE.NS,1407.0,1412.81,1296.69
2025-05-09,RELIANCE.NS,1377.199951171875,1409.6,1300.05
2025-05-12,RELIANCE.NS,1436.5,1414.1,1304.53
2025-05-13,RELIANCE.NS,1415.699951171875,1413.51,1308.87
2025-05-14,RELIANCE.NS,1424.4000244140625,1412.53,1313.92
2025-05-15,RELIANCE.NS,1454.199951171875,1417.29,1319.78
2025-05-16,RELIANCE.NS,1456.4000244140625,1424.49,1325.83
2025-05-19,RELIANCE.NS,1440.800048828125,1429.31,1332.1
2025-05-20,RELIANCE.NS,1424.5999755859375,1436.09,1337.88
2025-05-21,RELIANCE.NS,1429.199951171875,1435.04,1343.9
2025-05-22,RELIANCE.NS,1409.4000244140625,1434.14,1350.72
2025-05-23,RELIANCE.NS,1426.800048828125,1434.49,1359.43
2025-05-26,RELIANCE.NS,1434.800048828125,1431.71,1367.85
2025-05-27,RELIANCE.NS,1422.0999755859375,1426.81,1375.74
2025-05-28,RELIANCE.NS,1412.9000244140625,1422.83,1382.2
2025-05-29,RELIANCE.NS,1417.800048828125,1421.86,1388.13
2025-05-30,RELIANCE.NS,1420.9000244140625,1420.67,1394.18
2025-06-02,RELIANCE.NS,1413.699951171875,1421.29,1398.82
2025-06-03,RELIANCE.NS,1405.5,1418.24,1402.49
2025-06-04,RELIANCE.NS,1423.5,1416.63,1406.9
2025-06-05,RELIANCE.NS,1442.4000244140625,1419.53,1411.64
2025-06-06,RELIANCE.NS,1443.5,1423.9,1416.37
2025-06-09,RELIANCE.NS,1448.800048828125,1428.33,1421.32
2025-06-10,RELIANCE.NS,1438.5,1430.84,1423.64
2025-06-11,RELIANCE.NS,1448.9000244140625,1435.87,1425.28
2025-06-12,RELIANCE.NS,1441.5999755859375,1441.03,1426.5
2025-06-13,RELIANCE.NS,1427.9000244140625,1441.66,1426.77
2025-06-16,RELIANCE.NS,1437.800048828125,1441.0,1426.99
2025-06-17,RELIANCE.NS,1431.199951171875,1439.24,1427.33
2025-06-18,RELIANCE.NS,1430.0999755859375,1436.57,1428.14
2025-06-19,RELIANCE.NS,1433.300048828125,1435.83,1429.01
2025-06-20,RELIANCE.NS,1466.199951171875,1438.3,1431.98
2025-06-23,RELIANCE.NS,1456.800048828125,1440.47,1432.66
2025-06-24,RELIANCE.NS,1450.800048828125,1443.74,1433.83
2025-06-25,RELIANCE.NS,1467.300048828125,1447.96,1435.26
2025-06-26,RELIANCE.NS,1495.300048828125,1457.11,1436.63
2025-06-27,RELIANCE.NS,1515.4000244140625,1469.3,1438.59
2025-06-30,RELIANCE.NS,1500.5999755859375,1478.91,1440.59
2025-07-01,RELIANCE.NS,1528.4000244140625,1487.8,1444.05
2025-07-02,RELIANCE.NS,1518.800048828125,1496.66,1447.03
2025-07-03,RELIANCE.NS,1517.800048828125,1506.23,1450.65
2025-07-04,RELIANCE.NS,1527.300048828125,1514.8,1454.0
2025-07-07,RELIANCE.NS,1541.5,1521.4,1457.55
2025-07-08,RELIANCE.NS,1537.5999755859375,1524.57,1461.4
2025-07-09,RELIANCE.NS,1519.0,1527.2,1464.94
2025-07-10,RELIANCE.NS,1517.199951171875,1525.6,1468.25
2025-07-11,RELIANCE.NS,1495.199951171875,1522.23,1470.73
2025-07-14,RELIANCE.NS,1483.699951171875,1517.36,1473.06
2025-07-15,RELIANCE.NS,1485.4000244140625,1511.37,1475.73
2025-07-16,RELIANCE.NS,1485.5999755859375,1503.39,1477.8
2025-07-17,RELIANCE.NS,1476.4000244140625,1494.64,1478.93
2025-07-18,RELIANCE.NS,1476.0,1488.5,1480.01
2025-07-21,RELIANCE.NS,1428.5999755859375,1475.84,1479.34
2025-07-22,RELIANCE.NS,1412.800048828125,1464.07,1478.48
2025-07-23,RELIANCE.NS,1424.5999755859375,1455.63,1477.67
2025-07-24,RELIANCE.NS,1402.9000244140625,1443.84,1476.38
2025-07-25,RELIANCE.NS,1391.699951171875,1430.43,1475.18
2025-07-28,RELIANCE.NS,1387.5999755859375,1417.74,1473.5
2025-07-29,RELIANCE.NS,1417.0999755859375,1409.33,1473.03
2025-07-30,RELIANCE.NS,1410.0999755859375,1406.69,1472.37
2025-07-31,RELIANCE.NS,1390.199951171875,1403.46,1470.93
2025-08-01,RELIANCE.NS,1393.699951171875,1399.04,1468.51
2025-08-04,RELIANCE.NS,1411.5,1400.27,1467.0
2025-08-05,RELIANCE.NS,1391.699951171875,1400.27,1465.03
2025-08-06,RELIANCE.NS,1392.800048828125,1401.01,1462.55
2025-08-07,RELIANCE.NS,1389.4000244140625,1397.06,1459.02
2025-08-08,RELIANCE.NS,1367.800048828125,1391.01,1454.1
2025-08-11,RELIANCE.NS,1386.199951171875,1390.44,1450.29
2025-08-12,RELIANCE.NS,1380.4000244140625,1388.54,1445.35
2025-08-13,RELIANCE.NS,1382.5999755859375,1384.41,1440.81
2025-08-14,RELIANCE.NS,1373.800048828125,1381.86,1436.01
2025-08-18,RELIANCE.NS,1381.699951171875,1380.27,1431.16
2025-08-19,RELIANCE.NS,1420.0999755859375,1384.66,1427.11
2025-08-20,RELIANCE.NS,1413.0,1391.11,1422.96
2025-08-21,RELIANCE.NS,1424.800048828125,1396.63,1419.82
2025-08-22,RELIANCE.NS,1409.199951171875,1400.74,1416.22
2025-08-25,RELIANCE.NS,1412.5999755859375,1405.03,1413.47
2025-08-26,RELIANCE.NS,1384.9000244140625,1406.61,1410.17
2025-08-28,RELIANCE.NS,1385.9000244140625,1407.21,1406.86
2025-08-29,RELIANCE.NS,1357.199951171875,1398.23,1402.58
2025-09-01,RELIANCE.NS,1353.9000244140625,1389.79,1398.49
2025-09-02,RELIANCE.NS,1366.5,1381.46,1394.84
2025-09-03,RELIANCE.NS,1372.5999755859375,1376.23,1392.98
2025-09-04,RELIANCE.NS,1359.300048828125,1368.61,1391.19
2025-09-05,RELIANCE.NS,1375.0,1367.2,1389.54
2025-09-08,RELIANCE.NS,1378.5,1366.14,1388.73
2025-09-09,RELIANCE.NS,1376.199951171875,1368.86,1388.21
2025-09-10,RELIANCE.NS,1377.0,1372.16,1387.86
2025-09-11,RELIANCE.NS,1383.300048828125,1374.56,1386.73
2025-09-12,RELIANCE.NS,1395.0,1377.76,1386.23
2025-09-15,RELIANCE.NS,1399.300048828125,1383.47,1386.53
2025-09-16,RELIANCE.NS,1405.300048828125,1387.8,1386.92
2025-09-17,RELIANCE.NS,1413.800048828125,1392.84,1386.99
2025-09-18,RELIANCE.NS,1415.0,1398.39,1387.77
2025-09-19,RELIANCE.NS,1407.4000244140625,1402.73,1388.26
2025-09-22,RELIANCE.NS,1390.5999755859375,1403.77,1388.3
2025-09-23,RELIANCE.NS,1389.800048828125,1403.03,1389.03
2025-09-24,RELIANCE.NS,1383.0,1400.7,1388.92
2025-09-25,RELIANCE.NS,1372.4000244140625,1396.0,1388.66
2025-09-26,RELIANCE.NS,1377.5999755859375,1390.83,1388.49
2025-09-29,RELIANCE.NS,1372.800048828125,1384.8,1388.46
2025-09-30,RELIANCE.NS,1364.0,1378.6,1387.87
2025-10-01,RELIANCE.NS,1368.699951171875,1375.47,1386.15
2025-10-03,RELIANCE.NS,1363.4000244140625,1371.7,1384.5
2025-10-06,RELIANCE.NS,1375.0,1370.56,1382.84
2025-10-07,RELIANCE.NS,1384.800048828125,1372.33,1382.03
2025-10-08,RELIANCE.NS,1367.4000244140625,1370.87,1380.52
2025-10-09,RELIANCE.NS,1377.800048828125,1371.59,1380.28
2025-10-10,RELIANCE.NS,1381.699951171875,1374.11,1380.14
2025-10-13,RELIANCE.NS,1375.0,1375.01,1380.74
2025-10-14,RELIANCE.NS,1375.9000244140625,1376.8,1381.47
2025-10-15,RELIANCE.NS,1374.300048828125,1376.7,1381.73
2025-10-16,RELIANCE.NS,1398.300048828125,1378.63,1382.59
2025-10-17,RELIANCE.NS,1416.800048828125,1385.69,1384.5
2025-10-20,RELIANCE.NS,1466.800048828125,1398.4,1387.56
2025-10-21,RELIANCE.NS,1465.199951171875,1410.33,1390.45
2025-10-23,RELIANCE.NS,1448.4000244140625,1420.81,1392.86
2025-10-24,RELIANCE.NS,1451.5999755859375,1431.63,1395.35
2025-10-27,RELIANCE.NS,1484.0999755859375,1447.31,1398.71
2025-10-28,RELIANCE.NS,1486.9000244140625,1459.97,1401.77
2025-10-29,RELIANCE.NS,1504.199951171875,1472.46,1405.27
2025-10-30,RELIANCE.NS,1488.5,1475.56,1408.04
2025-10-31,RELIANCE.NS,1486.4000244140625,1478.59,1410.46
2025-11-03,RELIANCE.NS,1484.699951171875,1483.77,1412.78
2025-11-04,RELIANCE.NS,1473.0999755859375,1486.84,1414.97
2025-11-06,RELIANCE.NS,1496.0999755859375,1488.56,1418.49
2025-11-07,RELIANCE.NS,1478.0,1487.29,1421.43
2025-11-10,RELIANCE.NS,1489.300048828125,1485.16,1424.97
2025-11-11,RELIANCE.NS,1493.4000244140625,1485.86,1429.01
2025-11-12,RELIANCE.NS,1511.5,1489.44,1433.47
2025-11-13,RELIANCE.NS,1510.9000244140625,1493.19,1438.07
2025-11-14,RELIANCE.NS,1518.9000244140625,1499.73,1443.24
2025-11-17,RELIANCE.NS,1518.300048828125,1502.9,1448.22
2025-11-18,RELIANCE.NS,1519.4000244140625,1508.81,1453.42
2025-11-19,RELIANCE.NS,1518.9000244140625,1513.04,1458.22
2025-11-20,RELIANCE.NS,1549.0999755859375,1521.0,1463.7
2025-11-21,RELIANCE.NS,1546.5999755859375,1526.01,1469.67
2025-11-24,RELIANCE.NS,1535.9000244140625,1529.59,1474.94
2025-11-25,RELIANCE.NS,1539.699951171875,1532.56,1480.21
2025-11-26,RELIANCE.NS,1569.9000244140625,1539.93,1486.7
2025-11-27,RELIANCE.NS,1563.4000244140625,1546.21,1492.95
2025-11-28,RELIANCE.NS,1567.5,1553.16,1499.39
2025-12-01,RELIANCE.NS,1566.0999755859375,1555.59,1504.99
2025-12-02,RELIANCE.NS,1546.300048828125,1555.54,1509.3
2025-12-03,RELIANCE.NS,1538.800048828125,1555.96,1511.7
2025-12-04,RELIANCE.NS,1535.5999755859375,1555.37,1514.05
2025-12-05,RELIANCE.NS,1540.5999755859375,1551.19,1517.12
2025-12-08,RELIANCE.NS,1543.0,1548.27,1520.17
2025-12-09,RELIANCE.NS,1529.4000244140625,1542.83,1521.68
2025-12-10,RELIANCE.NS,1536.9000244140625,1538.66,1523.35
2025-12-11,RELIANCE.NS,1545.0,1538.47,1524.71
2025-12-12,RELIANCE.NS,1556.5,1541.0,1526.97
2025-12-15,RELIANCE.NS,1556.199951171875,1543.94,1529.3
2025-12-16,RELIANCE.NS,1542.300048828125,1544.19,1531.22
2025-12-17,RELIANCE.NS,1544.4000244140625,1544.39,1533.6
2025-12-18,RELIANCE.NS,1544.4000244140625,1546.53,1535.21
2025-12-19,RELIANCE.NS,1565.0999755859375,1550.56,1538.11
2025-12-22,RELIANCE.NS,1575.4000244140625,1554.9,1540.98
2025-12-23,RELIANCE.NS,1570.699951171875,1556.93,1543.56
2025-12-24,RELIANCE.NS,1558.199951171875,1557.21,1545.11
2025-12-26,RELIANCE.NS,1559.199951171875,1559.63,1546.72
2025-12-29,RELIANCE.NS,1545.5999755859375,1559.8,1547.61
2025-12-30,RELIANCE.NS,1539.800048828125,1559.14,1548.33
2025-12-31,RELIANCE.NS,1570.4000244140625,1559.9,1550.03
2026-01-01,RELIANCE.NS,1575.5999755859375,1559.93,1551.92
2026-01-02,RELIANCE.NS,1592.300048828125,1563.01,1553.36
2026-01-05,RELIANCE.NS,1578.0999755859375,1565.86,1554.41
2026-01-06,RELIANCE.NS,1507.5999755859375,1558.49,1553.47
2026-01-07,RELIANCE.NS,1504.199951171875,1552.57,1552.28
2026-01-08,RELIANCE.NS,1470.5999755859375,1542.69,1548.97
2026-01-09,RELIANCE.NS,1475.300048828125,1529.1,1546.04
2026-01-12,RELIANCE.NS,1483.199951171875,1515.9,1543.23
2026-01-13,RELIANCE.NS,1452.800048828125,1495.97,1539.45
2026-01-14,RELIANCE.NS,1458.800048828125,1478.93,1536.53
2026-01-15,RELIANCE.NS,1458.800048828125,1471.96,1533.87
2026-01-16,RELIANCE.NS,1457.9000244140625,1465.34,1531.28
2026-01-19,RELIANCE.NS,1413.5999755859375,1457.2,1527.04
2026-01-20,RELIANCE.NS,1394.0,1445.59,1522.08
2026-01-21,RELIANCE.NS,1404.5999755859375,1434.36,1517.92
2026-01-22,RELIANCE.NS,1402.5,1427.17,1513.44
2026-01-23,RELIANCE.NS,1386.0999755859375,1416.79,1508.14
2026-01-27,RELIANCE.NS,1380.5,1405.6,1502.27
2026-01-28,RELIANCE.NS,1396.699951171875,1396.86,1496.96
2026-01-29,RELIANCE.NS,1391.0,1393.63,1491.91
2026-01-30,RELIANCE.NS,1395.4000244140625,1393.83,1486.95
2026-02-02,RELIANCE.NS,1390.4000244140625,1391.8,1481.81
2026-02-03,RELIANCE.NS,1437.0999755859375,1396.74,1477.55
2026-02-04,RELIANCE.NS,1456.800048828125,1406.84,1473.59
2026-02-05,RELIANCE.NS,1443.4000244140625,1415.83,1469.35
2026-02-06,RELIANCE.NS,1450.800048828125,1423.56,1465.77
2026-02-09,RELIANCE.NS,1461.5999755859375,1433.64,1462.52
2026-02-10,RELIANCE.NS,1458.5,1442.66,1459.61
2026-02-11,RELIANCE.NS,1468.699951171875,1453.84,1457.24
2026-02-12,RELIANCE.NS,1448.9000244140625,1455.53,1453.19
2026-02-13,RELIANCE.NS,1419.5999755859375,1450.21,1447.99
2026-02-16,RELIANCE.NS,1437.0999755859375,1449.31,1442.82
2026-02-17,RELIANCE.NS,1423.0,1445.34,1437.65
2026-02-18,RELIANCE.NS,1441.300048828125,1442.44,1435.44
2026-02-19,RELIANCE.NS,1409.5,1435.44,1432.28
2026-02-20,RELIANCE.NS,1419.4000244140625,1428.4,1430.58
2026-02-23,RELIANCE.NS,1428.0,1425.41,1429.0
2026-02-24,RELIANCE.NS,1428.800048828125,1426.73,1427.19
2026-02-25,RELIANCE.NS,1398.5,1421.21,1425.38
2026-02-26,RELIANCE.NS,1406.800048828125,1418.9,1423.64
2026-02-27,RELIANCE.NS,1393.9000244140625,1412.13,1421.48
2026-03-02,RELIANCE.NS,1358.0,1404.77,1418.15
2026-03-04,RELIANCE.NS,1345.0,1394.14,1415.86
2026-03-05,RELIANCE.NS,1389.4000244140625,1388.63,1415.71
2026-03-06,RELIANCE.NS,1404.800048828125,1385.2,1415.72
2026-03-09,RELIANCE.NS,1424.0,1388.84,1416.43
2026-03-10,RELIANCE.NS,1408.800048828125,1389.13,1417.19
2026-03-11,RELIANCE.NS,1390.199951171875,1388.6,1417.51
2026-03-12,RELIANCE.NS,1392.199951171875,1393.49,1417.36
2026-03-13,RELIANCE.NS,1380.699951171875,1398.59,1417.02
2026-03-16,RELIANCE.NS,1395.0999755859375,1399.4,1417.01
2026-03-17,RELIANCE.NS,1397.5999755859375,1398.37,1417.25
2026-03-18,RELIANCE.NS,1408.0999755859375,1396.1,1416.28
2026-03-19,RELIANCE.NS,1384.800048828125,1392.67,1413.88
2026-03-20,RELIANCE.NS,1414.4000244140625,1396.13,1412.92
2026-03-23,RELIANCE.NS,1407.800048828125,1398.36,1411.48
2026-03-24,RELIANCE.NS,1411.800048828125,1402.8,1409.82
2026-03-25,RELIANCE.NS,1413.0999755859375,1405.37,1408.31
2026-03-27,RELIANCE.NS,1348.0999755859375,1398.3,1404.29
2026-03-30,RELIANCE.NS,1343.9000244140625,1389.13,1400.79
2026-04-01,RELIANCE.NS,1369.199951171875,1386.9,1399.11
2026-04-02,RELIANCE.NS,1350.5,1377.77,1396.22
2026-04-06,RELIANCE.NS,1304.699951171875,1363.04,1392.28
2026-04-07,RELIANCE.NS,1304.5999755859375,1347.73,1387.72
2026-04-08,RELIANCE.NS,1347.800048828125,1338.4,1385.67
2026-04-09,RELIANCE.NS,1330.0,1335.81,1382.69
2026-04-10,RELIANCE.NS,1350.199951171875,1336.71,1380.09
2026-04-13,RELIANCE.NS,1315.0999755859375,1328.99,1376.3
2026-04-15,RELIANCE.NS,1344.0999755859375,1328.07,1374.49
2026-04-16,RELIANCE.NS,1343.300048828125,1333.59,1372.37
2026-04-17,RELIANCE.NS,1365.0,1342.21,1371.41
2026-04-20,RELIANCE.NS,1363.300048828125,1344.43,1371.59
2026-04-21,RELIANCE.NS,1353.300048828125,1347.76,1371.86
2026-04-22,RELIANCE.NS,1362.0999755859375,1349.46,1370.95
2026-04-23,RELIANCE.NS,1343.4000244140625,1353.5,1368.91
2026-04-24,RELIANCE.NS,1327.800048828125,1351.17,1365.7
2026-04-27,RELIANCE.NS,1365.800048828125,1354.39,1364.27
2026-04-28,RELIANCE.NS,1388.9000244140625,1357.8,1364.22
2026-04-29,RELIANCE.NS,1425.4000244140625,1366.67,1365.33
2026-04-30,RELIANCE.NS,1430.800048828125,1377.74,1367.0
2026-05-01,RELIANCE.NS,1430.800048828125,1387.56,1368.19
2026-05-04,RELIANCE.NS,1463.0999755859375,1404.66,1370.37
2026-05-05,RELIANCE.NS,1463.5999755859375,1424.06,1372.22
2026-05-06,RELIANCE.NS,1437.9000244140625,1434.36,1373.99
2026-05-07,RELIANCE.NS,1436.199951171875,1441.11,1374.72
2026-05-08,RELIANCE.NS,1435.199951171875,1442.51,1375.63
2026-05-11,RELIANCE.NS,1388.199951171875,1436.43,1374.85
2026-05-12,RELIANCE.NS,1364.0,1426.89,1373.21
2026-05-13,RELIANCE.NS,1358.800048828125,1411.99,1373.57
2026-05-14,RELIANCE.NS,1361.800048828125,1397.44,1374.16
2026-05-15,RELIANCE.NS,1336.4000244140625,1382.94,1373.07
2026-05-18,RELIANCE.NS,1335.9000244140625,1368.61,1372.58
2026-05-19,RELIANCE.NS,1322.699951171875,1352.54,1373.18
2026-05-20,RELIANCE.NS,1359.699951171875,1348.47,1375.02
2026-05-21,RELIANCE.NS,1349.5999755859375,1346.41,1375.08
2026-05-22,RELIANCE.NS,1354.5,1345.8,1375.9
2026-05-25,RELIANCE.NS,1367.0,1346.54,1376.46
2026-05-26,RELIANCE.NS,1356.300048828125,1349.39,1377.83
2026-05-27,RELIANCE.NS,1350.5,1351.47,1378.04
2026-05-28,RELIANCE.NS,1350.5,1355.44,1378.28
2026-05-29,RELIANCE.NS,1321.199951171875,1349.94,1376.82
2023-05-29,SBIN.NS,595.0,595.0,595.0
2023-05-30,SBIN.NS,592.7999877929688,593.9,593.9
2023-05-31,SBIN.NS,579.8499755859375,589.22,589.22
2023-06-01,SBIN.NS,582.75,587.6,587.6
2023-06-02,SBIN.NS,587.2000122070312,587.52,587.52
2023-06-05,SBIN.NS,587.2000122070312,587.47,587.47
2023-06-06,SBIN.NS,585.3499755859375,587.16,587.16
2023-06-07,SBIN.NS,589.2000122070312,586.34,587.42
2023-06-08,SBIN.NS,588.5,585.72,587.54
2023-06-09,SBIN.NS,578.7000122070312,585.56,586.65
2023-06-12,SBIN.NS,578.6500244140625,584.97,585.93
2023-06-13,SBIN.NS,576.4000244140625,583.43,585.13
2023-06-14,SBIN.NS,576.5499877929688,581.91,584.47
2023-06-15,SBIN.NS,566.5,579.21,583.19
2023-06-16,SBIN.NS,571.25,576.65,582.39
2023-06-19,SBIN.NS,568.8499755859375,573.84,581.55
2023-06-20,SBIN.NS,567.4000244140625,572.23,580.71
2023-06-21,SBIN.NS,566.3499755859375,570.47,579.92
2023-06-22,SBIN.NS,562.9500122070312,568.55,579.02
2023-06-23,SBIN.NS,554.5999755859375,565.41,577.8
2023-06-26,SBIN.NS,557.0499877929688,564.06,576.81
2023-06-27,SBIN.NS,566.0999755859375,563.33,576.33
2023-06-28,SBIN.NS,569.7999877929688,563.46,576.04
2023-06-30,SBIN.NS,572.8499755859375,564.24,575.91
2023-07-03,SBIN.NS,585.4500122070312,566.97,576.29
2023-07-04,SBIN.NS,589.25,570.73,576.79
2023-07-05,SBIN.NS,590.5999755859375,575.87,577.3
2023-07-06,SBIN.NS,592.5,580.94,577.84
2023-07-07,SBIN.NS,593.5999755859375,584.86,578.39
2023-07-10,SBIN.NS,592.5999755859375,588.12,578.86
2023-07-11,SBIN.NS,588.5499877929688,590.36,578.65
2023-07-12,SBIN.NS,589.25,590.91,578.53
2023-07-13,SBIN.NS,585.6500244140625,590.39,578.72
2023-07-14,SBIN.NS,584.4000244140625,589.51,578.78
2023-07-17,SBIN.NS,601.0999755859375,590.74,579.24
2023-07-18,SBIN.NS,592.3499755859375,590.56,579.41
2023-07-19,SBIN.NS,601.4500122070312,591.82,579.95
2023-07-20,SBIN.NS,610.0499877929688,594.89,580.64
2023-07-21,SBIN.NS,615.0999755859375,598.59,581.53
2023-07-24,SBIN.NS,617.6500244140625,603.16,582.83
2023-07-25,SBIN.NS,609.5999755859375,606.76,583.86
2023-07-26,SBIN.NS,615.1500244140625,608.76,585.15
2023-07-27,SBIN.NS,616.5499877929688,612.22,586.48
2023-07-28,SBIN.NS,616.0499877929688,614.31,588.14
2023-07-31,SBIN.NS,620.2000122070312,615.76,589.77
2023-08-01,SBIN.NS,611.8499755859375,615.29,591.2
2023-08-02,SBIN.NS,598.4500122070312,612.55,592.24
2023-08-03,SBIN.NS,590.5,609.82,593.04
2023-08-04,SBIN.NS,573.2999877929688,603.84,593.39
2023-08-07,SBIN.NS,567.9000244140625,596.89,593.83
2023-08-08,SBIN.NS,573.0999755859375,590.76,594.36
2023-08-09,SBIN.NS,573.75,584.12,594.62
2023-08-10,SBIN.NS,573.6500244140625,578.66,594.75
2023-08-11,SBIN.NS,574.1500244140625,575.19,594.79
2023-08-14,SBIN.NS,560.7999877929688,570.95,593.97
2023-08-16,SBIN.NS,565.3499755859375,569.81,593.17
2023-08-17,SBIN.NS,572.1500244140625,570.42,592.56
2023-08-18,SBIN.NS,572.9500122070312,570.4,591.91
2023-08-21,SBIN.NS,571.7000122070312,570.11,591.18
2023-08-22,SBIN.NS,568.5,569.37,590.37
2023-08-23,SBIN.NS,576.9000244140625,569.76,589.99
2023-08-24,SBIN.NS,576.9500122070312,572.07,589.58
2023-08-25,SBIN.NS,569.9500122070312,572.73,589.05
2023-08-28,SBIN.NS,572.8499755859375,572.83,588.67
2023-08-29,SBIN.NS,574.8499755859375,573.1,587.79
2023-08-30,SBIN.NS,567.4000244140625,572.49,586.96
2023-08-31,SBIN.NS,561.3499755859375,571.46,585.62
2023-09-01,SBIN.NS,569.5499877929688,570.41,584.27
2023-09-04,SBIN.NS,575.5499877929688,570.21,582.96
2023-09-05,SBIN.NS,573.0,570.65,581.47
2023-09-06,SBIN.NS,570.5,570.31,580.16
2023-09-07,SBIN.NS,579.0499877929688,570.91,578.96
2023-09-08,SBIN.NS,583.4500122070312,573.21,577.86
2023-09-11,SBIN.NS,591.7000122070312,577.54,577.05
2023-09-12,SBIN.NS,588.3499755859375,580.23,575.98
2023-09-13,SBIN.NS,596.4500122070312,583.21,575.47
2023-09-14,SBIN.NS,597.2999877929688,586.69,575.43
2023-09-15,SBIN.NS,598.7999877929688,590.73,575.71
2023-09-18,SBIN.NS,603.9500122070312,594.29,576.73
2023-09-20,SBIN.NS,601.0999755859375,596.81,577.84
2023-09-21,SBIN.NS,588.1500244140625,596.3,578.34
2023-09-22,SBIN.NS,598.1500244140625,597.7,579.15
2023-09-25,SBIN.NS,594.0499877929688,597.36,579.83
2023-09-26,SBIN.NS,594.4000244140625,596.94,580.51
2023-09-27,SBIN.NS,589.75,595.65,581.47
2023-09-28,SBIN.NS,589.9500122070312,593.65,582.29
2023-09-29,SBIN.NS,598.5499877929688,593.29,583.17
2023-10-03,SBIN.NS,602.9500122070312,595.4,584.17
2023-10-04,SBIN.NS,586.25,593.7,584.66
2023-10-05,SBIN.NS,592.1500244140625,593.43,585.45
2023-10-06,SBIN.NS,594.25,593.41,586.02
2023-10-09,SBIN.NS,585.0999755859375,592.74,586.29
2023-10-10,SBIN.NS,591.6500244140625,592.99,587.02
2023-10-11,SBIN.NS,588.3499755859375,591.53,587.53
2023-10-12,SBIN.NS,586.0499877929688,589.11,587.91
2023-10-13,SBIN.NS,576.1500244140625,587.67,588.2
2023-10-16,SBIN.NS,575.6500244140625,585.31,588.68
2023-10-17,SBIN.NS,576.4500122070312,582.77,588.91
2023-10-18,SBIN.NS,572.6500244140625,580.99,588.81
2023-10-19,SBIN.NS,571.2000122070312,578.07,588.75
2023-10-20,SBIN.NS,563.0999755859375,574.46,588.5
2023-10-23,SBIN.NS,552.9500122070312,569.74,587.63
2023-10-25,SBIN.NS,556.2000122070312,566.89,586.73
2023-10-26,SBIN.NS,547.0,562.79,585.24
2023-10-27,SBIN.NS,561.1500244140625,560.61,584.33
2023-10-30,SBIN.NS,565.2000122070312,559.54,583.29
2023-10-31,SBIN.NS,565.5499877929688,558.74,582.23
2023-11-01,SBIN.NS,566.4000244140625,559.21,581.15
2023-11-02,SBIN.NS,572.0999755859375,561.94,580.09
2023-11-03,SBIN.NS,578.1500244140625,565.08,579.32
2023-11-06,SBIN.NS,574.3499755859375,568.99,578.86
2023-11-07,SBIN.NS,579.75,571.64,578.25
2023-11-08,SBIN.NS,580.2999877929688,573.8,577.79
2023-11-09,SBIN.NS,578.3499755859375,575.63,577.26
2023-11-10,SBIN.NS,579.5,577.5,576.91
2023-11-13,SBIN.NS,581.3499755859375,578.82,576.63
2023-11-15,SBIN.NS,584.7000122070312,579.76,576.17
2023-11-16,SBIN.NS,584.6500244140625,581.23,575.56
2023-11-17,SBIN.NS,563.0499877929688,578.84,574.78
2023-11-20,SBIN.NS,563.75,576.48,573.84
2023-11-21,SBIN.NS,561.5,574.07,572.74
2023-11-22,SBIN.NS,558.9500122070312,571.14,571.87
2023-11-23,SBIN.NS,559.9500122070312,568.08,570.82
2023-11-24,SBIN.NS,560.3499755859375,564.6,569.88
2023-11-28,SBIN.NS,564.4500122070312,561.71,569.16
2023-11-29,SBIN.NS,568.5999755859375,562.51,568.91
2023-11-30,SBIN.NS,564.75,562.65,568.55
2023-12-01,SBIN.NS,571.75,564.11,568.39
2023-12-04,SBIN.NS,594.7000122070312,569.22,569.13
2023-12-05,SBIN.NS,608.25,576.12,570.36
2023-12-06,SBIN.NS,608.4500122070312,582.99,571.87
2023-12-07,SBIN.NS,611.7000122070312,589.74,573.83
2023-12-08,SBIN.NS,614.1500244140625,596.25,575.76
2023-12-11,SBIN.NS,614.25,603.32,578.0
2023-12-12,SBIN.NS,612.4000244140625,609.13,579.71
2023-12-13,SBIN.NS,619.8499755859375,612.72,581.53
2023-12-14,SBIN.NS,623.6500244140625,614.92,583.47
2023-12-15,SBIN.NS,648.25,620.61,586.2
2023-12-18,SBIN.NS,648.5,625.86,588.75
2023-12-19,SBIN.NS,655.4000244140625,631.76,591.32
2023-12-20,SBIN.NS,636.4500122070312,634.93,593.39
2023-12-21,SBIN.NS,643.75,639.41,595.52
2023-12-22,SBIN.NS,636.75,641.82,597.41
2023-12-26,SBIN.NS,638.0499877929688,643.88,599.4
2023-12-27,SBIN.NS,648.5499877929688,643.92,601.7
2023-12-28,SBIN.NS,651.4000244140625,644.34,604.03
2023-12-29,SBIN.NS,642.0499877929688,642.43,605.94
2024-01-01,SBIN.NS,641.3499755859375,643.13,607.83
2024-01-02,SBIN.NS,639.4500122070312,642.51,610.38
2024-01-03,SBIN.NS,643.4500122070312,643.47,613.04
2024-01-04,SBIN.NS,642.75,644.14,615.75
2024-01-05,SBIN.NS,641.9500122070312,643.2,618.51
2024-01-08,SBIN.NS,627.0,639.71,620.75
2024-01-09,SBIN.NS,625.4000244140625,637.34,622.92
2024-01-10,SBIN.NS,621.75,634.54,624.83
2024-01-11,SBIN.NS,620.2000122070312,631.79,626.55
2024-01-12,SBIN.NS,633.5999755859375,630.38,628.84
2024-01-15,SBIN.NS,640.0999755859375,630.0,631.12
2024-01-16,SBIN.NS,636.9000244140625,629.28,632.53
2024-01-17,SBIN.NS,626.0,629.14,633.12
2024-01-18,SBIN.NS,628.2999877929688,629.55,633.78
2024-01-19,SBIN.NS,627.75,630.41,634.31
2024-01-23,SBIN.NS,605.0999755859375,628.25,634.01
2024-01-24,SBIN.NS,618.2999877929688,626.06,634.15
2024-01-25,SBIN.NS,612.75,622.16,634.16
2024-01-29,SBIN.NS,622.9500122070312,620.16,634.26
2024-01-30,SBIN.NS,626.75,620.27,634.37
2024-01-31,SBIN.NS,640.5,622.01,634.11
2024-02-01,SBIN.NS,647.6500244140625,624.86,634.08
2024-02-02,SBIN.NS,649.6500244140625,631.22,633.89
2024-02-05,SBIN.NS,642.9500122070312,634.74,634.1
2024-02-06,SBIN.NS,650.25,640.1,634.32
2024-02-07,SBIN.NS,675.25,647.57,635.6
2024-02-08,SBIN.NS,699.5499877929688,657.97,637.65
2024-02-09,SBIN.NS,725.25,670.08,640.21
2024-02-12,SBIN.NS,707.9000244140625,678.69,642.09
2024-02-13,SBIN.NS,713.4500122070312,687.8,644.47
2024-02-14,SBIN.NS,743.4000244140625,702.15,647.88
2024-02-15,SBIN.NS,761.7000122070312,718.07,651.95
2024-02-16,SBIN.NS,754.7000122070312,729.42,655.66
2024-02-19,SBIN.NS,759.25,737.95,659.54
2024-02-20,SBIN.NS,760.0999755859375,742.93,663.48
2024-02-21,SBIN.NS,771.5,752.01,668.3
2024-02-22,SBIN.NS,765.9000244140625,759.51,672.98
2024-02-23,SBIN.NS,759.0499877929688,761.74,677.56
2024-02-26,SBIN.NS,758.9000244140625,761.34,682.18
2024-02-27,SBIN.NS,749.8499755859375,760.65,686.06
2024-02-28,SBIN.NS,742.5,758.26,689.47
2024-02-29,SBIN.NS,748.0999755859375,756.54,693.18
2024-03-01,SBIN.NS,769.1500244140625,756.21,697.95
2024-03-04,SBIN.NS,772.0499877929688,757.09,702.74
2024-03-05,SBIN.NS,783.9500122070312,760.64,707.95
2024-03-06,SBIN.NS,783.9000244140625,764.21,713.91
2024-03-07,SBIN.NS,788.0499877929688,769.67,719.56
2024-03-11,SBIN.NS,773.7000122070312,774.13,724.93
2024-03-12,SBIN.NS,759.7000122070312,775.79,729.49
2024-03-13,SBIN.NS,747.25,772.66,733.5
2024-03-14,SBIN.NS,741.0499877929688,768.23,736.86
2024-03-15,SBIN.NS,731.9000244140625,760.79,739.66
2024-03-18,SBIN.NS,730.9500122070312,753.23,742.37
2024-03-19,SBIN.NS,723.7999877929688,744.05,745.07
2024-03-20,SBIN.NS,736.25,738.7,747.94
2024-03-21,SBIN.NS,744.2999877929688,736.5,750.24
2024-03-22,SBIN.NS,746.7000122070312,736.42,751.81
2024-03-26,SBIN.NS,740.0499877929688,736.28,752.3
2024-03-27,SBIN.NS,733.2999877929688,736.48,753.15
2024-03-28,SBIN.NS,752.3499755859375,739.54,754.45
2024-04-01,SBIN.NS,758.2999877929688,744.46,754.94
2024-04-02,SBIN.NS,766.4000244140625,748.77,755.1
2024-04-03,SBIN.NS,771.0499877929688,752.59,755.64
2024-04-04,SBIN.NS,759.2999877929688,754.39,755.64
2024-04-05,SBIN.NS,764.75,757.92,755.8
2024-04-08,SBIN.NS,768.2999877929688,762.92,755.69
2024-04-09,SBIN.NS,764.2000122070312,764.61,755.64
2024-04-10,SBIN.NS,779.0499877929688,767.58,756.3
2024-04-12,SBIN.NS,766.2999877929688,767.56,756.55
2024-04-15,SBIN.NS,757.5,765.63,756.8
2024-04-16,SBIN.NS,751.7000122070312,764.54,757.11
2024-04-18,SBIN.NS,744.7999877929688,761.69,757.0
2024-04-19,SBIN.NS,750.4500122070312,759.14,756.38
2024-04-22,SBIN.NS,766.0999755859375,759.41,756.18
2024-04-23,SBIN.NS,773.0,758.55,755.81
2024-04-24,SBIN.NS,773.0999755859375,759.52,755.45
2024-04-25,SBIN.NS,812.7000122070312,767.41,756.28
2024-04-26,SBIN.NS,801.2999877929688,774.49,757.2
2024-04-29,SBIN.NS,826.5,786.16,759.42
2024-04-30,SBIN.NS,826.25,796.99,762.06
2024-05-02,SBIN.NS,830.0499877929688,806.13,765.02
2024-05-03,SBIN.NS,831.4500122070312,814.48,768.34
2024-05-06,SBIN.NS,807.7999877929688,819.44,770.9
2024-05-07,SBIN.NS,801.9000244140625,817.89,773.51
2024-05-08,SBIN.NS,810.7999877929688,819.25,775.99
2024-05-09,SBIN.NS,819.7999877929688,818.29,778.51
2024-05-10,SBIN.NS,817.3499755859375,817.02,780.86
2024-05-13,SBIN.NS,808.7999877929688,813.99,783.15
2024-05-14,SBIN.NS,818.2000122070312,812.09,785.98
2024-05-15,SBIN.NS,820.2999877929688,813.88,788.25
2024-05-16,SBIN.NS,811.9500122070312,815.31,790.04
2024-05-17,SBIN.NS,817.8499755859375,816.32,791.75
2024-05-21,SBIN.NS,830.6500244140625,817.87,793.74
2024-05-22,SBIN.NS,818.75,818.07,795.72
2024-05-23,SBIN.NS,832.0999755859375,821.4,797.97
2024-05-24,SBIN.NS,828.5999755859375,822.89,799.98
2024-05-27,SBIN.NS,833.7000122070312,824.8,802.29
2024-05-28,SBIN.NS,831.1500244140625,827.54,804.03
2024-05-29,SBIN.NS,822.6500244140625,828.23,805.91
2024-05-30,SBIN.NS,825.8499755859375,827.54,808.19
2024-05-31,SBIN.NS,830.3499755859375,829.2,810.81
2024-06-03,SBIN.NS,905.6500244140624,839.71,816.17
2024-06-04,SBIN.NS,775.2000122070312,832.08,816.99
2024-06-05,SBIN.NS,789.75,825.8,817.78
2024-06-06,SBIN.NS,816.9500122070312,823.77,819.25
2024-06-07,SBIN.NS,829.9500122070312,824.81,821.14
2024-06-10,SBIN.NS,831.7999877929688,825.66,821.78
2024-06-11,SBIN.NS,835.5499877929688,826.41,822.92
2024-06-12,SBIN.NS,839.0999755859375,816.9,823.34
2024-06-13,SBIN.NS,843.9000244140625,826.71,823.93
2024-06-14,SBIN.NS,839.2000122070312,833.78,824.23
2024-06-18,SBIN.NS,844.9000244140625,837.77,824.68
2024-06-19,SBIN.NS,852.5999755859375,841.01,826.18
2024-06-20,SBIN.NS,843.75,842.71,827.57
2024-06-21,SBIN.NS,836.2999877929688,842.82,828.42
2024-06-24,SBIN.NS,832.7000122070312,841.91,828.85
2024-06-25,SBIN.NS,842.25,841.67,829.68
2024-06-26,SBIN.NS,845.3499755859375,842.55,830.9
2024-06-27,SBIN.NS,844.0,842.42,831.76
2024-06-28,SBIN.NS,848.9500122070312,841.9,832.72
2024-07-01,SBIN.NS,841.9500122070312,841.64,833.72
2024-07-02,SBIN.NS,826.1500244140625,840.19,833.99
2024-07-03,SBIN.NS,839.9500122070312,841.23,834.3
2024-07-04,SBIN.NS,839.2999877929688,840.81,834.99
2024-07-05,SBIN.NS,859.75,842.86,835.91
2024-07-08,SBIN.NS,856.25,844.61,836.83
2024-07-09,SBIN.NS,861.2999877929688,846.38,837.75
2024-07-10,SBIN.NS,849.0,847.39,838.35
2024-07-11,SBIN.NS,856.7000122070312,851.75,839.48
2024-07-12,SBIN.NS,859.7000122070312,854.57,840.61
2024-07-15,SBIN.NS,881.3499755859375,860.58,842.31
2024-07-16,SBIN.NS,880.7000122070312,863.57,841.48
2024-07-18,SBIN.NS,893.5499877929688,868.9,845.42
2024-07-19,SBIN.NS,889.3499755859375,872.91,848.74
2024-07-22,SBIN.NS,876.7999877929688,876.88,850.74
2024-07-23,SBIN.NS,863.9000244140625,877.91,851.87
2024-07-24,SBIN.NS,852.0,876.81,852.54
2024-07-25,SBIN.NS,848.5,872.11,852.97
2024-07-26,SBIN.NS,862.4500122070312,869.51,853.75
2024-07-29,SBIN.NS,871.5999755859375,866.37,854.67
2024-07-30,SBIN.NS,872.7999877929688,864.01,855.79
2024-07-31,SBIN.NS,872.4000244140625,863.38,856.71
2024-08-01,SBIN.NS,862.6500244140625,863.2,857.05
2024-08-02,SBIN.NS,847.8499755859375,862.61,857.18
2024-08-05,SBIN.NS,811.6500244140625,857.34,856.36
2024-08-06,SBIN.NS,797.7000122070312,848.09,855.2
2024-08-07,SBIN.NS,808.6500244140625,839.1,854.08
2024-08-08,SBIN.NS,808.0499877929688,829.85,852.83
2024-08-09,SBIN.NS,824.2999877929688,822.98,852.18
2024-08-12,SBIN.NS,812.5999755859375,815.83,850.96
2024-08-13,SBIN.NS,797.5499877929688,808.64,849.48
2024-08-14,SBIN.NS,803.0,807.41,848.71
2024-08-16,SBIN.NS,812.0999755859375,809.46,847.78
2024-08-19,SBIN.NS,813.7000122070312,810.19,846.93
2024-08-20,SBIN.NS,820.2999877929688,811.94,845.61
2024-08-21,SBIN.NS,815.5499877929688,810.69,844.26
2024-08-22,SBIN.NS,820.2999877929688,811.79,842.89
2024-08-23,SBIN.NS,815.3499755859375,814.33,841.77
2024-08-26,SBIN.NS,815.0499877929688,816.05,840.38
2024-08-27,SBIN.NS,815.9000244140625,816.59,838.92
2024-08-28,SBIN.NS,809.4000244140625,815.98,836.52
2024-08-29,SBIN.NS,814.5,815.15,834.32
2024-08-30,SBIN.NS,815.5999755859375,815.16,831.72
2024-09-02,SBIN.NS,822.1500244140625,815.42,829.48
2024-09-03,SBIN.NS,824.7999877929688,816.77,827.74
2024-09-04,SBIN.NS,816.5,816.98,826.16
2024-09-05,SBIN.NS,818.75,817.39,825.06
2024-09-06,SBIN.NS,782.5,813.54,822.86
2024-09-09,SBIN.NS,784.25,809.22,820.25
2024-09-10,SBIN.NS,782.6500244140625,804.51,817.28
2024-09-11,SBIN.NS,768.5999755859375,796.86,813.81
2024-09-12,SBIN.NS,787.75,791.57,810.99
2024-09-13,SBIN.NS,790.8499755859375,787.91,808.6
2024-09-16,SBIN.NS,785.5499877929688,783.16,806.52
2024-09-17,SBIN.NS,782.9000244140625,783.22,805.56
2024-09-18,SBIN.NS,792.75,784.44,805.4
2024-09-19,SBIN.NS,789.9500122070312,785.48,804.77
2024-09-20,SBIN.NS,781.7000122070312,787.35,803.89
2024-09-23,SBIN.NS,801.8499755859375,789.36,803.15
2024-09-24,SBIN.NS,798.25,790.42,802.67
2024-09-25,SBIN.NS,793.0999755859375,791.5,802.52
2024-09-26,SBIN.NS,801.8499755859375,794.21,802.48
2024-09-27,SBIN.NS,802.6500244140625,795.62,802.17
2024-09-30,SBIN.NS,787.9000244140625,795.33,801.31
2024-10-01,SBIN.NS,796.9500122070312,797.51,800.53
2024-10-03,SBIN.NS,794.0999755859375,796.4,799.81
2024-10-04,SBIN.NS,796.6500244140625,796.17,799.02
2024-10-07,SBIN.NS,770.6500244140625,792.96,797.54
2024-10-08,SBIN.NS,781.4500122070312,790.05,796.42
2024-10-09,SBIN.NS,797.4000244140625,789.3,795.8
2024-10-10,SBIN.NS,797.0999755859375,790.61,795.39
2024-10-11,SBIN.NS,799.75,791.01,794.9
2024-10-14,SBIN.NS,805.1500244140625,792.59,794.55
2024-10-15,SBIN.NS,804.6500244140625,793.74,793.97
2024-10-16,SBIN.NS,805.4500122070312,798.71,793.32
2024-10-17,SBIN.NS,811.0499877929688,802.94,793.14
2024-10-18,SBIN.NS,820.4000244140625,806.22,793.19
2024-10-21,SBIN.NS,813.9500122070312,808.63,794.24
2024-10-22,SBIN.NS,790.4000244140625,807.29,794.45
2024-10-23,SBIN.NS,786.0,804.56,794.56
2024-10-24,SBIN.NS,794.5499877929688,803.11,795.42
2024-10-25,SBIN.NS,780.9500122070312,799.61,795.2
2024-10-28,SBIN.NS,792.0499877929688,796.9,795.24
2024-10-29,SBIN.NS,832.7000122070312,798.66,796.81
2024-10-30,SBIN.NS,822.4500122070312,799.87,798.13
2024-10-31,SBIN.NS,820.2000122070312,804.13,799.04
2024-11-01,SBIN.NS,821.2000122070312,809.16,800.08
2024-11-04,SBIN.NS,829.8499755859375,814.2,801.69
2024-11-05,SBIN.NS,849.2000122070312,823.95,803.27
2024-11-06,SBIN.NS,854.7999877929688,832.91,805.15
2024-11-07,SBIN.NS,859.5999755859375,836.76,807.37
2024-11-08,SBIN.NS,843.1500244140625,839.71,808.75
2024-11-11,SBIN.NS,847.6500244140625,843.64,810.25
2024-11-12,SBIN.NS,826.7000122070312,844.42,811.54
2024-11-13,SBIN.NS,808.6500244140625,841.39,811.93
2024-11-14,SBIN.NS,804.25,834.97,812.27
2024-11-18,SBIN.NS,814.2999877929688,829.19,812.86
2024-11-19,SBIN.NS,803.0,821.1,813.93
2024-11-21,SBIN.NS,780.75,812.19,813.91
2024-11-22,SBIN.NS,816.0499877929688,807.67,814.53
2024-11-25,SBIN.NS,844.4500122070312,810.21,816.11
2024-11-26,SBIN.NS,839.4000244140625,814.6,817.43
2024-11-27,SBIN.NS,834.0999755859375,818.86,818.4
2024-11-28,SBIN.NS,838.8499755859375,822.37,819.54
2024-11-29,SBIN.NS,838.9500122070312,827.51,820.65
2024-12-02,SBIN.NS,836.4000244140625,835.46,821.5
2024-12-03,SBIN.NS,853.9500122070312,840.87,822.62
2024-12-04,SBIN.NS,859.7000122070312,843.05,824.14
2024-12-05,SBIN.NS,865.4500122070312,846.77,826.64
2024-12-06,SBIN.NS,863.6500244140625,850.99,829.23
2024-12-09,SBIN.NS,858.0499877929688,853.74,831.35
2024-12-10,SBIN.NS,867.5,857.81,834.23
2024-12-11,SBIN.NS,861.5999755859375,861.41,836.55
2024-12-12,SBIN.NS,853.7000122070312,861.38,837.25
2024-12-13,SBIN.NS,861.5499877929688,861.64,838.56
2024-12-16,SBIN.NS,860.9500122070312,861.0,839.91
2024-12-17,SBIN.NS,850.5499877929688,859.13,840.89
2024-12-18,SBIN.NS,838.1500244140625,856.29,841.17
2024-12-19,SBIN.NS,832.7999877929688,851.33,840.62
2024-12-20,SBIN.NS,812.0,844.24,839.2
2024-12-23,SBIN.NS,821.1500244140625,839.59,837.91
2024-12-24,SBIN.NS,812.0499877929688,832.52,836.88
2024-12-26,SBIN.NS,812.4500122070312,825.59,835.7
2024-12-27,SBIN.NS,799.6500244140625,818.32,834.8
2024-12-30,SBIN.NS,788.2999877929688,811.2,834.12
2024-12-31,SBIN.NS,794.9500122070312,805.79,833.81
2025-01-01,SBIN.NS,793.2000122070312,803.11,833.11
2025-01-02,SBIN.NS,801.2000122070312,800.26,833.05
2025-01-03,SBIN.NS,793.4000244140625,797.59,833.47
2025-01-06,SBIN.NS,776.4000244140625,792.44,832.15
2025-01-07,SBIN.NS,778.75,789.46,829.96
2025-01-08,SBIN.NS,771.1500244140625,787.01,827.69
2025-01-09,SBIN.NS,760.4500122070312,782.08,825.23
2025-01-10,SBIN.NS,743.25,774.94,822.04
2025-01-13,SBIN.NS,729.5,764.7,818.4
2025-01-14,SBIN.NS,748.1500244140625,758.24,815.45
2025-01-15,SBIN.NS,753.7000122070312,754.99,812.11
2025-01-16,SBIN.NS,766.2999877929688,753.21,809.0
2025-01-17,SBIN.NS,764.0999755859375,752.21,805.62
2025-01-20,SBIN.NS,779.25,754.89,802.81
2025-01-21,SBIN.NS,759.0499877929688,757.15,799.51
2025-01-22,SBIN.NS,753.4500122070312,760.57,795.71
2025-01-23,SBIN.NS,745.9000244140625,760.25,791.85
2025-01-24,SBIN.NS,744.1500244140625,758.89,788.2
2025-01-27,SBIN.NS,749.2000122070312,756.44,784.45
2025-01-28,SBIN.NS,752.4000244140625,754.77,780.83
2025-01-29,SBIN.NS,758.4500122070312,751.8,777.76
2025-01-30,SBIN.NS,762.5999755859375,752.31,775.25
2025-01-31,SBIN.NS,772.9000244140625,755.09,773.25
2025-02-01,SBIN.NS,766.0,757.96,771.72
2025-02-03,SBIN.NS,760.9500122070312,760.36,769.71
2025-02-04,SBIN.NS,779.2000122070312,764.64,768.61
2025-02-05,SBIN.NS,766.0499877929688,766.59,767.07
2025-02-06,SBIN.NS,752.25,765.71,765.49
2025-02-07,SBIN.NS,737.2000122070312,762.08,763.78
2025-02-10,SBIN.NS,736.7999877929688,756.92,761.85
2025-02-11,SBIN.NS,731.0999755859375,751.94,759.78
2025-02-12,SBIN.NS,733.1500244140625,747.96,757.51
2025-02-13,SBIN.NS,727.6500244140625,740.6,755.32
2025-02-14,SBIN.NS,722.1500244140625,734.33,753.51
2025-02-17,SBIN.NS,727.7000122070312,730.82,751.81
2025-02-18,SBIN.NS,725.7999877929688,729.19,750.29
2025-02-19,SBIN.NS,727.2999877929688,727.84,749.19
2025-02-20,SBIN.NS,729.7000122070312,727.64,748.74
2025-02-21,SBIN.NS,722.0,726.04,748.49
2025-02-24,SBIN.NS,716.4000244140625,724.44,747.43
2025-02-25,SBIN.NS,710.9000244140625,722.83,746.0
2025-02-27,SBIN.NS,703.9000244140625,719.43,743.92
2025-02-28,SBIN.NS,688.7999877929688,714.14,741.41
2025-03-03,SBIN.NS,695.2999877929688,709.57,738.61
2025-03-04,SBIN.NS,716.0499877929688,707.62,737.18
2025-03-05,SBIN.NS,730.3499755859375,708.81,736.41
2025-03-06,SBIN.NS,732.0499877929688,711.05,735.95
2025-03-07,SBIN.NS,732.75,714.17,735.57
2025-03-10,SBIN.NS,728.9000244140625,717.74,734.89
2025-03-11,SBIN.NS,729.8499755859375,723.61,734.14
2025-03-12,SBIN.NS,723.0499877929688,727.57,732.96
2025-03-13,SBIN.NS,727.8499755859375,729.26,731.8
2025-03-17,SBIN.NS,723.1500244140625,728.23,730.14
2025-03-18,SBIN.NS,723.1500244140625,726.96,728.72
2025-03-19,SBIN.NS,745.0999755859375,728.72,728.19
2025-03-20,SBIN.NS,749.5499877929688,731.67,727.2
2025-03-21,SBIN.NS,753.2000122070312,735.01,726.77
2025-03-24,SBIN.NS,780.7999877929688,743.26,727.72
2025-03-25,SBIN.NS,772.8499755859375,749.69,728.91
2025-03-26,SBIN.NS,764.0,755.52,729.82
2025-03-27,SBIN.NS,772.2999877929688,762.54,731.19
2025-03-28,SBIN.NS,771.5,766.31,732.47
2025-04-01,SBIN.NS,771.7000122070312,769.48,733.94
2025-04-02,SBIN.NS,775.9500122070312,772.73,735.73
2025-04-03,SBIN.NS,779.2000122070312,772.5,737.45
2025-04-04,SBIN.NS,767.4500122070312,771.73,738.83
2025-04-07,SBIN.NS,746.9000244140625,769.29,739.49
2025-04-08,SBIN.NS,768.5999755859375,768.76,740.78
2025-04-09,SBIN.NS,742.2000122070312,764.57,741.46
2025-04-11,SBIN.NS,753.8499755859375,762.02,742.71
2025-04-15,SBIN.NS,763.5,760.24,744.46
2025-04-16,SBIN.NS,771.75,759.18,746.72
2025-04-17,SBIN.NS,797.4500122070312,763.46,750.34
2025-04-21,SBIN.NS,816.7000122070312,773.44,754.39
2025-04-22,SBIN.NS,822.4000244140625,781.12,757.93
2025-04-23,SBIN.NS,813.4500122070312,791.3,760.71
2025-04-24,SBIN.NS,813.4000244140625,799.81,763.42
2025-04-25,SBIN.NS,798.6500244140625,804.83,765.61
2025-04-28,SBIN.NS,817.3499755859375,811.34,768.56
2025-04-29,SBIN.NS,812.5499877929688,813.5,771.32
2025-04-30,SBIN.NS,788.6500244140625,809.49,773.51
2025-05-02,SBIN.NS,796.7000122070312,805.82,775.8
2025-05-05,SBIN.NS,790.0,802.47,778.03
2025-05-06,SBIN.NS,774.0999755859375,796.86,779.73
2025-05-07,SBIN.NS,776.0999755859375,793.64,780.76
2025-05-08,SBIN.NS,769.0,786.73,781.41
2025-05-09,SBIN.NS,779.25,781.97,782.28
2025-05-12,SBIN.NS,801.6500244140625,783.83,782.97
2025-05-13,SBIN.NS,801.75,784.55,783.94
2025-05-14,SBIN.NS,800.7000122070312,786.08,785.16
2025-05-15,SBIN.NS,807.75,790.89,786.34
2025-05-16,SBIN.NS,792.0999755859375,793.17,787.03
2025-05-19,SBIN.NS,795.0,796.89,787.8
2025-05-20,SBIN.NS,785.6500244140625,797.8,788.13
2025-05-21,SBIN.NS,787.0999755859375,795.72,788.39
2025-05-22,SBIN.NS,785.25,793.36,788.98
2025-05-23,SBIN.NS,790.5,791.91,790.44
2025-05-26,SBIN.NS,794.4000244140625,790.0,791.3
2025-05-27,SBIN.NS,793.7000122070312,790.23,793.01
2025-05-28,SBIN.NS,796.5499877929688,790.45,794.44
2025-05-29,SBIN.NS,797.3499755859375,792.12,795.57
2025-05-30,SBIN.NS,812.2999877929688,795.72,796.92
2025-06-02,SBIN.NS,813.6500244140625,799.78,797.46
2025-06-03,SBIN.NS,809.7999877929688,802.54,797.23
2025-06-04,SBIN.NS,806.5,804.26,796.7
2025-06-05,SBIN.NS,806.0,806.02,796.45
2025-06-06,SBIN.NS,813.0499877929688,808.38,796.44
2025-06-09,SBIN.NS,820.0499877929688,811.62,797.15
2025-06-10,SBIN.NS,817.0499877929688,812.3,797.14
2025-06-11,SBIN.NS,815.0499877929688,812.5,797.22
2025-06-12,SBIN.NS,805.9500122070312,811.95,797.8
2025-06-13,SBIN.NS,792.3499755859375,809.93,797.65
2025-06-16,SBIN.NS,792.5,808.0,797.74
2025-06-17,SBIN.NS,792.2999877929688,805.04,798.34
2025-06-18,SBIN.NS,791.9000244140625,801.01,798.87
2025-06-19,SBIN.NS,785.0999755859375,796.45,799.41
2025-06-20,SBIN.NS,796.1500244140625,793.75,799.97
2025-06-23,SBIN.NS,790.2000122070312,791.5,799.59
2025-06-24,SBIN.NS,795.4000244140625,791.94,799.38
2025-06-25,SBIN.NS,800.0499877929688,793.01,799.36
2025-06-26,SBIN.NS,797.0499877929688,793.69,799.0
2025-06-27,SBIN.NS,805.4000244140625,795.62,799.44
2025-06-30,SBIN.NS,820.3499755859375,800.66,800.29
2025-07-01,SBIN.NS,820.2999877929688,804.11,801.44
2025-07-02,SBIN.NS,812.9000244140625,807.35,802.3
2025-07-03,SBIN.NS,807.0999755859375,809.02,803.03
2025-07-04,SBIN.NS,811.8499755859375,810.71,803.74
2025-07-07,SBIN.NS,806.8499755859375,812.11,804.16
2025-07-08,SBIN.NS,812.6500244140625,813.14,804.79
2025-07-09,SBIN.NS,810.9500122070312,811.8,805.27
2025-07-10,SBIN.NS,808.0,810.04,805.62
2025-07-11,SBIN.NS,808.6500244140625,809.44,805.5
2025-07-14,SBIN.NS,808.8499755859375,809.69,805.34
2025-07-15,SBIN.NS,816.4500122070312,810.34,805.56
2025-07-16,SBIN.NS,831.7000122070312,813.89,806.4
2025-07-17,SBIN.NS,829.0,816.23,807.17
2025-07-18,SBIN.NS,823.3499755859375,818.0,807.51
2025-07-21,SBIN.NS,824.2000122070312,820.31,807.65
2025-07-22,SBIN.NS,815.0,821.22,807.58
2025-07-23,SBIN.NS,820.6500244140625,822.91,807.77
2025-07-24,SBIN.NS,815.7000122070312,822.8,808.1
2025-07-25,SBIN.NS,806.5499877929688,819.21,808.57
2025-07-28,SBIN.NS,797.1500244140625,814.66,808.73
2025-07-29,SBIN.NS,799.2000122070312,811.21,808.96
2025-07-30,SBIN.NS,801.6500244140625,807.99,809.28
2025-07-31,SBIN.NS,796.5499877929688,805.35,809.66
2025-08-01,SBIN.NS,794.0,801.54,809.59
2025-08-04,SBIN.NS,795.7000122070312,798.69,809.77
2025-08-05,SBIN.NS,800.5999755859375,797.84,809.95
2025-08-06,SBIN.NS,805.1500244140625,798.98,810.12
2025-08-07,SBIN.NS,805.1500244140625,799.83,810.39
2025-08-08,SBIN.NS,804.2999877929688,800.21,810.35
2025-08-11,SBIN.NS,823.4500122070312,804.05,810.45
2025-08-12,SBIN.NS,820.5999755859375,807.85,810.46
2025-08-13,SBIN.NS,821.8499755859375,811.59,810.76
2025-08-14,SBIN.NS,826.5499877929688,815.29,811.41
2025-08-18,SBIN.NS,827.6500244140625,818.51,811.94
2025-08-19,SBIN.NS,830.4000244140625,822.11,812.72
2025-08-20,SBIN.NS,828.9500122070312,825.64,813.27
2025-08-21,SBIN.NS,825.7000122070312,825.96,813.76
2025-08-22,SBIN.NS,816.25,825.34,814.03
2025-08-25,SBIN.NS,816.4500122070312,824.56,814.29
2025-08-26,SBIN.NS,807.8499755859375,821.89,814.26
2025-08-28,SBIN.NS,801.9500122070312,818.22,813.78
2025-08-29,SBIN.NS,802.5,814.24,812.8
2025-09-01,SBIN.NS,806.0499877929688,810.96,812.04
2025-09-02,SBIN.NS,803.9000244140625,807.85,811.39
2025-09-03,SBIN.NS,812.1500244140625,807.26,810.99
2025-09-04,SBIN.NS,809.4000244140625,806.26,810.8
2025-09-05,SBIN.NS,806.5999755859375,806.08,810.33
2025-09-08,SBIN.NS,808.7999877929688,807.06,810.1
2025-09-09,SBIN.NS,808.8499755859375,807.96,810.18
2025-09-10,SBIN.NS,818.2000122070312,809.7,810.88
2025-09-11,SBIN.NS,823.6500244140625,812.52,811.7
2025-09-12,SBIN.NS,823.5499877929688,814.15,812.43
2025-09-15,SBIN.NS,824.75,816.34,813.37
2025-09-16,SBIN.NS,831.5499877929688,819.91,814.62
2025-09-17,SBIN.NS,857.1500244140625,826.81,816.67
2025-09-18,SBIN.NS,854.3499755859375,833.31,818.46
2025-09-19,SBIN.NS,862.3499755859375,839.62,820.36
2025-09-22,SBIN.NS,855.25,844.14,822.03
2025-09-23,SBIN.NS,870.5999755859375,850.86,824.24
2025-09-24,SBIN.NS,866.2000122070312,856.78,825.67
2025-09-25,SBIN.NS,861.1500244140625,861.01,827.02
2025-09-26,SBIN.NS,856.9500122070312,860.98,828.19
2025-09-29,SBIN.NS,870.75,863.32,829.66
2025-09-30,SBIN.NS,872.4500122070312,864.76,831.16
2025-10-01,SBIN.NS,864.0999755859375,866.03,832.28
2025-10-03,SBIN.NS,867.2999877929688,865.56,833.56
2025-10-06,SBIN.NS,874.0499877929688,866.68,835.17
2025-10-07,SBIN.NS,864.7000122070312,867.19,836.78
2025-10-08,SBIN.NS,858.25,867.37,838.18
2025-10-09,SBIN.NS,862.0999755859375,866.14,839.99
2025-10-10,SBIN.NS,880.6500244140625,867.31,842.61
2025-10-13,SBIN.NS,882.9500122070312,870.0,845.29
2025-10-14,SBIN.NS,876.9500122070312,871.38,847.66
2025-10-15,SBIN.NS,886.0999755859375,873.1,850.39
2025-10-16,SBIN.NS,886.9500122070312,876.28,852.89
2025-10-17,SBIN.NS,889.1500244140625,880.69,855.55
2025-10-20,SBIN.NS,907.5,887.18,858.91
2025-10-21,SBIN.NS,907.8499755859376,891.06,862.21
2025-10-23,SBIN.NS,911.5499877929688,895.15,865.63
2025-10-24,SBIN.NS,904.5,899.09,868.51
2025-10-27,SBIN.NS,922.75,904.32,871.81
2025-10-28,SBIN.NS,930.25,910.51,875.37
2025-10-29,SBIN.NS,939.75,917.74,879.2
2025-10-30,SBIN.NS,934.3499755859376,921.57,882.63
2025-10-31,SBIN.NS,937.0,925.74,885.29
2025-11-03,SBIN.NS,949.7000122070312,931.19,888.47
2025-11-04,SBIN.NS,957.5999755859376,938.77,891.65
2025-11-06,SBIN.NS,960.75,944.2,895.16
2025-11-07,SBIN.NS,955.8499755859376,947.86,898.0
2025-11-10,SBIN.NS,951.1500244140624,949.49,900.84
2025-11-11,SBIN.NS,953.2999877929688,952.19,903.91
2025-11-12,SBIN.NS,957.1500244140624,955.07,907.25
2025-11-13,SBIN.NS,954.0,955.69,910.02
2025-11-14,SBIN.NS,967.8499755859376,957.15,913.2
2025-11-17,SBIN.NS,973.3499755859376,958.95,916.84
2025-11-18,SBIN.NS,972.4500122070312,961.32,920.35
2025-11-19,SBIN.NS,982.75,965.84,923.97
2025-11-20,SBIN.NS,981.5499877929688,969.87,927.87
2025-11-21,SBIN.NS,972.5999755859376,972.08,931.68
2025-11-24,SBIN.NS,970.5999755859376,974.45,935.3
2025-11-25,SBIN.NS,983.5999755859376,976.7,938.73
2025-11-26,SBIN.NS,983.9000244140624,978.21,942.09
2025-11-27,SBIN.NS,972.8499755859376,978.26,945.29
2025-11-28,SBIN.NS,979.0,977.73,948.39
2025-12-01,SBIN.NS,973.0999755859376,976.52,951.26
2025-12-02,SBIN.NS,967.2999877929688,975.76,953.86
2025-12-03,SBIN.NS,951.0499877929688,972.97,955.31
2025-12-04,SBIN.NS,948.0999755859376,967.9,956.66
2025-12-05,SBIN.NS,971.5,966.13,958.65
2025-12-08,SBIN.NS,956.4000244140624,963.78,960.38
2025-12-09,SBIN.NS,959.3499755859376,960.97,961.6
2025-12-10,SBIN.NS,959.75,959.06,962.59
2025-12-11,SBIN.NS,963.25,958.49,963.37
2025-12-12,SBIN.NS,963.1500244140624,960.21,964.33
2025-12-15,SBIN.NS,967.25,962.95,965.34
2025-12-16,SBIN.NS,961.1500244140624,961.47,965.72
2025-12-17,SBIN.NS,975.8499755859376,964.25,966.33
2025-12-18,SBIN.NS,977.5499877929688,966.85,966.89
2025-12-19,SBIN.NS,980.2999877929688,969.79,967.7
2025-12-22,SBIN.NS,974.2999877929688,971.36,968.48
2025-12-23,SBIN.NS,971.9000244140624,972.61,969.1
2025-12-24,SBIN.NS,968.9500122070312,972.86,969.49
2025-12-26,SBIN.NS,966.2999877929688,973.59,969.9
2025-12-29,SBIN.NS,965.0499877929688,972.05,969.81
2025-12-30,SBIN.NS,973.4500122070312,971.46,969.81
2025-12-31,SBIN.NS,982.2000122070312,971.74,970.13
2026-01-01,SBIN.NS,984.75,973.23,970.2
2026-01-02,SBIN.NS,998.9500122070312,977.09,970.78
2026-01-05,SBIN.NS,1005.5499877929688,982.32,971.88
2026-01-06,SBIN.NS,1018.9000244140624,989.84,973.49
2026-01-07,SBIN.NS,1007.1500244140624,995.85,974.27
2026-01-08,SBIN.NS,998.0,999.36,974.74
2026-01-09,SBIN.NS,1000.5,1001.97,975.67
2026-01-12,SBIN.NS,1015.1500244140624,1006.31,976.87
2026-01-13,SBIN.NS,1028.449951171875,1010.53,978.72
2026-01-14,SBIN.NS,1028.3499755859375,1013.79,980.75
2026-01-15,SBIN.NS,1028.3499755859375,1015.14,983.33
2026-01-16,SBIN.NS,1042.300048828125,1020.16,986.47
2026-01-19,SBIN.NS,1038.4000244140625,1025.93,988.7
2026-01-20,SBIN.NS,1036.4000244140625,1031.06,991.37
2026-01-21,SBIN.NS,1028.6500244140625,1032.99,993.68
2026-01-22,SBIN.NS,1048.3499755859375,1035.83,996.63
2026-01-23,SBIN.NS,1029.5,1035.99,998.84
2026-01-27,SBIN.NS,1053.1500244140625,1039.54,1001.84
2026-01-28,SBIN.NS,1063.5,1042.56,1005.05
2026-01-29,SBIN.NS,1066.199951171875,1046.54,1008.55
2026-01-30,SBIN.NS,1077.1500244140625,1052.36,1011.92
2026-02-02,SBIN.NS,1028.699951171875,1052.36,1013.63
2026-02-03,SBIN.NS,1064.199951171875,1054.63,1016.42
2026-02-04,SBIN.NS,1068.199951171875,1060.16,1019.55
2026-02-05,SBIN.NS,1073.5,1063.06,1022.94
2026-02-06,SBIN.NS,1066.4000244140625,1063.48,1026.19
2026-02-09,SBIN.NS,1146.0,1074.88,1032.18
2026-02-10,SBIN.NS,1144.0999755859375,1084.44,1038.15
2026-02-11,SBIN.NS,1182.9000244140625,1106.47,1045.13
2026-02-12,SBIN.NS,1192.4000244140625,1124.79,1052.14
2026-02-13,SBIN.NS,1198.5999755859375,1143.41,1059.26
2026-02-16,SBIN.NS,1208.0999755859375,1162.64,1066.24
2026-02-17,SBIN.NS,1213.4000244140625,1183.64,1073.16
2026-02-18,SBIN.NS,1218.9000244140625,1194.06,1079.83
2026-02-19,SBIN.NS,1205.699951171875,1202.86,1086.45
2026-02-20,SBIN.NS,1216.0999755859375,1207.6,1093.72
2026-02-23,SBIN.NS,1227.800048828125,1212.66,1101.3
2026-02-24,SBIN.NS,1223.300048828125,1216.19,1108.23
2026-02-25,SBIN.NS,1200.0999755859375,1215.04,1113.96
2026-02-26,SBIN.NS,1209.5,1214.49,1119.99
2026-02-27,SBIN.NS,1201.699951171875,1212.03,1125.77
2026-03-02,SBIN.NS,1189.9000244140625,1209.77,1130.69
2026-03-04,SBIN.NS,1174.5,1203.83,1135.23
2026-03-05,SBIN.NS,1169.5,1195.5,1139.67
2026-03-06,SBIN.NS,1143.0,1184.03,1143.48
2026-03-09,SBIN.NS,1098.5,1169.51,1145.15
2026-03-10,SBIN.NS,1112.199951171875,1155.61,1147.91
2026-03-11,SBIN.NS,1091.0999755859375,1139.81,1149.17
2026-03-12,SBIN.NS,1085.199951171875,1124.86,1149.89
2026-03-13,SBIN.NS,1047.0,1106.64,1149.25
2026-03-16,SBIN.NS,1066.699951171875,1091.96,1148.91
2026-03-17,SBIN.NS,1064.699951171875,1080.77,1150.11
2026-03-18,SBIN.NS,1069.800048828125,1076.67,1150.29
2026-03-19,SBIN.NS,1048.9000244140625,1067.63,1149.65
2026-03-20,SBIN.NS,1058.0,1062.9,1149.13
2026-03-23,SBIN.NS,1031.9000244140625,1055.29,1147.98
2026-03-24,SBIN.NS,1030.800048828125,1052.97,1144.14
2026-03-25,SBIN.NS,1060.5999755859375,1052.1,1141.36
2026-03-27,SBIN.NS,1019.5,1045.64,1135.91
2026-03-30,SBIN.NS,979.4000244140624,1032.73,1128.81
2026-04-01,SBIN.NS,1017.7999877929688,1028.29,1122.79
2026-04-02,SBIN.NS,1018.4000244140624,1022.63,1116.46
2026-04-06,SBIN.NS,1032.75,1022.75,1110.44
2026-04-07,SBIN.NS,1030.4000244140625,1022.69,1104.16
2026-04-08,SBIN.NS,1061.449951171875,1022.81,1099.35
2026-04-09,SBIN.NS,1040.949951171875,1025.88,1093.51
2026-04-10,SBIN.NS,1066.699951171875,1038.35,1088.14
2026-04-13,SBIN.NS,1063.550048828125,1044.89,1082.82
2026-04-15,SBIN.NS,1071.5,1052.47,1078.53
2026-04-16,SBIN.NS,1067.1500244140625,1057.39,1073.78
2026-04-17,SBIN.NS,1080.25,1064.51,1069.74
2026-04-20,SBIN.NS,1107.8499755859375,1071.14,1067.0
2026-04-21,SBIN.NS,1111.8499755859375,1081.26,1064.91
2026-04-22,SBIN.NS,1103.300048828125,1086.49,1062.71
2026-04-23,SBIN.NS,1094.25,1090.88,1061.08
2026-04-24,SBIN.NS,1101.0999755859375,1095.11,1061.17
2026-04-27,SBIN.NS,1111.8499755859375,1101.49,1061.16
2026-04-28,SBIN.NS,1091.300048828125,1103.07,1061.16
2026-04-29,SBIN.NS,1086.9000244140625,1100.08,1061.22
2026-04-30,SBIN.NS,1068.449951171875,1093.88,1061.93
2026-05-01,SBIN.NS,1068.449951171875,1088.9,1061.99
2026-05-04,SBIN.NS,1068.4000244140625,1085.21,1062.12
2026-05-05,SBIN.NS,1059.9000244140625,1079.32,1061.79
2026-05-06,SBIN.NS,1096.0,1077.06,1063.36
2026-05-07,SBIN.NS,1092.0,1077.16,1064.49
2026-05-08,SBIN.NS,1019.2999877929688,1067.5,1064.07
2026-05-11,SBIN.NS,973.5999755859376,1053.95,1062.16
2026-05-12,SBIN.NS,974.5999755859376,1040.54,1059.3
2026-05-13,SBIN.NS,970.0999755859376,1026.5,1057.65
2026-05-14,SBIN.NS,979.9000244140624,1015.07,1057.67
2026-05-15,SBIN.NS,963.2000122070312,996.1,1055.85
2026-05-18,SBIN.NS,939.4000244140624,974.3,1053.21
2026-05-19,SBIN.NS,948.7999877929688,964.23,1050.41
2026-05-20,SBIN.NS,950.9000244140624,960.99,1047.76
2026-05-21,SBIN.NS,950.9000244140624,957.6,1044.08
2026-05-22,SBIN.NS,949.2000122070312,954.61,1041.02
2026-05-25,SBIN.NS,969.5999755859376,953.14,1037.79
2026-05-26,SBIN.NS,968.5,953.9,1034.62
2026-05-27,SBIN.NS,967.7999877929688,957.96,1031.16
2026-05-29,SBIN.NS,964.4000244140624,960.19,1027.73
2023-05-29,TCS.NS,3320.35009765625,3320.35,3320.35
2023-05-30,TCS.NS,3316.199951171875,3318.28,3318.28
2023-05-31,TCS.NS,3289.5,3308.68,3308.68
2023-06-01,TCS.NS,3324.0,3312.51,3312.51
2023-06-02,TCS.NS,3305.60009765625,3311.13,3311.13
2023-06-05,TCS.NS,3288.89990234375,3307.43,3307.43
2023-06-06,TCS.NS,3232.300048828125,3296.69,3296.69
2023-06-07,TCS.NS,3274.89990234375,3290.2,3293.97
2023-06-08,TCS.NS,3236.449951171875,3278.81,3287.58
2023-06-09,TCS.NS,3209.300048828125,3267.35,3279.75
2023-06-12,TCS.NS,3246.89990234375,3256.34,3276.76
2023-06-13,TCS.NS,3243.699951171875,3247.49,3274.01
2023-06-14,TCS.NS,3251.050048828125,3242.09,3272.24
2023-06-15,TCS.NS,3216.300048828125,3239.8,3268.25
2023-06-16,TCS.NS,3174.89990234375,3225.51,3262.02
2023-06-19,TCS.NS,3210.39990234375,3221.79,3258.8
2023-06-20,TCS.NS,3227.699951171875,3224.42,3256.97
2023-06-21,TCS.NS,3258.199951171875,3226.04,3257.04
2023-06-22,TCS.NS,3238.5,3225.29,3256.06
2023-06-23,TCS.NS,3216.35009765625,3220.34,3254.07
2023-06-26,TCS.NS,3189.64990234375,3216.53,3251.01
2023-06-27,TCS.NS,3197.35009765625,3219.74,3248.57
2023-06-28,TCS.NS,3215.449951171875,3220.46,3247.13
2023-06-30,TCS.NS,3302.25,3231.11,3249.42
2023-07-03,TCS.NS,3272.300048828125,3233.12,3250.34
2023-07-04,TCS.NS,3308.85009765625,3243.17,3252.59
2023-07-05,TCS.NS,3319.949951171875,3257.97,3255.09
2023-07-06,TCS.NS,3322.89990234375,3277.01,3257.51
2023-07-07,TCS.NS,3329.25,3295.85,3259.98
2023-07-10,TCS.NS,3271.949951171875,3303.92,3260.38
2023-07-11,TCS.NS,3272.39990234375,3299.66,3258.78
2023-07-12,TCS.NS,3259.89990234375,3297.89,3256.9
2023-07-13,TCS.NS,3340.550048828125,3302.41,3258.61
2023-07-14,TCS.NS,3514.64990234375,3330.23,3264.96
2023-07-17,TCS.NS,3491.699951171875,3354.34,3271.16
2023-07-18,TCS.NS,3496.85009765625,3378.29,3278.1
2023-07-19,TCS.NS,3470.050048828125,3406.59,3286.02
2023-07-20,TCS.NS,3463.300048828125,3433.86,3292.3
2023-07-21,TCS.NS,3368.300048828125,3449.34,3296.7
2023-07-24,TCS.NS,3394.75,3457.09,3302.88
2023-07-25,TCS.NS,3399.14990234375,3440.59,3307.95
2023-07-26,TCS.NS,3388.300048828125,3425.81,3312.77
2023-07-27,TCS.NS,3396.89990234375,3411.54,3317.63
2023-07-28,TCS.NS,3355.39990234375,3395.16,3322.27
2023-07-31,TCS.NS,3421.449951171875,3389.18,3330.49
2023-08-01,TCS.NS,3452.050048828125,3401.14,3338.54
2023-08-02,TCS.NS,3440.64990234375,3407.7,3345.64
2023-08-03,TCS.NS,3399.949951171875,3407.81,3350.37
2023-08-04,TCS.NS,3443.550048828125,3415.71,3357.2
2023-08-07,TCS.NS,3484.050048828125,3428.16,3366.13
2023-08-08,TCS.NS,3470.60009765625,3444.61,3375.49
2023-08-09,TCS.NS,3462.5,3450.48,3384.33
2023-08-10,TCS.NS,3442.10009765625,3449.06,3391.88
2023-08-11,TCS.NS,3448.800048828125,3450.22,3396.77
2023-08-14,TCS.NS,3449.85009765625,3457.35,3402.69
2023-08-16,TCS.NS,3458.39990234375,3459.47,3407.67
2023-08-17,TCS.NS,3435.75,3452.57,3411.53
2023-08-18,TCS.NS,3367.10009765625,3437.79,3413.01
2023-08-21,TCS.NS,3401.64990234375,3429.09,3415.42
2023-08-22,TCS.NS,3382.14990234375,3420.53,3419.09
2023-08-23,TCS.NS,3398.25,3413.31,3423.29
2023-08-24,TCS.NS,3387.75,3404.44,3427.55
2023-08-25,TCS.NS,3381.300048828125,3393.42,3428.91
2023-08-28,TCS.NS,3375.550048828125,3384.82,3424.27
2023-08-29,TCS.NS,3376.14990234375,3386.11,3420.42
2023-08-30,TCS.NS,3390.949951171875,3384.59,3416.89
2023-08-31,TCS.NS,3356.800048828125,3380.96,3413.11
2023-09-01,TCS.NS,3379.199951171875,3378.24,3410.31
2023-09-04,TCS.NS,3418.5,3382.64,3411.98
2023-09-05,TCS.NS,3429.35009765625,3389.5,3413.14
2023-09-06,TCS.NS,3429.89990234375,3397.26,3414.16
2023-09-07,TCS.NS,3455.25,3408.56,3416.39
2023-09-08,TCS.NS,3441.89990234375,3415.84,3417.89
2023-09-11,TCS.NS,3480.64990234375,3433.54,3422.07
2023-09-12,TCS.NS,3580.800048828125,3462.34,3427.38
2023-09-13,TCS.NS,3567.85009765625,3483.67,3431.24
2023-09-14,TCS.NS,3560.050048828125,3502.34,3435.22
2023-09-15,TCS.NS,3598.300048828125,3526.4,3441.83
2023-09-18,TCS.NS,3606.14990234375,3547.96,3447.25
2023-09-20,TCS.NS,3606.050048828125,3571.41,3451.32
2023-09-21,TCS.NS,3585.300048828125,3586.36,3455.14
2023-09-22,TCS.NS,3603.64990234375,3589.62,3459.85
2023-09-25,TCS.NS,3577.14990234375,3590.95,3464.35
2023-09-26,TCS.NS,3585.699951171875,3594.61,3468.91
2023-09-27,TCS.NS,3589.300048828125,3593.33,3473.56
2023-09-28,TCS.NS,3536.75,3583.41,3476.17
2023-09-29,TCS.NS,3528.60009765625,3572.35,3479.27
2023-10-03,TCS.NS,3513.85009765625,3562.14,3484.16
2023-10-04,TCS.NS,3537.75,3552.73,3488.7
2023-10-05,TCS.NS,3589.35009765625,3554.47,3495.6
2023-10-06,TCS.NS,3621.39990234375,3559.57,3503.04
2023-10-09,TCS.NS,3638.35009765625,3566.58,3511.4
2023-10-10,TCS.NS,3628.89990234375,3579.74,3519.65
2023-10-11,TCS.NS,3609.89990234375,3591.36,3527.46
2023-10-12,TCS.NS,3542.550048828125,3595.46,3533.01
2023-10-13,TCS.NS,3570.85009765625,3600.19,3539.0
2023-10-16,TCS.NS,3524.050048828125,3590.86,3544.58
2023-10-17,TCS.NS,3507.050048828125,3574.52,3548.84
2023-10-18,TCS.NS,3487.25,3552.94,3551.13
2023-10-19,TCS.NS,3455.64990234375,3528.19,3552.01
2023-10-20,TCS.NS,3494.550048828125,3511.71,3554.16
2023-10-23,TCS.NS,3410.14990234375,3492.79,3552.66
2023-10-25,TCS.NS,3390.10009765625,3466.97,3550.93
2023-10-26,TCS.NS,3336.75,3440.21,3546.14
2023-10-27,TCS.NS,3350.949951171875,3417.91,3538.48
2023-10-30,TCS.NS,3378.550048828125,3402.39,3532.17
2023-10-31,TCS.NS,3368.75,3389.97,3525.79
2023-11-01,TCS.NS,3330.64990234375,3366.56,3516.87
2023-11-02,TCS.NS,3360.10009765625,3359.41,3508.67
2023-11-03,TCS.NS,3350.89990234375,3353.81,3500.16
2023-11-06,TCS.NS,3380.25,3360.02,3493.32
2023-11-07,TCS.NS,3370.449951171875,3362.81,3485.55
2023-11-08,TCS.NS,3381.550048828125,3363.24,3479.03
2023-11-09,TCS.NS,3347.449951171875,3360.19,3471.09
2023-11-10,TCS.NS,3333.449951171875,3360.59,3462.56
2023-11-13,TCS.NS,3331.550048828125,3356.51,3455.72
2023-11-15,TCS.NS,3404.300048828125,3364.14,3451.58
2023-11-16,TCS.NS,3497.85009765625,3380.94,3451.05
2023-11-17,TCS.NS,3502.449951171875,3399.8,3449.87
2023-11-20,TCS.NS,3519.60009765625,3419.52,3447.54
2023-11-21,TCS.NS,3510.199951171875,3442.77,3443.84
2023-11-22,TCS.NS,3530.14990234375,3470.87,3440.23
2023-11-23,TCS.NS,3508.25,3496.11,3436.21
2023-11-24,TCS.NS,3457.10009765625,3503.66,3431.12
2023-11-28,TCS.NS,3470.14990234375,3499.7,3428.7
2023-11-29,TCS.NS,3513.75,3501.31,3426.8
2023-11-30,TCS.NS,3487.60009765625,3496.74,3425.58
2023-12-01,TCS.NS,3511.64990234375,3496.95,3425.74
2023-12-04,TCS.NS,3512.449951171875,3494.42,3426.58
2023-12-05,TCS.NS,3531.60009765625,3497.76,3429.11
2023-12-06,TCS.NS,3604.10009765625,3518.76,3432.76
2023-12-07,TCS.NS,3614.89990234375,3539.44,3439.59
2023-12-08,TCS.NS,3626.699951171875,3555.57,3447.47
2023-12-11,TCS.NS,3642.89990234375,3577.76,3457.68
2023-12-12,TCS.NS,3672.10009765625,3600.68,3468.38
2023-12-13,TCS.NS,3593.550048828125,3612.26,3475.55
2023-12-14,TCS.NS,3667.25,3631.64,3485.5
2023-12-15,TCS.NS,3861.0,3668.34,3503.18
2023-12-18,TCS.NS,3859.199951171875,3703.24,3519.81
2023-12-19,TCS.NS,3816.199951171875,3730.31,3535.32
2023-12-20,TCS.NS,3780.050048828125,3749.91,3548.65
2023-12-21,TCS.NS,3787.5,3766.39,3562.55
2023-12-22,TCS.NS,3824.0,3799.31,3577.3
2023-12-26,TCS.NS,3795.550048828125,3817.64,3592.24
2023-12-27,TCS.NS,3811.199951171875,3810.53,3608.16
2023-12-28,TCS.NS,3799.89990234375,3802.06,3623.77
2023-12-29,TCS.NS,3793.39990234375,3798.8,3636.74
2024-01-01,TCS.NS,3811.10009765625,3803.24,3647.18
2024-01-02,TCS.NS,3783.199951171875,3802.62,3656.54
2024-01-03,TCS.NS,3691.75,3783.73,3662.28
2024-01-04,TCS.NS,3666.800048828125,3765.34,3667.5
2024-01-05,TCS.NS,3737.89990234375,3754.86,3674.43
2024-01-08,TCS.NS,3678.300048828125,3737.49,3680.09
2024-01-09,TCS.NS,3689.89990234375,3722.71,3687.85
2024-01-10,TCS.NS,3713.050048828125,3708.7,3695.95
2024-01-11,TCS.NS,3735.550048828125,3701.89,3703.34
2024-01-12,TCS.NS,3882.800048828125,3729.19,3716.52
2024-01-15,TCS.NS,3903.800048828125,3763.04,3729.59
2024-01-16,TCS.NS,3861.300048828125,3780.67,3741.22
2024-01-17,TCS.NS,3884.60009765625,3810.14,3752.99
2024-01-18,TCS.NS,3902.60009765625,3840.53,3762.94
2024-01-19,TCS.NS,3943.050048828125,3873.39,3773.87
2024-01-23,TCS.NS,3858.25,3890.91,3781.59
2024-01-24,TCS.NS,3841.800048828125,3885.06,3788.22
2024-01-25,TCS.NS,3810.300048828125,3871.7,3792.83
2024-01-29,TCS.NS,3801.0,3863.09,3799.74
2024-01-30,TCS.NS,3800.550048828125,3851.08,3804.19
2024-01-31,TCS.NS,3815.949951171875,3838.7,3802.69
2024-02-01,TCS.NS,3854.14990234375,3826.0,3802.52
2024-02-02,TCS.NS,3966.300048828125,3841.44,3807.52
2024-02-05,TCS.NS,3973.300048828125,3860.22,3813.96
2024-02-06,TCS.NS,4136.0,3906.75,3825.58
2024-02-07,TCS.NS,4083.39990234375,3947.09,3834.23
2024-02-08,TCS.NS,4134.10009765625,3994.74,3845.51
2024-02-09,TCS.NS,4133.7001953125,4040.14,3856.26
2024-02-12,TCS.NS,4120.7001953125,4078.21,3866.95
2024-02-13,TCS.NS,4149.5,4104.39,3878.82
2024-02-14,TCS.NS,4100.10009765625,4122.5,3888.46
2024-02-15,TCS.NS,4103.2001953125,4117.81,3899.12
2024-02-16,TCS.NS,4128.2998046875,4124.23,3913.68
2024-02-19,TCS.NS,4103.7998046875,4119.9,3928.24
2024-02-20,TCS.NS,4030.64990234375,4105.18,3938.0
2024-02-21,TCS.NS,3991.5,4086.72,3948.44
2024-02-22,TCS.NS,4087.10009765625,4077.81,3961.68
2024-02-23,TCS.NS,4052.10009765625,4070.95,3972.98
2024-02-26,TCS.NS,4001.050048828125,4056.36,3981.83
2024-02-27,TCS.NS,4104.39990234375,4052.94,3989.22
2024-02-28,TCS.NS,4118.9501953125,4055.11,3996.39
2024-02-29,TCS.NS,4095.10009765625,4064.31,4004.18
2024-03-01,TCS.NS,4094.35009765625,4079.01,4011.18
2024-03-04,TCS.NS,4080.699951171875,4078.09,4017.11
2024-03-05,TCS.NS,4012.10009765625,4072.38,4019.41
2024-03-06,TCS.NS,4064.300048828125,4081.41,4026.28
2024-03-07,TCS.NS,4108.60009765625,4082.01,4035.18
2024-03-11,TCS.NS,4122.35009765625,4082.5,4045.58
2024-03-12,TCS.NS,4192.25,4096.38,4058.62
2024-03-13,TCS.NS,4149.0,4104.19,4070.23
2024-03-14,TCS.NS,4207.60009765625,4122.31,4083.29
2024-03-15,TCS.NS,4219.25,4151.91,4095.46
2024-03-18,TCS.NS,4152.5,4164.51,4101.67
2024-03-19,TCS.NS,3977.300048828125,4145.75,4101.8
2024-03-20,TCS.NS,3970.89990234375,4124.11,4096.3
2024-03-21,TCS.NS,3972.949951171875,4092.79,4092.61
2024-03-22,TCS.NS,3910.89990234375,4058.77,4085.17
2024-03-26,TCS.NS,3877.5,4011.61,4076.63
2024-03-27,TCS.NS,3840.89990234375,3957.56,4067.31
2024-03-28,TCS.NS,3876.300048828125,3918.11,4058.2
2024-04-01,TCS.NS,3916.75,3909.46,4052.09
2024-04-02,TCS.NS,3883.800048828125,3897.01,4044.78
2024-04-03,TCS.NS,3947.300048828125,3893.35,4038.74
2024-04-04,TCS.NS,4003.300048828125,3906.55,4035.39
2024-04-05,TCS.NS,3979.25,3921.09,4033.68
2024-04-08,TCS.NS,3972.550048828125,3939.89,4033.05
2024-04-09,TCS.NS,3946.550048828125,3949.93,4028.36
2024-04-10,TCS.NS,3984.64990234375,3959.63,4026.11
2024-04-12,TCS.NS,4001.39990234375,3976.43,4026.13
2024-04-15,TCS.NS,3941.199951171875,3975.56,4020.69
2024-04-16,TCS.NS,3872.800048828125,3956.91,4012.48
2024-04-18,TCS.NS,3862.0,3940.16,4004.71
2024-04-19,TCS.NS,3826.199951171875,3919.26,3995.77
2024-04-22,TCS.NS,3864.60009765625,3907.55,3988.57
2024-04-23,TCS.NS,3874.699951171875,3891.84,3983.99
2024-04-24,TCS.NS,3831.050048828125,3867.51,3976.21
2024-04-25,TCS.NS,3852.199951171875,3854.79,3967.67
2024-04-26,TCS.NS,3821.35009765625,3847.44,3957.63
2024-04-29,TCS.NS,3870.199951171875,3848.61,3946.9
2024-04-30,TCS.NS,3820.64990234375,3847.82,3935.95
2024-05-02,TCS.NS,3863.300048828125,3847.64,3924.48
2024-05-03,TCS.NS,3843.39990234375,3843.16,3911.95
2024-05-06,TCS.NS,3921.050048828125,3856.02,3904.23
2024-05-07,TCS.NS,3978.949951171875,3874.13,3904.29
2024-05-08,TCS.NS,3976.949951171875,3896.36,3904.49
2024-05-09,TCS.NS,3960.199951171875,3909.21,3904.06
2024-05-10,TCS.NS,3893.89990234375,3919.68,3903.5
2024-05-13,TCS.NS,3947.800048828125,3931.75,3905.84
2024-05-14,TCS.NS,3901.199951171875,3940.01,3907.85
2024-05-15,TCS.NS,3880.39990234375,3934.2,3907.99
2024-05-16,TCS.NS,3900.949951171875,3923.06,3907.46
2024-05-17,TCS.NS,3834.10009765625,3902.65,3905.8
2024-05-21,TCS.NS,3820.199951171875,3882.65,3901.57
2024-05-22,TCS.NS,3832.0,3873.81,3895.86
2024-05-23,TCS.NS,3893.449951171875,3866.04,3893.0
2024-05-24,TCS.NS,3849.5,3858.66,3888.9
2024-05-27,TCS.NS,3847.050048828125,3853.89,3885.58
2024-05-28,TCS.NS,3839.89990234375,3845.17,3880.75
2024-05-29,TCS.NS,3803.64990234375,3840.82,3874.16
2024-05-30,TCS.NS,3736.10009765625,3828.81,3867.33
2024-05-31,TCS.NS,3670.949951171875,3805.8,3860.6
2024-06-03,TCS.NS,3702.85009765625,3778.57,3855.29
2024-06-04,TCS.NS,3715.0,3759.36,3851.59
2024-06-05,TCS.NS,3746.449951171875,3744.99,3847.65
2024-06-06,TCS.NS,3830.39990234375,3743.63,3846.17
2024-06-07,TCS.NS,3893.949951171875,3756.53,3848.27
2024-06-10,TCS.NS,3858.699951171875,3774.04,3848.48
2024-06-11,TCS.NS,3852.10009765625,3799.92,3849.51
2024-06-12,TCS.NS,3831.64990234375,3818.32,3848.22
2024-06-13,TCS.NS,3878.14990234375,3841.63,3850.14
2024-06-14,TCS.NS,3832.050048828125,3853.86,3849.1
2024-06-18,TCS.NS,3815.10009765625,3851.67,3848.16
2024-06-19,TCS.NS,3801.699951171875,3838.49,3844.18
2024-06-20,TCS.NS,3787.25,3828.29,3837.79
2024-06-21,TCS.NS,3810.75,3822.38,3832.25
2024-06-24,TCS.NS,3816.800048828125,3820.26,3827.47
2024-06-25,TCS.NS,3838.449951171875,3814.59,3825.62
2024-06-26,TCS.NS,3855.85009765625,3817.99,3822.55
2024-06-27,TCS.NS,3934.14990234375,3834.99,3823.65
2024-06-28,TCS.NS,3904.14990234375,3849.63,3824.44
2024-07-01,TCS.NS,3978.199951171875,3876.91,3827.02
2024-07-02,TCS.NS,4017.39990234375,3906.43,3833.13
2024-07-03,TCS.NS,3965.25,3927.64,3837.96
2024-07-04,TCS.NS,4020.949951171875,3953.71,3844.26
2024-07-05,TCS.NS,4011.800048828125,3975.99,3848.21
2024-07-08,TCS.NS,3993.199951171875,3984.42,3853.0
2024-07-09,TCS.NS,3985.5,3996.04,3857.61
2024-07-10,TCS.NS,3909.14990234375,3986.18,3859.92
2024-07-11,TCS.NS,3923.699951171875,3972.79,3863.92
2024-07-12,TCS.NS,4183.9501953125,4004.04,3878.85
2024-07-15,TCS.NS,4169.2001953125,4025.21,3895.46
2024-07-16,TCS.NS,4178.4501953125,4049.02,3911.31
2024-07-18,TCS.NS,4315.5498046875,4095.07,3931.33
2024-07-19,TCS.NS,4302.39990234375,4140.34,3949.86
2024-07-22,TCS.NS,4287.35009765625,4194.37,3965.09
2024-07-23,TCS.NS,4302.35009765625,4248.46,3978.71
2024-07-24,TCS.NS,4306.25,4265.94,3993.63
2024-07-25,TCS.NS,4322.5,4287.84,4009.31
2024-07-26,TCS.NS,4387.85009765625,4317.75,4027.85
2024-07-29,TCS.NS,4381.10009765625,4327.11,4044.61
2024-07-30,TCS.NS,4365.35009765625,4336.11,4062.39
2024-07-31,TCS.NS,4385.35009765625,4350.11,4081.4
2024-08-01,TCS.NS,4397.10009765625,4363.64,4101.24
2024-08-02,TCS.NS,4283.0498046875,4360.33,4117.77
2024-08-05,TCS.NS,4155.0498046875,4336.41,4129.25
2024-08-06,TCS.NS,4171.2001953125,4305.46,4141.06
2024-08-07,TCS.NS,4200.4501953125,4279.65,4153.13
2024-08-08,TCS.NS,4172.5498046875,4252.11,4163.68
2024-08-09,TCS.NS,4228.75,4229.74,4173.5
2024-08-12,TCS.NS,4195.64990234375,4200.96,4183.22
2024-08-13,TCS.NS,4196.9501953125,4188.66,4190.51
2024-08-14,TCS.NS,4295.25,4208.69,4199.77
2024-08-16,TCS.NS,4416.0498046875,4243.66,4214.8
2024-08-19,TCS.NS,4490.0,4285.03,4230.44
2024-08-20,TCS.NS,4523.2998046875,4335.14,4247.49
2024-08-21,TCS.NS,4551.5,4381.24,4266.1
2024-08-22,TCS.NS,4502.0,4425.01,4283.31
2024-08-23,TCS.NS,4463.89990234375,4463.14,4301.8
2024-08-26,TCS.NS,4502.4501953125,4492.74,4321.1
2024-08-27,TCS.NS,4497.14990234375,4504.33,4331.54
2024-08-28,TCS.NS,4506.0498046875,4506.62,4342.76
2024-08-29,TCS.NS,4511.7998046875,4504.98,4353.87
2024-08-30,TCS.NS,4553.75,4505.3,4361.81
2024-09-02,TCS.NS,4521.0498046875,4508.02,4369.1
2024-09-03,TCS.NS,4512.35009765625,4514.94,4376.6
2024-09-04,TCS.NS,4479.25,4511.63,4382.5
2024-09-05,TCS.NS,4475.9501953125,4508.6,4388.16
2024-09-06,TCS.NS,4456.75,4501.56,4392.63
2024-09-09,TCS.NS,4449.5498046875,4492.66,4394.69
2024-09-10,TCS.NS,4507.85009765625,4486.11,4398.91
2024-09-11,TCS.NS,4479.35009765625,4480.15,4402.71
2024-09-12,TCS.NS,4517.7001953125,4480.91,4407.12
2024-09-13,TCS.NS,4522.60009765625,4487.11,4411.31
2024-09-16,TCS.NS,4513.25,4492.44,4418.98
2024-09-17,TCS.NS,4505.64990234375,4499.42,4430.67
2024-09-18,TCS.NS,4346.14990234375,4484.65,4436.5
2024-09-19,TCS.NS,4296.14990234375,4454.41,4439.69
2024-09-20,TCS.NS,4284.89990234375,4426.63,4443.43
2024-09-23,TCS.NS,4268.5,4391.03,4444.76
2024-09-24,TCS.NS,4271.2998046875,4355.13,4447.28
2024-09-25,TCS.NS,4274.75,4321.06,4449.87
2024-09-26,TCS.NS,4292.5,4290.61,4449.78
2024-09-27,TCS.NS,4308.7001953125,4285.26,4446.2
2024-09-30,TCS.NS,4268.5,4281.31,4438.82
2024-10-01,TCS.NS,4287.89990234375,4281.74,4430.97
2024-10-03,TCS.NS,4232.75,4276.63,4420.35
2024-10-04,TCS.NS,4252.25,4273.91,4412.02
2024-10-07,TCS.NS,4272.85009765625,4273.64,4405.66
2024-10-08,TCS.NS,4253.25,4268.03,4397.35
2024-10-09,TCS.NS,4252.9501953125,4260.06,4389.21
2024-10-10,TCS.NS,4227.39990234375,4254.19,4379.92
2024-10-11,TCS.NS,4149.2001953125,4234.38,4367.84
2024-10-14,TCS.NS,4136.64990234375,4220.65,4353.93
2024-10-15,TCS.NS,4116.7998046875,4201.3,4340.46
2024-10-16,TCS.NS,4094.949951171875,4175.89,4326.54
2024-10-17,TCS.NS,4109.0,4155.28,4314.2
2024-10-18,TCS.NS,4123.0498046875,4136.72,4302.44
2024-10-21,TCS.NS,4079.85009765625,4115.64,4289.87
2024-10-22,TCS.NS,4015.5,4096.54,4275.41
2024-10-23,TCS.NS,4066.25,4086.49,4260.69
2024-10-24,TCS.NS,4047.89990234375,4076.64,4246.3
2024-10-25,TCS.NS,4057.550048828125,4071.3,4230.97
2024-10-28,TCS.NS,4090.85009765625,4068.71,4216.57
2024-10-29,TCS.NS,4075.25,4061.88,4201.97
2024-10-30,TCS.NS,4084.64990234375,4062.56,4187.94
2024-10-31,TCS.NS,3968.449951171875,4055.84,4175.35
2024-11-01,TCS.NS,3984.199951171875,4044.12,4164.95
2024-11-04,TCS.NS,3964.14990234375,4032.16,4154.26
2024-11-05,TCS.NS,3971.35009765625,4019.84,4144.36
2024-11-06,TCS.NS,4139.64990234375,4026.81,4139.97
2024-11-07,TCS.NS,4150.89990234375,4037.62,4135.84
2024-11-08,TCS.NS,4147.0,4046.53,4130.99
2024-11-11,TCS.NS,4198.7001953125,4079.42,4127.32
2024-11-12,TCS.NS,4197.39990234375,4109.88,4124.95
2024-11-13,TCS.NS,4150.35009765625,4136.48,4120.37
2024-11-14,TCS.NS,4145.89990234375,4161.41,4117.47
2024-11-18,TCS.NS,4019.5,4144.25,4109.71
2024-11-19,TCS.NS,4039.550048828125,4128.34,4101.94
2024-11-21,TCS.NS,4072.85009765625,4117.75,4095.92
2024-11-22,TCS.NS,4244.60009765625,4124.31,4095.65
2024-11-25,TCS.NS,4315.10009765625,4141.12,4098.57
2024-11-26,TCS.NS,4352.7001953125,4170.03,4105.35
2024-11-27,TCS.NS,4332.5498046875,4196.69,4111.88
2024-11-28,TCS.NS,4244.89990234375,4228.89,4116.15
2024-11-29,TCS.NS,4270.85009765625,4261.94,4122.02
2024-12-02,TCS.NS,4276.64990234375,4291.05,4127.6
2024-12-03,TCS.NS,4302.75,4299.36,4133.6
2024-12-04,TCS.NS,4354.39990234375,4304.97,4142.75
2024-12-05,TCS.NS,4464.0498046875,4320.88,4157.7
2024-12-06,TCS.NS,4445.5,4337.01,4170.34
2024-12-09,TCS.NS,4452.14990234375,4366.62,4183.81
2024-12-10,TCS.NS,4432.5498046875,4389.72,4196.31
2024-12-11,TCS.NS,4427.4501953125,4411.26,4207.53
2024-12-12,TCS.NS,4454.9501953125,4433.01,4220.19
2024-12-13,TCS.NS,4473.89990234375,4450.08,4233.17
2024-12-16,TCS.NS,4415.2001953125,4443.1,4248.06
2024-12-17,TCS.NS,4328.5,4426.39,4259.54
2024-12-18,TCS.NS,4347.85009765625,4411.49,4272.33
2024-12-19,TCS.NS,4271.89990234375,4388.54,4282.34
2024-12-20,TCS.NS,4170.2998046875,4351.8,4283.36
2024-12-23,TCS.NS,4158.2998046875,4309.42,4283.61
2024-12-24,TCS.NS,4179.5,4267.36,4284.69
2024-12-26,TCS.NS,4169.10009765625,4232.21,4283.71
2024-12-27,TCS.NS,4164.85009765625,4208.83,4282.62
2024-12-30,TCS.NS,4158.7998046875,4181.82,4282.9
2024-12-31,TCS.NS,4094.800048828125,4156.52,4281.2
2025-01-01,TCS.NS,4112.4501953125,4148.26,4284.3
2025-01-02,TCS.NS,4175.75,4150.75,4288.84
2025-01-03,TCS.NS,4099.89990234375,4139.38,4289.74
2025-01-06,TCS.NS,4095.0,4128.79,4284.75
2025-01-07,TCS.NS,4028.300048828125,4109.29,4275.19
2025-01-08,TCS.NS,4108.39990234375,4102.09,4267.05
2025-01-09,TCS.NS,4038.85009765625,4094.09,4257.26
2025-01-10,TCS.NS,4265.64990234375,4115.98,4257.95
2025-01-13,TCS.NS,4291.10009765625,4132.46,4258.63
2025-01-14,TCS.NS,4233.0498046875,4151.48,4257.17
2025-01-15,TCS.NS,4249.60009765625,4173.56,4255.4
2025-01-16,TCS.NS,4206.2998046875,4198.99,4250.47
2025-01-17,TCS.NS,4124.2998046875,4201.26,4239.14
2025-01-20,TCS.NS,4077.800048828125,4206.83,4226.88
2025-01-21,TCS.NS,4035.85009765625,4174.0,4213.01
2025-01-22,TCS.NS,4156.60009765625,4154.79,4203.81
2025-01-23,TCS.NS,4145.4501953125,4142.27,4194.41
2025-01-24,TCS.NS,4152.35009765625,4128.38,4184.32
2025-01-27,TCS.NS,4065.14990234375,4108.21,4170.7
2025-01-28,TCS.NS,4040.300048828125,4096.21,4158.2
2025-01-29,TCS.NS,4099.7998046875,4099.36,4150.58
2025-01-30,TCS.NS,4100.0498046875,4108.53,4142.32
2025-01-31,TCS.NS,4112.39990234375,4102.21,4137.0
2025-02-01,TCS.NS,4073.14990234375,4091.89,4133.76
2025-02-03,TCS.NS,4068.64990234375,4079.93,4130.77
2025-02-04,TCS.NS,4107.0498046875,4085.91,4128.36
2025-02-05,TCS.NS,4091.10009765625,4093.17,4125.76
2025-02-06,TCS.NS,4082.75,4090.74,4123.02
2025-02-07,TCS.NS,4029.39990234375,4080.64,4118.71
2025-02-10,TCS.NS,4036.949951171875,4069.86,4116.78
2025-02-11,TCS.NS,3963.550048828125,4054.21,4111.82
2025-02-12,TCS.NS,3950.14990234375,4037.28,4104.3
2025-02-13,TCS.NS,3910.14990234375,4009.15,4097.97
2025-02-14,TCS.NS,3934.85009765625,3986.83,4092.63
2025-02-17,TCS.NS,3904.5,3961.36,4088.51
2025-02-18,TCS.NS,3873.199951171875,3939.05,4080.67
2025-02-19,TCS.NS,3784.10009765625,3902.93,4072.18
2025-02-20,TCS.NS,3779.39990234375,3876.62,4055.97
2025-02-21,TCS.NS,3786.0,3853.17,4039.13
2025-02-24,TCS.NS,3675.60009765625,3819.66,4020.55
2025-02-25,TCS.NS,3629.550048828125,3776.05,3999.88
2025-02-27,TCS.NS,3612.550048828125,3734.34,3980.09
2025-02-28,TCS.NS,3483.25,3678.64,3958.72
2025-03-03,TCS.NS,3493.050048828125,3637.06,3939.23
2025-03-04,TCS.NS,3532.050048828125,3601.72,3922.44
2025-03-05,TCS.NS,3547.050048828125,3567.59,3902.12
2025-03-06,TCS.NS,3601.60009765625,3557.01,3883.99
2025-03-07,TCS.NS,3611.199951171875,3554.39,3865.95
2025-03-10,TCS.NS,3589.64990234375,3551.12,3850.1
2025-03-11,TCS.NS,3575.300048828125,3564.27,3834.6
2025-03-12,TCS.NS,3506.199951171875,3566.15,3814.81
2025-03-13,TCS.NS,3511.050048828125,3563.15,3795.18
2025-03-17,TCS.NS,3497.699951171875,3556.1,3774.69
2025-03-18,TCS.NS,3497.699951171875,3541.26,3755.51
2025-03-19,TCS.NS,3497.10009765625,3524.96,3736.46
2025-03-20,TCS.NS,3563.14990234375,3521.17,3718.33
2025-03-21,TCS.NS,3578.10009765625,3521.57,3701.23
2025-03-24,TCS.NS,3628.949951171875,3539.11,3686.1
2025-03-25,TCS.NS,3657.75,3560.06,3673.71
2025-03-26,TCS.NS,3635.800048828125,3579.79,3660.34
2025-03-27,TCS.NS,3651.199951171875,3601.72,3649.93
2025-03-28,TCS.NS,3606.14990234375,3617.3,3638.46
2025-04-01,TCS.NS,3550.800048828125,3615.54,3626.49
2025-04-02,TCS.NS,3543.949951171875,3610.66,3613.46
2025-04-03,TCS.NS,3403.14990234375,3578.4,3596.74
2025-04-04,TCS.NS,3299.39990234375,3527.21,3577.62
2025-04-07,TCS.NS,3274.050048828125,3475.53,3560.61
2025-04-08,TCS.NS,3292.949951171875,3424.35,3544.4
2025-04-09,TCS.NS,3246.60009765625,3372.99,3526.42
2025-04-11,TCS.NS,3231.5,3327.37,3511.62
2025-04-15,TCS.NS,3248.199951171875,3285.12,3498.9
2025-04-16,TCS.NS,3273.800048828125,3266.64,3487.61
2025-04-17,TCS.NS,3298.89990234375,3266.57,3481.47
2025-04-21,TCS.NS,3321.60009765625,3273.36,3475.75
2025-04-22,TCS.NS,3314.39990234375,3276.43,3468.5
2025-04-23,TCS.NS,3413.0,3300.2,3464.03
2025-04-24,TCS.NS,3401.60009765625,3324.5,3457.36
2025-04-25,TCS.NS,3448.0,3353.04,3451.92
2025-04-28,TCS.NS,3443.5,3377.29,3447.05
2025-04-29,TCS.NS,3472.5,3402.09,3443.62
2025-04-30,TCS.NS,3453.699951171875,3420.96,3441.87
2025-05-02,TCS.NS,3431.0,3437.61,3439.21
2025-05-05,TCS.NS,3454.300048828125,3443.51,3437.76
2025-05-06,TCS.NS,3460.0,3451.86,3436.5
2025-05-07,TCS.NS,3445.10009765625,3451.44,3434.77
2025-05-08,TCS.NS,3448.89990234375,3452.21,3430.96
2025-05-09,TCS.NS,3440.300048828125,3447.61,3426.37
2025-05-12,TCS.NS,3620.39990234375,3471.43,3426.08
2025-05-13,TCS.NS,3515.0,3483.43,3421.32
2025-05-14,TCS.NS,3548.699951171875,3496.91,3418.42
2025-05-15,TCS.NS,3579.89990234375,3514.04,3416.04
2025-05-16,TCS.NS,3561.300048828125,3530.64,3414.55
2025-05-19,TCS.NS,3518.800048828125,3540.63,3413.48
2025-05-20,TCS.NS,3498.300048828125,3548.91,3411.96
2025-05-21,TCS.NS,3525.800048828125,3535.4,3416.05
2025-05-22,TCS.NS,3477.0,3529.97,3421.97
2025-05-23,TCS.NS,3514.60009765625,3525.1,3429.99
2025-05-26,TCS.NS,3537.300048828125,3519.01,3438.13
2025-05-27,TCS.NS,3498.699951171875,3510.07,3446.54
2025-05-28,TCS.NS,3497.699951171875,3507.06,3455.41
2025-05-29,TCS.NS,3498.10009765625,3507.03,3463.74
2025-05-30,TCS.NS,3463.39990234375,3498.11,3470.06
2025-06-02,TCS.NS,3449.800048828125,3494.23,3475.09
2025-06-03,TCS.NS,3405.199951171875,3478.6,3477.88
2025-06-04,TCS.NS,3380.89990234375,3456.26,3480.09
2025-06-05,TCS.NS,3371.10009765625,3438.03,3478.7
2025-06-06,TCS.NS,3384.199951171875,3421.81,3478.12
2025-06-09,TCS.NS,3421.89990234375,3410.93,3477.25
2025-06-10,TCS.NS,3462.89990234375,3410.86,3477.89
2025-06-11,TCS.NS,3471.89990234375,3414.01,3477.87
2025-06-12,TCS.NS,3434.199951171875,3418.16,3477.22
2025-06-13,TCS.NS,3445.699951171875,3427.41,3477.71
2025-06-16,TCS.NS,3496.300048828125,3445.3,3479.11
2025-06-17,TCS.NS,3515.300048828125,3464.03,3480.96
2025-06-18,TCS.NS,3451.39990234375,3468.24,3481.17
2025-06-19,TCS.NS,3424.0,3462.69,3480.34
2025-06-20,TCS.NS,3435.699951171875,3457.51,3480.18
2025-06-23,TCS.NS,3393.60009765625,3451.71,3472.62
2025-06-24,TCS.NS,3390.39990234375,3443.81,3468.47
2025-06-25,TCS.NS,3444.800048828125,3436.46,3465.01
2025-06-26,TCS.NS,3441.800048828125,3425.96,3460.4
2025-06-27,TCS.NS,3441.10009765625,3424.49,3456.4
2025-06-30,TCS.NS,3462.0,3429.91,3454.5
2025-07-01,TCS.NS,3429.699951171875,3429.06,3452.22
2025-07-02,TCS.NS,3423.300048828125,3433.3,3448.8
2025-07-03,TCS.NS,3400.800048828125,3434.79,3446.26
2025-07-04,TCS.NS,3419.800048828125,3431.21,3443.1
2025-07-07,TCS.NS,3411.699951171875,3426.91,3438.91
2025-07-08,TCS.NS,3406.199951171875,3421.93,3435.83
2025-07-09,TCS.NS,3383.800048828125,3410.76,3432.03
2025-07-10,TCS.NS,3382.0,3403.94,3428.16
2025-07-11,TCS.NS,3266.0,3381.47,3421.58
2025-07-14,TCS.NS,3222.699951171875,3356.03,3414.01
2025-07-15,TCS.NS,3252.300048828125,3332.1,3408.92
2025-07-16,TCS.NS,3233.10009765625,3306.59,3403.99
2025-07-17,TCS.NS,3209.199951171875,3278.44,3398.59
2025-07-18,TCS.NS,3189.89990234375,3250.74,3392.12
2025-07-21,TCS.NS,3158.199951171875,3218.77,3383.33
2025-07-22,TCS.NS,3159.60009765625,3203.57,3373.22
2025-07-23,TCS.NS,3179.10009765625,3197.34,3363.46
2025-07-24,TCS.NS,3148.0,3182.44,3353.92
2025-07-25,TCS.NS,3135.800048828125,3168.54,3343.59
2025-07-28,TCS.NS,3079.300048828125,3149.99,3329.69
2025-07-29,TCS.NS,3056.0,3130.86,3314.38
2025-07-30,TCS.NS,3053.60009765625,3115.91,3301.12
2025-07-31,TCS.NS,3036.800048828125,3098.37,3288.21
2025-08-01,TCS.NS,3003.0,3073.21,3273.79
2025-08-04,TCS.NS,3074.39990234375,3062.7,3263.15
2025-08-05,TCS.NS,3063.89990234375,3052.43,3252.26
2025-08-06,TCS.NS,3032.300048828125,3045.71,3238.51
2025-08-07,TCS.NS,3047.0,3044.43,3225.35
2025-08-08,TCS.NS,3036.39990234375,3041.97,3211.86
2025-08-11,TCS.NS,3040.800048828125,3042.54,3197.82
2025-08-12,TCS.NS,3035.39990234375,3047.17,3184.68
2025-08-13,TCS.NS,3036.199951171875,3041.71,3171.78
2025-08-14,TCS.NS,3022.300048828125,3035.77,3159.16
2025-08-18,TCS.NS,3011.199951171875,3032.76,3145.54
2025-08-19,TCS.NS,3016.199951171875,3028.36,3132.36
2025-08-20,TCS.NS,3098.60009765625,3037.24,3122.1
2025-08-21,TCS.NS,3102.60009765625,3046.07,3112.73
2025-08-22,TCS.NS,3054.0,3048.73,3101.8
2025-08-25,TCS.NS,3140.60009765625,3063.64,3097.62
2025-08-26,TCS.NS,3157.199951171875,3082.91,3095.43
2025-08-28,TCS.NS,3093.699951171875,3094.7,3090.15
2025-08-29,TCS.NS,3084.699951171875,3104.49,3085.2
2025-09-01,TCS.NS,3112.60009765625,3106.49,3081.98
2025-09-02,TCS.NS,3111.5,3107.76,3079.37
2025-09-03,TCS.NS,3097.5,3113.97,3077.34
2025-09-04,TCS.NS,3095.699951171875,3107.56,3075.21
2025-09-05,TCS.NS,3048.300048828125,3092.0,3070.85
2025-09-08,TCS.NS,3019.0,3081.33,3066.55
2025-09-09,TCS.NS,3049.39990234375,3076.29,3063.67
2025-09-10,TCS.NS,3110.0,3075.91,3064.7
2025-09-11,TCS.NS,3124.199951171875,3077.73,3066.97
2025-09-12,TCS.NS,3133.39990234375,3082.86,3069.63
2025-09-15,TCS.NS,3111.89990234375,3085.17,3072.13
2025-09-16,TCS.NS,3145.699951171875,3099.09,3076.89
2025-09-17,TCS.NS,3172.800048828125,3121.06,3080.17
2025-09-18,TCS.NS,3176.699951171875,3139.24,3083.93
2025-09-19,TCS.NS,3169.199951171875,3147.7,3088.49
2025-09-22,TCS.NS,3073.800048828125,3140.5,3089.39
2025-09-23,TCS.NS,3062.39990234375,3130.36,3090.25
2025-09-24,TCS.NS,3035.39990234375,3119.43,3090.07
2025-09-25,TCS.NS,2957.39990234375,3092.53,3087.47
2025-09-26,TCS.NS,2899.10009765625,3053.43,3082.9
2025-09-29,TCS.NS,2896.10009765625,3013.34,3078.7
2025-09-30,TCS.NS,2888.39990234375,2973.23,3074.6
2025-10-01,TCS.NS,2914.199951171875,2950.43,3071.2
2025-10-03,TCS.NS,2901.89990234375,2927.5,3064.65
2025-10-06,TCS.NS,2988.39990234375,2920.79,3060.84
2025-10-07,TCS.NS,2973.699951171875,2923.11,3058.16
2025-10-08,TCS.NS,3027.199951171875,2941.41,3054.38
2025-10-09,TCS.NS,3061.699951171875,2965.07,3051.2
2025-10-10,TCS.NS,3028.300048828125,2985.06,3049.02
2025-10-13,TCS.NS,3007.199951171875,2998.34,3046.44
2025-10-14,TCS.NS,2960.300048828125,3006.69,3041.36
2025-10-15,TCS.NS,2969.800048828125,3004.03,3036.64
2025-10-16,TCS.NS,2970.699951171875,3003.6,3032.41
2025-10-17,TCS.NS,2962.199951171875,2994.31,3027.96
2025-10-20,TCS.NS,3015.199951171875,2987.67,3026.86
2025-10-21,TCS.NS,3006.699951171875,2984.59,3026.45
2025-10-23,TCS.NS,3073.199951171875,2994.01,3027.24
2025-10-24,TCS.NS,3063.199951171875,3008.71,3025.68
2025-10-27,TCS.NS,3084.89990234375,3025.16,3024.37
2025-10-28,TCS.NS,3057.89990234375,3037.61,3021.85
2025-10-29,TCS.NS,3057.60009765625,3051.24,3020.04
2025-10-30,TCS.NS,3035.300048828125,3054.11,3016.36
2025-10-31,TCS.NS,3058.0,3061.44,3012.54
2025-11-03,TCS.NS,3016.800048828125,3053.39,3007.21
2025-11-04,TCS.NS,2990.199951171875,3042.96,3001.24
2025-11-06,TCS.NS,3010.89990234375,3032.39,2999.14
2025-11-07,TCS.NS,2991.800048828125,3022.94,2996.79
2025-11-10,TCS.NS,3025.199951171875,3018.31,2996.45
2025-11-11,TCS.NS,3047.0,3019.99,2999.44
2025-11-12,TCS.NS,3131.800048828125,3030.53,3007.19
2025-11-13,TCS.NS,3105.699951171875,3043.23,3014.18
2025-11-14,TCS.NS,3106.0,3059.77,3021.43
2025-11-17,TCS.NS,3102.199951171875,3072.81,3027.7
2025-11-18,TCS.NS,3087.10009765625,3086.43,3033.87
2025-11-19,TCS.NS,3147.699951171875,3103.93,3039.18
2025-11-20,TCS.NS,3144.800048828125,3117.9,3044.89
2025-11-21,TCS.NS,3150.60009765625,3120.59,3049.0
2025-11-24,TCS.NS,3141.199951171875,3125.66,3051.65
2025-11-25,TCS.NS,3119.199951171875,3127.54,3054.68
2025-11-26,TCS.NS,3162.89990234375,3136.21,3059.87
2025-11-27,TCS.NS,3136.60009765625,3143.29,3065.75
2025-11-28,TCS.NS,3137.5,3141.83,3071.34
2025-12-01,TCS.NS,3133.39990234375,3140.2,3076.76
2025-12-02,TCS.NS,3135.699951171875,3138.07,3082.54
2025-12-03,TCS.NS,3180.0,3143.61,3088.04
2025-12-04,TCS.NS,3229.199951171875,3159.33,3095.45
2025-12-05,TCS.NS,3238.199951171875,3170.09,3100.95
2025-12-08,TCS.NS,3236.5,3184.36,3106.73
2025-12-09,TCS.NS,3208.300048828125,3194.47,3110.84
2025-12-10,TCS.NS,3189.199951171875,3202.44,3115.22
2025-12-11,TCS.NS,3191.89990234375,3210.47,3119.7
2025-12-12,TCS.NS,3220.5,3216.26,3125.87
2025-12-15,TCS.NS,3230.199951171875,3216.4,3131.61
2025-12-16,TCS.NS,3205.10009765625,3211.67,3137.89
2025-12-17,TCS.NS,3217.800048828125,3209.0,3145.47
2025-12-18,TCS.NS,3280.800048828125,3219.36,3154.47
2025-12-19,TCS.NS,3282.0,3232.61,3164.14
2025-12-22,TCS.NS,3324.89990234375,3251.61,3174.13
2025-12-23,TCS.NS,3310.0,3264.4,3182.9
2025-12-24,TCS.NS,3319.0,3277.09,3189.14
2025-12-26,TCS.NS,3280.0,3287.79,3194.95
2025-12-29,TCS.NS,3251.5,3292.6,3199.8
2025-12-30,TCS.NS,3246.800048828125,3287.74,3204.62
2025-12-31,TCS.NS,3206.199951171875,3276.91,3208.59
2026-01-01,TCS.NS,3227.39990234375,3262.99,3211.25
2026-01-02,TCS.NS,3250.699951171875,3254.51,3214.78
2026-01-05,TCS.NS,3216.10009765625,3239.81,3216.96
2026-01-06,TCS.NS,3255.800048828125,3236.36,3220.78
2026-01-07,TCS.NS,3295.60009765625,3242.66,3226.66
2026-01-08,TCS.NS,3203.89990234375,3236.53,3228.03
2026-01-09,TCS.NS,3207.800048828125,3236.76,3230.4
2026-01-12,TCS.NS,3239.60009765625,3238.5,3233.8
2026-01-13,TCS.NS,3268.0,3240.97,3238.29
2026-01-14,TCS.NS,3192.5,3237.6,3240.18
2026-01-15,TCS.NS,3192.5,3228.56,3240.6
2026-01-16,TCS.NS,3206.699951171875,3215.86,3239.85
2026-01-19,TCS.NS,3163.60009765625,3210.1,3237.36
2026-01-20,TCS.NS,3102.300048828125,3195.03,3232.89
2026-01-21,TCS.NS,3122.60009765625,3178.31,3230.03
2026-01-22,TCS.NS,3150.39990234375,3161.51,3228.74
2026-01-23,TCS.NS,3162.5,3157.23,3227.76
2026-01-27,TCS.NS,3158.0,3152.3,3225.68
2026-01-28,TCS.NS,3200.10009765625,3151.36,3224.67
2026-01-29,TCS.NS,3144.39990234375,3148.61,3222.65
2026-01-30,TCS.NS,3123.89990234375,3151.7,3219.52
2026-02-02,TCS.NS,3169.60009765625,3158.41,3215.81
2026-02-03,TCS.NS,3225.300048828125,3169.11,3213.92
2026-02-04,TCS.NS,2999.10009765625,3145.77,3203.06
2026-02-05,TCS.NS,2991.5,3121.99,3192.45
2026-02-06,TCS.NS,2941.60009765625,3085.06,3179.87
2026-02-09,TCS.NS,2948.199951171875,3057.03,3168.81
2026-02-10,TCS.NS,2984.60009765625,3037.13,3159.91
2026-02-11,TCS.NS,2909.800048828125,3000.01,3148.68
2026-02-12,TCS.NS,2750.10009765625,2932.13,3133.47
2026-02-13,TCS.NS,2692.199951171875,2888.29,3115.63
2026-02-16,TCS.NS,2706.60009765625,2847.59,3097.5
2026-02-17,TCS.NS,2717.39990234375,2815.56,3080.87
2026-02-18,TCS.NS,2694.89990234375,2779.37,3062.18
2026-02-19,TCS.NS,2677.89990234375,2735.56,3041.59
2026-02-20,TCS.NS,2686.199951171875,2703.61,3024.33
2026-02-23,TCS.NS,2676.300048828125,2693.07,3006.61
2026-02-24,TCS.NS,2573.699951171875,2676.14,2984.42
2026-02-25,TCS.NS,2629.300048828125,2665.1,2963.13
2026-02-26,TCS.NS,2647.699951171875,2655.14,2944.97
2026-02-27,TCS.NS,2637.39990234375,2646.93,2926.46
2026-03-02,TCS.NS,2613.5,2637.73,2906.69
2026-03-04,TCS.NS,2587.800048828125,2623.67,2887.5
2026-03-05,TCS.NS,2578.800048828125,2609.74,2870.05
2026-03-06,TCS.NS,2557.60009765625,2607.44,2851.21
2026-03-09,TCS.NS,2527.39990234375,2592.89,2830.45
2026-03-10,TCS.NS,2513.10009765625,2573.66,2808.8
2026-03-11,TCS.NS,2464.89990234375,2549.01,2785.7
2026-03-12,TCS.NS,2442.39990234375,2524.57,2760.44
2026-03-13,TCS.NS,2410.5,2499.24,2735.98
2026-03-16,TCS.NS,2409.199951171875,2475.01,2712.15
2026-03-17,TCS.NS,2391.699951171875,2451.31,2686.22
2026-03-18,TCS.NS,2440.800048828125,2438.94,2660.07
2026-03-19,TCS.NS,2356.0,2416.5,2638.64
2026-03-20,TCS.NS,2390.60009765625,2405.89,2618.61
2026-03-23,TCS.NS,2383.800048828125,2397.51,2600.01
2026-03-24,TCS.NS,2398.800048828125,2395.84,2581.7
2026-03-25,TCS.NS,2377.39990234375,2391.3,2561.46
2026-03-27,TCS.NS,2389.800048828125,2391.03,2544.13
2026-03-30,TCS.NS,2358.89990234375,2379.33,2531.09
2026-04-01,TCS.NS,2408.199951171875,2386.79,2521.62
2026-04-02,TCS.NS,2450.699951171875,2395.37,2513.09
2026-04-06,TCS.NS,2473.89990234375,2408.24,2504.97
2026-04-07,TCS.NS,2539.800048828125,2428.39,2499.8
2026-04-08,TCS.NS,2559.199951171875,2454.36,2495.85
2026-04-09,TCS.NS,2589.0,2482.81,2492.61
2026-04-10,TCS.NS,2524.300048828125,2506.44,2487.54
2026-04-13,TCS.NS,2472.60009765625,2515.64,2484.17
2026-04-15,TCS.NS,2554.89990234375,2530.53,2481.69
2026-04-16,TCS.NS,2576.89990234375,2545.24,2479.33
2026-04-17,TCS.NS,2581.5,2551.2,2477.47
2026-04-20,TCS.NS,2579.60009765625,2554.11,2476.34
2026-04-21,TCS.NS,2610.5,2557.19,2477.09
2026-04-22,TCS.NS,2538.5,2559.21,2475.75
2026-04-23,TCS.NS,2521.800048828125,2566.24,2474.56
2026-04-24,TCS.NS,2396.89990234375,2543.67,2470.21
2026-04-27,TCS.NS,2447.60009765625,2525.2,2468.02
2026-04-28,TCS.NS,2444.699951171875,2505.66,2467.35
2026-04-29,TCS.NS,2474.699951171875,2490.67,2468.43
2026-04-30,TCS.NS,2473.89990234375,2471.16,2470.54
2026-05-01,TCS.NS,2473.89990234375,2461.93,2472.7
2026-05-04,TCS.NS,2431.300048828125,2449.0,2474.02
2026-05-05,TCS.NS,2427.300048828125,2453.34,2473.57
2026-05-06,TCS.NS,2435.39990234375,2451.6,2476.21
2026-05-07,TCS.NS,2401.39990234375,2445.41,2476.57
2026-05-08,TCS.NS,2394.39990234375,2433.94,2476.93
2026-05-11,TCS.NS,2392.89990234375,2422.37,2476.73
2026-05-12,TCS.NS,2300.300048828125,2397.57,2474.16
2026-05-13,TCS.NS,2272.800048828125,2374.93,2470.26
2026-05-14,TCS.NS,2246.0,2349.03,2466.5
2026-05-15,TCS.NS,2264.0,2324.54,2461.69
2026-05-18,TCS.NS,2283.199951171875,2307.66,2456.11
2026-05-19,TCS.NS,2327.10009765625,2298.04,2451.21
2026-05-20,TCS.NS,2327.39990234375,2288.69,2444.13
2026-05-21,TCS.NS,2327.199951171875,2292.53,2436.4
2026-05-22,TCS.NS,2317.300048828125,2298.89,2427.34
2026-05-25,TCS.NS,2308.199951171875,2307.77,2420.14
2026-05-26,TCS.NS,2276.199951171875,2309.51,2413.59
2026-05-27,TCS.NS,2284.199951171875,2309.66,2404.57
2026-05-28,TCS.NS,2284.199951171875,2303.53,2394.81
2026-05-29,TCS.NS,2258.89990234375,2293.74,2384.06
2023-05-29,TITAN.NS,2812.25,2812.25,2812.25
2023-05-30,TITAN.NS,2802.5,2807.38,2807.38
2023-05-31,TITAN.NS,2823.25,2812.67,2812.67
2023-06-01,TITAN.NS,2827.25,2816.31,2816.31
2023-06-02,TITAN.NS,2861.64990234375,2825.38,2825.38
2023-06-05,TITAN.NS,2855.699951171875,2830.43,2830.43
2023-06-06,TITAN.NS,2881.449951171875,2837.72,2837.72
2023-06-07,TITAN.NS,2906.949951171875,2851.25,2846.37
2023-06-08,TITAN.NS,2877.0,2861.89,2849.78
2023-06-09,TITAN.NS,2876.25,2869.46,2852.42
2023-06-12,TITAN.NS,2852.60009765625,2873.09,2852.44
2023-06-13,TITAN.NS,2912.5,2880.35,2857.45
2023-06-14,TITAN.NS,2907.050048828125,2887.69,2861.26
2023-06-15,TITAN.NS,2908.0,2891.48,2864.6
2023-06-16,TITAN.NS,2954.300048828125,2898.24,2870.58
2023-06-19,TITAN.NS,2968.60009765625,2911.33,2876.71
2023-06-20,TITAN.NS,2974.0,2925.29,2882.43
2023-06-21,TITAN.NS,2971.10009765625,2942.22,2887.36
2023-06-22,TITAN.NS,2970.25,2950.47,2891.72
2023-06-23,TITAN.NS,2939.14990234375,2955.06,2894.09
2023-06-26,TITAN.NS,2972.60009765625,2964.29,2897.83
2023-06-27,TITAN.NS,2975.699951171875,2967.34,2901.37
2023-06-28,TITAN.NS,3028.10009765625,2975.84,2906.88
2023-06-30,TITAN.NS,3047.64990234375,2986.36,2912.74
2023-07-03,TITAN.NS,3038.300048828125,2995.96,2917.77
2023-07-04,TITAN.NS,3074.64990234375,3010.88,2923.8
2023-07-05,TITAN.NS,3099.85009765625,3033.84,2930.32
2023-07-06,TITAN.NS,3106.39990234375,3052.95,2936.61
2023-07-07,TITAN.NS,3144.0,3076.99,2943.76
2023-07-10,TITAN.NS,3045.550048828125,3079.49,2947.15
2023-07-11,TITAN.NS,3087.60009765625,3085.19,2956.33
2023-07-12,TITAN.NS,3096.5,3093.51,2966.13
2023-07-13,TITAN.NS,3084.75,3094.95,2974.85
2023-07-14,TITAN.NS,3055.550048828125,3088.62,2982.46
2023-07-17,TITAN.NS,3033.449951171875,3078.2,2988.19
2023-07-18,TITAN.NS,2996.449951171875,3057.12,2992.88
2023-07-19,TITAN.NS,2995.64990234375,3049.99,2996.68
2023-07-20,TITAN.NS,2989.300048828125,3035.95,2999.43
2023-07-21,TITAN.NS,2976.300048828125,3018.78,3002.74
2023-07-24,TITAN.NS,2979.199951171875,3003.7,3006.17
2023-07-25,TITAN.NS,3029.0,2999.91,3012.05
2023-07-26,TITAN.NS,3008.35009765625,2996.32,3015.25
2023-07-27,TITAN.NS,3002.10009765625,2997.13,3018.41
2023-07-28,TITAN.NS,2987.0,2995.89,3021.05
2023-07-31,TITAN.NS,3004.050048828125,2998.0,3022.71
2023-08-01,TITAN.NS,3001.89990234375,3001.66,3023.82
2023-08-02,TITAN.NS,2977.14990234375,3001.36,3023.92
2023-08-03,TITAN.NS,2902.10009765625,2983.24,3021.62
2023-08-04,TITAN.NS,2904.39990234375,2968.39,3019.43
2023-08-07,TITAN.NS,2904.60009765625,2954.46,3018.27
2023-08-08,TITAN.NS,2921.25,2945.06,3016.56
2023-08-09,TITAN.NS,2955.89990234375,2938.19,3015.9
2023-08-10,TITAN.NS,2988.550048828125,2936.28,3014.58
2023-08-11,TITAN.NS,3017.25,2942.01,3013.57
2023-08-14,TITAN.NS,3010.64990234375,2957.51,3012.65
2023-08-16,TITAN.NS,3011.10009765625,2972.76,3010.53
2023-08-17,TITAN.NS,3071.75,2996.64,3009.59
2023-08-18,TITAN.NS,3050.449951171875,3015.09,3007.73
2023-08-21,TITAN.NS,3078.300048828125,3032.58,3005.54
2023-08-22,TITAN.NS,3075.60009765625,3045.01,3006.54
2023-08-23,TITAN.NS,3070.0,3052.55,3005.95
2023-08-24,TITAN.NS,3061.199951171875,3059.77,3004.78
2023-08-25,TITAN.NS,3067.199951171875,3067.79,3004.19
2023-08-28,TITAN.NS,3048.550048828125,3064.47,3003.96
2023-08-29,TITAN.NS,3079.39990234375,3068.61,3005.49
2023-08-30,TITAN.NS,3082.199951171875,3069.16,3008.35
2023-08-31,TITAN.NS,3104.449951171875,3073.29,3011.97
2023-09-01,TITAN.NS,3116.800048828125,3079.97,3016.22
2023-09-04,TITAN.NS,3100.300048828125,3085.56,3020.36
2023-09-05,TITAN.NS,3136.14990234375,3095.41,3025.59
2023-09-06,TITAN.NS,3176.050048828125,3113.62,3030.49
2023-09-07,TITAN.NS,3172.800048828125,3126.96,3035.97
2023-09-08,TITAN.NS,3199.10009765625,3143.66,3042.54
2023-09-11,TITAN.NS,3213.300048828125,3159.21,3050.08
2023-09-12,TITAN.NS,3185.800048828125,3169.07,3056.14
2023-09-13,TITAN.NS,3263.199951171875,3192.34,3064.85
2023-09-14,TITAN.NS,3261.35009765625,3210.23,3074.33
2023-09-15,TITAN.NS,3248.60009765625,3220.59,3085.88
2023-09-18,TITAN.NS,3339.5,3244.41,3100.38
2023-09-20,TITAN.NS,3306.64990234375,3259.77,3113.78
2023-09-21,TITAN.NS,3304.5,3272.8,3126.56
2023-09-22,TITAN.NS,3274.5,3285.47,3137.18
2023-09-25,TITAN.NS,3283.949951171875,3288.44,3147.02
2023-09-26,TITAN.NS,3262.60009765625,3288.61,3155.2
2023-09-27,TITAN.NS,3214.550048828125,3283.75,3162.0
2023-09-28,TITAN.NS,3157.25,3257.71,3166.87
2023-09-29,TITAN.NS,3148.800048828125,3235.16,3169.44
2023-10-03,TITAN.NS,3196.25,3219.7,3174.3
2023-10-04,TITAN.NS,3166.64990234375,3204.29,3177.24
2023-10-05,TITAN.NS,3216.5,3194.66,3181.94
2023-10-06,TITAN.NS,3309.75,3201.39,3189.93
2023-10-09,TITAN.NS,3267.5,3208.96,3196.81
2023-10-10,TITAN.NS,3269.199951171875,3224.95,3203.54
2023-10-11,TITAN.NS,3280.5,3243.76,3211.27
2023-10-12,TITAN.NS,3285.0,3256.44,3218.13
2023-10-13,TITAN.NS,3283.75,3273.17,3224.84
2023-10-16,TITAN.NS,3301.39990234375,3285.3,3231.41
2023-10-17,TITAN.NS,3308.449951171875,3285.11,3237.8
2023-10-18,TITAN.NS,3282.75,3287.29,3243.88
2023-10-19,TITAN.NS,3284.64990234375,3289.5,3248.83
2023-10-20,TITAN.NS,3266.199951171875,3287.46,3251.83
2023-10-23,TITAN.NS,3219.75,3278.14,3253.4
2023-10-25,TITAN.NS,3187.85009765625,3264.44,3253.02
2023-10-26,TITAN.NS,3100.800048828125,3235.78,3249.27
2023-10-27,TITAN.NS,3120.699951171875,3208.96,3247.1
2023-10-30,TITAN.NS,3116.449951171875,3185.2,3242.21
2023-10-31,TITAN.NS,3189.64990234375,3171.63,3239.82
2023-11-01,TITAN.NS,3173.39990234375,3158.37,3237.31
2023-11-02,TITAN.NS,3201.5,3155.76,3232.71
2023-11-03,TITAN.NS,3274.5,3168.14,3231.64
2023-11-06,TITAN.NS,3267.050048828125,3191.89,3230.39
2023-11-07,TITAN.NS,3270.199951171875,3213.25,3230.25
2023-11-08,TITAN.NS,3311.85009765625,3241.16,3231.18
2023-11-09,TITAN.NS,3283.75,3254.61,3231.89
2023-11-10,TITAN.NS,3256.35009765625,3266.46,3233.28
2023-11-13,TITAN.NS,3264.75,3275.49,3236.86
2023-11-15,TITAN.NS,3295.949951171875,3278.56,3241.77
2023-11-16,TITAN.NS,3335.949951171875,3288.4,3246.42
2023-11-17,TITAN.NS,3338.85009765625,3298.21,3252.16
2023-11-20,TITAN.NS,3345.85009765625,3303.06,3256.48
2023-11-21,TITAN.NS,3394.449951171875,3318.88,3259.3
2023-11-22,TITAN.NS,3429.85009765625,3343.66,3264.71
2023-11-23,TITAN.NS,3408.39990234375,3364.19,3269.35
2023-11-24,TITAN.NS,3396.949951171875,3378.61,3273.23
2023-11-28,TITAN.NS,3442.39990234375,3393.82,3278.48
2023-11-29,TITAN.NS,3429.300048828125,3406.74,3283.33
2023-11-30,TITAN.NS,3490.60009765625,3427.42,3289.64
2023-12-01,TITAN.NS,3489.5,3441.0,3295.67
2023-12-04,TITAN.NS,3488.39990234375,3449.36,3302.53
2023-12-05,TITAN.NS,3545.300048828125,3468.92,3311.22
2023-12-06,TITAN.NS,3546.89990234375,3490.34,3320.57
2023-12-07,TITAN.NS,3585.39990234375,3510.77,3332.76
2023-12-08,TITAN.NS,3634.64990234375,3540.11,3347.65
2023-12-11,TITAN.NS,3630.5,3560.09,3365.31
2023-12-12,TITAN.NS,3571.39990234375,3571.79,3380.33
2023-12-13,TITAN.NS,3602.35009765625,3588.07,3396.53
2023-12-14,TITAN.NS,3591.39990234375,3594.66,3409.92
2023-12-15,TITAN.NS,3600.550048828125,3602.32,3424.16
2023-12-18,TITAN.NS,3619.60009765625,3607.21,3438.1
2023-12-19,TITAN.NS,3610.449951171875,3603.75,3449.3
2023-12-20,TITAN.NS,3554.10009765625,3592.84,3458.86
2023-12-21,TITAN.NS,3580.0,3594.06,3469.19
2023-12-22,TITAN.NS,3627.35009765625,3597.64,3479.71
2023-12-26,TITAN.NS,3656.699951171875,3606.96,3492.14
2023-12-27,TITAN.NS,3689.25,3619.64,3506.57
2023-12-28,TITAN.NS,3715.10009765625,3633.28,3521.58
2023-12-29,TITAN.NS,3675.449951171875,3642.56,3534.23
2024-01-01,TITAN.NS,3677.14990234375,3660.14,3545.6
2024-01-02,TITAN.NS,3698.25,3677.04,3557.58
2024-01-03,TITAN.NS,3693.050048828125,3686.42,3569.16
2024-01-04,TITAN.NS,3719.699951171875,3695.42,3580.0
2024-01-05,TITAN.NS,3712.550048828125,3698.75,3589.42
2024-01-08,TITAN.NS,3706.050048828125,3697.46,3599.34
2024-01-09,TITAN.NS,3694.0,3700.11,3609.25
2024-01-10,TITAN.NS,3714.449951171875,3705.44,3618.31
2024-01-11,TITAN.NS,3698.60009765625,3705.49,3627.29
2024-01-12,TITAN.NS,3726.0,3710.19,3635.14
2024-01-15,TITAN.NS,3758.85009765625,3715.79,3644.12
2024-01-16,TITAN.NS,3820.300048828125,3731.18,3655.18
2024-01-17,TITAN.NS,3830.050048828125,3748.89,3664.67
2024-01-18,TITAN.NS,3734.699951171875,3754.71,3670.93
2024-01-19,TITAN.NS,3810.60009765625,3768.44,3678.44
2024-01-23,TITAN.NS,3739.64990234375,3774.31,3681.94
2024-01-24,TITAN.NS,3767.85009765625,3780.29,3686.52
2024-01-25,TITAN.NS,3770.199951171875,3781.91,3693.14
2024-01-29,TITAN.NS,3866.64990234375,3788.53,3701.95
2024-01-30,TITAN.NS,3735.75,3775.06,3706.77
2024-01-31,TITAN.NS,3697.550048828125,3769.75,3710.0
2024-02-01,TITAN.NS,3627.449951171875,3743.59,3710.26
2024-02-02,TITAN.NS,3612.39990234375,3725.41,3710.33
2024-02-05,TITAN.NS,3552.050048828125,3694.58,3710.26
2024-02-06,TITAN.NS,3559.14990234375,3664.43,3709.56
2024-02-07,TITAN.NS,3576.5,3622.98,3707.87
2024-02-08,TITAN.NS,3549.10009765625,3596.31,3704.28
2024-02-09,TITAN.NS,3591.60009765625,3581.18,3701.03
2024-02-12,TITAN.NS,3585.25,3575.15,3696.7
2024-02-13,TITAN.NS,3559.949951171875,3567.66,3692.85
2024-02-14,TITAN.NS,3585.550048828125,3572.44,3689.79
2024-02-15,TITAN.NS,3622.050048828125,3581.43,3687.25
2024-02-16,TITAN.NS,3655.39990234375,3592.7,3686.0
2024-02-19,TITAN.NS,3695.050048828125,3613.55,3685.18
2024-02-20,TITAN.NS,3686.699951171875,3627.14,3684.32
2024-02-21,TITAN.NS,3656.35009765625,3637.29,3682.66
2024-02-22,TITAN.NS,3652.050048828125,3650.45,3681.26
2024-02-23,TITAN.NS,3691.949951171875,3665.65,3680.51
2024-02-26,TITAN.NS,3622.5,3665.71,3677.97
2024-02-27,TITAN.NS,3653.85009765625,3665.49,3675.57
2024-02-28,TITAN.NS,3594.699951171875,3651.16,3670.1
2024-02-29,TITAN.NS,3624.39990234375,3642.26,3663.57
2024-03-01,TITAN.NS,3765.89990234375,3657.91,3661.43
2024-03-04,TITAN.NS,3732.39990234375,3669.39,3661.35
2024-03-05,TITAN.NS,3750.75,3677.79,3659.36
2024-03-06,TITAN.NS,3810.75,3704.68,3661.73
2024-03-07,TITAN.NS,3786.89990234375,3723.69,3662.36
2024-03-11,TITAN.NS,3750.14990234375,3745.89,3661.69
2024-03-12,TITAN.NS,3748.800048828125,3763.66,3657.76
2024-03-13,TITAN.NS,3625.699951171875,3743.64,3654.1
2024-03-14,TITAN.NS,3640.14990234375,3730.46,3652.18
2024-03-15,TITAN.NS,3633.199951171875,3713.66,3652.37
2024-03-18,TITAN.NS,3579.699951171875,3680.66,3651.28
2024-03-19,TITAN.NS,3583.39990234375,3651.59,3652.33
2024-03-20,TITAN.NS,3590.5,3628.78,3653.37
2024-03-21,TITAN.NS,3627.550048828125,3611.46,3655.08
2024-03-22,TITAN.NS,3706.699951171875,3623.03,3660.33
2024-03-26,TITAN.NS,3698.199951171875,3631.32,3663.88
2024-03-27,TITAN.NS,3759.39990234375,3649.35,3669.69
2024-03-28,TITAN.NS,3801.800048828125,3681.08,3677.75
2024-04-01,TITAN.NS,3738.39990234375,3703.22,3682.84
2024-04-02,TITAN.NS,3755.949951171875,3726.86,3687.31
2024-04-03,TITAN.NS,3712.5,3738.99,3689.21
2024-04-04,TITAN.NS,3782.75,3749.86,3692.13
2024-04-05,TITAN.NS,3754.449951171875,3757.89,3694.39
2024-04-08,TITAN.NS,3748.89990234375,3756.39,3697.48
2024-04-09,TITAN.NS,3679.35009765625,3738.9,3698.39
2024-04-10,TITAN.NS,3711.199951171875,3735.01,3699.03
2024-04-12,TITAN.NS,3619.300048828125,3715.49,3698.92
2024-04-15,TITAN.NS,3600.60009765625,3699.51,3697.15
2024-04-16,TITAN.NS,3645.89990234375,3679.96,3698.85
2024-04-18,TITAN.NS,3525.10009765625,3647.19,3695.54
2024-04-19,TITAN.NS,3563.050048828125,3620.64,3688.78
2024-04-22,TITAN.NS,3596.75,3608.84,3684.26
2024-04-23,TITAN.NS,3633.0,3597.67,3680.34
2024-04-24,TITAN.NS,3609.75,3596.31,3673.64
2024-04-25,TITAN.NS,3571.10009765625,3592.09,3666.44
2024-04-26,TITAN.NS,3584.800048828125,3583.36,3660.93
2024-04-29,TITAN.NS,3604.85009765625,3594.76,3656.13
2024-04-30,TITAN.NS,3589.25,3598.5,3654.92
2024-05-02,TITAN.NS,3568.449951171875,3594.46,3652.53
2024-05-03,TITAN.NS,3533.89990234375,3580.3,3649.22
2024-05-06,TITAN.NS,3280.14990234375,3533.21,3639.23
2024-05-07,TITAN.NS,3270.89990234375,3490.33,3628.82
2024-05-08,TITAN.NS,3259.85009765625,3443.91,3617.79
2024-05-09,TITAN.NS,3245.699951171875,3392.6,3605.07
2024-05-10,TITAN.NS,3289.85009765625,3349.83,3591.17
2024-05-13,TITAN.NS,3253.64990234375,3304.86,3576.35
2024-05-14,TITAN.NS,3288.89990234375,3269.86,3560.67
2024-05-15,TITAN.NS,3268.550048828125,3268.2,3542.89
2024-05-16,TITAN.NS,3333.89990234375,3277.2,3529.41
2024-05-17,TITAN.NS,3361.14990234375,3291.67,3516.25
2024-05-21,TITAN.NS,3377.0,3310.43,3505.07
2024-05-22,TITAN.NS,3383.85009765625,3323.86,3491.77
2024-05-23,TITAN.NS,3452.050048828125,3352.2,3481.69
2024-05-24,TITAN.NS,3412.39990234375,3369.84,3470.47
2024-05-27,TITAN.NS,3403.39990234375,3389.11,3461.28
2024-05-28,TITAN.NS,3409.39990234375,3399.89,3451.22
2024-05-29,TITAN.NS,3380.39990234375,3402.64,3443.25
2024-05-30,TITAN.NS,3271.85009765625,3387.62,3432.29
2024-05-31,TITAN.NS,3241.89990234375,3367.34,3418.83
2024-06-03,TITAN.NS,3261.199951171875,3340.08,3410.03
2024-06-04,TITAN.NS,3238.949951171875,3315.3,3399.23
2024-06-05,TITAN.NS,3317.64990234375,3303.05,3389.92
2024-06-06,TITAN.NS,3321.64990234375,3290.51,3379.55
2024-06-07,TITAN.NS,3444.050048828125,3299.61,3374.02
2024-06-10,TITAN.NS,3422.199951171875,3321.09,3369.06
2024-06-11,TITAN.NS,3410.699951171875,3345.2,3363.26
2024-06-12,TITAN.NS,3382.300048828125,3362.5,3355.84
2024-06-13,TITAN.NS,3472.199951171875,3395.82,3351.94
2024-06-14,TITAN.NS,3530.050048828125,3426.16,3350.66
2024-06-18,TITAN.NS,3589.0,3464.36,3352.49
2024-06-19,TITAN.NS,3462.35009765625,3466.97,3358.57
2024-06-20,TITAN.NS,3435.949951171875,3468.94,3364.07
2024-06-21,TITAN.NS,3399.75,3467.37,3368.73
2024-06-24,TITAN.NS,3412.35009765625,3471.66,3374.29
2024-06-25,TITAN.NS,3402.449951171875,3461.7,3378.04
2024-06-26,TITAN.NS,3372.75,3439.23,3382.01
2024-06-27,TITAN.NS,3380.60009765625,3409.46,3385.07
2024-06-28,TITAN.NS,3404.199951171875,3401.15,3389.59
2024-07-01,TITAN.NS,3431.449951171875,3400.51,3392.84
2024-07-02,TITAN.NS,3399.64990234375,3400.49,3394.12
2024-07-03,TITAN.NS,3360.25,3393.05,3393.56
2024-07-04,TITAN.NS,3336.0,3383.56,3391.97
2024-07-05,TITAN.NS,3269.35009765625,3368.79,3385.88
2024-07-08,TITAN.NS,3156.199951171875,3336.73,3377.34
2024-07-09,TITAN.NS,3215.14990234375,3309.72,3371.06
2024-07-10,TITAN.NS,3225.0,3280.23,3364.92
2024-07-11,TITAN.NS,3248.60009765625,3258.65,3360.52
2024-07-12,TITAN.NS,3229.85009765625,3240.02,3359.12
2024-07-15,TITAN.NS,3224.199951171875,3224.05,3358.53
2024-07-16,TITAN.NS,3234.050048828125,3219.01,3357.63
2024-07-18,TITAN.NS,3262.10009765625,3234.14,3358.4
2024-07-19,TITAN.NS,3259.0,3240.4,3356.45
2024-07-22,TITAN.NS,3254.449951171875,3244.61,3354.21
2024-07-23,TITAN.NS,3466.85009765625,3275.79,3354.97
2024-07-24,TITAN.NS,3478.39990234375,3311.29,3356.84
2024-07-25,TITAN.NS,3405.800048828125,3337.24,3356.68
2024-07-26,TITAN.NS,3494.14990234375,3374.39,3360.41
2024-07-29,TITAN.NS,3411.699951171875,3395.76,3358.39
2024-07-30,TITAN.NS,3468.25,3425.66,3356.33
2024-07-31,TITAN.NS,3458.949951171875,3454.87,3351.99
2024-08-01,TITAN.NS,3468.35009765625,3455.09,3352.19
2024-08-02,TITAN.NS,3462.35009765625,3452.79,3353.07
2024-08-05,TITAN.NS,3375.949951171875,3448.53,3352.28
2024-08-06,TITAN.NS,3335.10009765625,3425.81,3349.71
2024-08-07,TITAN.NS,3326.25,3413.6,3347.17
2024-08-08,TITAN.NS,3296.5,3389.06,3344.62
2024-08-09,TITAN.NS,3331.699951171875,3370.89,3342.99
2024-08-12,TITAN.NS,3320.85009765625,3349.81,3340.22
2024-08-13,TITAN.NS,3383.550048828125,3338.56,3338.62
2024-08-14,TITAN.NS,3402.14990234375,3342.3,3338.7
2024-08-16,TITAN.NS,3444.75,3357.96,3341.52
2024-08-19,TITAN.NS,3464.85009765625,3377.76,3345.81
2024-08-20,TITAN.NS,3474.89990234375,3403.25,3352.67
2024-08-21,TITAN.NS,3560.39990234375,3435.92,3366.14
2024-08-22,TITAN.NS,3604.39990234375,3476.43,3379.11
2024-08-23,TITAN.NS,3570.0,3503.06,3390.61
2024-08-26,TITAN.NS,3630.199951171875,3535.64,3403.33
2024-08-27,TITAN.NS,3551.25,3550.86,3414.05
2024-08-28,TITAN.NS,3527.5,3559.81,3424.16
2024-08-29,TITAN.NS,3533.199951171875,3568.14,3434.13
2024-08-30,TITAN.NS,3565.14990234375,3568.81,3444.23
2024-09-02,TITAN.NS,3587.550048828125,3566.41,3455.18
2024-09-03,TITAN.NS,3621.14990234375,3573.71,3467.4
2024-09-04,TITAN.NS,3607.699951171875,3570.5,3472.1
2024-09-05,TITAN.NS,3722.85009765625,3595.01,3480.25
2024-09-06,TITAN.NS,3695.5,3619.01,3489.9
2024-09-09,TITAN.NS,3684.550048828125,3640.64,3496.25
2024-09-10,TITAN.NS,3727.39990234375,3663.81,3506.77
2024-09-11,TITAN.NS,3711.10009765625,3681.46,3514.87
2024-09-12,TITAN.NS,3764.25,3701.91,3525.05
2024-09-13,TITAN.NS,3767.0,3724.66,3535.0
2024-09-16,TITAN.NS,3740.64990234375,3727.21,3544.28
2024-09-17,TITAN.NS,3767.39990234375,3737.48,3557.33
2024-09-18,TITAN.NS,3725.35009765625,3743.31,3570.33
2024-09-19,TITAN.NS,3780.949951171875,3750.96,3585.49
2024-09-20,TITAN.NS,3797.199951171875,3763.26,3602.18
2024-09-23,TITAN.NS,3820.10009765625,3771.24,3618.46
2024-09-24,TITAN.NS,3784.89990234375,3773.79,3633.93
2024-09-25,TITAN.NS,3737.25,3773.31,3645.72
2024-09-26,TITAN.NS,3757.550048828125,3771.9,3657.57
2024-09-27,TITAN.NS,3816.699951171875,3784.95,3669.96
2024-09-30,TITAN.NS,3823.949951171875,3791.09,3681.93
2024-10-01,TITAN.NS,3775.949951171875,3788.06,3691.97
2024-10-03,TITAN.NS,3674.949951171875,3767.32,3695.79
2024-10-04,TITAN.NS,3670.10009765625,3750.92,3697.98
2024-10-07,TITAN.NS,3589.25,3729.78,3698.62
2024-10-08,TITAN.NS,3493.35009765625,3692.04,3694.06
2024-10-09,TITAN.NS,3493.449951171875,3645.86,3692.13
2024-10-10,TITAN.NS,3447.25,3592.04,3689.46
2024-10-11,TITAN.NS,3474.39990234375,3548.96,3687.5
2024-10-14,TITAN.NS,3497.800048828125,3523.66,3685.25
2024-10-15,TITAN.NS,3508.5,3500.57,3682.62
2024-10-16,TITAN.NS,3471.0,3483.68,3677.61
2024-10-17,TITAN.NS,3403.35009765625,3470.82,3670.8
2024-10-18,TITAN.NS,3381.449951171875,3454.82,3659.42
2024-10-21,TITAN.NS,3363.25,3442.82,3648.34
2024-10-22,TITAN.NS,3329.800048828125,3422.16,3636.52
2024-10-23,TITAN.NS,3288.60009765625,3392.28,3621.89
2024-10-24,TITAN.NS,3330.89990234375,3366.91,3609.22
2024-10-25,TITAN.NS,3266.550048828125,3337.7,3592.63
2024-10-28,TITAN.NS,3283.050048828125,3320.51,3576.5
2024-10-29,TITAN.NS,3283.39990234375,3306.51,3561.26
2024-10-30,TITAN.NS,3308.449951171875,3298.68,3545.96
2024-10-31,TITAN.NS,3267.050048828125,3289.71,3530.68
2024-11-01,TITAN.NS,3293.699951171875,3290.44,3514.44
2024-11-04,TITAN.NS,3222.0,3274.89,3495.27
2024-11-05,TITAN.NS,3230.25,3269.7,3475.6
2024-11-06,TITAN.NS,3177.050048828125,3254.56,3455.34
2024-11-07,TITAN.NS,3120.85009765625,3231.34,3434.8
2024-11-08,TITAN.NS,3186.25,3213.88,3415.75
2024-11-11,TITAN.NS,3206.60009765625,3205.24,3395.42
2024-11-12,TITAN.NS,3198.449951171875,3191.64,3374.57
2024-11-13,TITAN.NS,3187.85009765625,3186.76,3354.96
2024-11-14,TITAN.NS,3183.699951171875,3180.11,3338.59
2024-11-18,TITAN.NS,3172.300048828125,3179.43,3322.0
2024-11-19,TITAN.NS,3224.699951171875,3194.26,3309.84
2024-11-21,TITAN.NS,3178.449951171875,3193.15,3299.35
2024-11-22,TITAN.NS,3308.699951171875,3207.74,3293.19
2024-11-25,TITAN.NS,3309.10009765625,3223.54,3288.58
2024-11-26,TITAN.NS,3327.5,3243.49,3283.69
2024-11-27,TITAN.NS,3291.64990234375,3258.91,3276.82
2024-11-28,TITAN.NS,3212.35009765625,3264.64,3266.94
2024-11-29,TITAN.NS,3249.0,3268.11,3259.54
2024-12-02,TITAN.NS,3306.85009765625,3286.45,3256.33
2024-12-03,TITAN.NS,3332.75,3289.89,3254.7
2024-12-04,TITAN.NS,3364.449951171875,3297.79,3254.74
2024-12-05,TITAN.NS,3441.050048828125,3314.01,3258.45
2024-12-06,TITAN.NS,3470.10009765625,3339.51,3264.5
2024-12-09,TITAN.NS,3468.199951171875,3376.06,3269.08
2024-12-10,TITAN.NS,3475.75,3408.45,3276.05
2024-12-11,TITAN.NS,3473.10009765625,3432.2,3282.39
2024-12-12,TITAN.NS,3445.75,3448.34,3287.8
2024-12-13,TITAN.NS,3508.85009765625,3468.97,3294.48
2024-12-16,TITAN.NS,3438.199951171875,3468.56,3300.18
2024-12-17,TITAN.NS,3406.10009765625,3459.42,3303.93
2024-12-18,TITAN.NS,3401.89990234375,3449.95,3309.93
2024-12-19,TITAN.NS,3356.85009765625,3432.96,3314.15
2024-12-20,TITAN.NS,3356.25,3416.27,3320.12
2024-12-23,TITAN.NS,3396.949951171875,3409.3,3329.32
2024-12-24,TITAN.NS,3353.39990234375,3387.09,3334.9
2024-12-26,TITAN.NS,3323.050048828125,3370.64,3338.78
2024-12-27,TITAN.NS,3309.199951171875,3356.8,3342.47
2024-12-30,TITAN.NS,3257.35009765625,3336.15,3344.79
2024-12-31,TITAN.NS,3253.14990234375,3321.34,3347.1
2025-01-01,TITAN.NS,3253.85009765625,3306.71,3349.82
2025-01-02,TITAN.NS,3388.949951171875,3305.56,3355.29
2025-01-03,TITAN.NS,3451.64990234375,3319.6,3364.4
2025-01-06,TITAN.NS,3470.39990234375,3340.65,3369.79
2025-01-07,TITAN.NS,3505.10009765625,3368.64,3376.32
2025-01-08,TITAN.NS,3484.050048828125,3401.02,3381.54
2025-01-09,TITAN.NS,3487.050048828125,3434.44,3388.06
2025-01-10,TITAN.NS,3440.25,3461.06,3395.65
2025-01-13,TITAN.NS,3382.75,3460.18,3400.11
2025-01-14,TITAN.NS,3322.5,3441.73,3400.63
2025-01-15,TITAN.NS,3323.5,3420.74,3400.32
2025-01-16,TITAN.NS,3316.89990234375,3393.86,3398.74
2025-01-17,TITAN.NS,3357.39990234375,3375.76,3395.95
2025-01-20,TITAN.NS,3382.25,3360.79,3393.02
2025-01-21,TITAN.NS,3353.35009765625,3348.38,3389.19
2025-01-22,TITAN.NS,3356.449951171875,3344.62,3385.22
2025-01-23,TITAN.NS,3398.550048828125,3355.49,3382.73
2025-01-24,TITAN.NS,3402.14990234375,3366.72,3381.28
2025-01-27,TITAN.NS,3319.35009765625,3367.07,3374.96
2025-01-28,TITAN.NS,3325.89990234375,3362.57,3371.22
2025-01-29,TITAN.NS,3370.75,3360.93,3370.04
2025-01-30,TITAN.NS,3368.39990234375,3363.08,3368.92
2025-01-31,TITAN.NS,3490.25,3382.19,3373.37
2025-02-01,TITAN.NS,3552.0,3404.11,3379.89
2025-02-03,TITAN.NS,3580.300048828125,3429.56,3386.01
2025-02-04,TITAN.NS,3597.699951171875,3469.33,3394.15
2025-02-05,TITAN.NS,3490.89990234375,3492.9,3399.74
2025-02-06,TITAN.NS,3410.75,3498.61,3403.13
2025-02-07,TITAN.NS,3424.800048828125,3506.67,3408.71
2025-02-10,TITAN.NS,3327.449951171875,3483.41,3411.19
2025-02-11,TITAN.NS,3281.800048828125,3444.81,3412.12
2025-02-12,TITAN.NS,3255.449951171875,3398.41,3407.67
2025-02-13,TITAN.NS,3231.5,3346.09,3400.33
2025-02-14,TITAN.NS,3213.25,3306.43,3391.76
2025-02-17,TITAN.NS,3233.199951171875,3281.06,3382.7
2025-02-18,TITAN.NS,3221.85009765625,3252.07,3373.96
2025-02-19,TITAN.NS,3210.300048828125,3235.34,3364.73
2025-02-20,TITAN.NS,3191.449951171875,3222.43,3356.44
2025-02-21,TITAN.NS,3179.89990234375,3211.64,3349.68
2025-02-24,TITAN.NS,3173.0,3203.28,3344.69
2025-02-25,TITAN.NS,3198.800048828125,3201.21,3340.54
2025-02-27,TITAN.NS,3223.10009765625,3199.77,3337.41
2025-02-28,TITAN.NS,3077.25,3179.11,3328.07
2025-03-03,TITAN.NS,3082.0,3160.79,3318.06
2025-03-04,TITAN.NS,3048.5,3140.36,3307.9
2025-03-05,TITAN.NS,3086.550048828125,3127.03,3298.9
2025-03-06,TITAN.NS,3121.10009765625,3119.61,3289.66
2025-03-07,TITAN.NS,3079.35009765625,3102.55,3278.9
2025-03-10,TITAN.NS,3026.800048828125,3074.51,3269.15
2025-03-11,TITAN.NS,3046.39990234375,3070.1,3259.83
2025-03-12,TITAN.NS,3018.949951171875,3061.09,3248.1
2025-03-13,TITAN.NS,3010.14990234375,3055.61,3236.16
2025-03-17,TITAN.NS,3017.35009765625,3045.73,3220.4
2025-03-18,TITAN.NS,3017.35009765625,3030.91,3202.58
2025-03-19,TITAN.NS,3076.300048828125,3030.47,3185.78
2025-03-20,TITAN.NS,3193.10009765625,3054.23,3172.29
2025-03-21,TITAN.NS,3162.699951171875,3070.84,3161.35
2025-03-24,TITAN.NS,3079.10009765625,3079.44,3150.29
2025-03-25,TITAN.NS,3053.699951171875,3085.66,3137.92
2025-03-26,TITAN.NS,3057.5,3091.39,3128.93
2025-03-27,TITAN.NS,3087.64990234375,3101.44,3122.45
2025-03-28,TITAN.NS,3063.35009765625,3099.59,3116.05
2025-04-01,TITAN.NS,2986.949951171875,3070.14,3107.9
2025-04-02,TITAN.NS,3098.449951171875,3060.96,3104.07
2025-04-03,TITAN.NS,3127.550048828125,3067.88,3100.55
2025-04-04,TITAN.NS,3076.199951171875,3071.09,3095.7
2025-04-07,TITAN.NS,3022.199951171875,3066.05,3089.43
2025-04-08,TITAN.NS,3122.300048828125,3071.0,3087.12
2025-04-09,TITAN.NS,3174.14990234375,3086.83,3086.93
2025-04-11,TITAN.NS,3234.89990234375,3122.25,3088.99
2025-04-15,TITAN.NS,3273.39990234375,3147.24,3091.48
2025-04-16,TITAN.NS,3272.10009765625,3167.89,3093.11
2025-04-17,TITAN.NS,3327.5,3203.79,3101.45
2025-04-21,TITAN.NS,3336.10009765625,3248.64,3109.92
2025-04-22,TITAN.NS,3337.39990234375,3279.36,3119.55
2025-04-23,TITAN.NS,3357.300048828125,3305.53,3128.58
2025-04-24,TITAN.NS,3382.60009765625,3326.63,3137.3
2025-04-25,TITAN.NS,3365.199951171875,3339.74,3146.82
2025-04-28,TITAN.NS,3369.10009765625,3353.6,3158.23
2025-04-29,TITAN.NS,3378.60009765625,3360.9,3169.31
2025-04-30,TITAN.NS,3379.699951171875,3367.13,3181.33
2025-05-02,TITAN.NS,3342.0,3367.79,3192.39
2025-05-05,TITAN.NS,3321.800048828125,3362.71,3202.54
2025-05-06,TITAN.NS,3299.300048828125,3350.81,3211.94
2025-05-07,TITAN.NS,3338.89990234375,3347.06,3220.69
2025-05-08,TITAN.NS,3369.300048828125,3347.09,3226.57
2025-05-09,TITAN.NS,3510.300048828125,3365.9,3238.15
2025-05-12,TITAN.NS,3562.89990234375,3392.07,3254.28
2025-05-13,TITAN.NS,3563.199951171875,3423.67,3271.26
2025-05-14,TITAN.NS,3587.60009765625,3461.64,3288.93
2025-05-15,TITAN.NS,3636.800048828125,3509.86,3307.24
2025-05-16,TITAN.NS,3633.699951171875,3551.97,3326.25
2025-05-19,TITAN.NS,3617.699951171875,3587.46,3347.28
2025-05-20,TITAN.NS,3580.60009765625,3597.5,3363.35
2025-05-21,TITAN.NS,3580.5,3600.01,3378.45
2025-05-22,TITAN.NS,3541.0,3596.84,3393.94
2025-05-23,TITAN.NS,3579.699951171875,3595.71,3412.52
2025-05-26,TITAN.NS,3610.300048828125,3591.93,3428.79
2025-05-27,TITAN.NS,3589.39990234375,3585.6,3442.63
2025-05-28,TITAN.NS,3574.699951171875,3579.46,3453.96
2025-05-29,TITAN.NS,3588.300048828125,3580.56,3464.45
2025-05-30,TITAN.NS,3555.0,3576.91,3473.88
2025-06-02,TITAN.NS,3525.5,3574.7,3480.48
2025-06-03,TITAN.NS,3519.800048828125,3566.14,3486.61
2025-06-04,TITAN.NS,3499.800048828125,3550.36,3492.02
2025-06-05,TITAN.NS,3504.0,3538.16,3496.91
2025-06-06,TITAN.NS,3559.89990234375,3536.04,3502.82
2025-06-09,TITAN.NS,3533.89990234375,3528.27,3508.44
2025-06-10,TITAN.NS,3524.199951171875,3523.87,3513.61
2025-06-11,TITAN.NS,3541.60009765625,3526.17,3519.05
2025-06-12,TITAN.NS,3452.699951171875,3516.59,3521.48
2025-06-13,TITAN.NS,3421.89990234375,3505.46,3524.14
2025-06-16,TITAN.NS,3438.10009765625,3496.04,3528.02
2025-06-17,TITAN.NS,3405.699951171875,3474.01,3531.57
2025-06-18,TITAN.NS,3467.800048828125,3464.57,3535.86
2025-06-19,TITAN.NS,3505.39990234375,3461.89,3540.4
2025-06-20,TITAN.NS,3519.0,3458.66,3540.69
2025-06-23,TITAN.NS,3505.699951171875,3466.23,3538.78
2025-06-24,TITAN.NS,3526.0,3481.1,3537.54
2025-06-25,TITAN.NS,3652.199951171875,3511.69,3539.7
2025-06-26,TITAN.NS,3694.699951171875,3552.97,3541.63
2025-06-27,TITAN.NS,3666.199951171875,3581.31,3542.71
2025-06-30,TITAN.NS,3690.199951171875,3607.71,3545.13
2025-07-01,TITAN.NS,3700.5,3633.64,3549.12
2025-07-02,TITAN.NS,3708.0,3662.54,3553.37
2025-07-03,TITAN.NS,3678.699951171875,3684.36,3557.96
2025-07-04,TITAN.NS,3686.89990234375,3689.31,3561.54
2025-07-07,TITAN.NS,3666.10009765625,3685.23,3563.4
2025-07-08,TITAN.NS,3441.300048828125,3653.1,3558.46
2025-07-09,TITAN.NS,3432.10009765625,3616.23,3553.71
2025-07-10,TITAN.NS,3419.800048828125,3576.13,3548.09
2025-07-11,TITAN.NS,3361.60009765625,3526.64,3541.64
2025-07-14,TITAN.NS,3404.699951171875,3487.5,3537.62
2025-07-15,TITAN.NS,3415.0,3448.66,3534.12
2025-07-16,TITAN.NS,3417.300048828125,3413.11,3531.37
2025-07-17,TITAN.NS,3433.300048828125,3411.97,3529.02
2025-07-18,TITAN.NS,3402.89990234375,3407.8,3523.78
2025-07-21,TITAN.NS,3433.0,3409.69,3520.42
2025-07-22,TITAN.NS,3472.39990234375,3425.51,3518.69
2025-07-23,TITAN.NS,3471.39990234375,3435.04,3516.35
2025-07-24,TITAN.NS,3484.39990234375,3444.96,3517.41
2025-07-25,TITAN.NS,3462.800048828125,3451.46,3518.77
2025-07-28,TITAN.NS,3393.0,3445.7,3517.27
2025-07-29,TITAN.NS,3379.199951171875,3442.31,3516.39
2025-07-30,TITAN.NS,3376.5,3434.24,3513.34
2025-07-31,TITAN.NS,3347.300048828125,3416.37,3508.07
2025-08-01,TITAN.NS,3316.0,3394.17,3501.31
2025-08-04,TITAN.NS,3356.300048828125,3375.87,3496.33
2025-08-05,TITAN.NS,3418.199951171875,3369.5,3492.73
2025-08-06,TITAN.NS,3417.699951171875,3373.03,3484.92
2025-08-07,TITAN.NS,3415.699951171875,3378.24,3475.62
2025-08-08,TITAN.NS,3460.199951171875,3390.2,3468.75
2025-08-11,TITAN.NS,3467.89990234375,3407.43,3461.34
2025-08-12,TITAN.NS,3486.800048828125,3431.83,3454.22
2025-08-13,TITAN.NS,3466.800048828125,3447.61,3446.18
2025-08-14,TITAN.NS,3489.39990234375,3457.79,3439.87
2025-08-18,TITAN.NS,3554.800048828125,3477.37,3435.46
2025-08-19,TITAN.NS,3568.10009765625,3499.14,3432.2
2025-08-20,TITAN.NS,3595.0,3518.4,3437.32
2025-08-21,TITAN.NS,3616.300048828125,3539.6,3443.46
2025-08-22,TITAN.NS,3621.0,3558.77,3450.17
2025-08-25,TITAN.NS,3651.39990234375,3585.14,3459.83
2025-08-26,TITAN.NS,3594.0,3600.09,3466.14
2025-08-28,TITAN.NS,3637.699951171875,3611.93,3473.56
2025-08-29,TITAN.NS,3628.800048828125,3620.6,3480.61
2025-09-01,TITAN.NS,3618.60009765625,3623.97,3486.79
2025-09-02,TITAN.NS,3620.60009765625,3624.59,3494.04
2025-09-03,TITAN.NS,3690.60009765625,3634.53,3502.63
2025-09-04,TITAN.NS,3691.10009765625,3640.2,3509.92
2025-09-05,TITAN.NS,3665.300048828125,3650.39,3516.38
2025-09-08,TITAN.NS,3658.0,3653.29,3522.17
2025-09-09,TITAN.NS,3630.10009765625,3653.47,3527.75
2025-09-10,TITAN.NS,3620.60009765625,3653.76,3535.33
2025-09-11,TITAN.NS,3584.199951171875,3648.56,3542.17
2025-09-12,TITAN.NS,3571.89990234375,3631.6,3548.68
2025-09-15,TITAN.NS,3534.10009765625,3609.17,3554.91
2025-09-16,TITAN.NS,3556.800048828125,3593.67,3562.93
2025-09-17,TITAN.NS,3523.0,3574.39,3568.49
2025-09-18,TITAN.NS,3511.300048828125,3557.41,3571.59
2025-09-19,TITAN.NS,3467.199951171875,3535.5,3573.24
2025-09-22,TITAN.NS,3457.5,3517.4,3574.64
2025-09-23,TITAN.NS,3439.199951171875,3498.44,3573.94
2025-09-24,TITAN.NS,3418.300048828125,3481.9,3572.28
2025-09-25,TITAN.NS,3378.5,3456.43,3568.67
2025-09-26,TITAN.NS,3327.300048828125,3428.47,3564.02
2025-09-29,TITAN.NS,3401.199951171875,3412.74,3561.08
2025-09-30,TITAN.NS,3367.0,3398.43,3554.82
2025-10-01,TITAN.NS,3408.300048828125,3391.4,3549.5
2025-10-03,TITAN.NS,3453.300048828125,3393.41,3544.77
2025-10-06,TITAN.NS,3425.39990234375,3394.43,3538.41
2025-10-07,TITAN.NS,3418.199951171875,3400.1,3531.65
2025-10-08,TITAN.NS,3565.60009765625,3434.14,3528.79
2025-10-09,TITAN.NS,3550.60009765625,3455.49,3527.34
2025-10-10,TITAN.NS,3531.89990234375,3479.04,3523.82
2025-10-13,TITAN.NS,3533.60009765625,3496.94,3520.64
2025-10-14,TITAN.NS,3537.39990234375,3508.96,3517.94
2025-10-15,TITAN.NS,3549.0,3526.61,3515.55
2025-10-16,TITAN.NS,3640.300048828125,3558.34,3513.87
2025-10-17,TITAN.NS,3674.800048828125,3573.94,3513.33
2025-10-20,TITAN.NS,3737.199951171875,3600.6,3515.73
2025-10-21,TITAN.NS,3729.0,3628.76,3518.09
2025-10-23,TITAN.NS,3772.300048828125,3662.86,3522.83
2025-10-24,TITAN.NS,3714.89990234375,3688.21,3525.98
2025-10-27,TITAN.NS,3739.800048828125,3715.47,3531.16
2025-10-28,TITAN.NS,3717.0,3726.43,3536.0
2025-10-29,TITAN.NS,3748.300048828125,3736.93,3543.14
2025-10-30,TITAN.NS,3750.699951171875,3738.86,3549.6
2025-10-31,TITAN.NS,3746.699951171875,3741.39,3557.06
2025-11-03,TITAN.NS,3724.5,3734.56,3564.17
2025-11-04,TITAN.NS,3813.5,3748.64,3575.71
2025-11-06,TITAN.NS,3774.39990234375,3753.59,3586.27
2025-11-07,TITAN.NS,3769.300048828125,3761.06,3597.28
2025-11-10,TITAN.NS,3803.0,3768.87,3610.1
2025-11-11,TITAN.NS,3812.39990234375,3777.69,3624.56
2025-11-12,TITAN.NS,3851.10009765625,3792.6,3642.02
2025-11-13,TITAN.NS,3839.199951171875,3808.99,3656.62
2025-11-14,TITAN.NS,3829.199951171875,3811.23,3672.03
2025-11-17,TITAN.NS,3868.60009765625,3824.69,3687.37
2025-11-18,TITAN.NS,3879.199951171875,3840.39,3701.57
2025-11-19,TITAN.NS,3933.10009765625,3858.97,3718.49
2025-11-20,TITAN.NS,3902.39990234375,3871.83,3734.63
2025-11-21,TITAN.NS,3904.199951171875,3879.41,3745.92
2025-11-24,TITAN.NS,3874.300048828125,3884.43,3756.71
2025-11-25,TITAN.NS,3855.10009765625,3888.13,3767.48
2025-11-26,TITAN.NS,3897.699951171875,3892.29,3779.62
2025-11-27,TITAN.NS,3903.300048828125,3895.73,3791.82
2025-11-28,TITAN.NS,3907.699951171875,3892.1,3803.77
2025-12-01,TITAN.NS,3894.89990234375,3891.03,3812.26
2025-12-02,TITAN.NS,3885.800048828125,3888.4,3819.29
2025-12-03,TITAN.NS,3817.800048828125,3880.33,3821.98
2025-12-04,TITAN.NS,3800.39990234375,3872.51,3824.36
2025-12-05,TITAN.NS,3813.300048828125,3860.46,3825.73
2025-12-08,TITAN.NS,3767.0,3840.99,3827.46
2025-12-09,TITAN.NS,3849.0,3832.6,3831.1
2025-12-10,TITAN.NS,3845.699951171875,3825.57,3835.39
2025-12-11,TITAN.NS,3844.800048828125,3819.71,3838.61
2025-12-12,TITAN.NS,3880.199951171875,3828.63,3842.93
2025-12-15,TITAN.NS,3866.199951171875,3838.03,3846.91
2025-12-16,TITAN.NS,3929.5,3854.63,3853.74
2025-12-17,TITAN.NS,3907.89990234375,3874.76,3856.89
2025-12-18,TITAN.NS,3919.300048828125,3884.8,3861.72
2025-12-19,TITAN.NS,3930.10009765625,3896.86,3867.08
2025-12-22,TITAN.NS,3933.800048828125,3909.57,3871.44
2025-12-23,TITAN.NS,3925.800048828125,3916.09,3875.22
2025-12-24,TITAN.NS,3909.300048828125,3922.24,3877.16
2025-12-26,TITAN.NS,3992.0,3931.17,3882.25
2025-12-29,TITAN.NS,3983.699951171875,3942.0,3887.4
2025-12-30,TITAN.NS,3974.10009765625,3949.83,3890.92
2025-12-31,TITAN.NS,4051.5,3967.17,3896.66
2026-01-01,TITAN.NS,4049.300048828125,3983.67,3900.54
2026-01-02,TITAN.NS,4051.699951171875,4001.66,3905.51
2026-01-05,TITAN.NS,4079.699951171875,4026.0,3911.36
2026-01-06,TITAN.NS,4111.7998046875,4043.11,3919.28
2026-01-07,TITAN.NS,4273.2001953125,4084.47,3933.22
2026-01-08,TITAN.NS,4249.0,4123.74,3944.93
2026-01-09,TITAN.NS,4201.7998046875,4145.21,3954.88
2026-01-12,TITAN.NS,4231.60009765625,4171.26,3965.67
2026-01-13,TITAN.NS,4239.2001953125,4198.04,3977.15
2026-01-14,TITAN.NS,4221.5,4218.3,3988.34
2026-01-15,TITAN.NS,4221.5,4233.97,4001.8
2026-01-16,TITAN.NS,4196.89990234375,4223.07,4015.01
2026-01-19,TITAN.NS,4144.10009765625,4208.09,4026.04
2026-01-20,TITAN.NS,4075.5,4190.04,4036.32
2026-01-21,TITAN.NS,4079.199951171875,4168.27,4044.0
2026-01-22,TITAN.NS,4018.60009765625,4136.76,4049.76
2026-01-23,TITAN.NS,4021.800048828125,4108.23,4055.66
2026-01-27,TITAN.NS,3997.0,4076.16,4059.55
2026-01-28,TITAN.NS,3975.199951171875,4044.49,4063.19
2026-01-29,TITAN.NS,3939.699951171875,4015.29,4063.53
2026-01-30,TITAN.NS,3977.39990234375,4001.27,4065.84
2026-02-02,TITAN.NS,3953.199951171875,3983.27,4066.97
2026-02-03,TITAN.NS,4068.60009765625,3990.41,4071.59
2026-02-04,TITAN.NS,4144.0,4007.87,4078.6
2026-02-05,TITAN.NS,4097.60009765625,4022.24,4084.32
2026-02-06,TITAN.NS,4141.0,4045.93,4092.05
2026-02-09,TITAN.NS,4257.7998046875,4091.37,4100.91
2026-02-10,TITAN.NS,4269.10009765625,4133.04,4110.42
2026-02-11,TITAN.NS,4249.10009765625,4175.31,4119.59
2026-02-12,TITAN.NS,4275.7998046875,4204.91,4127.06
2026-02-13,TITAN.NS,4179.2001953125,4209.94,4131.39
2026-02-16,TITAN.NS,4181.10009765625,4221.87,4135.71
2026-02-17,TITAN.NS,4236.39990234375,4235.5,4140.93
2026-02-18,TITAN.NS,4248.60009765625,4234.19,4145.49
2026-02-19,TITAN.NS,4198.2001953125,4224.06,4142.99
2026-02-20,TITAN.NS,4236.39990234375,4222.24,4142.57
2026-02-23,TITAN.NS,4272.7001953125,4221.8,4144.93
2026-02-24,TITAN.NS,4294.5,4238.27,4147.03
2026-02-25,TITAN.NS,4325.0,4258.83,4149.89
2026-02-26,TITAN.NS,4342.60009765625,4274.0,4153.93
2026-02-27,TITAN.NS,4327.5,4285.27,4157.46
2026-03-02,TITAN.NS,4270.2998046875,4295.57,4159.91
2026-03-04,TITAN.NS,4204.39990234375,4291.0,4161.92
2026-03-05,TITAN.NS,4275.2001953125,4291.36,4168.57
2026-03-06,TITAN.NS,4244.60009765625,4284.23,4174.09
2026-03-09,TITAN.NS,4159.2001953125,4260.54,4178.77
2026-03-10,TITAN.NS,4220.10009765625,4243.04,4185.38
2026-03-11,TITAN.NS,4140.2998046875,4216.3,4190.16
2026-03-12,TITAN.NS,4129.60009765625,4196.2,4195.31
2026-03-13,TITAN.NS,4073.199951171875,4177.46,4199.76
2026-03-16,TITAN.NS,4090.800048828125,4151.11,4203.54
2026-03-17,TITAN.NS,4090.5,4129.1,4208.11
2026-03-18,TITAN.NS,4145.5,4127.14,4210.68
2026-03-19,TITAN.NS,4037.89990234375,4101.11,4207.14
2026-03-20,TITAN.NS,4106.60009765625,4096.3,4207.44
2026-03-23,TITAN.NS,3853.10009765625,4056.8,4197.84
2026-03-24,TITAN.NS,3899.5,4031.99,4185.9
2026-03-25,TITAN.NS,4039.300048828125,4024.63,4178.24
2026-03-27,TITAN.NS,3981.5,4009.06,4169.32
2026-03-30,TITAN.NS,3951.39990234375,3981.33,4158.51
2026-04-01,TITAN.NS,4065.5,3985.27,4154.72
2026-04-02,TITAN.NS,4097.2001953125,3983.93,4151.92
2026-04-06,TITAN.NS,4246.10009765625,4040.07,4152.24
2026-04-07,TITAN.NS,4230.60009765625,4087.37,4151.64
2026-04-08,TITAN.NS,4492.5,4152.11,4161.45
2026-04-09,TITAN.NS,4439.7998046875,4217.59,4168.23
2026-04-10,TITAN.NS,4505.0,4296.67,4175.98
2026-04-13,TITAN.NS,4439.2998046875,4350.07,4180.8
2026-04-15,TITAN.NS,4522.2001953125,4410.79,4187.38
2026-04-16,TITAN.NS,4461.39990234375,4441.54,4191.34
2026-04-17,TITAN.NS,4525.89990234375,4483.73,4197.95
2026-04-20,TITAN.NS,4513.0,4486.66,4206.04
2026-04-21,TITAN.NS,4479.7001953125,4492.36,4215.22
2026-04-22,TITAN.NS,4454.60009765625,4485.16,4221.2
2026-04-23,TITAN.NS,4456.5,4487.61,4228.26
2026-04-24,TITAN.NS,4410.0,4471.59,4236.62
2026-04-27,TITAN.NS,4441.7998046875,4468.79,4244.01
2026-04-28,TITAN.NS,4417.0,4453.23,4253.23
2026-04-29,TITAN.NS,4439.7998046875,4442.77,4263.57
2026-04-30,TITAN.NS,4385.2001953125,4429.27,4273.97
2026-05-01,TITAN.NS,4385.2001953125,4419.36,4283.79
2026-05-04,TITAN.NS,4363.0,4406.0,4292.87
2026-05-05,TITAN.NS,4373.60009765625,4400.8,4300.47
2026-05-06,TITAN.NS,4359.60009765625,4389.06,4311.2
2026-05-07,TITAN.NS,4307.5,4373.41,4317.89
2026-05-08,TITAN.NS,4509.0,4383.3,4339.76
2026-05-11,TITAN.NS,4205.60009765625,4357.64,4349.96
2026-05-12,TITAN.NS,4055.300048828125,4310.51,4350.49
2026-05-13,TITAN.NS,4090.699951171875,4271.61,4354.13
2026-05-14,TITAN.NS,4135.2001953125,4237.56,4360.26
2026-05-15,TITAN.NS,4169.10009765625,4210.34,4363.71
2026-05-18,TITAN.NS,4169.7001953125,4190.66,4366.13
2026-05-19,TITAN.NS,4102.0,4132.51,4361.33
2026-05-20,TITAN.NS,4106.39990234375,4118.34,4357.19
2026-05-21,TITAN.NS,4083.10009765625,4122.31,4343.54
2026-05-22,TITAN.NS,4079.800048828125,4120.76,4331.54
2026-05-25,TITAN.NS,4159.2001953125,4124.19,4320.01
2026-05-26,TITAN.NS,4105.89990234375,4115.16,4308.9
2026-05-27,TITAN.NS,4137.89990234375,4110.61,4296.09
2026-05-29,TITAN.NS,4074.89990234375,4106.74,4283.21
2023-05-30,TSLA,201.16000366210932,201.16,201.16
2023-05-31,TSLA,203.92999267578125,202.54,202.54
2023-06-01,TSLA,207.5200042724609,204.2,204.2
2023-06-02,TSLA,213.97000122070312,206.65,206.65
2023-06-05,TSLA,217.6100006103516,208.84,208.84
2023-06-06,TSLA,221.3099975585937,210.92,210.92
2023-06-07,TSLA,224.57000732421875,212.87,212.87
2023-06-08,TSLA,234.8600006103516,217.68,215.62
2023-06-09,TSLA,244.3999938964844,223.46,218.81
2023-06-12,TSLA,249.8300018310547,229.51,221.92
2023-06-13,TSLA,258.7099914550781,235.9,225.26
2023-06-14,TSLA,256.7900085449219,241.5,227.89
2023-06-15,TSLA,255.8999938964844,246.44,230.04
2023-06-16,TSLA,260.5400085449219,251.58,232.22
2023-06-20,TSLA,274.45001220703125,257.23,235.04
2023-06-21,TSLA,259.4599914550781,259.38,236.56
2023-06-22,TSLA,264.6099853515625,261.49,238.21
2023-06-23,TSLA,256.6000061035156,261.19,239.23
2023-06-26,TSLA,241.0500030517578,258.94,239.33
2023-06-27,TSLA,250.2100067138672,258.13,239.87
2023-06-28,TSLA,256.239990234375,257.52,240.65
2023-06-29,TSLA,257.5,255.1,241.42
2023-06-30,TSLA,261.7699890136719,255.43,242.3
2023-07-03,TSLA,279.82000732421875,257.6,243.87
2023-07-05,TSLA,282.4800109863281,261.3,245.41
2023-07-06,TSLA,276.5400085449219,266.37,246.61
2023-07-07,TSLA,274.42999267578125,269.83,247.64
2023-07-10,TSLA,269.6099853515625,271.74,248.42
2023-07-11,TSLA,269.7900085449219,273.49,249.16
2023-07-12,TSLA,271.989990234375,274.95,249.92
2023-07-13,TSLA,277.8999938964844,274.68,252.48
2023-07-14,TSLA,281.3800048828125,274.52,255.06
2023-07-17,TSLA,290.3800048828125,276.5,257.82
2023-07-18,TSLA,293.3399963378906,279.2,260.47
2023-07-19,TSLA,291.260009765625,282.29,262.92
2023-07-20,TSLA,262.8999938964844,281.31,264.31
2023-07-21,TSLA,260.0199890136719,279.6,265.49
2023-07-24,TSLA,269.0599975585937,278.33,266.63
2023-07-25,TSLA,265.2799987792969,276.03,267.33
2023-07-26,TSLA,264.3500061035156,272.32,267.81
2023-07-27,TSLA,255.7100067138672,266.94,267.71
2023-07-28,TSLA,266.44000244140625,263.39,268.03
2023-07-31,TSLA,267.42999267578125,264.04,268.42
2023-08-01,TSLA,261.07000732421875,264.19,268.44
2023-08-02,TSLA,254.1100006103516,262.06,267.76
2023-08-03,TSLA,259.32000732421875,261.2,267.75
2023-08-04,TSLA,253.8600006103516,259.71,267.39
2023-08-07,TSLA,251.4499969482422,259.1,267.22
2023-08-08,TSLA,249.6999969482422,256.71,267.51
2023-08-09,TSLA,242.19000244140625,253.1,267.24
2023-08-10,TSLA,245.33999633789065,250.85,266.88
2023-08-11,TSLA,242.6499938964844,249.22,266.39
2023-08-14,TSLA,239.759994506836,246.42,265.65
2023-08-15,TSLA,232.9600067138672,243.44,264.09
2023-08-16,TSLA,225.6000061035156,239.74,262.19
2023-08-17,TSLA,219.22000122070312,235.39,260.28
2023-08-18,TSLA,215.4900054931641,231.57,258.32
2023-08-21,TSLA,231.27999877929688,229.57,257.04
2023-08-22,TSLA,233.19000244140625,228.21,255.82
2023-08-23,TSLA,236.8600006103516,227.8,254.65
2023-08-24,TSLA,230.0399932861328,227.38,253.05
2023-08-25,TSLA,238.58999633789065,229.24,251.63
2023-08-28,TSLA,238.82000732421875,232.04,249.91
2023-08-29,TSLA,257.17999267578125,237.99,248.7
2023-08-30,TSLA,256.8999938964844,241.65,247.56
2023-08-31,TSLA,258.0799865722656,245.21,247.4
2023-09-01,TSLA,245.009994506836,246.37,246.9
2023-09-05,TSLA,256.489990234375,250.15,246.48
2023-09-06,TSLA,251.9199981689453,252.06,246.03
2023-09-07,TSLA,251.4900054931641,253.87,245.6
2023-09-08,TSLA,248.5,252.63,245.36
2023-09-11,TSLA,273.5799865722656,255.01,245.6
2023-09-12,TSLA,267.4800109863281,256.35,245.6
2023-09-13,TSLA,271.29998779296875,260.11,245.95
2023-09-14,TSLA,276.0400085449219,262.9,246.68
2023-09-15,TSLA,274.3900146484375,266.11,247.18
2023-09-18,TSLA,265.2799987792969,268.08,247.56
2023-09-19,TSLA,266.5,270.65,248.06
2023-09-20,TSLA,262.5899963378906,269.08,248.49
2023-09-21,TSLA,255.6999969482422,267.4,248.94
2023-09-22,TSLA,244.8800048828125,263.63,248.93
2023-09-25,TSLA,246.9900054931641,259.48,249.07
2023-09-26,TSLA,244.1199951171875,255.15,249.22
2023-09-27,TSLA,240.5,251.61,249.47
2023-09-28,TSLA,246.3800048828125,248.74,250.16
2023-09-29,TSLA,250.22000122070312,246.97,251.19
2023-10-02,TSLA,251.6000061035156,246.38,252.4
2023-10-03,TSLA,246.52999877929688,246.62,252.9
2023-10-04,TSLA,261.1600036621094,248.64,253.84
2023-10-05,TSLA,260.04998779296875,250.92,254.61
2023-10-06,TSLA,260.5299987792969,253.78,255.63
2023-10-09,TSLA,259.6700134277344,255.68,256.33
2023-10-10,TSLA,263.6199951171875,257.59,257.16
2023-10-11,TSLA,262.989990234375,259.22,257.35
2023-10-12,TSLA,258.8699951171875,260.98,257.42
2023-10-13,TSLA,251.1199951171875,259.55,257.18
2023-10-16,TSLA,253.9199981689453,258.67,257.48
2023-10-17,TSLA,254.8500061035156,257.86,257.43
2023-10-18,TSLA,242.67999267578125,255.44,257.12
2023-10-19,TSLA,220.1100006103516,249.22,256.07
2023-10-20,TSLA,211.9900054931641,241.93,254.85
2023-10-23,TSLA,212.0800018310547,235.25,252.8
2023-10-24,TSLA,216.5200042724609,230.31,251.11
2023-10-25,TSLA,212.4199981689453,224.38,249.14
2023-10-26,TSLA,205.759994506836,217.37,246.8
2023-10-27,TSLA,207.3000030517578,212.31,244.56
2023-10-30,TSLA,197.3600006103516,209.06,242.3
2023-10-31,TSLA,200.83999633789065,207.47,240.11
2023-11-01,TSLA,205.66000366210932,206.55,238.21
2023-11-02,TSLA,218.509994506836,206.84,236.97
2023-11-03,TSLA,219.9600067138672,207.91,236.14
2023-11-06,TSLA,219.2700042724609,209.84,235.22
2023-11-07,TSLA,222.17999267578125,211.97,234.49
2023-11-08,TSLA,222.1100006103516,215.5,233.88
2023-11-09,TSLA,209.97999572753903,216.81,232.66
2023-11-10,TSLA,214.6499938964844,218.09,231.48
2023-11-13,TSLA,223.7100067138672,218.84,230.55
2023-11-14,TSLA,237.41000366210932,221.33,230.24
2023-11-15,TSLA,242.83999633789065,224.7,229.63
2023-11-16,TSLA,233.58999633789065,226.33,228.75
2023-11-17,TSLA,234.3000030517578,228.07,227.88
2023-11-20,TSLA,235.6000061035156,231.73,227.07
2023-11-21,TSLA,241.1999969482422,235.52,226.33
2023-11-22,TSLA,234.2100067138672,237.02,225.37
2023-11-24,TSLA,235.4499969482422,236.74,224.59
2023-11-27,TSLA,236.0800018310547,235.78,224.08
2023-11-28,TSLA,246.72000122070312,237.65,223.84
2023-11-29,TSLA,244.13999938964844,239.06,223.49
2023-11-30,TSLA,240.0800018310547,239.7,223.4
2023-12-01,TSLA,238.8300018310547,239.36,224.03
2023-12-04,TSLA,235.5800018310547,239.55,224.81
2023-12-05,TSLA,238.72000122070312,240.02,225.7
2023-12-06,TSLA,239.3699951171875,240.49,226.46
2023-12-07,TSLA,242.63999938964844,239.91,227.47
2023-12-08,TSLA,243.83999633789065,239.87,228.74
2023-12-11,TSLA,239.7400054931641,239.82,229.82
2023-12-12,TSLA,237.009994506836,239.56,231.14
2023-12-13,TSLA,239.2899932861328,240.09,232.42
2023-12-14,TSLA,251.0500030517578,241.85,233.94
2023-12-15,TSLA,253.5,243.87,235.1
2023-12-18,TSLA,252.0800018310547,245.22,236.17
2023-12-19,TSLA,257.2200012207031,247.13,237.44
2023-12-20,TSLA,247.13999938964844,248.18,238.27
2023-12-21,TSLA,254.5,250.68,239.35
2023-12-22,TSLA,252.5399932861328,252.58,240.77
2023-12-26,TSLA,256.6099853515625,253.37,242.17
2023-12-27,TSLA,261.44000244140625,254.5,243.42
2023-12-28,TSLA,253.17999267578125,254.66,243.95
2023-12-29,TSLA,248.47999572753903,253.41,244.14
2024-01-02,TSLA,248.4199981689453,253.6,244.63
2024-01-03,TSLA,238.4499969482422,251.3,244.77
2024-01-04,TSLA,237.92999267578125,249.22,244.85
2024-01-05,TSLA,237.4900054931641,246.48,244.72
2024-01-08,TSLA,240.4499969482422,243.49,244.93
2024-01-09,TSLA,234.9600067138672,240.88,244.92
2024-01-10,TSLA,233.94000244140625,238.81,244.84
2024-01-11,TSLA,227.22000122070312,235.78,244.19
2024-01-12,TSLA,218.88999938964844,232.98,243.35
2024-01-16,TSLA,219.91000366210932,230.41,242.68
2024-01-17,TSLA,215.5500030517578,227.27,241.9
2024-01-18,TSLA,211.8800048828125,223.19,241.11
2024-01-19,TSLA,212.19000244140625,219.94,240.23
2024-01-22,TSLA,208.8000030517578,216.35,239.21
2024-01-23,TSLA,209.13999938964844,213.77,238.09
2024-01-24,TSLA,207.8300018310547,212.19,236.89
2024-01-25,TSLA,182.6300048828125,206.86,234.99
2024-01-26,TSLA,183.25,202.25,233.2
2024-01-29,TSLA,190.92999267578125,199.25,231.59
2024-01-30,TSLA,191.58999633789065,196.31,229.6
2024-01-31,TSLA,187.2899932861328,193.24,227.4
2024-02-01,TSLA,188.8600006103516,190.34,225.29
2024-02-02,TSLA,187.91000366210932,187.49,222.98
2024-02-05,TSLA,181.0599975585937,187.27,220.78
2024-02-06,TSLA,185.1000061035156,187.53,218.46
2024-02-07,TSLA,187.5800018310547,187.06,216.3
2024-02-08,TSLA,189.5599975585937,186.77,214.06
2024-02-09,TSLA,193.57000732421875,187.66,211.8
2024-02-12,TSLA,188.1300048828125,187.56,209.63
2024-02-13,TSLA,184.0200042724609,187.0,207.48
2024-02-14,TSLA,188.7100067138672,188.1,205.49
2024-02-15,TSLA,200.4499969482422,190.29,204.23
2024-02-16,TSLA,199.9499969482422,192.06,202.96
2024-02-20,TSLA,193.759994506836,192.66,201.5
2024-02-21,TSLA,194.7700042724609,192.83,199.98
2024-02-22,TSLA,197.41000366210932,194.15,198.73
2024-02-23,TSLA,191.97000122070312,195.29,197.33
2024-02-26,TSLA,199.3999938964844,196.82,196.4
2024-02-27,TSLA,199.72999572753903,196.71,195.76
2024-02-28,TSLA,202.0399932861328,197.01,195.17
2024-02-29,TSLA,201.8800048828125,198.17,194.71
2024-03-01,TSLA,202.63999938964844,199.3,194.41
2024-03-04,TSLA,188.13999938964844,197.97,193.6
2024-03-05,TSLA,180.7400054931641,196.37,192.67
2024-03-06,TSLA,176.5399932861328,193.1,191.58
2024-03-07,TSLA,178.64999389648438,190.09,190.61
2024-03-08,TSLA,175.33999633789062,186.28,190.37
2024-03-11,TSLA,177.77000427246094,182.83,190.18
2024-03-12,TSLA,177.5399932861328,179.25,189.74
2024-03-13,TSLA,169.47999572753906,176.58,189.0
2024-03-14,TSLA,162.5,173.97,188.17
2024-03-15,TSLA,163.57000732421875,172.12,187.33
2024-03-18,TSLA,173.8000030517578,171.43,186.86
2024-03-19,TSLA,171.32000732421875,170.85,186.54
2024-03-20,TSLA,175.66000366210938,170.55,186.22
2024-03-21,TSLA,172.82000732421875,169.88,185.73
2024-03-22,TSLA,170.8300018310547,170.07,185.1
2024-03-25,TSLA,172.6300048828125,171.52,184.41
2024-03-26,TSLA,177.6699981689453,173.53,184.06
2024-03-27,TSLA,179.8300018310547,174.39,183.92
2024-03-28,TSLA,175.7899932861328,175.03,183.49
2024-04-01,TSLA,175.22000122070312,174.97,182.65
2024-04-02,TSLA,166.6300048828125,174.09,181.54
2024-04-03,TSLA,168.3800048828125,173.74,180.69
2024-04-04,TSLA,171.11000061035156,173.52,179.9
2024-04-05,TSLA,164.89999389648438,171.69,178.82
2024-04-08,TSLA,172.97999572753906,170.72,178.18
2024-04-09,TSLA,176.8800048828125,170.87,177.43
2024-04-10,TSLA,171.75999450683594,170.38,176.5
2024-04-11,TSLA,174.60000610351562,171.52,175.59
2024-04-12,TSLA,171.0500030517578,171.9,174.56
2024-04-15,TSLA,161.47999572753906,170.52,173.19
2024-04-16,TSLA,157.11000061035156,169.41,172.15
2024-04-17,TSLA,155.4499969482422,166.9,171.31
2024-04-18,TSLA,149.92999267578125,163.05,170.42
2024-04-19,TSLA,147.0500030517578,159.52,169.37
2024-04-22,TSLA,142.0500030517578,154.87,168.26
2024-04-23,TSLA,144.67999267578125,151.11,167.16
2024-04-24,TSLA,162.1300048828125,151.2,166.64
2024-04-25,TSLA,170.17999267578125,153.07,166.67
2024-04-26,TSLA,168.2899932861328,154.9,166.86
2024-04-29,TSLA,194.0500030517578,161.2,167.88
2024-04-30,TSLA,183.27999877929688,166.38,168.19
2024-05-01,TSLA,179.99000549316406,171.8,168.48
2024-05-02,TSLA,180.00999450683594,176.85,168.63
2024-05-03,TSLA,181.19000244140625,179.57,168.9
2024-05-06,TSLA,184.759994506836,181.65,169.37
2024-05-07,TSLA,177.80999755859375,183.01,169.54
2024-05-08,TSLA,174.72000122070312,180.25,169.44
2024-05-09,TSLA,171.97000122070312,178.64,169.18
2024-05-10,TSLA,168.47000122070312,176.99,168.94
2024-05-13,TSLA,171.88999938964844,175.83,168.83
2024-05-14,TSLA,177.5500030517578,175.31,169.19
2024-05-15,TSLA,173.99000549316406,173.77,169.38
2024-05-16,TSLA,174.83999633789062,173.35,169.5
2024-05-17,TSLA,177.4600067138672,173.74,169.92
2024-05-20,TSLA,174.9499969482422,174.16,169.99
2024-05-21,TSLA,186.6000061035156,176.75,170.31
2024-05-22,TSLA,180.11000061035156,177.93,170.59
2024-05-23,TSLA,173.74000549316406,177.38,170.56
2024-05-24,TSLA,179.24000549316406,178.13,170.83
2024-05-28,TSLA,176.75,178.41,171.34
2024-05-29,TSLA,176.19000244140625,178.23,171.98
2024-05-30,TSLA,178.7899932861328,178.77,172.76
2024-05-31,TSLA,178.0800018310547,177.56,173.69
2024-06-03,TSLA,176.2899932861328,177.01,174.67
2024-06-04,TSLA,174.77000427246094,177.16,175.76
2024-06-05,TSLA,175.0,176.55,176.77
2024-06-06,TSLA,177.94000244140625,176.72,177.3
2024-06-07,TSLA,177.47999572753906,176.91,177.54
2024-06-10,TSLA,173.7899932861328,176.19,177.72
2024-06-11,TSLA,170.66000366210938,175.13,176.94
2024-06-12,TSLA,177.2899932861328,175.28,176.74
2024-06-13,TSLA,182.47000122070312,176.38,176.83
2024-06-14,TSLA,178.00999450683594,176.81,176.76
2024-06-17,TSLA,187.44000244140625,178.16,176.97
2024-06-18,TSLA,184.8600006103516,179.22,176.97
2024-06-20,TSLA,181.57000732421875,180.33,177.1
2024-06-21,TSLA,183.009994506836,182.09,177.37
2024-06-24,TSLA,182.5800018310547,182.85,177.73
2024-06-25,TSLA,187.3500061035156,183.55,178.36
2024-06-26,TSLA,196.3699951171875,186.17,179.17
2024-06-27,TSLA,197.4199981689453,187.59,179.83
2024-06-28,TSLA,197.8800048828125,189.45,180.63
2024-07-01,TSLA,209.8600006103516,193.5,181.8
2024-07-02,TSLA,231.259994506836,200.39,183.59
2024-07-03,TSLA,246.38999938964844,209.5,185.97
2024-07-05,TSLA,251.5200042724609,218.67,188.14
2024-07-08,TSLA,252.94000244140625,226.75,190.56
2024-07-09,TSLA,262.3299865722656,236.03,193.52
2024-07-10,TSLA,263.260009765625,245.37,196.32
2024-07-11,TSLA,241.02999877929688,249.82,198.46
2024-07-12,TSLA,248.22999572753903,252.24,200.86
2024-07-15,TSLA,252.63999938964844,253.14,203.32
2024-07-16,TSLA,256.5599975585937,253.86,205.94
2024-07-17,TSLA,248.5,253.22,208.35
2024-07-18,TSLA,249.22999572753903,251.35,210.83
2024-07-19,TSLA,239.1999969482422,247.91,212.97
2024-07-22,TSLA,251.509994506836,249.41,215.42
2024-07-23,TSLA,246.3800048828125,249.15,217.72
2024-07-24,TSLA,215.9900054931641,243.91,219.12
2024-07-25,TSLA,220.25,238.72,220.78
2024-07-26,TSLA,219.8000030517578,234.62,222.19
2024-07-29,TSLA,232.1000061035156,232.18,223.85
2024-07-30,TSLA,222.6199951171875,229.81,225.34
2024-07-31,TSLA,232.07000732421875,227.03,226.82
2024-08-01,TSLA,216.8600006103516,222.81,227.89
2024-08-02,TSLA,207.6699981689453,221.62,228.76
2024-08-05,TSLA,198.8800048828125,218.57,229.29
2024-08-06,TSLA,200.63999938964844,215.83,229.89
2024-08-07,TSLA,191.759994506836,210.07,230.04
2024-08-08,TSLA,198.83999633789065,206.67,230.12
2024-08-09,TSLA,200.0,202.09,230.21
2024-08-12,TSLA,197.4900054931641,199.33,230.19
2024-08-13,TSLA,207.8300018310547,199.35,230.13
2024-08-14,TSLA,201.3800048828125,199.71,229.13
2024-08-15,TSLA,214.13999938964844,201.63,228.06
2024-08-16,TSLA,216.1199951171875,205.11,226.88
2024-08-19,TSLA,222.72000122070312,208.53,225.87
2024-08-20,TSLA,221.1000061035156,211.54,224.49
2024-08-21,TSLA,223.2700042724609,215.22,223.16
2024-08-22,TSLA,210.66000366210932,215.63,222.15
2024-08-23,TSLA,220.32000732421875,218.33,221.22
2024-08-26,TSLA,213.2100067138672,218.2,219.9
2024-08-27,TSLA,209.2100067138672,217.21,218.33
2024-08-28,TSLA,205.75,214.79,216.9
2024-08-29,TSLA,206.27999877929688,212.67,215.47
2024-08-30,TSLA,214.1100006103516,211.36,214.63
2024-09-03,TSLA,210.6000061035156,211.35,213.27
2024-09-04,TSLA,219.41000366210932,211.22,212.37
2024-09-05,TSLA,230.1699981689453,213.65,212.84
2024-09-06,TSLA,210.72999572753903,213.86,212.52
2024-09-09,TSLA,216.2700042724609,215.37,212.41
2024-09-10,TSLA,226.1699981689453,218.21,212.21
2024-09-11,TSLA,228.1300048828125,220.21,212.39
2024-09-12,TSLA,229.8099975585937,222.96,212.32
2024-09-13,TSLA,230.2899932861328,224.51,212.77
2024-09-16,TSLA,226.77999877929688,224.03,213.4
2024-09-17,TSLA,227.8699951171875,226.47,214.37
2024-09-18,TSLA,227.1999969482422,228.04,215.25
2024-09-19,TSLA,243.9199981689453,230.57,216.99
2024-09-20,TSLA,238.25,232.02,218.31
2024-09-23,TSLA,250.0,234.9,219.97
2024-09-24,TSLA,254.2700042724609,238.33,221.87
2024-09-25,TSLA,257.0199890136719,242.65,223.51
2024-09-26,TSLA,254.22000122070312,246.41,225.27
2024-09-27,TSLA,260.4599914550781,251.16,226.81
2024-09-30,TSLA,261.6300048828125,253.69,228.33
2024-10-01,TSLA,258.0199890136719,256.52,229.5
2024-10-02,TSLA,249.0200042724609,256.38,230.44
2024-10-03,TSLA,240.66000366210932,254.43,231.01
2024-10-04,TSLA,250.0800018310547,253.44,232.33
2024-10-07,TSLA,240.8300018310547,251.53,233.01
2024-10-08,TSLA,244.5,249.25,234.06
2024-10-09,TSLA,241.0500030517578,246.31,235.12
2024-10-10,TSLA,238.7700042724609,243.56,236.22
2024-10-11,TSLA,217.8000030517578,239.1,236.6
2024-10-14,TSLA,219.16000366210932,236.03,236.77
2024-10-15,TSLA,219.57000732421875,231.67,237.07
2024-10-16,TSLA,221.3300018310547,228.88,237.13
2024-10-17,TSLA,220.88999938964844,225.51,236.82
2024-10-18,TSLA,220.6999969482422,222.6,237.16
2024-10-21,TSLA,218.8500061035156,219.76,237.24
2024-10-22,TSLA,217.97000122070312,219.78,236.97
2024-10-23,TSLA,213.6499938964844,218.99,236.49
2024-10-24,TSLA,260.4800109863281,224.84,237.51
2024-10-25,TSLA,269.19000244140625,231.68,238.8
2024-10-28,TSLA,262.510009765625,237.62,240.0
2024-10-29,TSLA,259.5199890136719,243.17,241.05
2024-10-30,TSLA,257.54998779296875,248.7,242.06
2024-10-31,TSLA,249.8500061035156,253.25,242.26
2024-11-01,TSLA,248.97999572753903,258.3,242.62
2024-11-04,TSLA,242.83999633789065,255.78,242.38
2024-11-05,TSLA,251.44000244140625,253.24,242.28
2024-11-06,TSLA,288.5299987792969,256.96,243.34
2024-11-07,TSLA,296.9100036621094,262.3,244.76
2024-11-08,TSLA,321.2200012207031,271.4,246.78
2024-11-11,TSLA,350.0,285.7,249.73
2024-11-12,TSLA,328.489990234375,297.06,252.08
2024-11-13,TSLA,330.239990234375,309.55,254.79
2024-11-14,TSLA,311.17999267578125,318.08,257.14
2024-11-15,TSLA,320.7200012207031,322.68,259.49
2024-11-18,TSLA,338.739990234375,328.66,262.75
2024-11-19,TSLA,346.0,332.2,266.14
2024-11-20,TSLA,342.0299987792969,331.06,269.5
2024-11-21,TSLA,339.6400146484375,332.65,272.87
2024-11-22,TSLA,352.5599975585937,335.84,277.36
2024-11-25,TSLA,338.5899963378906,339.75,281.34
2024-11-26,TSLA,338.2300109863281,342.26,285.29
2024-11-27,TSLA,332.8900146484375,341.42,289.01
2024-11-29,TSLA,345.1600036621094,341.3,293.16
2024-12-02,TSLA,357.0899963378906,343.45,297.7
2024-12-03,TSLA,351.4200134277344,345.13,302.12
2024-12-04,TSLA,357.92999267578125,345.9,306.79
2024-12-05,TSLA,369.489990234375,350.32,311.98
2024-12-06,TSLA,389.2200012207031,357.6,316.27
2024-12-09,TSLA,389.7900085449219,365.73,320.29
2024-12-10,TSLA,400.989990234375,373.7,324.91
2024-12-11,TSLA,424.7699890136719,383.37,330.42
2024-12-12,TSLA,418.1000061035156,392.9,335.77
2024-12-13,TSLA,436.2300109863281,404.08,341.98
2024-12-16,TSLA,463.0199890136719,417.45,349.12
2024-12-17,TSLA,479.8599853515625,430.39,357.02
2024-12-18,TSLA,440.1300048828125,437.59,363.31
2024-12-19,TSLA,436.1700134277344,442.61,368.23
2024-12-20,TSLA,421.05999755859375,442.08,372.37
2024-12-23,TSLA,430.6000061035156,443.87,376.01
2024-12-24,TSLA,462.2799987792969,447.59,379.75
2024-12-26,TSLA,454.1300048828125,446.32,383.94
2024-12-27,TSLA,431.6600036621094,439.43,387.32
2024-12-30,TSLA,417.4100036621094,436.19,390.86
2024-12-31,TSLA,403.8399963378906,431.57,393.63
2025-01-02,TSLA,379.2799987792969,425.6,394.99
2025-01-03,TSLA,410.4400024414063,422.72,397.13
2025-01-06,TSLA,411.0499877929688,415.4,399.43
2025-01-07,TSLA,394.3599853515625,406.86,401.26
2025-01-08,TSLA,394.9400024414063,401.62,402.67
2025-01-10,TSLA,394.739990234375,398.38,404.54
2025-01-13,TSLA,403.30999755859375,398.3,406.71
2025-01-14,TSLA,396.3599853515625,400.74,408.83
2025-01-15,TSLA,428.2200012207031,403.28,411.6
2025-01-16,TSLA,413.8200073242188,403.68,413.49
2025-01-17,TSLA,426.5,408.27,415.99
2025-01-21,TSLA,424.0700073242188,412.43,418.19
2025-01-22,TSLA,415.1099853515625,415.34,419.72
2025-01-23,TSLA,412.3800048828125,416.64,420.49
2025-01-24,TSLA,406.5799865722656,418.1,421.05
2025-01-27,TSLA,397.1499938964844,413.66,420.92
2025-01-28,TSLA,398.0899963378906,411.41,420.03
2025-01-29,TSLA,389.1000061035156,406.07,419.06
2025-01-30,TSLA,400.2799987792969,402.67,417.86
2025-01-31,TSLA,404.6000061035156,401.17,415.92
2025-02-03,TSLA,383.6799926757813,397.07,412.71
2025-02-04,TSLA,392.2099914550781,395.02,411.11
2025-02-05,TSLA,378.1700134277344,392.3,409.18
2025-02-06,TSLA,374.3200073242188,388.91,407.62
2025-02-07,TSLA,361.6199951171875,384.98,405.32
2025-02-10,TSLA,350.7300109863281,377.9,401.6
2025-02-11,TSLA,328.5,367.03,397.42
2025-02-12,TSLA,336.510009765625,360.29,394.25
2025-02-13,TSLA,355.94000244140625,355.11,392.2
2025-02-14,TSLA,355.8399963378906,351.92,390.6
2025-02-18,TSLA,354.1099853515625,349.04,389.76
2025-02-19,TSLA,360.55999755859375,348.88,388.09
2025-02-20,TSLA,354.3999938964844,349.41,386.21
2025-02-21,TSLA,337.79998779296875,350.74,384.32
2025-02-24,TSLA,330.5299987792969,349.88,382.17
2025-02-25,TSLA,302.79998779296875,342.29,379.11
2025-02-26,TSLA,290.79998779296875,333.0,375.36
2025-02-27,TSLA,281.95001220703125,322.69,371.55
2025-02-28,TSLA,292.9800109863281,313.04,367.04
2025-03-03,TSLA,284.6499938964844,303.07,362.73
2025-03-04,TSLA,272.0400085449219,293.68,357.58
2025-03-05,TSLA,279.1000061035156,286.33,352.75
2025-03-06,TSLA,263.45001220703125,280.71,347.7
2025-03-07,TSLA,262.6700134277344,276.69,342.71
2025-03-10,TSLA,222.1499938964844,268.15,336.56
2025-03-11,TSLA,230.5800018310547,259.23,331.01
2025-03-12,TSLA,248.08999633789065,254.01,326.01
2025-03-13,TSLA,240.67999267578125,249.53,321.06
2025-03-14,TSLA,249.97999572753903,245.37,316.05
2025-03-17,TSLA,238.009994506836,241.74,310.49
2025-03-18,TSLA,225.3099975585937,236.4,305.22
2025-03-19,TSLA,235.8600006103516,238.36,300.0
2025-03-20,TSLA,236.259994506836,239.17,295.27
2025-03-21,TSLA,248.7100067138672,239.26,291.09
2025-03-24,TSLA,278.3900146484375,244.65,288.31
2025-03-25,TSLA,288.1400146484375,250.1,286.23
2025-03-26,TSLA,272.0599975585937,254.96,284.35
2025-03-27,TSLA,273.1300048828125,261.79,282.23
2025-03-28,TSLA,263.54998779296875,265.75,279.15
2025-03-31,TSLA,259.1600036621094,269.02,275.93
2025-04-01,TSLA,268.4599914550781,271.84,273.07
2025-04-02,TSLA,282.760009765625,272.47,270.48
2025-04-03,TSLA,267.2799987792969,269.49,267.58
2025-04-04,TSLA,239.42999267578125,264.82,264.3
2025-04-07,TSLA,233.2899932861328,259.13,261.06
2025-04-08,TSLA,221.8600006103516,253.18,258.36
2025-04-09,TSLA,272.20001220703125,255.04,257.74
2025-04-10,TSLA,252.3999938964844,252.75,256.75
2025-04-11,TSLA,252.3099975585937,248.4,255.4
2025-04-14,TSLA,252.3500061035156,246.26,254.32
2025-04-15,TSLA,254.1100006103516,248.36,253.72
2025-04-16,TSLA,241.5500030517578,249.54,252.47
2025-04-17,TSLA,241.3699951171875,252.33,251.74
2025-04-21,TSLA,227.5,245.94,250.56
2025-04-22,TSLA,237.97000122070312,243.88,251.09
2025-04-23,TSLA,250.7400054931641,243.66,251.76
2025-04-24,TSLA,259.510009765625,244.68,252.14
2025-04-25,TSLA,284.95001220703125,249.08,253.62
2025-04-28,TSLA,285.8800048828125,255.42,254.82
2025-04-29,TSLA,292.0299987792969,262.65,256.62
2025-04-30,TSLA,282.1600036621094,270.46,258.51
2025-05-01,TSLA,280.5199890136719,276.54,260.0
2025-05-02,TSLA,287.2099914550781,281.75,261.7
2025-05-05,TSLA,280.260009765625,284.72,262.75
2025-05-06,TSLA,275.3500061035156,283.34,262.65
2025-05-07,TSLA,276.2200012207031,281.96,262.25
2025-05-08,TSLA,284.82000732421875,280.93,262.68
2025-05-09,TSLA,298.260009765625,283.23,263.52
2025-05-12,TSLA,318.3800048828125,288.64,265.34
2025-05-13,TSLA,334.07000732421875,295.34,267.84
2025-05-14,TSLA,347.67999267578125,304.97,270.48
2025-05-15,TSLA,342.82000732421875,314.61,272.48
2025-05-16,TSLA,349.9800109863281,325.14,275.24
2025-05-19,TSLA,342.0899963378906,333.33,278.66
2025-05-20,TSLA,343.82000732421875,339.83,282.35
2025-05-21,TSLA,334.6199951171875,342.15,286.1
2025-05-22,TSLA,341.0400085449219,343.15,288.4
2025-05-23,TSLA,339.3399963378906,341.96,291.3
2025-05-27,TSLA,362.8900146484375,344.83,294.98
2025-05-28,TSLA,356.8999938964844,345.81,298.47
2025-05-29,TSLA,358.42999267578125,348.15,301.95
2025-05-30,TSLA,346.4599914550781,348.53,305.44
2025-06-02,TSLA,342.69000244140625,349.68,308.82
2025-06-03,TSLA,344.2699890136719,350.14,312.71
2025-06-04,TSLA,332.04998779296875,349.1,315.85
2025-06-05,TSLA,284.70001220703125,337.93,316.98
2025-06-06,TSLA,295.1400146484375,329.11,318.17
2025-06-09,TSLA,308.5799865722656,321.98,318.96
2025-06-10,TSLA,326.0899963378906,319.07,320.3
2025-06-11,TSLA,326.42999267578125,316.75,321.44
2025-06-12,TSLA,319.1099853515625,313.16,322.67
2025-06-13,TSLA,325.3099975585937,312.19,324.17
2025-06-16,TSLA,329.1300048828125,318.54,325.56
2025-06-17,TSLA,316.3500061035156,321.57,326.77
2025-06-18,TSLA,322.04998779296875,323.5,328.32
2025-06-20,TSLA,322.1600036621094,322.93,329.86
2025-06-23,TSLA,348.67999267578125,326.11,331.98
2025-06-24,TSLA,340.4700012207031,329.16,333.39
2025-06-25,TSLA,327.54998779296875,329.48,333.7
2025-06-26,TSLA,325.7799987792969,329.01,333.42
2025-06-27,TSLA,323.6300048828125,330.05,332.62
2025-06-30,TSLA,317.6600036621094,329.42,331.78
2025-07-01,TSLA,300.7099914550781,326.35,330.14
2025-07-02,TSLA,315.6499938964844,321.64,329.26
2025-07-03,TSLA,315.3500061035156,318.05,328.31
2025-07-07,TSLA,293.94000244140625,313.25,326.95
2025-07-08,TSLA,297.8099975585937,309.25,325.51
2025-07-09,TSLA,295.8800048828125,305.29,324.06
2025-07-10,TSLA,309.8699951171875,304.17,322.29
2025-07-11,TSLA,313.510009765625,306.0,320.85
2025-07-14,TSLA,316.8999938964844,306.18,319.46
2025-07-15,TSLA,310.7799987792969,305.53,318.27
2025-07-16,TSLA,321.6700134277344,309.49,317.57
2025-07-17,TSLA,319.4100036621094,312.57,316.74
2025-07-18,TSLA,329.6499938964844,317.4,316.66
2025-07-21,TSLA,328.489990234375,320.06,318.12
2025-07-22,TSLA,332.1099853515625,322.72,319.36
2025-07-23,TSLA,332.5599975585937,324.95,320.16
2025-07-24,TSLA,305.29998779296875,324.17,319.46
2025-07-25,TSLA,316.0599975585937,323.37,319.12
2025-07-28,TSLA,325.5899963378906,324.25,319.33
2025-07-29,TSLA,321.20001220703125,323.04,319.2
2025-07-30,TSLA,319.0400085449219,321.69,318.86
2025-07-31,TSLA,308.2699890136719,318.29,318.59
2025-08-01,TSLA,302.6300048828125,314.01,317.94
2025-08-04,TSLA,309.260009765625,314.58,317.51
2025-08-05,TSLA,308.7200012207031,313.53,316.18
2025-08-06,TSLA,319.9100036621094,312.72,315.5
2025-08-07,TSLA,322.2699890136719,312.87,315.32
2025-08-08,TSLA,329.6499938964844,314.39,315.45
2025-08-11,TSLA,339.0299987792969,318.78,315.96
2025-08-12,TSLA,340.8399963378906,324.24,316.74
2025-08-13,TSLA,339.3800048828125,328.54,318.02
2025-08-14,TSLA,335.5799865722656,332.38,318.69
2025-08-15,TSLA,330.5599975585937,333.9,319.2
2025-08-18,TSLA,335.1600036621094,335.74,320.57
2025-08-19,TSLA,329.3099975585937,335.69,321.62
2025-08-20,TSLA,323.8999938964844,333.53,322.55
2025-08-21,TSLA,320.1099853515625,330.57,322.89
2025-08-22,TSLA,340.010009765625,330.66,323.78
2025-08-25,TSLA,346.6000061035156,332.24,324.77
2025-08-26,TSLA,351.6700134277344,335.25,326.13
2025-08-27,TSLA,349.6000061035156,337.31,327.06
2025-08-28,TSLA,345.9800109863281,339.7,327.95
2025-08-29,TSLA,333.8699951171875,341.12,328.09
2025-09-02,TSLA,329.3599853515625,342.44,328.12
2025-09-03,TSLA,334.0899963378906,341.6,328.18
2025-09-04,TSLA,338.5299987792969,340.44,328.38
2025-09-05,TSLA,350.8399963378906,340.32,329.9
2025-09-08,TSLA,346.3999938964844,339.87,330.91
2025-09-09,TSLA,346.9700012207031,340.01,331.62
2025-09-10,TSLA,347.7900085449219,342.0,332.51
2025-09-11,TSLA,368.80999755859375,347.63,334.17
2025-09-12,TSLA,395.9400024414063,356.47,337.09
2025-09-15,TSLA,410.0400085449219,366.68,340.67
2025-09-16,TSLA,421.6199951171875,376.8,344.42
2025-09-17,TSLA,425.8599853515625,388.15,348.32
2025-09-18,TSLA,416.8500061035156,398.13,351.55
2025-09-19,TSLA,426.0700073242188,409.31,355.01
2025-09-22,TSLA,434.2099914550781,418.66,358.5
2025-09-23,TSLA,425.8500061035156,422.93,361.39
2025-09-24,TSLA,442.7900085449219,427.61,364.79
2025-09-25,TSLA,423.3900146484375,427.86,367.59
2025-09-26,TSLA,440.3999938964844,429.94,371.09
2025-09-29,TSLA,443.2099914550781,433.7,374.84
2025-09-30,TSLA,444.7200012207031,436.37,378.49
2025-10-01,TSLA,459.4599914550781,439.97,382.83
2025-10-02,TSLA,436.0,441.42,386.57
2025-10-03,TSLA,429.8299865722656,439.57,390.23
2025-10-06,TSLA,453.25,443.84,394.0
2025-10-07,TSLA,433.0899963378906,442.79,396.88
2025-10-08,TSLA,438.6900024414063,442.15,399.78
2025-10-09,TSLA,435.5400085449219,440.84,402.65
2025-10-10,TSLA,413.489990234375,434.27,404.9
2025-10-13,TSLA,435.8999938964844,434.26,408.3
2025-10-14,TSLA,429.239990234375,434.17,411.63
2025-10-15,TSLA,435.1499938964844,431.59,415.0
2025-10-16,TSLA,428.75,430.97,418.0
2025-10-17,TSLA,439.30999755859375,431.05,420.95
2025-10-20,TSLA,447.4299926757813,432.75,424.32
2025-10-21,TSLA,442.6000061035156,436.91,427.51
2025-10-22,TSLA,438.9700012207031,437.35,430.55
2025-10-23,TSLA,448.9800109863281,440.17,433.22
2025-10-24,TSLA,433.7200012207031,439.97,434.48
2025-10-27,TSLA,452.4200134277344,443.35,435.89
2025-10-28,TSLA,460.5499877929688,446.38,437.19
2025-10-29,TSLA,461.510009765625,448.39,438.38
2025-10-30,TSLA,440.1000061035156,448.04,439.15
2025-10-31,TSLA,456.55999755859375,450.55,440.17
2025-11-03,TSLA,468.3699951171875,453.32,441.31
2025-11-04,TSLA,444.260009765625,454.82,441.92
2025-11-05,TSLA,462.0700073242188,456.2,442.57
2025-11-06,TSLA,445.9100036621094,454.11,443.32
2025-11-07,TSLA,429.5199890136719,449.54,442.95
2025-11-10,TSLA,445.2300109863281,450.27,443.02
2025-11-11,TSLA,439.6199951171875,447.85,442.85
2025-11-12,TSLA,430.6000061035156,442.46,441.89
2025-11-13,TSLA,401.989990234375,436.42,440.75
2025-11-14,TSLA,404.3500061035156,428.17,439.91
2025-11-17,TSLA,408.9200134277344,422.89,438.43
2025-11-18,TSLA,401.25,418.85,437.37
2025-11-19,TSLA,403.989990234375,412.96,436.21
2025-11-20,TSLA,395.2300109863281,406.62,434.87
2025-11-21,TSLA,391.0899963378906,400.97,434.12
2025-11-24,TSLA,417.7799987792969,403.23,433.52
2025-11-25,TSLA,419.3999938964844,405.38,433.19
2025-11-26,TSLA,426.5799865722656,407.9,432.9
2025-11-28,TSLA,430.1700134277344,412.03,432.95
2025-12-01,TSLA,430.1400146484375,415.77,432.64
2025-12-02,TSLA,429.239990234375,420.63,432.04
2025-12-03,TSLA,446.739990234375,428.58,432.18
2025-12-04,TSLA,454.5299987792969,433.83,432.69
2025-12-05,TSLA,455.0,438.91,432.89
2025-12-08,TSLA,439.5799865722656,440.77,433.09
2025-12-09,TSLA,445.1700134277344,442.91,432.85
2025-12-10,TSLA,451.4500122070313,445.96,432.55
2025-12-11,TSLA,446.8900146484375,448.48,432.06
2025-12-12,TSLA,458.9599914550781,450.23,432.69
2025-12-15,TSLA,475.30999755859375,453.19,433.31
2025-12-16,TSLA,489.8800048828125,458.18,434.03
2025-12-17,TSLA,467.260009765625,462.13,434.8
2025-12-18,TSLA,483.3699951171875,467.59,435.51
2025-12-19,TSLA,481.2000122070313,471.84,436.68
2025-12-22,TSLA,488.7300109863281,477.82,438.66
2025-12-23,TSLA,485.55999755859375,481.62,440.0
2025-12-24,TSLA,485.3999938964844,483.06,441.53
2025-12-26,TSLA,475.1900024414063,480.96,443.01
2025-12-29,TSLA,459.6400146484375,479.87,444.93
2025-12-30,TSLA,454.4299926757813,475.74,446.6
2025-12-31,TSLA,449.7200012207031,471.24,447.96
2026-01-02,TSLA,438.0700073242188,464.0,449.19
2026-01-05,TSLA,451.6700134277344,459.16,450.78
2026-01-06,TSLA,432.9599914550781,451.67,452.04
2026-01-07,TSLA,431.4100036621094,445.41,453.38
2026-01-08,TSLA,435.7999877929688,442.01,453.98
2026-01-09,TSLA,445.010009765625,440.66,454.84
2026-01-12,TSLA,448.9599914550781,440.55,455.58
2026-01-13,TSLA,447.2000122070313,441.86,456.15
2026-01-14,TSLA,439.2000122070313,440.08,456.45
2026-01-15,TSLA,438.5700073242188,440.88,456.76
2026-01-16,TSLA,437.5,441.75,456.45
2026-01-20,TSLA,419.25,439.38,455.28
2026-01-21,TSLA,431.4400024414063,437.45,454.49
2026-01-22,TSLA,449.3599853515625,437.5,454.82
2026-01-23,TSLA,449.05999755859375,437.77,454.95
2026-01-26,TSLA,435.2000122070313,437.2,454.41
2026-01-27,TSLA,430.8999938964844,436.1,453.87
2026-01-28,TSLA,431.4599914550781,435.24,452.96
2026-01-29,TSLA,416.55999755859375,434.85,451.0
2026-01-30,TSLA,430.4100036621094,434.71,449.02
2026-02-02,TSLA,421.80999755859375,430.77,447.5
2026-02-03,TSLA,421.9599914550781,426.9,445.45
2026-02-04,TSLA,406.010009765625,422.73,442.95
2026-02-05,TSLA,397.2099914550781,417.92,439.9
2026-02-06,TSLA,411.1099853515625,415.01,437.42
2026-02-09,TSLA,417.3200073242188,415.12,435.15
2026-02-10,TSLA,425.2099914550781,414.38,433.48
2026-02-11,TSLA,428.2699890136719,415.3,432.43
2026-02-12,TSLA,417.0700073242188,414.6,431.19
2026-02-13,TSLA,417.4400024414063,416.23,430.11
2026-02-17,TSLA,410.6300048828125,418.15,429.2
2026-02-18,TSLA,411.3200073242188,418.18,427.85
2026-02-19,TSLA,411.7099914550781,417.38,427.15
2026-02-20,TSLA,411.8200073242188,415.47,426.49
2026-02-23,TSLA,399.8299865722656,411.4,425.29
2026-02-24,TSLA,409.3800048828125,410.3,424.11
2026-02-25,TSLA,417.3999938964844,410.3,423.05
2026-02-26,TSLA,408.5799865722656,410.01,421.77
2026-02-27,TSLA,402.510009765625,408.75,420.54
2026-03-02,TSLA,403.3200073242188,407.55,419.37
2026-03-03,TSLA,392.4299926757813,404.78,417.87
2026-03-04,TSLA,405.9400024414063,405.65,417.42
2026-03-05,TSLA,405.5499877929688,405.1,416.56
2026-03-06,TSLA,396.7300109863281,402.15,414.8
2026-03-09,TSLA,398.6799926757813,400.74,413.13
2026-03-10,TSLA,399.239990234375,400.27,411.93
2026-03-11,TSLA,407.8200073242188,400.91,411.16
2026-03-12,TSLA,395.010009765625,401.28,409.94
2026-03-13,TSLA,391.2000122070313,399.18,409.1
2026-03-16,TSLA,395.55999755859375,397.75,407.94
2026-03-17,TSLA,399.2699890136719,398.11,407.18
2026-03-18,TSLA,392.7799987792969,397.27,406.21
2026-03-19,TSLA,380.2999877929688,394.56,405.35
2026-03-20,TSLA,367.9599914550781,388.87,404.38
2026-03-23,TSLA,380.8500061035156,386.85,403.37
2026-03-24,TSLA,383.0299987792969,385.68,402.23
2026-03-25,TSLA,385.9500122070313,384.31,400.92
2026-03-26,TSLA,372.1099853515625,380.43,399.05
2026-03-27,TSLA,361.8299865722656,376.0,397.21
2026-03-30,TSLA,355.2799987792969,372.43,395.13
2026-03-31,TSLA,371.75,372.97,393.84
2026-04-01,TSLA,381.260009765625,373.03,392.84
2026-04-02,TSLA,360.5899963378906,369.82,391.13
2026-04-06,TSLA,352.82000732421875,365.09,389.17
2026-04-07,TSLA,346.6499938964844,361.45,387.39
2026-04-08,TSLA,343.25,358.8,385.19
2026-04-09,TSLA,345.6199951171875,357.42,382.8
2026-04-10,TSLA,348.95001220703125,354.16,380.81
2026-04-13,TSLA,352.4200134277344,350.04,379.14
2026-04-14,TSLA,364.2000122070313,350.56,377.83
2026-04-15,TSLA,391.9500122070313,356.15,377.82
2026-04-16,TSLA,388.8999938964844,362.18,377.25
2026-04-17,TSLA,400.6199951171875,370.38,377.09
2026-04-20,TSLA,392.5,377.08,376.95
2026-04-21,TSLA,386.4200134277344,382.43,376.54
2026-04-22,TSLA,387.510009765625,387.44,376.15
2026-04-23,TSLA,373.7200012207031,388.8,375.01
2026-04-24,TSLA,376.2999877929688,386.57,374.39
2026-04-27,TSLA,378.6700134277344,385.11,373.97
2026-04-28,TSLA,376.0199890136719,381.59,373.32
2026-04-29,TSLA,372.7999877929688,378.78,372.43
2026-04-30,TSLA,381.6300048828125,378.09,372.06
2026-05-01,TSLA,390.8200073242188,378.57,372.41
2026-05-04,TSLA,392.510009765625,381.25,373.23
2026-05-05,TSLA,389.3699951171875,383.12,373.52
2026-05-06,TSLA,398.7300109863281,385.98,374.04
2026-05-07,TSLA,411.7900085449219,391.09,374.9
2026-05-08,TSLA,428.3500061035156,399.03,376.77
2026-05-11,TSLA,445.0,408.08,379.55
2026-05-12,TSLA,433.4500122070313,414.17,382.15
2026-05-13,TSLA,445.2699890136719,421.71,384.6
2026-05-14,TSLA,443.2999877929688,429.41,386.67
2026-05-15,TSLA,422.239990234375,432.77,388.73
2026-05-18,TSLA,409.989990234375,432.51,390.63
2026-05-19,TSLA,404.1099853515625,429.05,392.55
2026-05-20,TSLA,417.260009765625,425.09,395.01
2026-05-21,TSLA,417.8500061035156,422.86,397.42
2026-05-22,TSLA,426.010009765625,420.11,399.99
2026-05-26,TSLA,433.5899963378906,418.72,402.7
2026-05-27,TSLA,440.3599853515625,421.31,405.23
2026-05-28,TSLA,442.1000061035156,425.9,406.91
2026-05-29,TSLA,435.7900085449219,430.42,408.47
2023-05-29,WIPRO.NS,199.8999938964844,199.9,199.9
2023-05-30,WIPRO.NS,201.25,200.57,200.57
2023-05-31,WIPRO.NS,201.8249969482422,200.99,200.99
2023-06-01,WIPRO.NS,203.5749969482422,201.64,201.64
2023-06-02,WIPRO.NS,202.4750061035156,201.8,201.8
2023-06-05,WIPRO.NS,202.1000061035156,201.85,201.85
2023-06-06,WIPRO.NS,199.9750061035156,201.59,201.59
2023-06-07,WIPRO.NS,201.3999938964844,201.8,201.56
2023-06-08,WIPRO.NS,199.7749938964844,201.59,201.36
2023-06-09,WIPRO.NS,198.6499938964844,201.14,201.09
2023-06-12,WIPRO.NS,197.8000030517578,200.31,200.79
2023-06-13,WIPRO.NS,197.7749938964844,199.64,200.54
2023-06-14,WIPRO.NS,198.2250061035156,199.09,200.36
2023-06-15,WIPRO.NS,194.4750061035156,198.3,199.94
2023-06-16,WIPRO.NS,190.6499938964844,196.76,199.32
2023-06-19,WIPRO.NS,190.0749969482422,195.38,198.75
2023-06-20,WIPRO.NS,191.25,194.32,198.3
2023-06-21,WIPRO.NS,192.75,193.6,198.0
2023-06-22,WIPRO.NS,191.1499938964844,192.65,197.64
2023-06-23,WIPRO.NS,189.9750061035156,191.47,197.25
2023-06-26,WIPRO.NS,190.4499969482422,190.9,196.93
2023-06-27,WIPRO.NS,191.3000030517578,190.99,196.67
2023-06-28,WIPRO.NS,190.8500061035156,191.1,196.42
2023-06-30,WIPRO.NS,194.5749969482422,191.58,196.34
2023-07-03,WIPRO.NS,195.8000030517578,192.01,196.32
2023-07-04,WIPRO.NS,197.9750061035156,192.99,196.38
2023-07-05,WIPRO.NS,196.9499969482422,193.99,196.41
2023-07-06,WIPRO.NS,198.1000061035156,195.08,196.47
2023-07-07,WIPRO.NS,197.9250030517578,196.03,196.52
2023-07-10,WIPRO.NS,194.9750061035156,196.61,196.47
2023-07-11,WIPRO.NS,196.0249938964844,196.82,196.34
2023-07-12,WIPRO.NS,195.9250030517578,196.84,196.16
2023-07-13,WIPRO.NS,197.1499938964844,196.72,196.0
2023-07-14,WIPRO.NS,202.5249938964844,197.52,195.97
2023-07-17,WIPRO.NS,207.625,198.88,196.14
2023-07-18,WIPRO.NS,208.6000061035156,200.4,196.36
2023-07-19,WIPRO.NS,208.9750061035156,202.4,196.66
2023-07-20,WIPRO.NS,208.8249969482422,204.23,196.9
2023-07-21,WIPRO.NS,202.3500061035156,205.15,196.99
2023-07-24,WIPRO.NS,202.0249938964844,205.85,197.1
2023-07-25,WIPRO.NS,200.1999969482422,205.51,197.18
2023-07-26,WIPRO.NS,201.375,204.62,197.3
2023-07-27,WIPRO.NS,199.9750061035156,203.39,197.36
2023-07-28,WIPRO.NS,199.375,202.02,197.52
2023-07-31,WIPRO.NS,202.5249938964844,201.12,197.92
2023-08-01,WIPRO.NS,203.4750061035156,201.28,198.37
2023-08-02,WIPRO.NS,201.3999938964844,201.19,198.7
2023-08-03,WIPRO.NS,199.8249969482422,201.14,198.94
2023-08-04,WIPRO.NS,204.4250030517578,201.57,199.38
2023-08-07,WIPRO.NS,205.5749969482422,202.37,199.9
2023-08-08,WIPRO.NS,208.1750030517578,203.63,200.49
2023-08-09,WIPRO.NS,208.8999938964844,204.54,201.08
2023-08-10,WIPRO.NS,209.3249969482422,205.37,201.7
2023-08-11,WIPRO.NS,206.5249938964844,206.11,202.09
2023-08-14,WIPRO.NS,207.5749969482422,207.21,202.49
2023-08-16,WIPRO.NS,209.3249969482422,207.91,202.86
2023-08-17,WIPRO.NS,208.7749938964844,208.37,203.26
2023-08-18,WIPRO.NS,205.8500061035156,208.04,203.52
2023-08-21,WIPRO.NS,207.3000030517578,207.81,203.83
2023-08-22,WIPRO.NS,208.5500030517578,207.7,204.28
2023-08-23,WIPRO.NS,207.625,207.86,204.67
2023-08-24,WIPRO.NS,206.3500061035156,207.68,205.02
2023-08-25,WIPRO.NS,204.8500061035156,207.04,205.27
2023-08-28,WIPRO.NS,204.0249938964844,206.36,205.32
2023-08-29,WIPRO.NS,204.0500030517578,206.11,205.2
2023-08-30,WIPRO.NS,203.6000061035156,205.58,205.04
2023-08-31,WIPRO.NS,204.1999969482422,204.96,204.88
2023-09-01,WIPRO.NS,208.1750030517578,205.04,204.86
2023-09-04,WIPRO.NS,217.0500030517578,206.56,205.35
2023-09-05,WIPRO.NS,215.9250030517578,208.15,205.81
2023-09-06,WIPRO.NS,214.6499938964844,209.66,206.29
2023-09-07,WIPRO.NS,216.4250030517578,211.43,206.79
2023-09-08,WIPRO.NS,215.0,213.06,207.29
2023-09-11,WIPRO.NS,217.4250030517578,214.95,207.9
2023-09-12,WIPRO.NS,217.5,216.28,208.4
2023-09-13,WIPRO.NS,217.8500061035156,216.4,208.87
2023-09-14,WIPRO.NS,218.2250061035156,216.73,209.44
2023-09-15,WIPRO.NS,220.5249938964844,217.56,210.13
2023-09-18,WIPRO.NS,218.0500030517578,217.8,210.58
2023-09-20,WIPRO.NS,215.0500030517578,217.8,210.9
2023-09-21,WIPRO.NS,214.4750061035156,217.38,211.11
2023-09-22,WIPRO.NS,209.25,216.2,211.12
2023-09-25,WIPRO.NS,207.0500030517578,214.66,211.04
2023-09-26,WIPRO.NS,206.4499969482422,212.98,211.04
2023-09-27,WIPRO.NS,207.8249969482422,211.16,211.05
2023-09-28,WIPRO.NS,202.6750030517578,208.97,210.83
2023-09-29,WIPRO.NS,203.0249938964844,207.25,210.63
2023-10-03,WIPRO.NS,202.7250061035156,205.57,210.53
2023-10-04,WIPRO.NS,202.4499969482422,204.6,210.37
2023-10-05,WIPRO.NS,203.3999938964844,204.08,210.2
2023-10-06,WIPRO.NS,203.9250030517578,203.72,210.07
2023-10-09,WIPRO.NS,202.8000030517578,203.0,209.95
2023-10-10,WIPRO.NS,203.875,203.17,209.92
2023-10-11,WIPRO.NS,210.5749969482422,204.25,210.14
2023-10-12,WIPRO.NS,208.5500030517578,205.08,210.29
2023-10-13,WIPRO.NS,205.5249938964844,205.52,210.35
2023-10-16,WIPRO.NS,205.1000061035156,205.76,210.38
2023-10-17,WIPRO.NS,205.6999969482422,206.02,210.3
2023-10-18,WIPRO.NS,203.7250061035156,206.15,209.86
2023-10-19,WIPRO.NS,197.6499938964844,205.26,209.25
2023-10-20,WIPRO.NS,195.9250030517578,203.17,208.62
2023-10-23,WIPRO.NS,191.5749969482422,200.74,207.8
2023-10-25,WIPRO.NS,190.9250030517578,198.66,206.99
2023-10-26,WIPRO.NS,189.125,196.38,206.05
2023-10-27,WIPRO.NS,191.1750030517578,194.3,205.17
2023-10-30,WIPRO.NS,191.0,192.48,204.28
2023-10-31,WIPRO.NS,190.8999938964844,191.52,203.37
2023-11-01,WIPRO.NS,190.4750061035156,190.74,202.37
2023-11-02,WIPRO.NS,191.8249969482422,190.78,201.49
2023-11-03,WIPRO.NS,191.7749938964844,190.9,200.71
2023-11-06,WIPRO.NS,192.3249969482422,191.35,199.98
2023-11-07,WIPRO.NS,191.6499938964844,191.42,199.39
2023-11-08,WIPRO.NS,191.1000061035156,191.44,198.86
2023-11-09,WIPRO.NS,190.4250030517578,191.37,198.32
2023-11-10,WIPRO.NS,189.6499938964844,191.25,197.72
2023-11-13,WIPRO.NS,190.8249969482422,191.11,197.32
2023-11-15,WIPRO.NS,195.8249969482422,191.69,197.08
2023-11-16,WIPRO.NS,198.5500030517578,192.57,196.94
2023-11-17,WIPRO.NS,197.6999969482422,193.44,196.79
2023-11-20,WIPRO.NS,200.1000061035156,194.72,196.68
2023-11-21,WIPRO.NS,200.3249969482422,196.14,196.56
2023-11-22,WIPRO.NS,200.125,197.64,196.47
2023-11-23,WIPRO.NS,201.25,199.13,196.38
2023-11-24,WIPRO.NS,198.0,199.44,195.96
2023-11-28,WIPRO.NS,198.4250030517578,199.42,195.62
2023-11-29,WIPRO.NS,203.125,200.19,195.54
2023-11-30,WIPRO.NS,206.5249938964844,201.11,195.59
2023-12-01,WIPRO.NS,203.8249969482422,201.61,195.53
2023-12-04,WIPRO.NS,203.7250061035156,202.13,195.53
2023-12-05,WIPRO.NS,202.1750030517578,202.26,195.68
2023-12-06,WIPRO.NS,209.375,203.88,196.13
2023-12-07,WIPRO.NS,209.125,205.41,196.71
2023-12-08,WIPRO.NS,211.3000030517578,206.58,197.39
2023-12-11,WIPRO.NS,210.3000030517578,207.12,198.1
2023-12-12,WIPRO.NS,211.1000061035156,208.16,198.76
2023-12-13,WIPRO.NS,209.8249969482422,209.03,199.39
2023-12-14,WIPRO.NS,217.1999969482422,211.18,200.26
2023-12-15,WIPRO.NS,223.2749938964844,213.16,201.36
2023-12-18,WIPRO.NS,222.625,215.09,202.38
2023-12-19,WIPRO.NS,219.3500061035156,216.24,203.3
2023-12-20,WIPRO.NS,215.9750061035156,217.05,204.09
2023-12-21,WIPRO.NS,217.0,217.89,204.94
2023-12-22,WIPRO.NS,231.3249969482422,220.96,206.28
2023-12-26,WIPRO.NS,235.0500030517578,223.51,207.77
2023-12-27,WIPRO.NS,235.4750061035156,225.26,209.29
2023-12-28,WIPRO.NS,234.7250061035156,226.99,210.76
2023-12-29,WIPRO.NS,235.6499938964844,229.31,212.08
2024-01-01,WIPRO.NS,238.5749969482422,232.54,213.42
2024-01-02,WIPRO.NS,234.6000061035156,235.06,214.65
2024-01-03,WIPRO.NS,227.9499969482422,234.58,215.58
2024-01-04,WIPRO.NS,226.1999969482422,233.31,216.44
2024-01-05,WIPRO.NS,228.3000030517578,232.29,217.38
2024-01-08,WIPRO.NS,225.1750030517578,230.92,218.18
2024-01-09,WIPRO.NS,225.375,229.45,219.09
2024-01-10,WIPRO.NS,226.8000030517578,227.77,220.03
2024-01-11,WIPRO.NS,224.1000061035156,226.27,220.73
2024-01-12,WIPRO.NS,232.7250061035156,226.95,221.61
2024-01-15,WIPRO.NS,247.3000030517578,229.97,223.06
2024-01-16,WIPRO.NS,242.5,232.0,224.35
2024-01-17,WIPRO.NS,241.1999969482422,234.29,225.65
2024-01-18,WIPRO.NS,241.3249969482422,236.56,226.71
2024-01-19,WIPRO.NS,242.5249938964844,238.81,227.83
2024-01-23,WIPRO.NS,234.9499969482422,240.36,228.62
2024-01-24,WIPRO.NS,239.0249938964844,241.26,229.57
2024-01-25,WIPRO.NS,235.0,239.5,230.37
2024-01-29,WIPRO.NS,236.5,238.65,231.26
2024-01-30,WIPRO.NS,236.25,237.94,231.89
2024-01-31,WIPRO.NS,239.0749969482422,237.62,232.42
2024-02-01,WIPRO.NS,235.6750030517578,236.64,232.86
2024-02-02,WIPRO.NS,241.5749969482422,237.59,233.6
2024-02-05,WIPRO.NS,241.1750030517578,237.89,234.44
2024-02-06,WIPRO.NS,249.8249969482422,240.01,235.53
2024-02-07,WIPRO.NS,247.6000061035156,241.6,236.07
2024-02-08,WIPRO.NS,244.4250030517578,242.76,236.39
2024-02-09,WIPRO.NS,245.2250061035156,243.64,236.71
2024-02-12,WIPRO.NS,250.7250061035156,245.79,237.24
2024-02-13,WIPRO.NS,255.8000030517578,247.83,237.92
2024-02-14,WIPRO.NS,257.25,250.12,238.54
2024-02-15,WIPRO.NS,259.25,251.47,239.36
2024-02-16,WIPRO.NS,271.5,254.88,240.81
2024-02-19,WIPRO.NS,267.9750061035156,258.25,242.2
2024-02-20,WIPRO.NS,265.9750061035156,261.21,243.46
2024-02-21,WIPRO.NS,260.70001220703125,262.64,244.64
2024-02-22,WIPRO.NS,265.5249938964844,264.03,245.98
2024-02-23,WIPRO.NS,268.07501220703125,265.57,247.36
2024-02-26,WIPRO.NS,266.45001220703125,266.6,248.77
2024-02-27,WIPRO.NS,265.7250061035156,265.78,249.87
2024-02-28,WIPRO.NS,258.8500061035156,264.47,250.26
2024-02-29,WIPRO.NS,259.29998779296875,263.52,250.82
2024-03-01,WIPRO.NS,259.54998779296875,263.35,251.43
2024-03-04,WIPRO.NS,260.25,262.6,252.06
2024-03-05,WIPRO.NS,256.6499938964844,260.97,252.53
2024-03-06,WIPRO.NS,256.57501220703125,259.56,253.25
2024-03-07,WIPRO.NS,257.75,258.42,253.87
2024-03-11,WIPRO.NS,257.2749938964844,258.19,254.62
2024-03-12,WIPRO.NS,255.4250030517578,257.64,255.25
2024-03-13,WIPRO.NS,252.1999969482422,256.59,255.78
2024-03-14,WIPRO.NS,258.9750061035156,256.41,256.44
2024-03-15,WIPRO.NS,258.5,256.67,257.2
2024-03-18,WIPRO.NS,255.1000061035156,256.46,257.65
2024-03-19,WIPRO.NS,247.4250030517578,254.99,257.86
2024-03-20,WIPRO.NS,246.75,253.48,257.76
2024-03-21,WIPRO.NS,250.2250061035156,252.74,257.85
2024-03-22,WIPRO.NS,243.5500030517578,251.5,257.82
2024-03-26,WIPRO.NS,239.9250030517578,248.78,257.64
2024-03-27,WIPRO.NS,236.1499938964844,245.59,257.16
2024-03-28,WIPRO.NS,240.0500030517578,243.44,256.63
2024-04-01,WIPRO.NS,242.4750061035156,242.73,256.14
2024-04-02,WIPRO.NS,240.6000061035156,241.85,255.52
2024-04-03,WIPRO.NS,241.6000061035156,240.62,254.52
2024-04-04,WIPRO.NS,243.6999969482422,240.64,253.71
2024-04-05,WIPRO.NS,242.5249938964844,241.01,252.93
2024-04-08,WIPRO.NS,239.9499969482422,241.56,252.24
2024-04-09,WIPRO.NS,237.8999938964844,241.25,251.32
2024-04-10,WIPRO.NS,238.6499938964844,240.7,250.34
2024-04-12,WIPRO.NS,235.375,239.96,249.3
2024-04-15,WIPRO.NS,229.6750030517578,238.25,248.1
2024-04-16,WIPRO.NS,224.1750030517578,235.46,246.94
2024-04-18,WIPRO.NS,222.1750030517578,232.56,245.7
2024-04-19,WIPRO.NS,226.375,230.62,244.6
2024-04-22,WIPRO.NS,231.0,229.63,243.62
2024-04-23,WIPRO.NS,231.0500030517578,228.55,242.77
2024-04-24,WIPRO.NS,229.9499969482422,227.77,241.88
2024-04-25,WIPRO.NS,230.5,227.89,240.97
2024-04-26,WIPRO.NS,232.3000030517578,229.05,240.14
2024-04-29,WIPRO.NS,231.4750061035156,230.38,239.34
2024-04-30,WIPRO.NS,231.1999969482422,231.07,238.64
2024-05-02,WIPRO.NS,228.6999969482422,230.74,237.63
2024-05-03,WIPRO.NS,228.6750030517578,230.4,236.64
2024-05-06,WIPRO.NS,229.3249969482422,230.31,235.78
2024-05-07,WIPRO.NS,231.9499969482422,230.52,235.27
2024-05-08,WIPRO.NS,231.6000061035156,230.42,234.76
2024-05-09,WIPRO.NS,227.9499969482422,229.91,234.02
2024-05-10,WIPRO.NS,225.9250030517578,229.16,233.43
2024-05-13,WIPRO.NS,225.9750061035156,228.77,232.97
2024-05-14,WIPRO.NS,228.1750030517578,228.7,232.7
2024-05-15,WIPRO.NS,229.1499938964844,228.68,232.34
2024-05-16,WIPRO.NS,232.2250061035156,228.71,231.99
2024-05-17,WIPRO.NS,230.5,228.56,231.66
2024-05-21,WIPRO.NS,230.4499969482422,228.91,231.29
2024-05-22,WIPRO.NS,230.6499938964844,229.59,230.85
2024-05-23,WIPRO.NS,232.8999938964844,230.58,230.53
2024-05-24,WIPRO.NS,231.8249969482422,231.1,230.26
2024-05-27,WIPRO.NS,226.2250061035156,230.68,229.87
2024-05-28,WIPRO.NS,228.0249938964844,230.08,229.52
2024-05-29,WIPRO.NS,225.3999938964844,229.35,229.18
2024-05-30,WIPRO.NS,218.4750061035156,227.64,228.81
2024-05-31,WIPRO.NS,219.1000061035156,225.99,228.64
2024-06-03,WIPRO.NS,222.0500030517578,224.44,228.64
2024-06-04,WIPRO.NS,219.0749969482422,222.62,228.39
2024-06-05,WIPRO.NS,225.75,222.55,228.22
2024-06-06,WIPRO.NS,230.5,222.91,228.2
2024-06-07,WIPRO.NS,242.2749938964844,225.32,228.61
2024-06-10,WIPRO.NS,237.625,228.05,228.85
2024-06-11,WIPRO.NS,238.0249938964844,230.76,229.04
2024-06-12,WIPRO.NS,238.4499969482422,233.1,229.27
2024-06-13,WIPRO.NS,241.3000030517578,236.27,229.61
2024-06-14,WIPRO.NS,238.75,238.13,229.94
2024-06-18,WIPRO.NS,245.9250030517578,240.34,230.52
2024-06-19,WIPRO.NS,247.875,241.14,231.14
2024-06-20,WIPRO.NS,245.1999969482422,242.22,231.58
2024-06-21,WIPRO.NS,245.2749938964844,243.25,232.03
2024-06-24,WIPRO.NS,245.2749938964844,244.23,232.61
2024-06-25,WIPRO.NS,248.4250030517578,245.25,233.36
2024-06-26,WIPRO.NS,247.6000061035156,246.51,234.08
2024-06-27,WIPRO.NS,255.3999938964844,247.86,234.99
2024-06-28,WIPRO.NS,257.42498779296875,249.23,235.93
2024-07-01,WIPRO.NS,263.67498779296875,251.87,236.98
2024-07-02,WIPRO.NS,269.1000061035156,255.27,238.27
2024-07-03,WIPRO.NS,269.5,258.73,239.57
2024-07-04,WIPRO.NS,265.3500061035156,261.15,240.73
2024-07-05,WIPRO.NS,267.54998779296875,264.0,241.88
2024-07-08,WIPRO.NS,270.6000061035156,266.17,243.17
2024-07-09,WIPRO.NS,270.5,268.04,244.65
2024-07-10,WIPRO.NS,267.7749938964844,268.63,245.97
2024-07-11,WIPRO.NS,267.04998779296875,268.33,247.36
2024-07-12,WIPRO.NS,280.07501220703125,269.84,249.42
2024-07-15,WIPRO.NS,279.8500061035156,271.91,251.44
2024-07-16,WIPRO.NS,279.8500061035156,273.67,253.37
2024-07-18,WIPRO.NS,286.6000061035156,275.96,255.62
2024-07-19,WIPRO.NS,278.6000061035156,277.11,257.38
2024-07-22,WIPRO.NS,252.8999938964844,274.99,258.13
2024-07-23,WIPRO.NS,250.2749938964844,272.59,258.39
2024-07-24,WIPRO.NS,250.0500030517578,268.3,258.81
2024-07-25,WIPRO.NS,253.4250030517578,264.53,259.32
2024-07-26,WIPRO.NS,262.3999938964844,262.04,260.12
2024-07-29,WIPRO.NS,262.20001220703125,258.55,260.82
2024-07-30,WIPRO.NS,260.75,256.0,261.55
2024-07-31,WIPRO.NS,261.0,257.16,262.05
2024-08-01,WIPRO.NS,260.7749938964844,258.66,262.48
2024-08-02,WIPRO.NS,251.0749969482422,258.8,262.68
2024-08-05,WIPRO.NS,242.5,257.24,262.58
2024-08-06,WIPRO.NS,244.75,254.72,262.57
2024-08-07,WIPRO.NS,248.6999969482422,252.79,262.58
2024-08-08,WIPRO.NS,243.6499938964844,250.35,262.44
2024-08-09,WIPRO.NS,245.6499938964844,248.16,262.12
2024-08-12,WIPRO.NS,244.5249938964844,245.84,261.69
2024-08-13,WIPRO.NS,245.25,245.0,261.08
2024-08-14,WIPRO.NS,247.5749969482422,245.73,260.36
2024-08-16,WIPRO.NS,258.125,247.64,259.98
2024-08-19,WIPRO.NS,259.875,249.24,259.8
2024-08-20,WIPRO.NS,262.32501220703125,251.9,259.62
2024-08-21,WIPRO.NS,263.17498779296875,254.41,259.37
2024-08-22,WIPRO.NS,259.5,256.55,259.01
2024-08-23,WIPRO.NS,256.20001220703125,258.11,258.62
2024-08-26,WIPRO.NS,260.0,259.89,258.39
2024-08-27,WIPRO.NS,258.57501220703125,259.95,257.67
2024-08-28,WIPRO.NS,267.29998779296875,261.01,257.25
2024-08-29,WIPRO.NS,269.3500061035156,262.01,256.9
2024-08-30,WIPRO.NS,269.20001220703125,262.88,256.32
2024-09-02,WIPRO.NS,266.2250061035156,263.84,255.91
2024-09-03,WIPRO.NS,268.0249938964844,265.53,256.41
2024-09-04,WIPRO.NS,259.57501220703125,265.46,256.72
2024-09-05,WIPRO.NS,262.42498779296875,266.01,257.14
2024-09-06,WIPRO.NS,260.29998779296875,265.01,257.37
2024-09-09,WIPRO.NS,257.42498779296875,263.31,257.2
2024-09-10,WIPRO.NS,262.875,262.41,257.22
2024-09-11,WIPRO.NS,257.17498779296875,261.11,257.1
2024-09-12,WIPRO.NS,265.0249938964844,260.69,257.24
2024-09-13,WIPRO.NS,275.29998779296875,262.93,257.72
2024-09-16,WIPRO.NS,275.95001220703125,264.86,258.55
2024-09-17,WIPRO.NS,275.95001220703125,267.1,259.67
2024-09-18,WIPRO.NS,269.07501220703125,268.76,260.48
2024-09-19,WIPRO.NS,266.67498779296875,269.31,261.08
2024-09-20,WIPRO.NS,269.54998779296875,271.07,261.94
2024-09-23,WIPRO.NS,267.45001220703125,271.42,262.67
2024-09-24,WIPRO.NS,269.7749938964844,270.63,263.51
2024-09-25,WIPRO.NS,268.1000061035156,269.51,264.27
2024-09-26,WIPRO.NS,270.95001220703125,268.8,265.05
2024-09-27,WIPRO.NS,270.8999938964844,269.06,265.47
2024-09-30,WIPRO.NS,270.7250061035156,269.64,265.84
2024-10-01,WIPRO.NS,273.375,270.18,266.2
2024-10-03,WIPRO.NS,265.07501220703125,269.84,266.27
2024-10-04,WIPRO.NS,266.7749938964844,269.41,266.51
2024-10-07,WIPRO.NS,265.7250061035156,269.08,266.83
2024-10-08,WIPRO.NS,263.4750061035156,268.01,266.94
2024-10-09,WIPRO.NS,265.57501220703125,267.25,267.18
2024-10-10,WIPRO.NS,262.5,266.07,267.02
2024-10-11,WIPRO.NS,264.1499938964844,264.75,266.84
2024-10-14,WIPRO.NS,274.7749938964844,266.14,267.03
2024-10-15,WIPRO.NS,266.4750061035156,266.1,267.04
2024-10-16,WIPRO.NS,266.07501220703125,266.15,266.97
2024-10-17,WIPRO.NS,264.375,266.28,267.13
2024-10-18,WIPRO.NS,274.32501220703125,267.53,267.53
2024-10-21,WIPRO.NS,274.04998779296875,269.18,267.99
2024-10-22,WIPRO.NS,272.7250061035156,270.4,268.5
2024-10-23,WIPRO.NS,273.6000061035156,270.23,268.86
2024-10-24,WIPRO.NS,273.45001220703125,271.23,269.4
2024-10-25,WIPRO.NS,271.7250061035156,272.04,269.62
2024-10-28,WIPRO.NS,279.29998779296875,274.17,269.75
2024-10-29,WIPRO.NS,281.1000061035156,275.14,269.93
2024-10-30,WIPRO.NS,282.625,276.36,270.15
2024-10-31,WIPRO.NS,275.8999938964844,276.81,270.38
2024-11-01,WIPRO.NS,275.67498779296875,277.11,270.68
2024-11-04,WIPRO.NS,270.3999938964844,276.67,270.7
2024-11-05,WIPRO.NS,271.8500061035156,276.69,270.85
2024-11-06,WIPRO.NS,281.95001220703125,277.07,271.26
2024-11-07,WIPRO.NS,281.70001220703125,277.16,271.71
2024-11-08,WIPRO.NS,284.5,277.43,272.16
2024-11-11,WIPRO.NS,286.75,278.98,272.69
2024-11-12,WIPRO.NS,285.32501220703125,280.35,273.18
2024-11-13,WIPRO.NS,284.5,282.37,273.55
2024-11-14,WIPRO.NS,283.3500061035156,284.01,274.16
2024-11-18,WIPRO.NS,276.42498779296875,283.22,274.48
2024-11-19,WIPRO.NS,281.0,283.12,274.99
2024-11-21,WIPRO.NS,278.57501220703125,282.28,275.49
2024-11-22,WIPRO.NS,285.82501220703125,282.14,276.17
2024-11-25,WIPRO.NS,291.2250061035156,282.99,277.12
2024-11-26,WIPRO.NS,294.5,284.41,278.14
2024-11-27,WIPRO.NS,291.45001220703125,285.57,278.69
2024-11-28,WIPRO.NS,286.1000061035156,286.95,279.35
2024-11-29,WIPRO.NS,288.92498779296875,288.09,280.11
2024-12-02,WIPRO.NS,292.2749938964844,290.04,281.04
2024-12-03,WIPRO.NS,291.6499938964844,290.88,281.61
2024-12-04,WIPRO.NS,294.0,291.27,282.28
2024-12-05,WIPRO.NS,299.29998779296875,291.96,283.17
2024-12-06,WIPRO.NS,297.3500061035156,292.8,283.96
2024-12-09,WIPRO.NS,303.75,295.32,284.97
2024-12-10,WIPRO.NS,308.1000061035156,298.06,286.18
2024-12-11,WIPRO.NS,309.0,300.45,287.17
2024-12-12,WIPRO.NS,309.1000061035156,302.94,288.1
2024-12-13,WIPRO.NS,309.95001220703125,305.22,289.01
2024-12-16,WIPRO.NS,309.20001220703125,306.64,290.12
2024-12-17,WIPRO.NS,308.8500061035156,308.28,291.23
2024-12-18,WIPRO.NS,312.6000061035156,309.54,292.64
2024-12-19,WIPRO.NS,312.75,310.21,294.0
2024-12-20,WIPRO.NS,305.20001220703125,309.66,294.77
2024-12-23,WIPRO.NS,307.8999938964844,309.49,295.65
2024-12-24,WIPRO.NS,305.29998779296875,308.83,296.34
2024-12-26,WIPRO.NS,305.04998779296875,308.24,296.95
2024-12-27,WIPRO.NS,309.1000061035156,308.27,297.74
2024-12-30,WIPRO.NS,303.70001220703125,307.0,298.38
2024-12-31,WIPRO.NS,301.8500061035156,305.44,299.0
2025-01-01,WIPRO.NS,300.29998779296875,304.74,299.8
2025-01-02,WIPRO.NS,303.79998779296875,304.16,300.56
2025-01-03,WIPRO.NS,294.45001220703125,302.61,301.09
2025-01-06,WIPRO.NS,294.29998779296875,301.07,301.37
2025-01-07,WIPRO.NS,294.04998779296875,298.92,301.46
2025-01-08,WIPRO.NS,297.54998779296875,298.04,301.56
2025-01-09,WIPRO.NS,292.29998779296875,296.68,301.59
2025-01-10,WIPRO.NS,300.54998779296875,296.71,302.07
2025-01-13,WIPRO.NS,291.8500061035156,295.01,302.17
2025-01-14,WIPRO.NS,292.8500061035156,294.78,302.19
2025-01-15,WIPRO.NS,292.6499938964844,294.54,302.22
2025-01-16,WIPRO.NS,288.04998779296875,293.69,302.02
2025-01-17,WIPRO.NS,281.95001220703125,291.46,301.45
2025-01-20,WIPRO.NS,300.25,292.59,301.54
2025-01-21,WIPRO.NS,298.3500061035156,292.28,301.36
2025-01-22,WIPRO.NS,309.1000061035156,294.74,301.4
2025-01-23,WIPRO.NS,317.70001220703125,298.29,301.69
2025-01-24,WIPRO.NS,320.1000061035156,302.21,302.05
2025-01-27,WIPRO.NS,307.95001220703125,305.06,301.99
2025-01-28,WIPRO.NS,303.6000061035156,308.15,301.8
2025-01-29,WIPRO.NS,312.45001220703125,309.89,301.92
2025-01-30,WIPRO.NS,309.0,311.41,301.8
2025-01-31,WIPRO.NS,311.8999938964844,311.81,301.77
2025-02-01,WIPRO.NS,304.79998779296875,309.97,301.76
2025-02-03,WIPRO.NS,313.6000061035156,309.04,301.95
2025-02-04,WIPRO.NS,316.25,310.23,302.31
2025-02-05,WIPRO.NS,317.1000061035156,312.16,302.72
2025-02-06,WIPRO.NS,317.95001220703125,312.94,303.01
2025-02-07,WIPRO.NS,318.0,314.23,303.49
2025-02-10,WIPRO.NS,319.04998779296875,315.25,304.06
2025-02-11,WIPRO.NS,313.0,316.42,304.48
2025-02-12,WIPRO.NS,310.20001220703125,315.94,304.7
2025-02-13,WIPRO.NS,308.54998779296875,314.84,305.17
2025-02-14,WIPRO.NS,308.1000061035156,313.55,305.63
2025-02-17,WIPRO.NS,305.3500061035156,311.75,306.0
2025-02-18,WIPRO.NS,312.20001220703125,310.92,306.49
2025-02-19,WIPRO.NS,314.1000061035156,310.21,307.22
2025-02-20,WIPRO.NS,313.29998779296875,310.26,307.64
2025-02-21,WIPRO.NS,306.3500061035156,309.71,308.13
2025-02-24,WIPRO.NS,295.04998779296875,307.78,308.2
2025-02-25,WIPRO.NS,291.29998779296875,305.38,308.16
2025-02-27,WIPRO.NS,294.5,303.83,308.37
2025-02-28,WIPRO.NS,277.6499938964844,298.89,308.23
2025-03-03,WIPRO.NS,283.54998779296875,294.53,307.67
2025-03-04,WIPRO.NS,280.0,289.77,307.06
2025-03-05,WIPRO.NS,285.1000061035156,286.74,306.26
2025-03-06,WIPRO.NS,285.8999938964844,285.43,305.2
2025-03-07,WIPRO.NS,284.79998779296875,284.5,304.02
2025-03-10,WIPRO.NS,280.8999938964844,282.56,303.12
2025-03-11,WIPRO.NS,277.75,282.57,302.26
2025-03-12,WIPRO.NS,268.54998779296875,280.43,300.79
2025-03-13,WIPRO.NS,264.0,278.14,299.29
2025-03-17,WIPRO.NS,259.8500061035156,274.54,297.56
2025-03-18,WIPRO.NS,259.8500061035156,270.81,296.06
2025-03-19,WIPRO.NS,265.70001220703125,268.09,294.46
2025-03-20,WIPRO.NS,268.0,266.24,292.86
2025-03-21,WIPRO.NS,264.29998779296875,264.32,291.1
2025-03-24,WIPRO.NS,269.3999938964844,264.44,289.48
2025-03-25,WIPRO.NS,271.0,265.44,287.91
2025-03-26,WIPRO.NS,267.3999938964844,266.52,286.19
2025-03-27,WIPRO.NS,272.20001220703125,268.29,284.83
2025-03-28,WIPRO.NS,262.25,267.79,283.23
2025-04-01,WIPRO.NS,262.6000061035156,267.02,281.7
2025-04-02,WIPRO.NS,263.6000061035156,266.92,280.22
2025-04-03,WIPRO.NS,256.3500061035156,265.06,278.58
2025-04-04,WIPRO.NS,246.3000030517578,261.53,276.39
2025-04-07,WIPRO.NS,242.8999938964844,258.03,274.01
2025-04-08,WIPRO.NS,247.25,254.46,271.81
2025-04-09,WIPRO.NS,236.6499938964844,250.81,269.49
2025-04-11,WIPRO.NS,239.75,247.54,267.64
2025-04-15,WIPRO.NS,244.0,244.74,266.07
2025-04-16,WIPRO.NS,247.6499938964844,243.5,264.51
2025-04-17,WIPRO.NS,236.8999938964844,242.16,263.15
2025-04-21,WIPRO.NS,238.4499969482422,241.52,261.64
2025-04-22,WIPRO.NS,234.1499938964844,239.65,260.12
2025-04-23,WIPRO.NS,243.6000061035156,240.64,258.73
2025-04-24,WIPRO.NS,242.75,241.07,257.29
2025-04-25,WIPRO.NS,240.8999938964844,240.63,255.83
2025-04-28,WIPRO.NS,240.5,239.61,254.48
2025-04-29,WIPRO.NS,241.3999938964844,240.25,253.27
2025-04-30,WIPRO.NS,241.5,240.69,252.37
2025-05-02,WIPRO.NS,241.67999267578125,241.76,251.63
2025-05-05,WIPRO.NS,243.57000732421875,241.76,251.08
2025-05-06,WIPRO.NS,241.19000244140625,241.53,250.46
2025-05-07,WIPRO.NS,244.0399932861328,241.98,249.74
2025-05-08,WIPRO.NS,241.57000732421875,242.14,248.86
2025-05-09,WIPRO.NS,242.009994506836,242.22,248.12
2025-05-12,WIPRO.NS,257.2799987792969,244.48,247.71
2025-05-13,WIPRO.NS,251.57000732421875,245.89,247.07
2025-05-14,WIPRO.NS,252.94000244140625,247.23,246.58
2025-05-15,WIPRO.NS,256.57000732421875,249.43,246.06
2025-05-16,WIPRO.NS,254.3099975585937,250.89,245.8
2025-05-19,WIPRO.NS,251.75,252.35,245.44
2025-05-20,WIPRO.NS,249.7100067138672,253.45,244.97
2025-05-21,WIPRO.NS,250.9199981689453,252.54,244.79
2025-05-22,WIPRO.NS,245.94000244140625,251.73,244.78
2025-05-23,WIPRO.NS,247.3600006103516,250.94,244.93
2025-05-26,WIPRO.NS,250.2400054931641,250.03,245.03
2025-05-27,WIPRO.NS,248.25,249.17,245.41
2025-05-28,WIPRO.NS,247.42999267578125,248.55,245.67
2025-05-29,WIPRO.NS,250.13999938964844,248.61,245.88
2025-05-30,WIPRO.NS,249.6699981689453,248.43,245.94
2025-06-02,WIPRO.NS,247.67999267578125,248.68,246.3
2025-06-03,WIPRO.NS,246.22000122070312,248.52,246.56
2025-06-04,WIPRO.NS,246.8600006103516,248.04,246.99
2025-06-05,WIPRO.NS,247.94000244140625,247.99,247.13
2025-06-06,WIPRO.NS,248.58999633789065,248.16,247.32
2025-06-09,WIPRO.NS,251.2899932861328,248.32,247.67
2025-06-10,WIPRO.NS,254.8699951171875,249.06,248.15
2025-06-11,WIPRO.NS,258.9200134277344,250.67,248.73
2025-06-12,WIPRO.NS,259.6099853515625,252.58,249.34
2025-06-13,WIPRO.NS,260.2099914550781,254.49,249.95
2025-06-16,WIPRO.NS,262.8900146484375,256.63,250.6
2025-06-17,WIPRO.NS,262.9100036621094,258.67,251.32
2025-06-18,WIPRO.NS,261.5899963378906,260.14,251.91
2025-06-19,WIPRO.NS,265.5799865722656,261.67,252.71
2025-06-20,WIPRO.NS,266.5400085449219,262.76,253.53
2025-06-23,WIPRO.NS,263.239990234375,263.28,253.72
2025-06-24,WIPRO.NS,264.9700012207031,263.96,254.17
2025-06-25,WIPRO.NS,269.4100036621094,264.89,254.72
2025-06-26,WIPRO.NS,268.5199890136719,265.69,255.12
2025-06-27,WIPRO.NS,265.04998779296875,266.19,255.48
2025-06-30,WIPRO.NS,265.9800109863281,266.24,255.95
2025-07-01,WIPRO.NS,264.54998779296875,265.96,256.45
2025-07-02,WIPRO.NS,267.0,266.5,256.98
2025-07-03,WIPRO.NS,267.04998779296875,266.79,257.69
2025-07-04,WIPRO.NS,270.04998779296875,266.89,258.44
2025-07-07,WIPRO.NS,267.75,266.78,259.03
2025-07-08,WIPRO.NS,269.6499938964844,267.43,259.74
2025-07-09,WIPRO.NS,267.79998779296875,267.69,260.42
2025-07-10,WIPRO.NS,265.04998779296875,267.76,260.91
2025-07-11,WIPRO.NS,258.29998779296875,266.52,261.2
2025-07-14,WIPRO.NS,254.25,264.69,261.42
2025-07-15,WIPRO.NS,257.3999938964844,262.89,261.79
2025-07-16,WIPRO.NS,262.79998779296875,262.18,262.33
2025-07-17,WIPRO.NS,260.6000061035156,260.89,262.75
2025-07-18,WIPRO.NS,266.95001220703125,260.76,263.36
2025-07-21,WIPRO.NS,260.3500061035156,260.09,263.66
2025-07-22,WIPRO.NS,259.70001220703125,260.29,263.82
2025-07-23,WIPRO.NS,261.3999938964844,261.31,263.9
2025-07-24,WIPRO.NS,261.8500061035156,261.95,263.98
2025-07-25,WIPRO.NS,259.20001220703125,261.44,263.95
2025-07-28,WIPRO.NS,250.0500030517578,259.93,263.52
2025-07-29,WIPRO.NS,251.8000030517578,257.76,263.15
2025-07-30,WIPRO.NS,250.1999969482422,256.31,262.77
2025-07-31,WIPRO.NS,248.3000030517578,254.69,262.19
2025-08-01,WIPRO.NS,242.75,252.02,261.4
2025-08-04,WIPRO.NS,246.0500030517578,249.76,260.83
2025-08-05,WIPRO.NS,245.91000366210932,247.87,260.19
2025-08-06,WIPRO.NS,239.9600067138672,246.42,259.21
2025-08-07,WIPRO.NS,242.32000732421875,245.07,258.34
2025-08-08,WIPRO.NS,239.0500030517578,243.48,257.47
2025-08-11,WIPRO.NS,241.6199951171875,242.52,256.66
2025-08-12,WIPRO.NS,241.72000122070312,242.38,255.9
2025-08-13,WIPRO.NS,241.6499938964844,241.75,255.05
2025-08-14,WIPRO.NS,246.8099975585937,241.88,254.38
2025-08-18,WIPRO.NS,245.2100067138672,242.63,253.55
2025-08-19,WIPRO.NS,246.9600067138672,243.29,252.86
2025-08-20,WIPRO.NS,250.83999633789065,244.97,252.23
2025-08-21,WIPRO.NS,249.91000366210932,246.16,251.63
2025-08-22,WIPRO.NS,248.63999938964844,247.15,251.09
2025-08-25,WIPRO.NS,253.83999633789065,248.89,250.94
2025-08-26,WIPRO.NS,252.02999877929688,249.63,250.86
2025-08-28,WIPRO.NS,250.6499938964844,250.41,250.64
2025-08-29,WIPRO.NS,249.41000366210932,250.76,250.19
2025-09-01,WIPRO.NS,250.3600006103516,250.69,249.85
2025-09-02,WIPRO.NS,250.92999267578125,250.84,249.32
2025-09-03,WIPRO.NS,249.5599975585937,250.97,248.96
2025-09-04,WIPRO.NS,244.97000122070312,249.7,248.47
2025-09-05,WIPRO.NS,243.6699981689453,248.51,247.87
2025-09-08,WIPRO.NS,242.5200042724609,247.35,247.23
2025-09-09,WIPRO.NS,249.1499938964844,247.31,246.89
2025-09-10,WIPRO.NS,255.75,248.08,247.08
2025-09-11,WIPRO.NS,253.91000366210932,248.5,247.16
2025-09-12,WIPRO.NS,251.94000244140625,248.84,247.21
2025-09-15,WIPRO.NS,251.27999877929688,249.75,247.31
2025-09-16,WIPRO.NS,254.009994506836,251.22,247.69
2025-09-17,WIPRO.NS,254.1499938964844,252.88,247.96
2025-09-18,WIPRO.NS,256.92999267578125,254.0,248.32
2025-09-19,WIPRO.NS,255.8800048828125,254.01,248.86
2025-09-22,WIPRO.NS,250.3300018310547,253.5,249.12
2025-09-23,WIPRO.NS,249.6300048828125,253.17,249.48
2025-09-24,WIPRO.NS,244.58999633789065,252.22,249.57
2025-09-25,WIPRO.NS,242.0,250.5,249.58
2025-09-26,WIPRO.NS,235.75,247.87,249.39
2025-09-29,WIPRO.NS,239.63999938964844,245.4,249.15
2025-09-30,WIPRO.NS,239.3699951171875,243.04,248.95
2025-10-01,WIPRO.NS,241.07000732421875,241.72,248.76
2025-10-03,WIPRO.NS,240.97999572753903,240.49,248.43
2025-10-06,WIPRO.NS,242.1300048828125,240.13,248.17
2025-10-07,WIPRO.NS,243.52999877929688,240.35,248.0
2025-10-08,WIPRO.NS,244.2700042724609,241.57,247.68
2025-10-09,WIPRO.NS,246.3999938964844,242.54,247.49
2025-10-10,WIPRO.NS,248.6999969482422,243.87,247.43
2025-10-13,WIPRO.NS,245.1300048828125,244.45,247.28
2025-10-14,WIPRO.NS,248.4199981689453,245.51,247.22
2025-10-15,WIPRO.NS,250.2100067138672,246.67,247.2
2025-10-16,WIPRO.NS,253.8099975585937,248.13,247.34
2025-10-17,WIPRO.NS,240.8999938964844,247.65,247.2
2025-10-20,WIPRO.NS,241.2400054931641,246.92,247.12
2025-10-21,WIPRO.NS,241.3600006103516,245.87,247.08
2025-10-23,WIPRO.NS,244.3000030517578,245.75,246.92
2025-10-24,WIPRO.NS,242.97999572753903,244.97,246.49
2025-10-27,WIPRO.NS,243.91000366210932,244.07,246.16
2025-10-28,WIPRO.NS,242.3800048828125,242.44,245.84
2025-10-29,WIPRO.NS,242.27999877929688,242.64,245.54
2025-10-30,WIPRO.NS,241.9199981689453,242.73,245.14
2025-10-31,WIPRO.NS,240.6699981689453,242.63,244.69
2025-11-03,WIPRO.NS,240.5,242.09,244.14
2025-11-04,WIPRO.NS,237.9199981689453,241.37,243.54
2025-11-06,WIPRO.NS,240.0500030517578,240.82,243.2
2025-11-07,WIPRO.NS,236.4900054931641,239.98,242.76
2025-11-10,WIPRO.NS,239.83999633789065,239.63,242.61
2025-11-11,WIPRO.NS,241.69000244140625,239.59,242.59
2025-11-12,WIPRO.NS,245.22000122070312,240.24,242.91
2025-11-13,WIPRO.NS,245.3300018310547,240.93,243.1
2025-11-14,WIPRO.NS,244.3699951171875,241.86,243.27
2025-11-17,WIPRO.NS,244.0500030517578,242.43,243.37
2025-11-18,WIPRO.NS,240.8999938964844,243.06,243.36
2025-11-19,WIPRO.NS,246.07000732421875,243.95,243.49
2025-11-20,WIPRO.NS,246.259994506836,244.6,243.59
2025-11-21,WIPRO.NS,244.4900054931641,244.5,243.59
2025-11-24,WIPRO.NS,247.2700042724609,244.77,243.62
2025-11-25,WIPRO.NS,245.63999938964844,244.95,243.52
2025-11-26,WIPRO.NS,250.19000244140625,245.83,243.69
2025-11-27,WIPRO.NS,249.5599975585937,247.07,243.73
2025-11-28,WIPRO.NS,249.52999877929688,247.56,243.7
2025-12-01,WIPRO.NS,250.27999877929688,248.14,243.59
2025-12-02,WIPRO.NS,250.1699981689453,248.95,243.9
2025-12-03,WIPRO.NS,254.69000244140625,250.01,244.34
2025-12-04,WIPRO.NS,256.92999267578125,251.62,244.86
2025-12-05,WIPRO.NS,259.9100036621094,253.01,245.38
2025-12-08,WIPRO.NS,261.3800048828125,254.7,246.0
2025-12-09,WIPRO.NS,257.4100036621094,255.82,246.45
2025-12-10,WIPRO.NS,257.9800109863281,256.92,246.97
2025-12-11,WIPRO.NS,259.25,258.22,247.53
2025-12-12,WIPRO.NS,260.6000061035156,259.07,248.15
2025-12-15,WIPRO.NS,261.739990234375,259.75,248.86
2025-12-16,WIPRO.NS,259.2200012207031,259.65,249.48
2025-12-17,WIPRO.NS,261.1400146484375,259.62,250.26
2025-12-18,WIPRO.NS,263.8500061035156,260.54,251.05
2025-12-19,WIPRO.NS,264.45001220703125,261.46,251.98
2025-12-22,WIPRO.NS,272.6700134277344,263.38,253.07
2025-12-23,WIPRO.NS,271.3999938964844,264.92,254.07
2025-12-24,WIPRO.NS,268.0599975585937,265.83,254.83
2025-12-26,WIPRO.NS,266.29998779296875,266.84,255.53
2025-12-29,WIPRO.NS,264.239990234375,267.28,256.19
2025-12-30,WIPRO.NS,263.6499938964844,267.25,256.84
2025-12-31,WIPRO.NS,263.2799987792969,267.09,257.59
2026-01-01,WIPRO.NS,267.3500061035156,266.33,258.3
2026-01-02,WIPRO.NS,269.0,265.98,259.05
2026-01-05,WIPRO.NS,263.29998779296875,265.3,259.68
2026-01-06,WIPRO.NS,265.6000061035156,265.2,260.29
2026-01-07,WIPRO.NS,270.79998779296875,266.14,261.13
2026-01-08,WIPRO.NS,262.20001220703125,265.93,261.53
2026-01-09,WIPRO.NS,261.95001220703125,265.74,261.94
2026-01-12,WIPRO.NS,263.1000061035156,265.14,262.4
2026-01-13,WIPRO.NS,264.20001220703125,264.45,262.86
2026-01-14,WIPRO.NS,260.20001220703125,264.01,263.2
2026-01-15,WIPRO.NS,260.20001220703125,263.24,263.38
2026-01-16,WIPRO.NS,267.45001220703125,262.76,263.73
2026-01-19,WIPRO.NS,245.9499969482422,260.44,263.26
2026-01-20,WIPRO.NS,239.8999938964844,257.29,262.55
2026-01-21,WIPRO.NS,239.5500030517578,253.92,261.95
2026-01-22,WIPRO.NS,240.6499938964844,250.56,261.38
2026-01-23,WIPRO.NS,238.3999938964844,247.44,260.68
2026-01-27,WIPRO.NS,234.8000030517578,243.81,259.82
2026-01-28,WIPRO.NS,237.3500061035156,239.51,259.01
2026-01-29,WIPRO.NS,239.8000030517578,238.64,258.36
2026-01-30,WIPRO.NS,236.8999938964844,238.21,257.55
2026-02-02,WIPRO.NS,242.3000030517578,238.6,256.83
2026-02-03,WIPRO.NS,242.69000244140625,238.89,256.11
2026-02-04,WIPRO.NS,233.33999633789065,238.17,254.8
2026-02-05,WIPRO.NS,233.38999938964844,237.97,253.53
2026-02-06,WIPRO.NS,230.72000122070312,237.02,252.29
2026-02-09,WIPRO.NS,230.0800018310547,235.63,251.08
2026-02-10,WIPRO.NS,231.47000122070312,234.86,249.99
2026-02-11,WIPRO.NS,229.8099975585937,233.07,248.86
2026-02-12,WIPRO.NS,219.0800018310547,229.7,247.38
2026-02-13,WIPRO.NS,214.08999633789065,226.95,245.61
2026-02-16,WIPRO.NS,213.259994506836,224.07,243.75
2026-02-17,WIPRO.NS,215.69000244140625,221.93,242.16
2026-02-18,WIPRO.NS,211.9499969482422,219.34,240.38
2026-02-19,WIPRO.NS,211.2100067138672,216.44,238.39
2026-02-20,WIPRO.NS,209.8600006103516,213.59,236.64
2026-02-23,WIPRO.NS,205.88999938964844,211.71,234.78
2026-02-24,WIPRO.NS,200.13999938964844,209.71,232.68
2026-02-25,WIPRO.NS,201.9199981689453,208.09,230.6
2026-02-26,WIPRO.NS,201.0800018310547,206.01,228.63
2026-02-27,WIPRO.NS,200.9600067138672,204.44,226.66
2026-03-02,WIPRO.NS,198.57000732421875,202.63,224.36
2026-03-04,WIPRO.NS,195.5500030517578,200.59,222.68
2026-03-05,WIPRO.NS,195.67999267578125,199.13,221.21
2026-03-06,WIPRO.NS,195.3999938964844,198.45,219.73
2026-03-09,WIPRO.NS,198.75,198.0,218.34
2026-03-10,WIPRO.NS,200.92999267578125,197.98,217.09
2026-03-11,WIPRO.NS,202.22999572753903,198.16,216.0
2026-03-12,WIPRO.NS,202.509994506836,198.72,214.84
2026-03-13,WIPRO.NS,197.5800018310547,199.01,213.43
2026-03-16,WIPRO.NS,195.1100006103516,198.93,212.04
2026-03-17,WIPRO.NS,191.32000732421875,198.35,210.34
2026-03-18,WIPRO.NS,194.3000030517578,197.71,208.73
2026-03-19,WIPRO.NS,188.41000366210932,195.92,207.23
2026-03-20,WIPRO.NS,190.8999938964844,194.3,205.81
2026-03-23,WIPRO.NS,187.5399932861328,192.17,204.38
2026-03-24,WIPRO.NS,188.7400054931641,190.9,203.0
2026-03-25,WIPRO.NS,189.0500030517578,190.04,201.58
2026-03-27,WIPRO.NS,191.6000061035156,190.08,200.31
2026-03-30,WIPRO.NS,187.63999938964844,189.13,199.26
2026-04-01,WIPRO.NS,191.17999267578125,189.52,198.5
2026-04-02,WIPRO.NS,194.91000366210932,190.09,197.89
2026-04-06,WIPRO.NS,197.2899932861328,191.49,197.27
2026-04-07,WIPRO.NS,204.72000122070312,193.77,197.03
2026-04-08,WIPRO.NS,203.4199981689453,195.82,196.77
2026-04-09,WIPRO.NS,202.8699951171875,197.43,196.54
2026-04-10,WIPRO.NS,204.8800048828125,199.9,196.51
2026-04-13,WIPRO.NS,202.97000122070312,201.58,196.6
2026-04-15,WIPRO.NS,209.75,203.7,196.86
2026-04-16,WIPRO.NS,210.259994506836,205.55,197.17
2026-04-17,WIPRO.NS,204.32000732421875,205.5,197.28
2026-04-20,WIPRO.NS,202.47999572753903,205.36,197.41
2026-04-21,WIPRO.NS,205.009994506836,205.67,197.72
2026-04-22,WIPRO.NS,204.0,205.54,198.0
2026-04-23,WIPRO.NS,202.759994506836,205.51,198.25
2026-04-24,WIPRO.NS,199.3600006103516,204.03,198.27
2026-04-27,WIPRO.NS,205.0500030517578,203.28,198.41
2026-04-28,WIPRO.NS,201.5800018310547,202.89,198.38
2026-04-29,WIPRO.NS,200.67999267578125,202.63,198.32
2026-04-30,WIPRO.NS,200.6499938964844,202.01,198.42
2026-05-01,WIPRO.NS,200.6499938964844,201.53,198.61
2026-05-04,WIPRO.NS,200.75,201.25,198.92
2026-05-05,WIPRO.NS,199.77999877929688,201.31,199.11
2026-05-06,WIPRO.NS,199.1199951171875,200.46,199.46
2026-05-07,WIPRO.NS,197.3600006103516,199.86,199.68
2026-05-08,WIPRO.NS,197.91000366210932,199.46,200.02
2026-05-11,WIPRO.NS,196.67999267578125,198.89,200.29
2026-05-12,WIPRO.NS,189.57000732421875,197.31,200.31
2026-05-13,WIPRO.NS,187.8000030517578,195.46,200.18
2026-05-14,WIPRO.NS,188.3000030517578,193.82,200.2
2026-05-15,WIPRO.NS,190.0,192.52,200.16
2026-05-18,WIPRO.NS,192.1699981689453,191.78,200.07
2026-05-19,WIPRO.NS,195.1699981689453,191.38,200.0
2026-05-20,WIPRO.NS,197.1199951171875,191.45,199.75
2026-05-21,WIPRO.NS,199.7400054931641,192.9,199.62
2026-05-22,WIPRO.NS,203.1100006103516,195.09,199.63
2026-05-25,WIPRO.NS,206.83999633789065,197.74,199.7
2026-05-26,WIPRO.NS,203.72999572753903,199.7,199.72
2026-05-27,WIPRO.NS,201.5800018310547,201.04,199.45
2026-05-28,WIPRO.NS,201.5800018310547,201.96,199.16
2026-05-29,WIPRO.NS,204.25,202.98,199.16
