Date,Open,High,Low,Close,Volume,Stock
2026-01-14,1444.0,1467.0,1440.199951171875,1458.800048828125,8321764,RELIANCE.NS
2026-01-15,1458.800048828125,1458.800048828125,1458.800048828125,1458.800048828125,0,RELIANCE.NS
2026-01-16,1458.800048828125,1480.0,1455.0999755859375,1457.9000244140625,17167161,RELIANCE.NS
2026-01-19,1450.5999755859375,1450.5999755859375,1403.300048828125,1413.5999755859375,20392765,RELIANCE.NS
2026-01-20,1410.699951171875,1416.0,1390.0,1394.0,13189498,RELIANCE.NS
2026-01-21,1389.5,1412.9000244140625,1373.0,1404.5999755859375,17352720,RELIANCE.NS
2026-01-22,1410.0999755859375,1419.5,1395.0,1402.5,15721693,RELIANCE.NS
2026-01-23,1401.800048828125,1407.0,1381.0,1386.0999755859375,9837802,RELIANCE.NS
2026-01-27,1380.0,1391.5999755859375,1368.0,1380.5,26302396,RELIANCE.NS
2026-01-28,1385.0,1409.9000244140625,1384.9000244140625,1396.699951171875,11121657,RELIANCE.NS
2026-01-29,1402.9000244140625,1402.9000244140625,1384.0,1391.0,20846683,RELIANCE.NS
2026-01-30,1382.5999755859375,1398.0,1378.5,1395.4000244140625,11239835,RELIANCE.NS
2026-02-02,1340.0,1392.9000244140625,1335.5,1390.4000244140625,15711165,RELIANCE.NS
2026-02-03,1473.9000244140625,1489.5,1430.199951171875,1437.0999755859375,25456171,RELIANCE.NS
2026-02-04,1444.0,1464.0,1440.300048828125,1456.800048828125,8333387,RELIANCE.NS
2026-02-05,1457.0,1461.5,1439.5,1443.4000244140625,11763658,RELIANCE.NS
2026-02-06,1441.5,1452.800048828125,1433.5,1450.800048828125,8277304,RELIANCE.NS
2026-02-09,1458.0,1465.9000244140625,1453.0,1461.5999755859375,5775864,RELIANCE.NS
2026-02-10,1471.0,1471.0,1452.199951171875,1458.5,10259630,RELIANCE.NS
2026-02-11,1459.5999755859375,1470.0,1453.5999755859375,1468.699951171875,7106877,RELIANCE.NS
2026-02-12,1470.0,1473.0,1445.5,1448.9000244140625,11135399,RELIANCE.NS
2026-02-13,1445.5,1450.699951171875,1416.300048828125,1419.5999755859375,10755693,RELIANCE.NS
2026-02-16,1420.0999755859375,1439.5999755859375,1409.300048828125,1437.0999755859375,5896514,RELIANCE.NS
2026-02-17,1431.0999755859375,1431.800048828125,1418.5999755859375,1423.0,10731630,RELIANCE.NS
2026-02-18,1427.0,1442.0999755859375,1419.199951171875,1441.300048828125,5521096,RELIANCE.NS
2026-02-19,1443.0,1443.0,1400.0,1409.5,11884664,RELIANCE.NS
2026-02-20,1409.5,1427.4000244140625,1406.0999755859375,1419.4000244140625,8177670,RELIANCE.NS
2026-02-23,1425.0,1434.9000244140625,1418.300048828125,1428.0,7758856,RELIANCE.NS
2026-02-24,1425.300048828125,1433.300048828125,1415.0,1428.800048828125,12529409,RELIANCE.NS
2026-02-25,1435.0,1440.5,1393.5,1398.5,10728792,RELIANCE.NS
2026-02-26,1398.5,1412.9000244140625,1391.9000244140625,1406.800048828125,16683858,RELIANCE.NS
2026-02-27,1398.0,1410.4000244140625,1388.0999755859375,1393.9000244140625,12031440,RELIANCE.NS
2026-03-02,1375.5,1378.5999755859375,1341.5,1358.0,23728722,RELIANCE.NS
2026-03-04,1330.0,1352.800048828125,1307.0,1345.0,32495007,RELIANCE.NS
2026-03-05,1353.0999755859375,1399.0,1353.0999755859375,1389.4000244140625,25957532,RELIANCE.NS
2026-03-06,1396.5,1424.300048828125,1390.300048828125,1404.800048828125,19311971,RELIANCE.NS
2026-03-09,1375.0,1429.4000244140625,1370.0,1424.0,24870822,RELIANCE.NS
2026-03-10,1430.5999755859375,1431.5,1400.5999755859375,1408.800048828125,18071259,RELIANCE.NS
2026-03-11,1424.9000244140625,1434.0,1383.5999755859375,1390.199951171875,21848087,RELIANCE.NS
2026-03-12,1390.0,1410.9000244140625,1381.0999755859375,1392.199951171875,20939959,RELIANCE.NS
2026-03-13,1385.199951171875,1400.800048828125,1378.4000244140625,1380.699951171875,17265090,RELIANCE.NS
2026-03-16,1380.0,1397.300048828125,1363.5,1395.0999755859375,22837802,RELIANCE.NS
2026-03-17,1399.0,1405.9000244140625,1388.199951171875,1397.5999755859375,19007744,RELIANCE.NS
2026-03-18,1397.199951171875,1412.9000244140625,1397.199951171875,1408.0999755859375,9559327,RELIANCE.NS
2026-03-19,1388.0,1415.699951171875,1376.0999755859375,1384.800048828125,16498373,RELIANCE.NS
2026-03-20,1398.0,1430.0,1396.0999755859375,1414.4000244140625,22994918,RELIANCE.NS
2026-03-23,1400.0,1415.5999755859375,1391.0,1407.800048828125,18979554,RELIANCE.NS
2026-03-24,1420.0,1422.4000244140625,1406.5999755859375,1411.800048828125,18620893,RELIANCE.NS
2026-03-25,1420.0,1430.5,1408.4000244140625,1413.0999755859375,19041331,RELIANCE.NS
2026-03-27,1401.0,1404.699951171875,1345.0,1348.0999755859375,23266517,RELIANCE.NS
2026-03-30,1335.0,1365.0,1334.0999755859375,1343.9000244140625,24393861,RELIANCE.NS
2026-04-01,1384.199951171875,1384.4000244140625,1362.9000244140625,1369.199951171875,14404619,RELIANCE.NS
2026-04-02,1357.0,1358.199951171875,1328.0,1350.5,21280051,RELIANCE.NS
2026-04-06,1359.0,1359.0,1290.0,1304.699951171875,29274881,RELIANCE.NS
2026-04-07,1295.0,1308.300048828125,1291.0,1304.5999755859375,28388922,RELIANCE.NS
2026-04-08,1349.0,1350.5999755859375,1326.199951171875,1347.800048828125,21817543,RELIANCE.NS
2026-04-09,1346.0,1350.0,1326.300048828125,1330.0,20725390,RELIANCE.NS
2026-04-10,1337.0,1352.300048828125,1331.5,1350.199951171875,19364461,RELIANCE.NS
2026-04-13,1321.199951171875,1327.5999755859375,1310.0,1315.0999755859375,28753269,RELIANCE.NS
2026-04-15,1337.0,1347.0,1334.199951171875,1344.0999755859375,15313779,RELIANCE.NS
2026-04-16,1352.0,1353.800048828125,1330.0,1343.300048828125,30211012,RELIANCE.NS
2026-04-17,1340.0,1368.4000244140625,1340.0,1365.0,13869105,RELIANCE.NS
2026-04-20,1363.199951171875,1373.0,1352.800048828125,1363.300048828125,13614733,RELIANCE.NS
2026-04-21,1359.0,1369.800048828125,1350.0999755859375,1353.300048828125,27293629,RELIANCE.NS
2026-04-22,1350.300048828125,1366.0,1349.0999755859375,1362.0999755859375,9525953,RELIANCE.NS
2026-04-23,1346.0,1355.5,1340.699951171875,1343.4000244140625,16385079,RELIANCE.NS
2026-04-24,1340.0,1345.9000244140625,1325.0,1327.800048828125,11744802,RELIANCE.NS
2026-04-27,1313.0,1371.5999755859375,1311.0,1365.800048828125,24673098,RELIANCE.NS
2026-04-28,1358.0,1395.199951171875,1357.0,1388.9000244140625,41027699,RELIANCE.NS
2026-04-29,1392.0,1433.800048828125,1391.300048828125,1425.4000244140625,30542143,RELIANCE.NS
2026-04-30,1409.0,1437.0,1393.0999755859375,1430.800048828125,30957881,RELIANCE.NS
2026-05-01,1430.800048828125,1430.800048828125,1430.800048828125,1430.800048828125,0,RELIANCE.NS
2026-05-04,1433.4000244140625,1467.4000244140625,1433.4000244140625,1463.0999755859375,24035700,RELIANCE.NS
2026-05-05,1460.0,1473.4000244140625,1450.0,1463.5999755859375,23543341,RELIANCE.NS
2026-05-06,1463.0,1473.300048828125,1427.5,1437.9000244140625,14221786,RELIANCE.NS
2026-05-07,1438.800048828125,1449.5,1430.300048828125,1436.199951171875,19816903,RELIANCE.NS
2026-05-08,1426.0,1442.800048828125,1417.5,1435.199951171875,8663105,RELIANCE.NS
2026-05-11,1420.0,1428.0,1382.0,1388.199951171875,15261787,RELIANCE.NS
2026-05-12,1392.0,1393.5,1360.300048828125,1364.0,24357500,RELIANCE.NS
2026-05-13,1361.4000244140625,1372.4000244140625,1352.4000244140625,1358.800048828125,13797989,RELIANCE.NS
2026-05-14,1365.199951171875,1378.0,1358.4000244140625,1361.800048828125,17303059,RELIANCE.NS
2026-05-15,1356.800048828125,1364.800048828125,1329.199951171875,1336.4000244140625,19976192,RELIANCE.NS
2026-05-18,1334.0,1342.0,1318.699951171875,1335.9000244140625,13022473,RELIANCE.NS
2026-05-19,1338.699951171875,1344.0,1318.4000244140625,1322.699951171875,21665501,RELIANCE.NS
2026-05-20,1318.699951171875,1362.9000244140625,1312.5999755859375,1359.699951171875,13248515,RELIANCE.NS
2026-05-21,1367.199951171875,1370.9000244140625,1345.199951171875,1349.5999755859375,17150630,RELIANCE.NS
2026-05-22,1350.0,1367.4000244140625,1349.0999755859375,1354.5,7105813,RELIANCE.NS
2026-05-25,1366.800048828125,1371.0999755859375,1357.0,1367.0,6750071,RELIANCE.NS
2026-05-26,1360.0999755859375,1368.5,1352.4000244140625,1356.300048828125,13769747,RELIANCE.NS
2026-05-27,1353.0,1361.0,1348.5999755859375,1350.5,13213151,RELIANCE.NS
2026-01-14,3260.0,3260.0,3183.0,3192.5,3539511,TCS.NS
2026-01-15,3192.5,3192.5,3192.5,3192.5,0,TCS.NS
2026-01-16,3219.39990234375,3221.89990234375,3171.0,3206.699951171875,4293470,TCS.NS
2026-01-19,3188.0,3220.0,3152.10009765625,3163.60009765625,3387562,TCS.NS
2026-01-20,3151.60009765625,3160.0,3091.10009765625,3102.300048828125,4499273,TCS.NS
2026-01-21,3100.0,3138.5,3082.0,3122.60009765625,2015150,TCS.NS
2026-01-22,3150.0,3160.0,3122.300048828125,3150.39990234375,2269827,TCS.NS
2026-01-23,3190.300048828125,3194.5,3152.0,3162.5,2068857,TCS.NS
2026-01-27,3175.0,3175.0,3130.0,3158.0,4279874,TCS.NS
2026-01-28,3176.0,3205.199951171875,3170.60009765625,3200.10009765625,2751234,TCS.NS
2026-01-29,3200.10009765625,3200.10009765625,3125.60009765625,3144.39990234375,2457641,TCS.NS
2026-01-30,3141.0,3141.0,3092.0,3123.89990234375,3022068,TCS.NS
2026-02-02,3198.0,3198.0,3134.0,3169.60009765625,2636272,TCS.NS
2026-02-03,3350.0,3350.0,3186.300048828125,3225.300048828125,4366060,TCS.NS
2026-02-04,3120.0,3120.0,2986.0,2999.10009765625,10852595,TCS.NS
2026-02-05,2990.0,3029.699951171875,2972.300048828125,2991.5,3521545,TCS.NS
2026-02-06,2976.60009765625,2985.0,2916.0,2941.60009765625,4687389,TCS.NS
2026-02-09,2959.10009765625,2977.0,2937.5,2948.199951171875,2380318,TCS.NS
2026-02-10,2949.800048828125,3011.60009765625,2943.5,2984.60009765625,3547763,TCS.NS
2026-02-11,2980.0,2998.0,2904.199951171875,2909.800048828125,3363513,TCS.NS
2026-02-12,2869.800048828125,2880.0,2740.0,2750.10009765625,10612156,TCS.NS
2026-02-13,2585.0,2713.0,2585.0,2692.199951171875,11168735,TCS.NS
2026-02-16,2700.0,2719.800048828125,2671.0,2706.60009765625,2918730,TCS.NS
2026-02-17,2716.0,2760.0,2695.199951171875,2717.39990234375,4209118,TCS.NS
2026-02-18,2730.0,2730.0,2657.300048828125,2694.89990234375,2950820,TCS.NS
2026-02-19,2708.0,2748.699951171875,2666.60009765625,2677.89990234375,3238849,TCS.NS
2026-02-20,2667.0,2702.60009765625,2647.5,2686.199951171875,2293482,TCS.NS
2026-02-23,2686.0,2704.0,2660.199951171875,2676.300048828125,4699596,TCS.NS
2026-02-24,2641.0,2647.5,2561.300048828125,2573.699951171875,7798833,TCS.NS
2026-02-25,2596.0,2654.199951171875,2595.0,2629.300048828125,3621285,TCS.NS
2026-02-26,2650.0,2671.0,2635.0,2647.699951171875,3464267,TCS.NS
2026-02-27,2681.60009765625,2688.60009765625,2626.10009765625,2637.39990234375,5083717,TCS.NS
2026-03-02,2592.0,2623.800048828125,2580.300048828125,2613.5,3374385,TCS.NS
2026-03-04,2625.0,2635.0,2580.39990234375,2587.800048828125,3446434,TCS.NS
2026-03-05,2600.0,2609.5,2546.39990234375,2578.800048828125,2960636,TCS.NS
2026-03-06,2572.0,2619.199951171875,2553.60009765625,2557.60009765625,3998643,TCS.NS
2026-03-09,2530.0,2560.0,2505.0,2527.39990234375,3653428,TCS.NS
2026-03-10,2541.0,2545.199951171875,2490.10009765625,2513.10009765625,4323710,TCS.NS
2026-03-11,2508.10009765625,2521.0,2460.10009765625,2464.89990234375,2720664,TCS.NS
2026-03-12,2459.800048828125,2472.89990234375,2436.0,2442.39990234375,2752075,TCS.NS
2026-03-13,2437.0,2445.89990234375,2397.0,2410.5,2466488,TCS.NS
2026-03-16,2410.0,2425.0,2366.10009765625,2409.199951171875,3807907,TCS.NS
2026-03-17,2420.0,2420.0,2360.0,2391.699951171875,2993367,TCS.NS
2026-03-18,2410.0,2482.89990234375,2410.0,2440.800048828125,3082388,TCS.NS
2026-03-19,2417.0,2424.0,2350.199951171875,2356.0,2757060,TCS.NS
2026-03-20,2386.0,2407.800048828125,2364.199951171875,2390.60009765625,4206320,TCS.NS
2026-03-23,2365.0,2406.800048828125,2348.0,2383.800048828125,3860515,TCS.NS
2026-03-24,2404.10009765625,2435.39990234375,2379.10009765625,2398.800048828125,3420182,TCS.NS
2026-03-25,2400.89990234375,2421.60009765625,2369.800048828125,2377.39990234375,5843778,TCS.NS
2026-03-27,2403.89990234375,2422.10009765625,2385.0,2389.800048828125,4979411,TCS.NS
2026-03-30,2375.10009765625,2398.0,2346.199951171875,2358.89990234375,6804756,TCS.NS
2026-04-01,2429.0,2472.0,2397.89990234375,2408.199951171875,4132661,TCS.NS
2026-04-02,2386.0,2469.89990234375,2375.699951171875,2450.699951171875,5378361,TCS.NS
2026-04-06,2474.0,2482.0,2448.199951171875,2473.89990234375,2572417,TCS.NS
2026-04-07,2461.0,2543.89990234375,2448.0,2539.800048828125,4516550,TCS.NS
2026-04-08,2572.0,2580.300048828125,2540.10009765625,2559.199951171875,4769337,TCS.NS
2026-04-09,2554.0,2605.0,2531.10009765625,2589.0,5628261,TCS.NS
2026-04-10,2565.800048828125,2565.800048828125,2501.10009765625,2524.300048828125,10480239,TCS.NS
2026-04-13,2489.89990234375,2504.89990234375,2470.0,2472.60009765625,3739587,TCS.NS
2026-04-15,2501.89990234375,2559.0,2493.39990234375,2554.89990234375,5261384,TCS.NS
2026-04-16,2572.0,2594.0,2558.0,2576.89990234375,3905403,TCS.NS
2026-04-17,2570.0,2589.0,2555.89990234375,2581.5,2718206,TCS.NS
2026-04-20,2587.10009765625,2594.0,2561.199951171875,2579.60009765625,2288558,TCS.NS
2026-04-21,2560.0,2614.0,2560.0,2610.5,2719959,TCS.NS
2026-04-22,2580.0,2580.0,2503.60009765625,2538.5,5232045,TCS.NS
2026-04-23,2529.0,2559.5,2516.300048828125,2521.800048828125,2509050,TCS.NS
2026-04-24,2488.0,2505.0,2388.800048828125,2396.89990234375,5107719,TCS.NS
2026-04-27,2396.89990234375,2459.0,2396.89990234375,2447.60009765625,5853425,TCS.NS
2026-04-28,2444.0,2487.0,2427.39990234375,2444.699951171875,4508363,TCS.NS
2026-04-29,2451.0,2487.89990234375,2447.60009765625,2474.699951171875,2835961,TCS.NS
2026-04-30,2479.0,2491.0,2438.0,2473.89990234375,3970446,TCS.NS
2026-05-01,2473.89990234375,2473.89990234375,2473.89990234375,2473.89990234375,0,TCS.NS
2026-05-04,2494.0,2498.300048828125,2425.0,2431.300048828125,2632358,TCS.NS
2026-05-05,2430.0,2460.39990234375,2412.199951171875,2427.300048828125,3385720,TCS.NS
2026-05-06,2441.89990234375,2471.0,2406.5,2435.39990234375,3147628,TCS.NS
2026-05-07,2438.199951171875,2439.699951171875,2398.0,2401.39990234375,5829594,TCS.NS
2026-05-08,2398.0,2407.0,2375.10009765625,2394.39990234375,3792199,TCS.NS
2026-05-11,2371.0,2415.0,2371.0,2392.89990234375,1975188,TCS.NS
2026-05-12,2375.0,2375.0,2283.0,2300.300048828125,6347884,TCS.NS
2026-05-13,2306.0,2309.199951171875,2269.0,2272.800048828125,3171843,TCS.NS
2026-05-14,2265.0,2265.0,2206.39990234375,2246.0,5633313,TCS.NS
2026-05-15,2252.0,2304.89990234375,2252.0,2264.0,3410637,TCS.NS
2026-05-18,2264.0,2292.89990234375,2252.199951171875,2283.199951171875,3773336,TCS.NS
2026-05-19,2300.0,2377.60009765625,2297.10009765625,2327.10009765625,10394707,TCS.NS
2026-05-20,2323.89990234375,2342.0,2317.800048828125,2327.39990234375,2537422,TCS.NS
2026-05-21,2331.0,2335.89990234375,2314.0,2327.199951171875,3299087,TCS.NS
2026-05-22,2331.10009765625,2340.0,2308.10009765625,2317.300048828125,2617262,TCS.NS
2026-05-25,2325.0,2326.10009765625,2293.0,2308.199951171875,3298364,TCS.NS
2026-05-26,2308.199951171875,2327.89990234375,2272.39990234375,2276.199951171875,3587597,TCS.NS
2026-05-27,2275.0,2295.60009765625,2260.89990234375,2284.199951171875,2653592,TCS.NS
2026-01-14,1588.0,1617.0,1583.0999755859375,1599.800048828125,7557157,INFY.NS
2026-01-15,1599.800048828125,1599.800048828125,1599.800048828125,1599.800048828125,0,INFY.NS
2026-01-16,1663.699951171875,1694.0,1653.4000244140625,1689.800048828125,19335957,INFY.NS
2026-01-19,1685.0,1685.0,1666.5,1681.199951171875,5104958,INFY.NS
2026-01-20,1673.0,1680.199951171875,1652.9000244140625,1658.9000244140625,6406503,INFY.NS
2026-01-21,1651.0,1657.0,1631.199951171875,1654.4000244140625,6224582,INFY.NS
2026-01-22,1666.0,1671.199951171875,1653.800048828125,1663.5,6228892,INFY.NS
2026-01-23,1667.199951171875,1675.699951171875,1662.199951171875,1670.800048828125,5869137,INFY.NS
2026-01-27,1685.800048828125,1689.4000244140625,1661.0999755859375,1682.699951171875,10673087,INFY.NS
2026-01-28,1680.0,1688.800048828125,1650.0,1666.5,8588664,INFY.NS
2026-01-29,1658.0,1666.5,1642.0999755859375,1659.5,4749582,INFY.NS
2026-01-30,1655.0,1655.0,1618.0999755859375,1641.0,9207926,INFY.NS
2026-02-02,1662.0,1662.0,1618.0,1629.4000244140625,6784887,INFY.NS
2026-02-03,1727.199951171875,1728.0,1653.0,1656.0,8805868,INFY.NS
2026-02-04,1574.0,1584.9000244140625,1510.0999755859375,1535.800048828125,28828622,INFY.NS
2026-02-05,1534.0,1551.0,1515.699951171875,1520.199951171875,10628127,INFY.NS
2026-02-06,1522.0999755859375,1525.0,1480.0,1507.0999755859375,13900866,INFY.NS
2026-02-09,1522.0999755859375,1528.0,1493.0,1497.199951171875,8294615,INFY.NS
2026-02-10,1500.0,1515.9000244140625,1491.0,1497.800048828125,8657000,INFY.NS
2026-02-11,1501.199951171875,1505.9000244140625,1469.0,1471.9000244140625,7934411,INFY.NS
2026-02-12,1428.9000244140625,1435.699951171875,1380.5,1386.0,26048896,INFY.NS
2026-02-13,1293.9000244140625,1377.300048828125,1281.5,1369.0999755859375,45785709,INFY.NS
2026-02-16,1373.699951171875,1376.0,1338.300048828125,1365.5999755859375,14621891,INFY.NS
2026-02-17,1370.0,1431.0,1367.0,1391.199951171875,25347684,INFY.NS
2026-02-18,1390.9000244140625,1401.0,1345.300048828125,1373.699951171875,20241373,INFY.NS
2026-02-19,1385.0,1402.0,1363.199951171875,1370.5,14574228,INFY.NS
2026-02-20,1359.199951171875,1365.0,1338.199951171875,1353.199951171875,12633552,INFY.NS
2026-02-23,1352.0,1352.0,1318.0,1327.5,12887826,INFY.NS
2026-02-24,1301.0,1303.5999755859375,1264.0999755859375,1275.5,27839061,INFY.NS
2026-02-25,1286.199951171875,1323.5999755859375,1286.199951171875,1290.0999755859375,16669618,INFY.NS
2026-02-26,1305.5,1314.0,1286.300048828125,1289.0999755859375,11493914,INFY.NS
2026-02-27,1326.300048828125,1335.0,1294.199951171875,1300.0999755859375,23141724,INFY.NS
2026-03-02,1291.0,1298.800048828125,1273.0,1288.9000244140625,9700361,INFY.NS
2026-03-04,1292.0,1317.0,1292.0,1307.4000244140625,15154950,INFY.NS
2026-03-05,1320.0,1320.0,1290.0999755859375,1305.800048828125,10362147,INFY.NS
2026-03-06,1303.0,1327.199951171875,1303.0,1308.4000244140625,8724291,INFY.NS
2026-03-09,1290.0,1318.0,1282.5,1315.0,10068514,INFY.NS
2026-03-10,1320.0,1321.0,1284.0999755859375,1295.5999755859375,9600171,INFY.NS
2026-03-11,1288.0,1299.5,1271.300048828125,1276.300048828125,7868891,INFY.NS
2026-03-12,1272.5,1278.5999755859375,1258.0,1265.800048828125,7599940,INFY.NS
2026-03-13,1251.0,1269.5999755859375,1242.5999755859375,1248.300048828125,7366098,INFY.NS
2026-03-16,1240.199951171875,1254.300048828125,1224.199951171875,1249.800048828125,12314450,INFY.NS
2026-03-17,1245.0,1245.0,1215.0999755859375,1232.9000244140625,11223276,INFY.NS
2026-03-18,1238.0,1290.800048828125,1234.9000244140625,1267.0999755859375,12365381,INFY.NS
2026-03-19,1244.199951171875,1255.0,1215.0999755859375,1220.800048828125,9156461,INFY.NS
2026-03-20,1242.0,1264.800048828125,1229.199951171875,1255.9000244140625,27299975,INFY.NS
2026-03-23,1238.199951171875,1261.0999755859375,1227.4000244140625,1256.800048828125,12420293,INFY.NS
2026-03-24,1269.0,1297.0,1251.0,1278.300048828125,13613495,INFY.NS
2026-03-25,1270.0,1290.5999755859375,1257.0999755859375,1279.0999755859375,10824030,INFY.NS
2026-03-27,1285.199951171875,1294.800048828125,1263.199951171875,1269.699951171875,13092541,INFY.NS
2026-03-30,1250.0,1265.5,1243.0,1250.5999755859375,14108486,INFY.NS
2026-04-01,1290.0,1303.0,1269.5,1275.699951171875,8137156,INFY.NS
2026-04-02,1260.0,1305.4000244140625,1259.800048828125,1300.800048828125,12873492,INFY.NS
2026-04-06,1301.4000244140625,1320.0,1299.0,1306.199951171875,10208682,INFY.NS
2026-04-07,1302.0,1345.0999755859375,1293.5,1339.4000244140625,15355792,INFY.NS
2026-04-08,1349.0,1376.9000244140625,1331.0,1346.199951171875,16030133,INFY.NS
2026-04-09,1329.9000244140625,1337.5,1314.0,1331.5999755859375,14894607,INFY.NS
2026-04-10,1318.0,1318.9000244140625,1283.300048828125,1292.5,19233369,INFY.NS
2026-04-13,1272.0,1289.0,1265.699951171875,1276.800048828125,10366082,INFY.NS
2026-04-15,1306.300048828125,1322.5,1300.5,1305.300048828125,12098912,INFY.NS
2026-04-16,1322.0999755859375,1331.0,1309.0,1319.199951171875,18527029,INFY.NS
2026-04-17,1313.0,1328.300048828125,1306.0999755859375,1318.699951171875,12064048,INFY.NS
2026-04-20,1320.0,1324.9000244140625,1308.0999755859375,1312.5999755859375,7172300,INFY.NS
2026-04-21,1310.0,1325.0,1299.300048828125,1313.199951171875,10057440,INFY.NS
2026-04-22,1295.0,1297.699951171875,1255.9000244140625,1268.5999755859375,20088378,INFY.NS
2026-04-23,1254.0,1265.699951171875,1226.0,1240.5999755859375,14792854,INFY.NS
2026-04-24,1200.0,1223.9000244140625,1152.199951171875,1154.5999755859375,42078914,INFY.NS
2026-04-27,1154.5999755859375,1179.9000244140625,1154.5,1170.300048828125,19579883,INFY.NS
2026-04-28,1162.699951171875,1169.4000244140625,1149.800048828125,1152.0999755859375,12720276,INFY.NS
2026-04-29,1158.5,1178.199951171875,1156.800048828125,1167.5,8303109,INFY.NS
2026-04-30,1167.5,1189.800048828125,1159.5999755859375,1181.800048828125,12205669,INFY.NS
2026-05-01,1181.800048828125,1181.800048828125,1181.800048828125,1181.800048828125,0,INFY.NS
2026-05-04,1195.0,1195.0,1165.199951171875,1168.4000244140625,7735811,INFY.NS
2026-05-05,1169.5,1185.199951171875,1160.0999755859375,1178.0999755859375,8164108,INFY.NS
2026-05-06,1187.0,1191.5,1164.0999755859375,1167.199951171875,9856963,INFY.NS
2026-05-07,1173.0,1175.4000244140625,1159.199951171875,1162.699951171875,12013987,INFY.NS
2026-05-08,1161.0,1183.5,1158.800048828125,1179.199951171875,7582770,INFY.NS
2026-05-11,1176.0,1187.0,1172.0999755859375,1177.0,7336288,INFY.NS
2026-05-12,1162.0,1162.0,1123.0,1140.300048828125,16891948,INFY.NS
2026-05-13,1136.5999755859375,1142.5999755859375,1121.0,1123.0999755859375,6664111,INFY.NS
2026-05-14,1119.800048828125,1121.9000244140625,1089.0,1095.0,16914842,INFY.NS
2026-05-15,1102.0,1133.199951171875,1101.5999755859375,1119.0,17482450,INFY.NS
2026-05-18,1119.0,1146.0999755859375,1118.0,1142.5,12096377,INFY.NS
2026-05-19,1162.0,1198.4000244140625,1162.0,1196.9000244140625,32175705,INFY.NS
2026-05-20,1187.0,1206.9000244140625,1184.9000244140625,1193.699951171875,15121010,INFY.NS
2026-05-21,1196.0999755859375,1201.800048828125,1177.0,1181.199951171875,10021033,INFY.NS
2026-05-22,1182.5,1191.800048828125,1172.5,1174.5,8803066,INFY.NS
2026-05-25,1183.0,1185.0,1166.0999755859375,1168.5,5856136,INFY.NS
2026-05-26,1166.300048828125,1180.699951171875,1162.9000244140625,1167.699951171875,8005767,INFY.NS
2026-05-27,1161.0,1167.300048828125,1155.0,1159.9000244140625,6370244,INFY.NS
2026-01-14,930.0,940.0499877929688,920.2000122070312,925.4500122070312,36688248,HDFCBANK.NS
2026-01-15,925.4500122070312,925.4500122070312,925.4500122070312,925.4500122070312,0,HDFCBANK.NS
2026-01-16,922.0,935.9500122070312,919.2000122070312,931.0999755859375,37780235,HDFCBANK.NS
2026-01-19,935.9000244140625,936.1500244140625,919.5,927.9000244140625,38191942,HDFCBANK.NS
2026-01-20,929.2999877929688,934.5,919.5999755859375,931.2000122070312,36022727,HDFCBANK.NS
2026-01-21,925.0,932.1500244140625,915.5,920.3499755859375,32766854,HDFCBANK.NS
2026-01-22,928.0,928.2999877929688,913.2000122070312,918.7000122070312,44444755,HDFCBANK.NS
2026-01-23,920.0,926.0999755859375,909.25,916.0999755859375,30985247,HDFCBANK.NS
2026-01-27,906.0,931.2000122070312,905.0,926.4000244140625,44753093,HDFCBANK.NS
2026-01-28,932.5,941.4500122070312,928.4000244140625,932.7000122070312,35347138,HDFCBANK.NS
2026-01-29,930.0999755859375,939.2999877929688,924.3499755859375,935.5,37175628,HDFCBANK.NS
2026-01-30,930.0,938.9000244140625,927.75,929.25,29691233,HDFCBANK.NS
2026-02-02,915.0,929.7999877929688,909.2999877929688,928.0999755859375,28032106,HDFCBANK.NS
2026-02-03,983.75,994.0,945.0,948.7000122070312,50336968,HDFCBANK.NS
2026-02-04,952.5,957.2000122070312,947.9500122070312,953.0999755859375,24366770,HDFCBANK.NS
2026-02-05,956.0,956.0499877929688,946.7000122070312,949.7000122070312,28103169,HDFCBANK.NS
2026-02-06,945.0,948.0999755859375,937.5999755859375,941.0999755859375,18120272,HDFCBANK.NS
2026-02-09,945.0,950.0,935.3499755859375,937.25,23947829,HDFCBANK.NS
2026-02-10,930.0,940.9000244140625,929.9500122070312,932.4000244140625,31525385,HDFCBANK.NS
2026-02-11,931.25,936.0,925.2999877929688,927.0999755859375,24869804,HDFCBANK.NS
2026-02-12,927.0,928.5999755859375,918.5,920.5999755859375,33872203,HDFCBANK.NS
2026-02-13,913.0,928.2000122070312,901.0,903.9000244140625,50188359,HDFCBANK.NS
2026-02-16,903.9000244140625,929.5,902.0999755859375,925.7999877929688,18806989,HDFCBANK.NS
2026-02-17,923.0,928.0999755859375,918.5999755859375,925.7000122070312,22599629,HDFCBANK.NS
2026-02-18,923.2000122070312,925.5,919.5499877929688,924.7000122070312,12738702,HDFCBANK.NS
2026-02-19,929.0,929.2000122070312,912.4500122070312,915.5999755859375,21209234,HDFCBANK.NS
2026-02-20,911.0,917.8499755859375,908.4000244140625,911.8499755859375,22654907,HDFCBANK.NS
2026-02-23,916.5,925.6500244140625,915.25,923.5999755859375,23270122,HDFCBANK.NS
2026-02-24,927.9500122070312,927.9500122070312,909.1500244140625,910.5,31313985,HDFCBANK.NS
2026-02-25,910.5499877929688,916.0,903.0999755859375,907.5999755859375,27884303,HDFCBANK.NS
2026-02-26,912.0,912.0,895.0,898.5999755859375,41165937,HDFCBANK.NS
2026-02-27,898.5999755859375,898.9500122070312,885.0,887.75,34620755,HDFCBANK.NS
2026-03-02,876.2000122070312,887.75,871.5499877929688,879.4000244140625,38378924,HDFCBANK.NS
2026-03-04,848.0,879.2999877929688,848.0,868.6500244140625,39862322,HDFCBANK.NS
2026-03-05,873.8499755859375,881.4000244140625,863.5,877.75,31324582,HDFCBANK.NS
2026-03-06,868.0499877929688,871.7000122070312,855.0999755859375,857.0499877929688,34439647,HDFCBANK.NS
2026-03-09,825.0,842.4500122070312,821.5,840.7000122070312,35592613,HDFCBANK.NS
2026-03-10,850.0499877929688,856.7999877929688,840.5999755859375,849.4500122070312,52866024,HDFCBANK.NS
2026-03-11,845.0,848.8499755859375,827.5999755859375,833.9500122070312,42261076,HDFCBANK.NS
2026-03-12,820.0999755859375,836.4000244140625,820.0999755859375,832.75,46107561,HDFCBANK.NS
2026-03-13,820.0,823.7999877929688,812.0,817.0,41700464,HDFCBANK.NS
2026-03-16,817.0,844.5,815.6500244140625,840.5999755859375,52182605,HDFCBANK.NS
2026-03-17,847.7000122070312,848.9000244140625,835.0999755859375,845.3499755859375,38826979,HDFCBANK.NS
2026-03-18,845.3499755859375,846.7999877929688,831.5999755859375,843.0499877929688,23507063,HDFCBANK.NS
2026-03-19,770.0,815.6500244140625,770.0,798.2000122070312,171637393,HDFCBANK.NS
2026-03-20,785.0,793.75,778.2000122070312,780.4500122070312,103129469,HDFCBANK.NS
2026-03-23,763.1500244140625,768.7000122070312,741.0499877929688,744.1500244140625,72341738,HDFCBANK.NS
2026-03-24,755.0,772.75,747.7000122070312,764.9000244140625,61269986,HDFCBANK.NS
2026-03-25,768.2000122070312,794.7999877929688,768.2000122070312,782.2999877929688,59230640,HDFCBANK.NS
2026-03-27,773.2000122070312,774.9000244140625,754.5499877929688,756.2000122070312,65485199,HDFCBANK.NS
2026-03-30,745.2000122070312,751.0,726.6500244140625,731.5499877929688,103500135,HDFCBANK.NS
2026-04-01,743.0,755.9000244140625,739.0999755859375,742.25,78862761,HDFCBANK.NS
2026-04-02,730.0,755.0,726.6500244140625,750.9000244140625,49310300,HDFCBANK.NS
2026-04-06,759.0,772.75,745.0,771.0,42976659,HDFCBANK.NS
2026-04-07,766.0,774.0,761.0,772.0,51309793,HDFCBANK.NS
2026-04-08,800.0,817.7999877929688,796.0,816.0999755859375,70269512,HDFCBANK.NS
2026-04-09,815.0,819.0,793.0999755859375,797.7000122070312,48879392,HDFCBANK.NS
2026-04-10,804.0,812.25,801.0,810.2999877929688,38156026,HDFCBANK.NS
2026-04-13,791.5,798.5,787.3499755859375,794.7000122070312,47549328,HDFCBANK.NS
2026-04-15,804.9500122070312,814.7999877929688,804.0,809.9000244140625,39769515,HDFCBANK.NS
2026-04-16,818.0,820.0499877929688,792.2000122070312,795.4500122070312,62861293,HDFCBANK.NS
2026-04-17,790.0999755859375,803.9500122070312,788.2000122070312,799.9000244140625,37282544,HDFCBANK.NS
2026-04-20,797.0999755859375,809.9500122070312,790.0,795.4500122070312,52148044,HDFCBANK.NS
2026-04-21,795.2000122070312,814.9000244140625,795.2000122070312,811.75,49135752,HDFCBANK.NS
2026-04-22,810.0,813.0499877929688,798.0,799.9000244140625,23876412,HDFCBANK.NS
2026-04-23,792.0,796.6500244140625,782.5,784.3499755859375,37677616,HDFCBANK.NS
2026-04-24,777.2999877929688,787.5999755859375,777.0,784.8499755859375,27720358,HDFCBANK.NS
2026-04-27,787.5,793.0,785.0,789.7999877929688,18115375,HDFCBANK.NS
2026-04-28,785.0,794.5,778.2999877929688,782.5499877929688,35366803,HDFCBANK.NS
2026-04-29,785.5,790.0,777.3499755859375,779.0,25799963,HDFCBANK.NS
2026-04-30,770.0,778.7999877929688,762.25,771.7000122070312,47998755,HDFCBANK.NS
2026-05-01,771.7000122070312,771.7000122070312,771.7000122070312,771.7000122070312,0,HDFCBANK.NS
2026-05-04,772.5999755859375,786.5999755859375,772.5999755859375,779.4000244140625,29028060,HDFCBANK.NS
2026-05-05,774.4000244140625,776.9000244140625,763.7000122070312,772.2999877929688,38887657,HDFCBANK.NS
2026-05-06,775.1500244140625,798.9500122070312,773.5,796.5499877929688,35530831,HDFCBANK.NS
2026-05-07,794.0,801.5499877929688,788.5499877929688,796.0499877929688,46137553,HDFCBANK.NS
2026-05-08,784.0,788.75,777.2000122070312,780.8499755859375,38016841,HDFCBANK.NS
2026-05-11,771.9500122070312,774.8499755859375,761.9000244140625,763.6500244140625,41123422,HDFCBANK.NS
2026-05-12,756.5999755859375,759.7000122070312,747.7999877929688,750.4500122070312,43937132,HDFCBANK.NS
2026-05-13,752.0,759.9500122070312,747.3499755859375,749.5999755859375,28960919,HDFCBANK.NS
2026-05-14,751.0,778.2999877929688,747.0,769.5499877929688,50992358,HDFCBANK.NS
2026-05-15,773.0,781.9000244140625,765.4000244140625,767.5,24347873,HDFCBANK.NS
2026-05-18,759.0,774.0999755859375,751.3499755859375,768.6500244140625,29812079,HDFCBANK.NS
2026-05-19,766.7000122070312,770.7999877929688,760.25,762.4500122070312,40307830,HDFCBANK.NS
2026-05-20,759.5999755859375,762.25,755.1500244140625,759.5,24013451,HDFCBANK.NS
2026-05-21,767.0,768.25,755.1500244140625,759.1500244140625,34664725,HDFCBANK.NS
2026-05-22,759.1500244140625,775.0,759.1500244140625,766.7999877929688,25604071,HDFCBANK.NS
2026-05-25,776.0,787.8499755859375,775.2000122070312,786.8499755859375,26043952,HDFCBANK.NS
2026-05-26,784.0499877929688,790.8499755859375,776.75,778.9000244140625,31528062,HDFCBANK.NS
2026-05-27,769.5,773.9000244140625,756.9000244140625,758.6500244140625,63656434,HDFCBANK.NS
2026-01-14,1425.5999755859375,1443.9000244140625,1414.9000244140625,1418.4000244140625,13832255,ICICIBANK.NS
2026-01-15,1418.4000244140625,1418.4000244140625,1418.4000244140625,1418.4000244140625,0,ICICIBANK.NS
2026-01-16,1417.9000244140625,1429.0,1400.199951171875,1410.800048828125,12530886,ICICIBANK.NS
2026-01-19,1399.9000244140625,1400.0,1360.0,1380.5999755859375,23302883,ICICIBANK.NS
2026-01-20,1374.699951171875,1387.800048828125,1371.5,1375.800048828125,15012785,ICICIBANK.NS
2026-01-21,1367.5,1371.5,1339.5,1349.0,21766068,ICICIBANK.NS
2026-01-22,1355.0999755859375,1358.0,1338.0,1345.5,17179765,ICICIBANK.NS
2026-01-23,1340.5,1355.199951171875,1335.699951171875,1343.4000244140625,14056524,ICICIBANK.NS
2026-01-27,1340.0,1369.0999755859375,1328.5999755859375,1361.4000244140625,25263634,ICICIBANK.NS
2026-01-28,1362.5999755859375,1380.4000244140625,1362.5999755859375,1367.699951171875,13242696,ICICIBANK.NS
2026-01-29,1359.0,1387.699951171875,1354.4000244140625,1383.5999755859375,23118234,ICICIBANK.NS
2026-01-30,1368.199951171875,1381.9000244140625,1353.199951171875,1355.0,24013717,ICICIBANK.NS
2026-02-02,1329.9000244140625,1354.4000244140625,1329.0999755859375,1352.800048828125,12800245,ICICIBANK.NS
2026-02-03,1412.0,1417.0,1373.4000244140625,1389.699951171875,24896698,ICICIBANK.NS
2026-02-04,1387.0,1414.0,1386.9000244140625,1408.4000244140625,11080683,ICICIBANK.NS
2026-02-05,1414.0,1414.0,1393.199951171875,1396.5,8982761,ICICIBANK.NS
2026-02-06,1396.699951171875,1410.5,1394.699951171875,1406.0999755859375,10851190,ICICIBANK.NS
2026-02-09,1413.5,1414.0,1388.800048828125,1396.300048828125,7889742,ICICIBANK.NS
2026-02-10,1401.0,1409.5,1395.5,1406.5,16497628,ICICIBANK.NS
2026-02-11,1407.4000244140625,1413.0,1400.4000244140625,1406.0999755859375,8551341,ICICIBANK.NS
2026-02-12,1406.0999755859375,1433.0,1405.300048828125,1430.0,19646265,ICICIBANK.NS
2026-02-13,1425.300048828125,1434.4000244140625,1410.699951171875,1414.5999755859375,12228083,ICICIBANK.NS
2026-02-16,1404.0,1414.0,1400.5,1411.5999755859375,5000042,ICICIBANK.NS
2026-02-17,1406.199951171875,1413.5999755859375,1393.5999755859375,1407.5,11756187,ICICIBANK.NS
2026-02-18,1410.0999755859375,1412.300048828125,1398.9000244140625,1408.199951171875,4758071,ICICIBANK.NS
2026-02-19,1408.5,1412.300048828125,1384.800048828125,1388.800048828125,14323091,ICICIBANK.NS
2026-02-20,1388.5,1403.699951171875,1384.0,1394.5,10337877,ICICIBANK.NS
2026-02-23,1400.0,1408.300048828125,1395.300048828125,1399.4000244140625,10728445,ICICIBANK.NS
2026-02-24,1400.9000244140625,1400.9000244140625,1382.300048828125,1384.800048828125,18274784,ICICIBANK.NS
2026-02-25,1391.800048828125,1407.4000244140625,1388.199951171875,1400.5,16297015,ICICIBANK.NS
2026-02-26,1405.0999755859375,1410.0,1392.0999755859375,1404.9000244140625,27288792,ICICIBANK.NS
2026-02-27,1400.0,1402.199951171875,1376.699951171875,1378.9000244140625,15096898,ICICIBANK.NS
2026-03-02,1355.0,1379.199951171875,1355.0,1374.0,16928683,ICICIBANK.NS
2026-03-04,1326.0,1376.0,1326.0,1365.4000244140625,20009132,ICICIBANK.NS
2026-03-05,1368.9000244140625,1370.800048828125,1347.5999755859375,1357.5999755859375,17590491,ICICIBANK.NS
2026-03-06,1339.0,1357.5999755859375,1310.4000244140625,1313.4000244140625,22778852,ICICIBANK.NS
2026-03-09,1272.699951171875,1282.699951171875,1251.0999755859375,1278.4000244140625,16116652,ICICIBANK.NS
2026-03-10,1287.5999755859375,1315.0,1285.5999755859375,1311.9000244140625,19136143,ICICIBANK.NS
2026-03-11,1300.0,1306.5,1290.9000244140625,1294.5999755859375,13224259,ICICIBANK.NS
2026-03-12,1275.699951171875,1280.5,1258.300048828125,1266.5,19676187,ICICIBANK.NS
2026-03-13,1251.9000244140625,1262.300048828125,1248.699951171875,1254.800048828125,17344394,ICICIBANK.NS
2026-03-16,1255.0,1276.800048828125,1240.0999755859375,1272.9000244140625,22740688,ICICIBANK.NS
2026-03-17,1278.9000244140625,1294.4000244140625,1273.0,1288.699951171875,22303102,ICICIBANK.NS
2026-03-18,1286.0,1297.0999755859375,1270.800048828125,1289.300048828125,12961135,ICICIBANK.NS
2026-03-19,1267.5999755859375,1285.9000244140625,1243.699951171875,1250.0999755859375,14422899,ICICIBANK.NS
2026-03-20,1258.4000244140625,1274.0,1241.699951171875,1245.4000244140625,16421006,ICICIBANK.NS
2026-03-23,1226.5999755859375,1234.9000244140625,1218.0999755859375,1222.699951171875,17049534,ICICIBANK.NS
2026-03-24,1237.0999755859375,1253.9000244140625,1223.699951171875,1251.199951171875,20617782,ICICIBANK.NS
2026-03-25,1258.9000244140625,1272.9000244140625,1254.4000244140625,1259.699951171875,17290030,ICICIBANK.NS
2026-03-27,1256.0,1260.9000244140625,1230.0999755859375,1233.800048828125,23630905,ICICIBANK.NS
2026-03-30,1216.5,1222.5999755859375,1200.4000244140625,1205.9000244140625,23952775,ICICIBANK.NS
2026-04-01,1228.0999755859375,1234.0,1210.0,1212.699951171875,25472333,ICICIBANK.NS
2026-04-02,1196.0,1222.0999755859375,1187.5999755859375,1215.800048828125,20851722,ICICIBANK.NS
2026-04-06,1213.0,1234.4000244140625,1200.5,1231.4000244140625,10058414,ICICIBANK.NS
2026-04-07,1229.0,1250.4000244140625,1216.5999755859375,1245.5,25600557,ICICIBANK.NS
2026-04-08,1310.0,1333.5,1292.4000244140625,1309.199951171875,25148651,ICICIBANK.NS
2026-04-09,1299.9000244140625,1308.0,1275.9000244140625,1281.300048828125,22923062,ICICIBANK.NS
2026-04-10,1289.0,1324.0,1288.5,1321.9000244140625,18174755,ICICIBANK.NS
2026-04-13,1304.9000244140625,1357.0,1296.699951171875,1351.0999755859375,30572141,ICICIBANK.NS
2026-04-15,1358.0,1364.800048828125,1338.0,1348.0999755859375,23827473,ICICIBANK.NS
2026-04-16,1352.0,1366.9000244140625,1340.199951171875,1345.5,24017236,ICICIBANK.NS
2026-04-17,1347.0,1352.9000244140625,1334.0,1346.800048828125,18151993,ICICIBANK.NS
2026-04-20,1364.699951171875,1376.4000244140625,1353.0,1356.199951171875,21551520,ICICIBANK.NS
2026-04-21,1368.0,1393.0999755859375,1360.0,1388.4000244140625,23312455,ICICIBANK.NS
2026-04-22,1380.0,1380.0999755859375,1365.0,1367.5999755859375,13613487,ICICIBANK.NS
2026-04-23,1348.4000244140625,1354.0,1343.5,1348.0,20111792,ICICIBANK.NS
2026-04-24,1336.300048828125,1348.800048828125,1324.0,1326.199951171875,14056743,ICICIBANK.NS
2026-04-27,1327.9000244140625,1335.9000244140625,1310.9000244140625,1314.0999755859375,15385625,ICICIBANK.NS
2026-04-28,1314.300048828125,1317.699951171875,1286.699951171875,1292.0,16774778,ICICIBANK.NS
2026-04-29,1294.699951171875,1296.800048828125,1276.199951171875,1281.0,11716030,ICICIBANK.NS
2026-04-30,1261.0,1272.199951171875,1259.0,1263.4000244140625,17740110,ICICIBANK.NS
2026-05-01,1263.4000244140625,1263.4000244140625,1263.4000244140625,1263.4000244140625,0,ICICIBANK.NS
2026-05-04,1264.300048828125,1282.199951171875,1264.300048828125,1270.800048828125,14597051,ICICIBANK.NS
2026-05-05,1264.0,1266.699951171875,1245.5,1251.300048828125,24447935,ICICIBANK.NS
2026-05-06,1262.0,1282.800048828125,1252.0999755859375,1279.5,22909586,ICICIBANK.NS
2026-05-07,1284.699951171875,1294.0,1273.199951171875,1279.0,25028552,ICICIBANK.NS
2026-05-08,1279.5999755859375,1279.5999755859375,1261.199951171875,1264.800048828125,11137424,ICICIBANK.NS
2026-05-11,1259.4000244140625,1275.699951171875,1252.0,1266.4000244140625,18980488,ICICIBANK.NS
2026-05-12,1256.0,1259.9000244140625,1236.300048828125,1240.300048828125,21110708,ICICIBANK.NS
2026-05-13,1238.300048828125,1249.199951171875,1227.199951171875,1235.5999755859375,19490295,ICICIBANK.NS
2026-05-14,1239.0999755859375,1256.699951171875,1236.0,1246.0,16535600,ICICIBANK.NS
2026-05-15,1246.5999755859375,1258.0,1242.0,1244.5,11745614,ICICIBANK.NS
2026-05-18,1235.5,1253.699951171875,1232.0,1251.0999755859375,13918850,ICICIBANK.NS
2026-05-19,1251.0999755859375,1256.300048828125,1229.800048828125,1240.800048828125,38929053,ICICIBANK.NS
2026-05-20,1230.0,1239.699951171875,1223.300048828125,1237.300048828125,14953103,ICICIBANK.NS
2026-05-21,1245.300048828125,1248.300048828125,1234.4000244140625,1242.800048828125,14394386,ICICIBANK.NS
2026-05-22,1242.0,1270.800048828125,1242.0,1264.300048828125,11601085,ICICIBANK.NS
2026-05-25,1271.0,1293.5,1270.9000244140625,1291.800048828125,13853923,ICICIBANK.NS
2026-05-26,1290.0,1301.800048828125,1276.199951171875,1279.0999755859375,18400405,ICICIBANK.NS
2026-05-27,1286.0,1293.4000244140625,1266.699951171875,1272.699951171875,18364527,ICICIBANK.NS
2026-01-14,1030.0,1030.4000244140625,1020.5,1028.3499755859375,7370514,SBIN.NS
2026-01-15,1028.3499755859375,1028.3499755859375,1028.3499755859375,1028.3499755859375,0,SBIN.NS
2026-01-16,1032.0,1047.449951171875,1028.4000244140625,1042.300048828125,11051580,SBIN.NS
2026-01-19,1035.0,1043.5999755859375,1034.0,1038.4000244140625,5460164,SBIN.NS
2026-01-20,1039.75,1052.0,1033.050048828125,1036.4000244140625,8905718,SBIN.NS
2026-01-21,1032.0,1040.5999755859375,1022.0,1028.6500244140625,7408949,SBIN.NS
2026-01-22,1035.0,1055.5,1034.050048828125,1048.3499755859375,12001641,SBIN.NS
2026-01-23,1051.9000244140625,1053.0,1025.5999755859375,1029.5,10917698,SBIN.NS
2026-01-27,1034.0999755859375,1055.0,1030.25,1053.1500244140625,14420630,SBIN.NS
2026-01-28,1059.4000244140625,1065.5999755859375,1044.1500244140625,1063.5,12171257,SBIN.NS
2026-01-29,1063.0,1075.0,1060.300048828125,1066.199951171875,14800724,SBIN.NS
2026-01-30,1064.0,1082.5,1060.4000244140625,1077.1500244140625,9480769,SBIN.NS
2026-02-02,1019.9000244140625,1031.300048828125,990.0,1028.699951171875,14434549,SBIN.NS
2026-02-03,1087.0,1089.800048828125,1040.300048828125,1064.199951171875,16129381,SBIN.NS
2026-02-04,1064.199951171875,1073.9000244140625,1056.300048828125,1068.199951171875,7312276,SBIN.NS
2026-02-05,1068.199951171875,1081.0,1067.5,1073.5,9551567,SBIN.NS
2026-02-06,1070.0,1073.5999755859375,1051.0,1066.4000244140625,7041557,SBIN.NS
2026-02-09,1120.0,1150.0,1100.5,1146.0,40852966,SBIN.NS
2026-02-10,1151.0,1154.0,1138.0999755859375,1144.0999755859375,17280036,SBIN.NS
2026-02-11,1144.699951171875,1187.5,1142.800048828125,1182.9000244140625,29491859,SBIN.NS
2026-02-12,1183.0,1203.699951171875,1174.800048828125,1192.4000244140625,33214985,SBIN.NS
2026-02-13,1189.0,1201.0,1184.5,1198.5999755859375,18141390,SBIN.NS
2026-02-16,1194.0,1212.300048828125,1185.300048828125,1208.0999755859375,14972739,SBIN.NS
2026-02-17,1206.0999755859375,1225.5,1204.0999755859375,1213.4000244140625,20107196,SBIN.NS
2026-02-18,1218.800048828125,1224.0999755859375,1214.0,1218.9000244140625,10417264,SBIN.NS
2026-02-19,1222.9000244140625,1224.9000244140625,1199.199951171875,1205.699951171875,9630899,SBIN.NS
2026-02-20,1206.199951171875,1218.0,1201.800048828125,1216.0999755859375,9958162,SBIN.NS
2026-02-23,1222.0,1231.0999755859375,1217.0999755859375,1227.800048828125,9733835,SBIN.NS
2026-02-24,1232.0,1234.699951171875,1219.699951171875,1223.300048828125,15788449,SBIN.NS
2026-02-25,1228.0999755859375,1228.0999755859375,1197.5,1200.0999755859375,19581100,SBIN.NS
2026-02-26,1201.0,1215.4000244140625,1188.9000244140625,1209.5,16196052,SBIN.NS
2026-02-27,1207.0,1211.800048828125,1198.5999755859375,1201.699951171875,10700355,SBIN.NS
2026-03-02,1185.0,1197.300048828125,1179.4000244140625,1189.9000244140625,16270835,SBIN.NS
2026-03-04,1172.0999755859375,1182.699951171875,1157.5999755859375,1174.5,13855065,SBIN.NS
2026-03-05,1181.0,1183.199951171875,1150.5999755859375,1169.5,22100665,SBIN.NS
2026-03-06,1168.5,1169.300048828125,1138.0,1143.0,20333328,SBIN.NS
2026-03-09,1115.0,1115.0,1064.300048828125,1098.5,24631198,SBIN.NS
2026-03-10,1111.0999755859375,1119.9000244140625,1104.5,1112.199951171875,17491459,SBIN.NS
2026-03-11,1113.4000244140625,1115.9000244140625,1088.0,1091.0999755859375,8364878,SBIN.NS
2026-03-12,1075.0999755859375,1098.0,1070.5,1085.199951171875,14614140,SBIN.NS
2026-03-13,1077.5,1081.300048828125,1042.300048828125,1047.0,15978675,SBIN.NS
2026-03-16,1048.699951171875,1073.0,1036.0999755859375,1066.699951171875,15322269,SBIN.NS
2026-03-17,1073.9000244140625,1073.9000244140625,1047.0,1064.699951171875,16427877,SBIN.NS
2026-03-18,1067.5,1075.4000244140625,1061.300048828125,1069.800048828125,10749915,SBIN.NS
2026-03-19,1049.5,1059.699951171875,1041.0,1048.9000244140625,13431191,SBIN.NS
2026-03-20,1058.4000244140625,1085.0,1054.0,1058.0,17748625,SBIN.NS
2026-03-23,1039.0,1045.5999755859375,1014.2000122070312,1031.9000244140625,16039603,SBIN.NS
2026-03-24,1055.199951171875,1059.0,1020.0,1030.800048828125,30416734,SBIN.NS
2026-03-25,1043.0,1065.5,1043.0,1060.5999755859375,16205333,SBIN.NS
2026-03-27,1051.300048828125,1055.300048828125,1013.0,1019.5,20445349,SBIN.NS
2026-03-30,1005.0,1009.4000244140625,975.7999877929688,979.4000244140625,21438137,SBIN.NS
2026-04-01,1008.0,1031.0,998.4500122070312,1017.7999877929688,17424479,SBIN.NS
2026-04-02,1000.0,1026.0,977.9000244140625,1018.4000244140625,20777629,SBIN.NS
2026-04-06,1020.0,1035.699951171875,1005.0499877929688,1032.75,23576634,SBIN.NS
2026-04-07,1025.0,1033.699951171875,1012.0,1030.4000244140625,15021291,SBIN.NS
2026-04-08,1074.0,1077.800048828125,1059.449951171875,1061.449951171875,28533742,SBIN.NS
2026-04-09,1060.0999755859375,1064.3499755859375,1038.300048828125,1040.949951171875,24772948,SBIN.NS
2026-04-10,1049.0,1069.449951171875,1046.1500244140625,1066.699951171875,17861336,SBIN.NS
2026-04-13,1042.0,1067.25,1030.0,1063.550048828125,17763348,SBIN.NS
2026-04-15,1076.0,1088.0,1068.199951171875,1071.5,16195810,SBIN.NS
2026-04-16,1078.0,1084.1500244140625,1062.0,1067.1500244140625,20313165,SBIN.NS
2026-04-17,1067.0,1082.1500244140625,1060.0,1080.25,16823879,SBIN.NS
2026-04-20,1080.300048828125,1120.949951171875,1075.8499755859375,1107.8499755859375,31179584,SBIN.NS
2026-04-21,1113.4000244140625,1114.75,1105.949951171875,1111.8499755859375,16963734,SBIN.NS
2026-04-22,1110.0,1117.8499755859375,1100.0999755859375,1103.300048828125,12412659,SBIN.NS
2026-04-23,1095.0,1101.9000244140625,1082.199951171875,1094.25,13669001,SBIN.NS
2026-04-24,1091.3499755859375,1106.0,1090.050048828125,1101.0999755859375,13774745,SBIN.NS
2026-04-27,1110.949951171875,1114.800048828125,1103.4000244140625,1111.8499755859375,11624385,SBIN.NS
2026-04-28,1102.300048828125,1110.5,1089.1500244140625,1091.300048828125,10727835,SBIN.NS
2026-04-29,1094.0,1105.0,1084.25,1086.9000244140625,10611104,SBIN.NS
2026-04-30,1075.0,1077.699951171875,1063.0,1068.449951171875,14269539,SBIN.NS
2026-05-01,1068.449951171875,1068.449951171875,1068.449951171875,1068.449951171875,0,SBIN.NS
2026-05-04,1063.5999755859375,1089.0999755859375,1063.5999755859375,1068.4000244140625,11693211,SBIN.NS
2026-05-05,1060.5999755859375,1068.5,1049.4000244140625,1059.9000244140625,12194631,SBIN.NS
2026-05-06,1072.0,1101.0999755859375,1061.199951171875,1096.0,14384779,SBIN.NS
2026-05-07,1106.0,1108.0,1086.0999755859375,1092.0,16105163,SBIN.NS
2026-05-08,1090.0,1095.0,1010.9000244140625,1019.2999877929688,48065909,SBIN.NS
2026-05-11,1007.0,1007.0,971.0999755859375,973.5999755859375,46927396,SBIN.NS
2026-05-12,976.9000244140625,981.4000244140625,962.4000244140625,974.5999755859375,25787092,SBIN.NS
2026-05-13,978.0,981.2000122070312,961.2000122070312,970.0999755859375,17584580,SBIN.NS
2026-05-14,973.5,987.0,963.5999755859375,979.9000244140625,16487142,SBIN.NS
2026-05-15,971.2000122070312,972.5,957.0,963.2000122070312,26972493,SBIN.NS
2026-05-18,952.0,954.9000244140625,933.9000244140625,939.4000244140625,16554877,SBIN.NS
2026-05-19,942.0,956.5999755859375,939.5,948.7999877929688,17280869,SBIN.NS
2026-05-20,941.0999755859375,955.0,935.0,950.9000244140625,11928460,SBIN.NS
2026-05-21,957.0,960.9000244140625,946.5,950.9000244140625,11756520,SBIN.NS
2026-05-22,950.9000244140625,958.5999755859375,947.7000122070312,949.2000122070312,7807192,SBIN.NS
2026-05-25,959.9000244140625,972.5,957.5,969.5999755859375,10934747,SBIN.NS
2026-05-26,969.9000244140625,978.7999877929688,962.0999755859375,968.5,16269800,SBIN.NS
2026-05-27,969.7999877929688,975.9000244140625,966.5999755859375,967.7999877929688,8109781,SBIN.NS
2026-01-14,3900.0,3904.89990234375,3856.60009765625,3865.800048828125,1914244,LT.NS
2026-01-15,3865.800048828125,3865.800048828125,3865.800048828125,3865.800048828125,0,LT.NS
2026-01-16,3890.0,3914.0,3848.699951171875,3856.39990234375,1807300,LT.NS
2026-01-19,3820.0,3878.39990234375,3808.5,3869.800048828125,1709380,LT.NS
2026-01-20,3858.0,3874.300048828125,3800.0,3810.5,1658119,LT.NS
2026-01-21,3800.0,3830.0,3722.0,3766.5,2537185,LT.NS
2026-01-22,3798.89990234375,3801.300048828125,3755.10009765625,3793.800048828125,1856812,LT.NS
2026-01-23,3798.0,3799.39990234375,3720.10009765625,3743.800048828125,1898703,LT.NS
2026-01-27,3743.800048828125,3815.0,3739.0,3787.800048828125,2162193,LT.NS
2026-01-28,3804.300048828125,3828.199951171875,3769.10009765625,3794.0,2111741,LT.NS
2026-01-29,3860.0,3960.89990234375,3843.60009765625,3932.89990234375,4227139,LT.NS
2026-01-30,3902.5,3942.39990234375,3891.800048828125,3932.300048828125,2208465,LT.NS
2026-02-02,3830.699951171875,3934.800048828125,3825.0,3921.300048828125,3034613,LT.NS
2026-02-03,4117.0,4122.0,4030.60009765625,4038.800048828125,3742190,LT.NS
2026-02-04,4029.0,4107.0,4016.89990234375,4087.10009765625,1403373,LT.NS
2026-02-05,4088.0,4088.5,4035.89990234375,4063.300048828125,1433240,LT.NS
2026-02-06,4055.0,4078.0,4042.300048828125,4068.10009765625,1630836,LT.NS
2026-02-09,4073.89990234375,4124.7001953125,4062.39990234375,4113.60009765625,1830267,LT.NS
2026-02-10,4140.0,4174.60009765625,4122.39990234375,4169.0,1890409,LT.NS
2026-02-11,4172.89990234375,4187.7001953125,4140.2998046875,4170.39990234375,1689489,LT.NS
2026-02-12,4187.89990234375,4199.0,4160.89990234375,4185.89990234375,2006458,LT.NS
2026-02-13,4174.10009765625,4199.0,4134.10009765625,4173.89990234375,2234376,LT.NS
2026-02-16,4170.0,4206.0,4135.2998046875,4201.5,852552,LT.NS
2026-02-17,4210.10009765625,4287.0,4190.10009765625,4279.7998046875,1763048,LT.NS
2026-02-18,4290.5,4335.0,4261.10009765625,4325.89990234375,2042626,LT.NS
2026-02-19,4326.10009765625,4334.0,4261.89990234375,4280.5,2007080,LT.NS
2026-02-20,4267.10009765625,4390.0,4267.10009765625,4380.60009765625,2542442,LT.NS
2026-02-23,4395.60009765625,4431.60009765625,4371.7001953125,4418.10009765625,2122782,LT.NS
2026-02-24,4415.5,4440.0,4228.10009765625,4259.2001953125,3673070,LT.NS
2026-02-25,4270.0,4344.89990234375,4254.2001953125,4298.5,2481469,LT.NS
2026-02-26,4304.89990234375,4340.0,4278.2998046875,4286.5,2370148,LT.NS
2026-02-27,4288.89990234375,4304.7001953125,4254.39990234375,4278.2998046875,2357853,LT.NS
2026-03-02,4061.0,4141.39990234375,3975.39990234375,4066.699951171875,6542141,LT.NS
2026-03-04,3950.0,3959.0,3760.0,3882.60009765625,7635350,LT.NS
2026-03-05,3924.199951171875,4072.89990234375,3908.89990234375,4038.699951171875,4996312,LT.NS
2026-03-06,4015.0,4015.0,3941.0,3949.800048828125,2379314,LT.NS
2026-03-09,3850.0,3852.0,3743.0,3842.10009765625,4248784,LT.NS
2026-03-10,3936.0,3972.0,3851.0,3876.0,3330102,LT.NS
2026-03-11,3879.699951171875,3896.699951171875,3832.0,3838.800048828125,2066473,LT.NS
2026-03-12,3825.0,3830.0,3704.89990234375,3719.5,4255443,LT.NS
2026-03-13,3696.0,3697.0,3424.5,3439.0,10778730,LT.NS
2026-03-16,3453.5,3494.800048828125,3396.60009765625,3469.39990234375,8459233,LT.NS
2026-03-17,3478.0,3550.0,3450.0,3542.800048828125,5003418,LT.NS
2026-03-18,3569.0,3638.800048828125,3555.0,3607.89990234375,4190485,LT.NS
2026-03-19,3526.699951171875,3528.300048828125,3422.0,3434.5,4898518,LT.NS
2026-03-20,3475.0,3524.0,3410.0,3434.800048828125,4743217,LT.NS
2026-03-23,3405.10009765625,3409.89990234375,3288.10009765625,3342.39990234375,5645839,LT.NS
2026-03-24,3440.0,3547.10009765625,3390.5,3516.800048828125,6037848,LT.NS
2026-03-25,3569.89990234375,3660.0,3546.0,3649.300048828125,5090205,LT.NS
2026-03-27,3640.0,3640.0,3547.0,3564.10009765625,3991388,LT.NS
2026-03-30,3500.0,3543.60009765625,3491.10009765625,3504.10009765625,3549203,LT.NS
2026-04-01,3655.0,3682.89990234375,3597.300048828125,3607.5,4099786,LT.NS
2026-04-02,3539.300048828125,3629.0,3470.0,3613.10009765625,4121638,LT.NS
2026-04-06,3616.60009765625,3737.0,3577.0,3727.699951171875,3353246,LT.NS
2026-04-07,3680.0,3736.199951171875,3658.0,3723.300048828125,3083714,LT.NS
2026-04-08,3948.0,4032.0,3931.0,4005.89990234375,7368477,LT.NS
2026-04-09,3988.0,3988.0,3885.60009765625,3896.199951171875,4415151,LT.NS
2026-04-10,3932.0,3965.0,3915.60009765625,3959.89990234375,2822017,LT.NS
2026-04-13,3825.0,3971.699951171875,3815.60009765625,3954.300048828125,4897563,LT.NS
2026-04-15,4045.39990234375,4104.0,4031.10009765625,4076.300048828125,4562142,LT.NS
2026-04-16,4128.0,4149.0,4089.0,4119.7998046875,5092608,LT.NS
2026-04-17,4134.0,4142.89990234375,4072.800048828125,4096.10009765625,2796673,LT.NS
2026-04-20,4100.0,4130.0,4024.0,4051.0,3545024,LT.NS
2026-04-21,4039.0,4091.800048828125,4032.0,4075.39990234375,2426718,LT.NS
2026-04-22,4070.0,4070.0,4011.0,4021.10009765625,2178082,LT.NS
2026-04-23,4009.89990234375,4064.0,3978.5,4054.10009765625,2229134,LT.NS
2026-04-24,4072.0,4088.10009765625,3983.199951171875,4014.300048828125,2162213,LT.NS
2026-04-27,4058.0,4089.5,4030.199951171875,4053.60009765625,2000348,LT.NS
2026-04-28,4060.0,4087.89990234375,4023.89990234375,4037.699951171875,1750237,LT.NS
2026-04-29,4060.0,4126.0,4051.300048828125,4096.10009765625,2175030,LT.NS
2026-04-30,4083.0,4100.0,3990.0,4014.0,2569328,LT.NS
2026-05-01,4014.0,4014.0,4014.0,4014.0,0,LT.NS
2026-05-04,4026.0,4139.5,4026.0,4100.7998046875,2173027,LT.NS
2026-05-05,4085.0,4090.0,4024.0,4054.5,3849402,LT.NS
2026-05-06,3974.0,4021.0,3900.0,4008.5,9540104,LT.NS
2026-05-07,4028.0,4065.800048828125,3991.0,4023.0,3477185,LT.NS
2026-05-08,4010.0,4014.0,3960.0,3974.5,1620273,LT.NS
2026-05-11,3948.0,3953.5,3886.10009765625,3940.199951171875,2027769,LT.NS
2026-05-12,3925.10009765625,3940.0,3847.0,3856.5,2255075,LT.NS
2026-05-13,3848.0,3953.0,3848.0,3915.800048828125,2486330,LT.NS
2026-05-14,3942.0,3988.0,3925.0,3940.39990234375,2982228,LT.NS
2026-05-15,3949.39990234375,3949.39990234375,3893.0,3909.0,1339185,LT.NS
2026-05-18,3873.89990234375,3924.699951171875,3852.0,3917.800048828125,1771638,LT.NS
2026-05-19,3940.89990234375,3960.0,3900.0,3921.0,2318170,LT.NS
2026-05-20,3901.60009765625,3943.5,3883.10009765625,3910.699951171875,1972259,LT.NS
2026-05-21,3970.0,3970.0,3912.699951171875,3928.5,1624945,LT.NS
2026-05-22,3907.0,3960.0,3900.10009765625,3926.60009765625,1330428,LT.NS
2026-05-25,3970.0,4038.39990234375,3961.5,4033.39990234375,2099927,LT.NS
2026-05-26,4029.60009765625,4052.89990234375,4014.199951171875,4037.800048828125,1552847,LT.NS
2026-05-27,4043.0,4069.89990234375,4017.89990234375,4047.5,1606771,LT.NS
2026-01-14,336.0,336.0,333.45001220703125,334.75,14913422,ITC.NS
2026-01-15,334.75,334.75,334.75,334.75,0,ITC.NS
2026-01-16,337.5,337.5,328.54998779296875,329.20001220703125,30526898,ITC.NS
2026-01-19,330.0,334.6499938964844,327.29998779296875,333.20001220703125,15507440,ITC.NS
2026-01-20,334.04998779296875,334.5,325.5,326.29998779296875,18771011,ITC.NS
2026-01-21,326.0,329.29998779296875,324.3500061035156,324.75,14177965,ITC.NS
2026-01-22,326.1000061035156,328.70001220703125,321.04998779296875,324.8500061035156,18622852,ITC.NS
2026-01-23,325.54998779296875,326.3999938964844,322.70001220703125,323.3999938964844,11950089,ITC.NS
2026-01-27,323.6000061035156,324.70001220703125,317.8500061035156,318.6499938964844,47847784,ITC.NS
2026-01-28,319.95001220703125,323.70001220703125,319.3500061035156,321.1499938964844,28400238,ITC.NS
2026-01-29,322.6000061035156,322.6000061035156,318.04998779296875,318.6000061035156,17719420,ITC.NS
2026-01-30,318.79998779296875,325.1499938964844,316.45001220703125,322.1499938964844,41975824,ITC.NS
2026-02-02,309.45001220703125,315.3999938964844,302.0,314.70001220703125,35227572,ITC.NS
2026-02-03,321.20001220703125,324.75,311.6000061035156,316.6499938964844,33168353,ITC.NS
2026-02-04,312.5,314.95001220703125,311.3500061035156,313.8500061035156,11196759,ITC.NS
2026-02-05,313.95001220703125,315.3500061035156,309.29998779296875,310.20001220703125,15816704,ITC.NS
2026-02-06,310.0,327.70001220703125,308.29998779296875,325.79998779296875,68057745,ITC.NS
2026-02-09,327.95001220703125,328.70001220703125,321.6499938964844,322.79998779296875,20059198,ITC.NS
2026-02-10,323.0,323.54998779296875,320.75,321.3999938964844,11489090,ITC.NS
2026-02-11,321.95001220703125,322.20001220703125,316.29998779296875,318.25,24843366,ITC.NS
2026-02-12,317.29998779296875,320.3999938964844,316.8999938964844,317.45001220703125,13294561,ITC.NS
2026-02-13,316.0,318.3999938964844,313.25,313.75,8730618,ITC.NS
2026-02-16,313.75,318.25,313.1499938964844,317.95001220703125,11693763,ITC.NS
2026-02-17,318.45001220703125,328.04998779296875,318.1499938964844,325.45001220703125,39360672,ITC.NS
2026-02-18,326.0,332.95001220703125,324.79998779296875,332.45001220703125,35473203,ITC.NS
2026-02-19,334.04998779296875,334.25,325.0,326.0,19911747,ITC.NS
2026-02-20,325.04998779296875,327.8500061035156,325.04998779296875,327.0,11282027,ITC.NS
2026-02-23,327.0,328.1000061035156,324.3999938964844,325.3999938964844,13486092,ITC.NS
2026-02-24,324.0,325.3999938964844,322.04998779296875,323.5,13135859,ITC.NS
2026-02-25,325.5,326.6000061035156,318.1000061035156,319.75,13492101,ITC.NS
2026-02-26,320.0,321.3999938964844,317.6000061035156,318.29998779296875,11270119,ITC.NS
2026-02-27,316.0,317.75,312.6499938964844,313.6000061035156,13892595,ITC.NS
2026-03-02,307.0,315.75,307.0,314.8999938964844,22194311,ITC.NS
2026-03-04,310.6000061035156,315.5,310.5,311.95001220703125,24165489,ITC.NS
2026-03-05,312.20001220703125,313.6000061035156,308.20001220703125,311.5,19938009,ITC.NS
2026-03-06,310.04998779296875,312.29998779296875,309.20001220703125,309.70001220703125,21288269,ITC.NS
2026-03-09,305.0,307.20001220703125,303.6000061035156,306.0,14084931,ITC.NS
2026-03-10,309.0,310.0,303.75,309.04998779296875,18352950,ITC.NS
2026-03-11,309.04998779296875,310.6499938964844,307.70001220703125,309.0,14842485,ITC.NS
2026-03-12,307.04998779296875,308.0,302.8500061035156,304.1000061035156,23319679,ITC.NS
2026-03-13,304.0,306.0,300.6499938964844,301.45001220703125,25659996,ITC.NS
2026-03-16,302.54998779296875,309.45001220703125,302.0,308.25,37472204,ITC.NS
2026-03-17,309.95001220703125,309.95001220703125,304.04998779296875,304.8500061035156,25649286,ITC.NS
2026-03-18,305.8999938964844,306.95001220703125,303.5,304.04998779296875,16702554,ITC.NS
2026-03-19,301.5,305.5,297.1000061035156,298.0,17851126,ITC.NS
2026-03-20,301.04998779296875,308.75,298.1499938964844,299.95001220703125,58679529,ITC.NS
2026-03-23,298.8999938964844,299.0,289.54998779296875,290.45001220703125,31788160,ITC.NS
2026-03-24,295.95001220703125,296.0,288.75,291.25,33335721,ITC.NS
2026-03-25,292.70001220703125,298.5,292.25,295.70001220703125,26184716,ITC.NS
2026-03-27,294.70001220703125,296.8500061035156,291.54998779296875,294.70001220703125,22179022,ITC.NS
2026-03-30,293.6000061035156,294.45001220703125,287.0,287.70001220703125,24586921,ITC.NS
2026-04-01,293.0,294.45001220703125,290.8999938964844,291.70001220703125,18604340,ITC.NS
2026-04-02,290.25,293.6499938964844,288.3999938964844,292.8500061035156,18082775,ITC.NS
2026-04-06,293.0,295.3500061035156,290.25,294.8500061035156,18047063,ITC.NS
2026-04-07,294.1499938964844,299.0,292.75,298.45001220703125,26963485,ITC.NS
2026-04-08,303.8999938964844,304.6000061035156,301.54998779296875,302.45001220703125,22310207,ITC.NS
2026-04-09,301.5,304.3999938964844,301.25,303.0,17691477,ITC.NS
2026-04-10,303.0,305.3999938964844,302.6000061035156,304.25,17744386,ITC.NS
2026-04-13,300.0,301.45001220703125,298.1000061035156,298.6499938964844,16522014,ITC.NS
2026-04-15,300.70001220703125,304.0,300.54998779296875,302.04998779296875,18701403,ITC.NS
2026-04-16,302.95001220703125,305.3500061035156,301.8500061035156,303.3999938964844,16512053,ITC.NS
2026-04-17,303.8500061035156,309.95001220703125,303.8500061035156,306.79998779296875,35111203,ITC.NS
2026-04-20,307.0,307.95001220703125,304.45001220703125,305.0,13540471,ITC.NS
2026-04-21,305.0,311.1000061035156,304.54998779296875,309.6499938964844,24411865,ITC.NS
2026-04-22,310.0,310.54998779296875,305.1000061035156,305.5,24500511,ITC.NS
2026-04-23,304.0,306.3500061035156,303.25,305.29998779296875,10701849,ITC.NS
2026-04-24,306.6499938964844,306.6499938964844,301.1000061035156,301.6000061035156,17011704,ITC.NS
2026-04-27,303.6499938964844,305.6499938964844,302.8500061035156,303.8500061035156,14382348,ITC.NS
2026-04-28,304.3999938964844,305.79998779296875,302.54998779296875,304.45001220703125,12907339,ITC.NS
2026-04-29,305.1000061035156,317.5,305.1000061035156,316.25,31199038,ITC.NS
2026-04-30,316.25,317.5,313.29998779296875,314.8999938964844,11541956,ITC.NS
2026-05-01,314.8999938964844,314.8999938964844,314.8999938964844,314.8999938964844,0,ITC.NS
2026-05-04,317.8999938964844,317.8999938964844,310.5,311.1000061035156,20245091,ITC.NS
2026-05-05,311.1000061035156,313.70001220703125,309.6499938964844,311.45001220703125,26795704,ITC.NS
2026-05-06,312.79998779296875,313.6000061035156,309.25,310.70001220703125,20287609,ITC.NS
2026-05-07,311.45001220703125,311.6499938964844,307.0,307.3999938964844,25718615,ITC.NS
2026-05-08,308.8999938964844,308.8999938964844,305.70001220703125,307.45001220703125,17739844,ITC.NS
2026-05-11,307.0,308.0,305.1499938964844,305.8500061035156,14968661,ITC.NS
2026-05-12,305.3500061035156,306.25,300.1000061035156,300.70001220703125,15968338,ITC.NS
2026-05-13,302.0,305.79998779296875,301.04998779296875,304.45001220703125,13024778,ITC.NS
2026-05-14,305.0,309.20001220703125,304.8500061035156,307.20001220703125,11113377,ITC.NS
2026-05-15,307.20001220703125,312.04998779296875,306.29998779296875,309.45001220703125,11954564,ITC.NS
2026-05-18,309.45001220703125,312.29998779296875,306.5,310.1499938964844,14422870,ITC.NS
2026-05-19,311.95001220703125,314.25,308.3500061035156,310.29998779296875,17519355,ITC.NS
2026-05-20,309.0,309.6499938964844,306.20001220703125,307.54998779296875,12127920,ITC.NS
2026-05-21,309.8500061035156,311.29998779296875,305.79998779296875,308.04998779296875,21868988,ITC.NS
2026-05-22,305.8999938964844,307.0,301.0,301.70001220703125,30751752,ITC.NS
2026-05-25,303.95001220703125,305.5,302.3500061035156,303.95001220703125,15734247,ITC.NS
2026-05-26,304.3500061035156,304.3999938964844,301.1000061035156,301.6499938964844,37560542,ITC.NS
2026-05-27,295.6499938964844,296.3500061035156,291.04998779296875,291.95001220703125,25441927,ITC.NS
2026-01-16,257.8999938964844,258.8999938964844,254.92999267578125,255.52999877929688,72142800,AAPL
2026-01-20,252.72999572753906,254.7899932861328,243.4199981689453,246.6999969482422,80267500,AAPL
2026-01-21,248.6999969482422,251.55999755859375,245.17999267578125,247.64999389648438,54641700,AAPL
2026-01-22,249.1999969482422,251.0,248.14999389648438,248.35000610351562,39708300,AAPL
2026-01-23,247.32000732421875,249.41000366210938,244.67999267578125,248.0399932861328,41689000,AAPL
2026-01-26,251.47999572753906,256.55999755859375,249.8000030517578,255.41000366210938,55969200,AAPL
2026-01-27,259.1700134277344,261.95001220703125,258.2099914550781,258.2699890136719,49648300,AAPL
2026-01-28,257.6499938964844,258.8599853515625,254.50999450683594,256.44000244140625,41288000,AAPL
2026-01-29,258.0,259.6499938964844,254.41000366210938,258.2799987792969,67253000,AAPL
2026-01-30,255.1699981689453,261.8999938964844,252.17999267578125,259.4800109863281,92443400,AAPL
2026-02-02,260.0299987792969,270.489990234375,259.2099914550781,270.010009765625,73913400,AAPL
2026-02-03,269.20001220703125,271.8800048828125,267.6099853515625,269.4800109863281,64394700,AAPL
2026-02-04,272.2900085449219,278.95001220703125,272.2900085449219,276.489990234375,90545700,AAPL
2026-02-05,278.1300048828125,279.5,273.2300109863281,275.9100036621094,52977400,AAPL
2026-02-06,277.1199951171875,280.9100036621094,276.92999267578125,278.1199951171875,50453400,AAPL
2026-02-09,277.9100036621094,278.20001220703125,271.70001220703125,274.6199951171875,44623400,AAPL
2026-02-10,274.8900146484375,275.3699951171875,272.94000244140625,273.67999267578125,34376900,AAPL
2026-02-11,274.70001220703125,280.17999267578125,274.45001220703125,275.5,51931300,AAPL
2026-02-12,275.5899963378906,275.7200012207031,260.17999267578125,261.7300109863281,81077200,AAPL
2026-02-13,262.010009765625,262.2300109863281,255.4499969482422,255.77999877929688,56290700,AAPL
2026-02-17,258.04998779296875,266.2900085449219,255.5399932861328,263.8800048828125,58469100,AAPL
2026-02-18,263.6000061035156,266.82000732421875,262.45001220703125,264.3500061035156,34203300,AAPL
2026-02-19,262.6000061035156,264.4800109863281,260.04998779296875,260.5799865722656,30845300,AAPL
2026-02-20,258.9700012207031,264.75,258.1600036621094,264.5799865722656,42070500,AAPL
2026-02-23,263.489990234375,269.42999267578125,263.3800048828125,266.17999267578125,37308200,AAPL
2026-02-24,267.8599853515625,274.8900146484375,267.7099914550781,272.1400146484375,47014600,AAPL
2026-02-25,271.7799987792969,274.94000244140625,271.04998779296875,274.2300109863281,33714300,AAPL
2026-02-26,274.95001220703125,276.1099853515625,270.79998779296875,272.95001220703125,32345100,AAPL
2026-02-27,272.80999755859375,272.80999755859375,262.8900146484375,264.17999267578125,72366500,AAPL
2026-03-02,262.4100036621094,266.5299987792969,260.20001220703125,264.7200012207031,41827900,AAPL
2026-03-03,263.4800109863281,265.55999755859375,260.1300048828125,263.75,38568900,AAPL
2026-03-04,264.6499938964844,266.1499938964844,261.4200134277344,262.5199890136719,39803100,AAPL
2026-03-05,260.7900085449219,261.55999755859375,257.25,260.2900085449219,49658600,AAPL
2026-03-06,258.6300048828125,258.7699890136719,254.3699951171875,257.4599914550781,41120000,AAPL
2026-03-09,255.69000244140625,261.1499938964844,253.67999267578125,259.8800048828125,38218500,AAPL
2026-03-10,257.6499938964844,262.4800109863281,256.95001220703125,260.8299865722656,30590800,AAPL
2026-03-11,261.0899963378906,262.1300048828125,259.54998779296875,260.80999755859375,26218900,AAPL
2026-03-12,258.6600036621094,258.95001220703125,254.17999267578125,255.75999450683594,40794000,AAPL
2026-03-13,255.47999572753906,256.3299865722656,249.52000427246094,250.1199951171875,36930000,AAPL
2026-03-16,252.11000061035156,253.88999938964844,249.8800048828125,252.82000732421875,32074200,AAPL
2026-03-17,252.9600067138672,255.1300048828125,252.17999267578125,254.22999572753906,32361600,AAPL
2026-03-18,252.6300048828125,254.94000244140625,249.0,249.94000244140625,35757900,AAPL
2026-03-19,249.39999389648438,251.8300018310547,247.3000030517578,248.9600067138672,34864100,AAPL
2026-03-20,247.97999572753906,249.1999969482422,246.0,247.99000549316406,88331100,AAPL
2026-03-23,253.97000122070312,254.60000610351562,250.27999877929688,251.49000549316406,40546100,AAPL
2026-03-24,250.35000610351562,254.8300018310547,249.5500030517578,251.63999938964844,45152300,AAPL
2026-03-25,254.10000610351562,255.0,251.60000610351562,252.6199951171875,28476700,AAPL
2026-03-26,252.1199951171875,257.0,250.77000427246094,252.88999938964844,41796700,AAPL
2026-03-27,253.89999389648438,255.49000549316406,248.07000732421875,248.8000030517578,47900000,AAPL
2026-03-30,250.07000732421875,250.8699951171875,245.50999450683594,246.6300048828125,39446200,AAPL
2026-03-31,247.91000366210938,255.47999572753906,247.10000610351562,253.7899932861328,49598100,AAPL
2026-04-01,254.0800018310547,256.17999267578125,253.3300018310547,255.6300048828125,40059400,AAPL
2026-04-02,254.1999969482422,256.1300048828125,250.64999389648438,255.9199981689453,31289400,AAPL
2026-04-06,256.510009765625,262.1600036621094,256.4599914550781,258.8599853515625,29329900,AAPL
2026-04-07,256.1600036621094,256.20001220703125,245.6999969482422,253.5,62148000,AAPL
2026-04-08,258.45001220703125,259.75,256.5299987792969,258.8999938964844,41032800,AAPL
2026-04-09,259.0,261.1199951171875,256.07000732421875,260.489990234375,28121600,AAPL
2026-04-10,259.9800109863281,262.19000244140625,259.0199890136719,260.4800109863281,31291500,AAPL
2026-04-13,259.7300109863281,260.17999267578125,256.6600036621094,259.20001220703125,36234700,AAPL
2026-04-14,259.25,261.92999267578125,257.19000244140625,258.8299865722656,48370700,AAPL
2026-04-15,258.1600036621094,266.55999755859375,257.80999755859375,266.42999267578125,49913500,AAPL
2026-04-16,266.79998779296875,267.1600036621094,261.2699890136719,263.3999938964844,43323100,AAPL
2026-04-17,266.9599914550781,272.29998779296875,266.7200012207031,270.2300109863281,61436200,AAPL
2026-04-20,270.3299865722656,274.2799987792969,270.2900085449219,273.04998779296875,36590200,AAPL
2026-04-21,271.5,272.79998779296875,265.3999938964844,266.1700134277344,50209800,AAPL
2026-04-22,267.82000732421875,273.739990234375,266.8699951171875,273.1700134277344,43249200,AAPL
2026-04-23,275.04998779296875,275.7699890136719,271.6499938964844,273.42999267578125,33399600,AAPL
2026-04-24,272.760009765625,273.05999755859375,269.6499938964844,271.05999755859375,38157100,AAPL
2026-04-27,266.0899963378906,268.3599853515625,265.07000732421875,267.6099853515625,41466800,AAPL
2026-04-28,272.3399963378906,273.2300109863281,268.6600036621094,270.7099914550781,40018900,AAPL
2026-04-29,267.54998779296875,271.0400085449219,267.0400085449219,270.1700134277344,30047900,AAPL
2026-04-30,270.5,276.0,268.1400146484375,271.3500061035156,91848200,AAPL
2026-05-01,278.8599853515625,287.2200012207031,278.3699951171875,280.1400146484375,79915400,AAPL
2026-05-04,279.6600036621094,280.6300048828125,274.8599853515625,276.8299865722656,46668400,AAPL
2026-05-05,276.92999267578125,284.57000732421875,276.5,284.17999267578125,49311700,AAPL
2026-05-06,281.9200134277344,288.0299987792969,281.07000732421875,287.510009765625,58336100,AAPL
2026-05-07,289.2699890136719,292.1300048828125,285.7799987792969,287.44000244140625,45224300,AAPL
2026-05-08,290.010009765625,294.760009765625,290.0,293.32000732421875,52692800,AAPL
2026-05-11,291.9800109863281,293.8800048828125,290.2300109863281,292.67999267578125,42247300,AAPL
2026-05-12,292.55999755859375,295.2699890136719,292.55999755859375,294.79998779296875,45748100,AAPL
2026-05-13,293.5,300.9200134277344,293.5,298.8699951171875,52684300,AAPL
2026-05-14,299.82000732421875,300.45001220703125,295.3800048828125,298.2099914550781,35324900,AAPL
2026-05-15,297.8999938964844,303.20001220703125,296.5199890136719,300.2300109863281,54862800,AAPL
2026-05-18,300.239990234375,300.6600036621094,294.9100036621094,297.8399963378906,34483000,AAPL
2026-05-19,296.9700012207031,300.510009765625,296.3500061035156,298.9700012207031,42243600,AAPL
2026-05-20,298.17999267578125,302.79998779296875,298.0799865722656,302.25,38229800,AAPL
2026-05-21,301.05999755859375,305.5400085449219,300.3999938964844,304.989990234375,42965100,AAPL
2026-05-22,306.1199951171875,311.3999938964844,305.8399963378906,308.82000732421875,43670200,AAPL
2026-05-26,309.55999755859375,311.82000732421875,307.6700134277344,308.3299865722656,47956900,AAPL
2026-05-27,308.44000244140625,313.260009765625,308.29998779296875,310.57989501953125,30517750,AAPL
2026-01-16,457.8299865722656,463.19000244140625,456.4800109863281,459.8599853515625,34246700,MSFT
2026-01-20,451.2200012207031,456.79998779296875,449.2799987792969,454.5199890136719,26130000,MSFT
2026-01-21,452.6000061035156,452.69000244140625,438.67999267578125,444.1099853515625,37980500,MSFT
2026-01-22,447.6199951171875,452.8399963378906,444.70001220703125,451.1400146484375,25349400,MSFT
2026-01-23,451.8699951171875,471.1000061035156,450.5299987792969,465.95001220703125,38000200,MSFT
2026-01-26,465.30999755859375,474.25,462.0,470.2799987792969,29291200,MSFT
2026-01-27,473.70001220703125,482.8699951171875,473.1600036621094,480.5799865722656,29213900,MSFT
2026-01-28,483.2099914550781,483.739990234375,478.0,481.6300048828125,36875400,MSFT
2026-01-29,439.989990234375,442.5,421.0199890136719,433.5,128855300,MSFT
2026-01-30,439.1700134277344,439.6000061035156,426.45001220703125,430.2900085449219,58566800,MSFT
2026-02-02,430.239990234375,430.739990234375,422.25,423.3699951171875,42219900,MSFT
2026-02-03,422.010009765625,422.04998779296875,408.55999755859375,411.2099914550781,61424100,MSFT
2026-02-04,411.0,419.79998779296875,409.239990234375,414.19000244140625,45012400,MSFT
2026-02-05,407.44000244140625,408.29998779296875,392.32000732421875,393.6700134277344,66289200,MSFT
2026-02-06,399.1700134277344,401.7900085449219,392.9200134277344,401.1400146484375,53515300,MSFT
2026-02-09,404.8500061035156,414.8900146484375,400.8699951171875,413.6000061035156,45480500,MSFT
2026-02-10,419.6199951171875,423.67999267578125,412.70001220703125,413.2699890136719,44857900,MSFT
2026-02-11,416.17999267578125,416.4599914550781,401.010009765625,404.3699951171875,42491000,MSFT
2026-02-12,405.0,406.20001220703125,398.010009765625,401.8399963378906,40802400,MSFT
2026-02-13,404.45001220703125,405.5400085449219,398.04998779296875,401.32000732421875,34091600,MSFT
2026-02-17,399.2200012207031,400.5199890136719,394.5299987792969,396.8599853515625,32078800,MSFT
2026-02-18,398.1300048828125,402.55999755859375,396.32000732421875,399.6000061035156,23223400,MSFT
2026-02-19,400.69000244140625,404.42999267578125,396.6700134277344,398.4599914550781,28234000,MSFT
2026-02-20,396.1099853515625,400.1199951171875,395.1600036621094,397.2300109863281,34015200,MSFT
2026-02-23,395.0,395.3599853515625,383.1000061035156,384.4700012207031,43238300,MSFT
2026-02-24,384.1400146484375,389.3599853515625,381.7099914550781,389.0,33884700,MSFT
2026-02-25,390.5299987792969,401.4700012207031,390.1600036621094,400.6000061035156,43625500,MSFT
2026-02-26,404.7099914550781,407.489990234375,398.739990234375,401.7200012207031,34405900,MSFT
2026-02-27,390.8800048828125,396.82000732421875,389.8800048828125,392.739990234375,51367200,MSFT
2026-03-02,392.8599853515625,401.19000244140625,390.6300048828125,398.54998779296875,35474900,MSFT
2026-03-03,393.1400146484375,406.70001220703125,392.6700134277344,403.92999267578125,38199200,MSFT
2026-03-04,401.2699890136719,411.0299987792969,400.30999755859375,405.20001220703125,35808000,MSFT
2026-03-05,404.4200134277344,411.6099853515625,404.3999938964844,410.67999267578125,39001300,MSFT
2026-03-06,409.20001220703125,413.04998779296875,408.510009765625,408.9599914550781,31123900,MSFT
2026-03-09,404.9200134277344,410.2099914550781,403.5,409.4100036621094,30131900,MSFT
2026-03-10,410.0299987792969,410.20001220703125,402.92999267578125,405.760009765625,31706400,MSFT
2026-03-11,405.57000732421875,409.010009765625,401.5899963378906,404.8800048828125,25512100,MSFT
2026-03-12,404.6300048828125,406.1199951171875,401.7099914550781,401.8599853515625,27263900,MSFT
2026-03-13,401.0,404.79998779296875,394.25,395.54998779296875,26848000,MSFT
2026-03-16,398.07000732421875,400.6300048828125,394.7900085449219,399.95001220703125,27733700,MSFT
2026-03-17,400.2699890136719,404.3999938964844,397.75,399.4100036621094,26228300,MSFT
2026-03-18,397.1300048828125,398.0,391.0,391.7900085449219,25908500,MSFT
2026-03-19,390.1000061035156,392.489990234375,387.05999755859375,389.0199890136719,25138800,MSFT
2026-03-20,386.7900085449219,387.0,380.1199951171875,381.8699951171875,50853200,MSFT
2026-03-23,383.8999938964844,387.2099914550781,381.67999267578125,383.0,29680100,MSFT
2026-03-24,382.3599853515625,382.4700012207031,371.8500061035156,372.739990234375,42733600,MSFT
2026-03-25,376.9200134277344,377.05999755859375,369.6300048828125,371.0400085449219,31181200,MSFT
2026-03-26,370.82000732421875,374.7200012207031,365.19000244140625,365.9700012207031,36836600,MSFT
2026-03-27,361.8999938964844,362.45001220703125,356.510009765625,356.7699890136719,37883400,MSFT
2026-03-30,361.8999938964844,365.3599853515625,356.2799987792969,358.9599914550781,44797000,MSFT
2026-03-31,364.54998779296875,372.8999938964844,363.07000732421875,370.1700134277344,45244400,MSFT
2026-04-01,373.489990234375,373.989990234375,368.20001220703125,369.3699951171875,29417200,MSFT
2026-04-02,367.2099914550781,373.6400146484375,364.1499938964844,373.4599914550781,24099100,MSFT
2026-04-06,373.489990234375,373.7300109863281,369.5,372.8800048828125,16146600,MSFT
2026-04-07,370.3399963378906,372.45001220703125,366.55999755859375,372.2900085449219,21443300,MSFT
2026-04-08,384.9800109863281,385.0,371.4100036621094,374.3299865722656,33064800,MSFT
2026-04-09,372.5,373.5,367.04998779296875,373.07000732421875,30435300,MSFT
2026-04-10,372.9800109863281,375.6400146484375,370.0299987792969,370.8699951171875,28111100,MSFT
2026-04-13,373.6099853515625,384.5400085449219,371.0199890136719,384.3699951171875,35745800,MSFT
2026-04-14,387.9200134277344,394.69000244140625,386.5199890136719,393.1099853515625,37504500,MSFT
2026-04-15,398.0,414.3699951171875,396.7300109863281,411.2200012207031,45063400,MSFT
2026-04-16,419.8599853515625,420.82000732421875,412.1400146484375,420.260009765625,41642400,MSFT
2026-04-17,424.82000732421875,431.5799865722656,420.69000244140625,422.7900085449219,48568200,MSFT
2026-04-20,421.1499938964844,423.3299865722656,416.29998779296875,418.07000732421875,27582200,MSFT
2026-04-21,420.239990234375,427.17999267578125,417.20001220703125,424.1600036621094,32048500,MSFT
2026-04-22,426.19000244140625,433.70001220703125,423.6700134277344,432.9200134277344,29378200,MSFT
2026-04-23,419.8900146484375,423.6600036621094,411.4100036621094,415.75,38308000,MSFT
2026-04-24,416.9700012207031,424.95001220703125,415.79998779296875,424.6199951171875,27457400,MSFT
2026-04-27,422.3800048828125,427.1099853515625,417.07000732421875,424.82000732421875,30867300,MSFT
2026-04-28,424.57000732421875,429.9200134277344,421.8999938964844,429.25,30438100,MSFT
2026-04-29,424.5799865722656,426.82000732421875,420.2900085449219,424.4599914550781,38288300,MSFT
2026-04-30,410.80999755859375,414.4200134277344,398.010009765625,407.7799987792969,70909400,MSFT
2026-05-01,412.79998779296875,417.1099853515625,410.44000244140625,414.44000244140625,31372400,MSFT
2026-05-04,411.5400085449219,420.7799987792969,410.79998779296875,413.6199951171875,28066500,MSFT
2026-05-05,415.32000732421875,416.7799987792969,408.79998779296875,411.3800048828125,25700900,MSFT
2026-05-06,408.0,418.4200134277344,405.1099853515625,413.9599914550781,30285900,MSFT
2026-05-07,420.1099853515625,427.9800109863281,418.760009765625,420.7699890136719,34942400,MSFT
2026-05-08,417.3900146484375,418.6300048828125,414.0,415.1199951171875,33383800,MSFT
2026-05-11,407.8699951171875,412.69000244140625,405.5,412.6600036621094,35657900,MSFT
2026-05-12,414.4800109863281,415.5,406.6400146484375,407.7699890136719,38594200,MSFT
2026-05-13,403.20001220703125,406.30999755859375,401.0299987792969,405.2099914550781,29667100,MSFT
2026-05-14,404.4800109863281,411.8399963378906,400.8800048828125,409.42999267578125,27077500,MSFT
2026-05-15,414.2699890136719,428.1700134277344,412.9100036621094,421.9200134277344,50771200,MSFT
2026-05-18,416.6199951171875,425.1199951171875,415.6099853515625,423.5400085449219,32564100,MSFT
2026-05-19,429.8999938964844,432.70001220703125,416.489990234375,417.4200134277344,33018700,MSFT
2026-05-20,414.1700134277344,422.1000061035156,411.29998779296875,421.05999755859375,27864000,MSFT
2026-05-21,424.75,426.3399963378906,415.7099914550781,419.0899963378906,31393500,MSFT
2026-05-22,419.5400085449219,424.3999938964844,416.3299865722656,418.57000732421875,22390300,MSFT
2026-05-26,416.42999267578125,419.7699890136719,413.0199890136719,416.0299987792969,30356600,MSFT
2026-05-27,411.0450134277344,415.92999267578125,409.5899963378906,411.6499938964844,15754595,MSFT
2026-01-16,189.0800018310547,190.44000244140625,186.0800018310547,186.22999572753906,187967200,NVDA
2026-01-20,181.89999389648438,182.3800048828125,177.61000061035156,178.07000732421875,223345300,NVDA
2026-01-21,179.0500030517578,185.3800048828125,178.39999389648438,183.32000732421875,200381000,NVDA
2026-01-22,184.75,186.1699981689453,183.92999267578125,184.83999633789062,139636600,NVDA
2026-01-23,187.5,189.60000610351562,186.82000732421875,187.6699981689453,142748100,NVDA
2026-01-26,187.16000366210938,189.1199951171875,185.99000549316406,186.47000122070312,124799600,NVDA
2026-01-27,187.24000549316406,190.0,185.6999969482422,188.52000427246094,143711600,NVDA
2026-01-28,191.27000427246094,192.35000610351562,189.83999633789062,191.52000427246094,148552700,NVDA
2026-01-29,191.33999633789062,193.47999572753906,186.05999755859375,192.50999450683594,171764400,NVDA
2026-01-30,191.2100067138672,194.49000549316406,189.47000122070312,191.1300048828125,179489500,NVDA
2026-02-02,187.1999969482422,190.3000030517578,184.8800048828125,185.61000061035156,165794100,NVDA
2026-02-03,186.24000549316406,186.27000427246094,176.22999572753906,180.33999633789062,204019600,NVDA
2026-02-04,179.4600067138672,179.5800018310547,171.91000366210938,174.19000244140625,207014100,NVDA
2026-02-05,174.92999267578125,176.82000732421875,171.02999877929688,171.8800048828125,206312900,NVDA
2026-02-06,176.69000244140625,187.0,174.60000610351562,185.41000366210938,231346200,NVDA
2026-02-09,184.25999450683594,193.66000366210938,183.9499969482422,190.0399932861328,196387400,NVDA
2026-02-10,191.3800048828125,192.47999572753906,188.1199951171875,188.5399932861328,136764800,NVDA
2026-02-11,192.4499969482422,193.25999450683594,188.77000427246094,190.0500030517578,144192700,NVDA
2026-02-12,193.02999877929688,193.61000061035156,186.50999450683594,186.94000244140625,189932500,NVDA
2026-02-13,187.47999572753906,187.5,181.58999633789062,182.80999755859375,161888000,NVDA
2026-02-17,181.75,187.14999389648438,179.17999267578125,184.97000122070312,162276900,NVDA
2026-02-18,188.75,190.3699951171875,186.75999450683594,187.97999572753906,164749100,NVDA
2026-02-19,187.05999755859375,188.42999267578125,185.66000366210938,187.89999389648438,126554500,NVDA
2026-02-20,186.57000732421875,190.3300018310547,185.94000244140625,189.82000732421875,178422300,NVDA
2026-02-23,191.39999389648438,193.9499969482422,189.5800018310547,191.5500030517578,171584800,NVDA
2026-02-24,191.49000549316406,193.77000427246094,187.39999389648438,192.85000610351562,175123600,NVDA
2026-02-25,194.4499969482422,197.6300048828125,193.7899932861328,195.55999755859375,250637100,NVDA
2026-02-26,194.27000427246094,194.2899932861328,184.32000732421875,184.88999938964844,360807900,NVDA
2026-02-27,181.25,182.58999633789062,176.3800048828125,177.19000244140625,311636500,NVDA
2026-03-02,175.00999450683594,183.4600067138672,174.63999938964844,182.47999572753906,209095300,NVDA
2026-03-03,178.49000549316406,180.89999389648438,176.9199981689453,180.0500030517578,178099400,NVDA
2026-03-04,180.44000244140625,184.6999969482422,180.05999755859375,183.0399932861328,177731200,NVDA
2026-03-05,181.1699981689453,184.05999755859375,177.8800048828125,183.33999633789062,198779700,NVDA
2026-03-06,179.83999633789062,182.75999450683594,176.82000732421875,177.82000732421875,189021900,NVDA
2026-03-09,176.8300018310547,182.91000366210938,175.55999755859375,182.64999389648438,177213600,NVDA
2026-03-10,182.39999389648438,186.44000244140625,182.00999450683594,184.77000427246094,179118500,NVDA
2026-03-11,185.91000366210938,187.6199951171875,184.4499969482422,186.02999877929688,145280400,NVDA
2026-03-12,184.0500030517578,184.94000244140625,181.75,183.13999938964844,155762700,NVDA
2026-03-13,184.9199981689453,186.08999633789062,179.94000244140625,180.25,160988400,NVDA
2026-03-16,182.97000122070312,188.8800048828125,181.41000366210938,183.22000122070312,217307400,NVDA
2026-03-17,185.05999755859375,185.39999389648438,181.67999267578125,181.92999267578125,182497800,NVDA
2026-03-18,182.47999572753906,183.3800048828125,180.3300018310547,180.39999389648438,156683100,NVDA
2026-03-19,178.00999450683594,179.97999572753906,175.7899932861328,178.55999755859375,170968500,NVDA
2026-03-20,178.0,178.25999450683594,171.72000122070312,172.6999969482422,241323500,NVDA
2026-03-23,177.25999450683594,178.3699951171875,174.75999450683594,175.63999938964844,182836300,NVDA
2026-03-24,174.8300018310547,176.22000122070312,173.97999572753906,175.1999969482422,147667800,NVDA
2026-03-25,177.10000610351562,181.22000122070312,176.85000610351562,178.67999267578125,162602100,NVDA
2026-03-26,176.07000732421875,176.50999450683594,171.13999938964844,171.24000549316406,186152200,NVDA
2026-03-27,170.0,170.97000122070312,167.00999450683594,167.52000427246094,196212700,NVDA
2026-03-30,168.77999877929688,169.4499969482422,164.27000427246094,165.1699981689453,185627000,NVDA
2026-03-31,166.97000122070312,174.6199951171875,166.9600067138672,174.39999389648438,226181300,NVDA
2026-04-01,176.0,177.3699951171875,174.75,175.75,168132000,NVDA
2026-04-02,172.17999267578125,177.49000549316406,171.3699951171875,177.38999938964844,143143200,NVDA
2026-04-06,177.16000366210938,177.7899932861328,175.75999450683594,177.63999938964844,107564300,NVDA
2026-04-07,175.72999572753906,178.22999572753906,173.66000366210938,178.10000610351562,132534900,NVDA
2026-04-08,184.5,185.25999450683594,180.3000030517578,182.0800018310547,147732700,NVDA
2026-04-09,181.83999633789062,184.0800018310547,180.6199951171875,183.91000366210938,116428500,NVDA
2026-04-10,184.30999755859375,190.0,184.3000030517578,188.6300048828125,160459500,NVDA
2026-04-13,186.02999877929688,189.66000366210938,185.74000549316406,189.30999755859375,133648200,NVDA
2026-04-14,190.83999633789062,196.50999450683594,190.77000427246094,196.50999450683594,161307000,NVDA
2026-04-15,196.5399932861328,200.39999389648438,195.74000549316406,198.8699951171875,185338400,NVDA
2026-04-16,197.42999267578125,199.85000610351562,195.80999755859375,198.35000610351562,134012900,NVDA
2026-04-17,199.89999389648438,201.6999969482422,199.27000427246094,201.67999267578125,160324400,NVDA
2026-04-20,199.97999572753906,202.1699981689453,197.83999633789062,202.05999755859375,119381400,NVDA
2026-04-21,202.1300048828125,202.75,199.0,199.8800048828125,107945300,NVDA
2026-04-22,200.99000549316406,202.5,199.0,202.5,107501000,NVDA
2026-04-23,202.4600067138672,203.8300018310547,197.22000122070312,199.63999938964844,113561800,NVDA
2026-04-24,199.9600067138672,210.9499969482422,199.80999755859375,208.27000427246094,214134400,NVDA
2026-04-27,209.64999389648438,216.8300018310547,207.3800048828125,216.61000061035156,187172400,NVDA
2026-04-28,209.49000549316406,214.72999572753906,208.1999969482422,213.1699981689453,180275400,NVDA
2026-04-29,212.6999969482422,212.72000122070312,207.5800018310547,209.25,123711800,NVDA
2026-04-30,209.92999267578125,210.3000030517578,198.6999969482422,199.57000732421875,225239200,NVDA
2026-05-01,201.27999877929688,203.0,197.1199951171875,198.4499969482422,128647000,NVDA
2026-05-04,199.5,201.72999572753906,194.74000549316406,198.47999572753906,125368100,NVDA
2026-05-05,199.3000030517578,200.24000549316406,196.02999877929688,196.5,113406600,NVDA
2026-05-06,199.88999938964844,208.27000427246094,198.61000061035156,207.8300018310547,188362800,NVDA
2026-05-07,208.33999633789062,214.1999969482422,206.5,211.5,168307900,NVDA
2026-05-08,213.02999877929688,217.8000030517578,212.88999938964844,215.1999969482422,136421400,NVDA
2026-05-11,214.0399932861328,222.3000030517578,213.88999938964844,219.44000244140625,160685800,NVDA
2026-05-12,218.5500030517578,223.75,214.9199981689453,220.77999877929688,159176600,NVDA
2026-05-13,224.92999267578125,227.83999633789062,221.57000732421875,225.8300018310547,150405400,NVDA
2026-05-14,229.85000610351562,236.5399932861328,229.3000030517578,235.74000549316406,180782900,NVDA
2026-05-15,229.75999450683594,231.5,224.24000549316406,225.32000732421875,180977600,NVDA
2026-05-18,229.8699951171875,230.0,218.3699951171875,222.32000732421875,146280900,NVDA
2026-05-19,219.6199951171875,224.47999572753906,217.91000366210938,220.61000061035156,140948200,NVDA
2026-05-20,223.17999267578125,226.1300048828125,220.5,223.47000122070312,184201600,NVDA
2026-05-21,222.2899932861328,227.39999389648438,217.92999267578125,219.50999450683594,203381800,NVDA
2026-05-22,220.89999389648438,221.00999450683594,214.8000030517578,215.3300018310547,169275700,NVDA
2026-05-26,216.5399932861328,218.17999267578125,212.0,214.86000061035156,186505600,NVDA
2026-05-27,214.1199951171875,214.13999938964844,208.77999877929688,212.42999267578125,105418206,NVDA
2026-01-16,239.08999633789062,239.57000732421875,236.41000366210938,239.1199951171875,45888300,AMZN
2026-01-20,233.75999450683594,235.08999633789062,229.33999633789062,231.0,47737900,AMZN
2026-01-21,231.08999633789062,232.3000030517578,226.8800048828125,231.30999755859375,47276100,AMZN
2026-01-22,234.0500030517578,235.72000122070312,230.89999389648438,234.33999633789062,31913300,AMZN
2026-01-23,234.9600067138672,240.4499969482422,234.57000732421875,239.16000366210938,33778500,AMZN
2026-01-26,239.97999572753906,240.9499969482422,237.5399932861328,238.4199981689453,32825500,AMZN
2026-01-27,239.69000244140625,244.8800048828125,238.0800018310547,244.67999267578125,38029200,AMZN
2026-01-28,246.3699951171875,247.77999877929688,241.52999877929688,243.00999450683594,40882700,AMZN
2026-01-29,242.82000732421875,243.0,236.74000549316406,241.72999572753906,47229600,AMZN
2026-01-30,239.88999938964844,243.32000732421875,237.63999938964844,239.3000030517578,46585000,AMZN
2026-02-02,238.30999755859375,245.6300048828125,238.1699981689453,242.9600067138672,37546100,AMZN
2026-02-03,244.97999572753906,246.35000610351562,235.4499969482422,238.6199951171875,53831300,AMZN
2026-02-04,238.86000061035156,238.86000061035156,231.82000732421875,232.99000549316406,51299900,AMZN
2026-02-05,224.91000366210938,226.30999755859375,220.3800048828125,222.69000244140625,103509200,AMZN
2026-02-06,202.6999969482422,211.44000244140625,200.30999755859375,210.32000732421875,179210900,AMZN
2026-02-09,208.97000122070312,212.80999755859375,203.35000610351562,208.72000122070312,91178400,AMZN
2026-02-10,208.8000030517578,212.64999389648438,206.41000366210938,206.9600067138672,67175000,AMZN
2026-02-11,208.05999755859375,208.57000732421875,202.49000549316406,204.0800018310547,65545500,AMZN
2026-02-12,203.9600067138672,203.9600067138672,197.55999755859375,199.60000610351562,83975400,AMZN
2026-02-13,198.8800048828125,201.16000366210938,197.27999877929688,198.7899932861328,66321600,AMZN
2026-02-17,198.1300048828125,201.74000549316406,196.0,201.14999389648438,69879200,AMZN
2026-02-18,202.07000732421875,206.86000061035156,201.50999450683594,204.7899932861328,51003300,AMZN
2026-02-19,203.8000030517578,205.63999938964844,202.80999755859375,204.86000061035156,35669600,AMZN
2026-02-20,204.75999450683594,211.1699981689453,203.75,210.11000061035156,65881600,AMZN
2026-02-23,208.10000610351562,208.42999267578125,203.11000061035156,205.27000427246094,53581500,AMZN
2026-02-24,205.47000122070312,210.36000061035156,203.25,208.55999755859375,41137200,AMZN
2026-02-25,210.4600067138672,211.58999633789062,208.92999267578125,210.63999938964844,41346400,AMZN
2026-02-26,210.72999572753906,211.0500030517578,205.35000610351562,207.9199981689453,47756800,AMZN
2026-02-27,206.8300018310547,210.3300018310547,205.1999969482422,210.0,57422800,AMZN
2026-03-02,204.5500030517578,209.72999572753906,203.4600067138672,208.38999938964844,46001000,AMZN
2026-03-03,203.10000610351562,209.17999267578125,202.47999572753906,208.72999572753906,43184900,AMZN
2026-03-04,210.47000122070312,217.5399932861328,210.14999389648438,216.82000732421875,54731100,AMZN
2026-03-05,215.97999572753906,220.47000122070312,215.58999633789062,218.94000244140625,60943400,AMZN
2026-03-06,214.99000549316406,217.32000732421875,212.52999877929688,213.2100067138672,51152700,AMZN
2026-03-09,210.4499969482422,213.82000732421875,207.11000061035156,213.49000549316406,54642900,AMZN
2026-03-10,214.19000244140625,215.64999389648438,212.42999267578125,214.3300018310547,35678800,AMZN
2026-03-11,215.7100067138672,217.0,211.35000610351562,212.64999389648438,34199300,AMZN
2026-03-12,210.38999938964844,211.7100067138672,208.14999389648438,209.52999877929688,44349500,AMZN
2026-03-13,209.61000061035156,210.55999755859375,206.22000122070312,207.6699981689453,35662100,AMZN
2026-03-16,208.35000610351562,212.72000122070312,207.4499969482422,211.74000549316406,42209300,AMZN
2026-03-17,212.82000732421875,215.6999969482422,212.42999267578125,215.1999969482422,44969900,AMZN
2026-03-18,213.92999267578125,215.13999938964844,208.8300018310547,209.8699951171875,37846600,AMZN
2026-03-19,207.05999755859375,209.1199951171875,206.0500030517578,208.75999450683594,36440600,AMZN
2026-03-20,207.39999389648438,207.5399932861328,204.32000732421875,205.3699951171875,63694600,AMZN
2026-03-23,209.7899932861328,212.8000030517578,209.50999450683594,210.13999938964844,44277400,AMZN
2026-03-24,207.9499969482422,209.35000610351562,206.63999938964844,207.24000549316406,35351400,AMZN
2026-03-25,211.55999755859375,213.07000732421875,209.89999389648438,211.7100067138672,36388800,AMZN
2026-03-26,210.61000061035156,212.88999938964844,207.1199951171875,207.5399932861328,46746000,AMZN
2026-03-27,206.4600067138672,206.60000610351562,199.13999938964844,199.33999633789062,56009800,AMZN
2026-03-30,201.47999572753906,203.8000030517578,199.97999572753906,200.9499969482422,46373800,AMZN
2026-03-31,204.85000610351562,210.27999877929688,204.13999938964844,208.27000427246094,58470100,AMZN
2026-04-01,210.44000244140625,213.5800018310547,208.19000244140625,210.57000732421875,45955400,AMZN
2026-04-02,206.5399932861328,212.2100067138672,204.89999389648438,209.77000427246094,31453000,AMZN
2026-04-06,209.8000030517578,212.9499969482422,209.58999633789062,212.7899932861328,25385500,AMZN
2026-04-07,211.24000549316406,213.97000122070312,209.0800018310547,213.77000427246094,28154600,AMZN
2026-04-08,223.7899932861328,226.10000610351562,219.6199951171875,221.25,51092700,AMZN
2026-04-09,225.22999572753906,233.8000030517578,223.27000427246094,233.64999389648438,65964200,AMZN
2026-04-10,235.3000030517578,240.42999267578125,235.2100067138672,238.3800048828125,56912800,AMZN
2026-04-13,237.4499969482422,240.0,235.75,239.88999938964844,42166200,AMZN
2026-04-14,241.77999877929688,252.17999267578125,241.77999877929688,249.02000427246094,72685000,AMZN
2026-04-15,249.25,250.44000244140625,247.1999969482422,248.5,43045200,AMZN
2026-04-16,248.50999450683594,250.0,244.1999969482422,249.6999969482422,41895700,AMZN
2026-04-17,254.99000549316406,256.17999267578125,250.11000061035156,250.55999755859375,52029300,AMZN
2026-04-20,249.19000244140625,250.17999267578125,245.3699951171875,248.27999877929688,39463100,AMZN
2026-04-21,255.08999633789062,255.08999633789062,249.10000610351562,249.91000366210938,42922400,AMZN
2026-04-22,252.44000244140625,255.94000244140625,250.3300018310547,255.36000061035156,36065100,AMZN
2026-04-23,255.38999938964844,258.7900085449219,253.07000732421875,255.0800018310547,39091400,AMZN
2026-04-24,259.9800109863281,264.5,257.69000244140625,263.989990234375,53777400,AMZN
2026-04-27,263.4599914550781,264.1499938964844,260.3399963378906,261.1199951171875,44906800,AMZN
2026-04-28,258.3900146484375,261.0299987792969,256.6300048828125,259.70001220703125,42204400,AMZN
2026-04-29,257.989990234375,265.9100036621094,257.70001220703125,263.0400085449219,72367900,AMZN
2026-04-30,273.1700134277344,273.8800048828125,256.1600036621094,265.05999755859375,100974900,AMZN
2026-05-01,265.5799865722656,273.32000732421875,262.739990234375,268.260009765625,50825200,AMZN
2026-05-04,268.79998779296875,276.1000061035156,268.79998779296875,272.04998779296875,49083700,AMZN
2026-05-05,276.0799865722656,278.55999755859375,272.3800048828125,273.54998779296875,41908500,AMZN
2026-05-06,272.8900146484375,277.79998779296875,272.2099914550781,274.989990234375,44552000,AMZN
2026-05-07,275.0199890136719,276.6300048828125,270.489990234375,271.1700134277344,35892900,AMZN
2026-05-08,271.6300048828125,274.0,269.95001220703125,272.67999267578125,34732700,AMZN
2026-05-11,269.8399963378906,273.6300048828125,268.4800109863281,268.989990234375,38176700,AMZN
2026-05-12,266.7099914550781,267.6499938964844,262.6300048828125,265.82000732421875,36776200,AMZN
2026-05-13,264.42999267578125,270.7200012207031,263.20001220703125,270.1300048828125,39670900,AMZN
2026-05-14,269.1499938964844,270.7799987792969,266.6300048828125,267.2200012207031,31338400,AMZN
2026-05-15,262.5,264.3599853515625,260.8900146484375,264.1400146484375,40770300,AMZN
2026-05-18,263.8699951171875,268.8500061035156,262.5299987792969,264.8599853515625,33690800,AMZN
2026-05-19,262.0400085449219,262.25,255.19000244140625,259.3399963378906,40340700,AMZN
2026-05-20,260.04998779296875,265.5799865722656,259.5299987792969,265.010009765625,34933200,AMZN
2026-05-21,263.5,269.489990234375,261.3699951171875,268.4599914550781,36591700,AMZN
2026-05-22,268.6600036621094,269.7900085449219,266.239990234375,266.32000732421875,27535500,AMZN
2026-05-26,267.94000244140625,269.29998779296875,262.07000732421875,265.2900085449219,37964400,AMZN
2026-05-27,266.1499938964844,272.4100036621094,265.7001037597656,269.75,23519912,AMZN
2026-01-16,334.4100036621094,334.6499938964844,327.70001220703125,330.0,40341600,GOOGL
2026-01-20,320.8699951171875,327.7300109863281,320.42999267578125,322.0,35361000,GOOGL
2026-01-21,320.9200134277344,332.4800109863281,319.3500061035156,328.3800048828125,35386600,GOOGL
2026-01-22,334.45001220703125,335.1499938964844,328.75,330.5400085449219,26253600,GOOGL
2026-01-23,332.489990234375,333.69000244140625,327.45001220703125,327.92999267578125,27280000,GOOGL
2026-01-26,327.80999755859375,335.8399963378906,327.0,333.260009765625,26042100,GOOGL
2026-01-27,335.3699951171875,337.9100036621094,333.4800109863281,334.54998779296875,21636200,GOOGL
2026-01-28,336.05999755859375,337.5400085449219,331.94000244140625,336.010009765625,27434400,GOOGL
2026-01-29,340.29998779296875,342.2900085449219,326.5400085449219,338.25,39785600,GOOGL
2026-01-30,340.0,340.0,332.2900085449219,338.0,31024000,GOOGL
2026-02-02,336.2200012207031,344.8299865722656,335.6300048828125,343.69000244140625,32006100,GOOGL
2026-02-03,347.3399963378906,349.0,337.4700012207031,339.7099914550781,36506700,GOOGL
2026-02-04,342.9599914550781,343.30999755859375,328.5199890136719,333.0400085449219,70618400,GOOGL
2026-02-05,312.2200012207031,332.69000244140625,306.4599914550781,331.25,88205800,GOOGL
2026-02-06,327.17999267578125,330.3800048828125,319.9200134277344,322.8599853515625,56380500,GOOGL
2026-02-09,320.92999267578125,327.70001220703125,317.260009765625,324.32000732421875,39640100,GOOGL
2026-02-10,320.9700012207031,321.6700134277344,314.6099853515625,318.5799865722656,39170000,GOOGL
2026-02-11,318.9700012207031,321.05999755859375,309.6600036621094,310.9599914550781,45406400,GOOGL
2026-02-12,312.0899963378906,316.239990234375,307.20001220703125,309.0,47761300,GOOGL
2026-02-13,307.7300109863281,308.6300048828125,303.7099914550781,305.7200012207031,38499700,GOOGL
2026-02-17,300.0400085449219,304.44000244140625,296.25,302.0199890136719,39247600,GOOGL
2026-02-18,302.0899963378906,305.3800048828125,301.25,303.3299865722656,28482100,GOOGL
2026-02-19,301.82000732421875,305.4700012207031,300.0400085449219,302.8500061035156,25834400,GOOGL
2026-02-20,304.32000732421875,316.5,303.8999938964844,314.9800109863281,53210800,GOOGL
2026-02-23,319.04998779296875,319.5199890136719,309.8699951171875,311.489990234375,31423000,GOOGL
2026-02-24,310.5199890136719,312.2699890136719,305.92999267578125,310.8999938964844,25615600,GOOGL
2026-02-25,312.05999755859375,313.6400146484375,309.44000244140625,312.8999938964844,29963600,GOOGL
2026-02-26,312.6400146484375,313.1400146484375,302.3500061035156,307.3800048828125,36431200,GOOGL
2026-02-27,304.1400146484375,312.3699951171875,303.79998779296875,311.760009765625,44640600,GOOGL
2026-03-02,303.2300109863281,308.489990234375,301.29998779296875,306.5199890136719,34790200,GOOGL
2026-03-03,298.5899963378906,303.94000244140625,296.7099914550781,303.5799865722656,35497000,GOOGL
2026-03-04,302.8900146484375,305.4700012207031,300.75,303.1300048828125,29536200,GOOGL
2026-03-05,303.0400085449219,303.29998779296875,297.989990234375,300.8800048828125,35752300,GOOGL
2026-03-06,296.0899963378906,300.5299987792969,295.17999267578125,298.5199890136719,25576900,GOOGL
2026-03-09,294.3599853515625,306.79998779296875,294.0799865722656,306.3599853515625,29312100,GOOGL
2026-03-10,306.1700134277344,309.510009765625,305.57000732421875,307.0400085449219,23239700,GOOGL
2026-03-11,306.75,311.4200134277344,305.9200134277344,308.70001220703125,24125700,GOOGL
2026-03-12,306.82000732421875,308.94000244140625,301.0299987792969,303.54998779296875,24928300,GOOGL
2026-03-13,307.010009765625,307.69000244140625,300.44000244140625,302.2799987792969,23693100,GOOGL
2026-03-16,304.3500061035156,306.489990234375,303.0199890136719,305.55999755859375,23519700,GOOGL
2026-03-17,305.8599853515625,311.4200134277344,305.5,310.9200134277344,21955200,GOOGL
2026-03-18,309.2699890136719,312.4700012207031,306.92999267578125,307.69000244140625,20009800,GOOGL
2026-03-19,304.010009765625,308.05999755859375,302.3500061035156,307.1300048828125,25075800,GOOGL
2026-03-20,305.4599914550781,306.0,298.2699890136719,301.0,44364100,GOOGL
2026-03-23,302.1099853515625,305.9800109863281,300.92999267578125,302.05999755859375,29326900,GOOGL
2026-03-24,299.20001220703125,299.9200134277344,290.3299865722656,290.44000244140625,36864300,GOOGL
2026-03-25,293.44000244140625,296.0,289.239990234375,290.92999267578125,29460700,GOOGL
2026-03-26,287.9100036621094,287.95001220703125,278.5,280.9200134277344,39080600,GOOGL
2026-03-27,277.2799987792969,279.3699951171875,273.95001220703125,274.3399963378906,35890600,GOOGL
2026-03-30,276.4200134277344,277.0899963378906,272.1099853515625,273.5,35141200,GOOGL
2026-03-31,278.0400085449219,288.0799865722656,277.0899963378906,287.55999755859375,43875400,GOOGL
2026-04-01,290.8399963378906,300.5199890136719,290.4100036621094,297.3900146484375,37684500,GOOGL
2026-04-02,290.69000244140625,298.0799865722656,289.45001220703125,295.7699890136719,21666500,GOOGL
2026-04-06,295.8699951171875,300.6199951171875,295.17999267578125,299.989990234375,16945500,GOOGL
2026-04-07,302.7300109863281,305.6300048828125,297.7200012207031,305.4599914550781,23205400,GOOGL
2026-04-08,320.45001220703125,322.0799865722656,315.0199890136719,317.32000732421875,33547100,GOOGL
2026-04-09,315.9100036621094,319.5400085449219,311.05999755859375,318.489990234375,23739200,GOOGL
2026-04-10,320.0199890136719,321.8299865722656,316.32000732421875,317.239990234375,19152600,GOOGL
2026-04-13,317.1400146484375,321.6300048828125,315.4700012207031,321.30999755859375,18866400,GOOGL
2026-04-14,324.7900085449219,333.2900085449219,323.75,332.9100036621094,27721400,GOOGL
2026-04-15,332.8900146484375,337.4800109863281,330.8999938964844,337.1199951171875,24918800,GOOGL
2026-04-16,338.75,339.8800048828125,334.5199890136719,336.0199890136719,20541500,GOOGL
2026-04-17,337.6499938964844,342.32000732421875,336.239990234375,341.67999267578125,25581900,GOOGL
2026-04-20,340.760009765625,341.3999938964844,336.6099853515625,337.4200134277344,18784200,GOOGL
2026-04-21,337.69000244140625,339.3399963378906,331.3500061035156,332.2900085449219,23123800,GOOGL
2026-04-22,337.0199890136719,339.82000732421875,335.1700134277344,339.32000732421875,20293000,GOOGL
2026-04-23,341.17999267578125,341.9599914550781,336.17999267578125,338.8900146484375,18650300,GOOGL
2026-04-24,338.7300109863281,345.2699890136719,335.3900146484375,344.3999938964844,26426100,GOOGL
2026-04-27,345.9800109863281,353.17999267578125,342.7300109863281,350.3399963378906,28576900,GOOGL
2026-04-28,348.54998779296875,352.4200134277344,346.1199951171875,349.7799987792969,27824100,GOOGL
2026-04-29,347.57000732421875,355.7900085449219,344.2099914550781,349.94000244140625,35376300,GOOGL
2026-04-30,374.07000732421875,385.8399963378906,365.82000732421875,384.79998779296875,72040000,GOOGL
2026-05-01,381.6300048828125,386.760009765625,379.04998779296875,385.69000244140625,30105200,GOOGL
2026-05-04,385.6300048828125,387.3800048828125,379.7900085449219,383.25,26298600,GOOGL
2026-05-05,386.2300109863281,392.82000732421875,384.0199890136719,388.42999267578125,23878600,GOOGL
2026-05-06,394.25,399.8500061035156,392.760009765625,398.0400085449219,31308500,GOOGL
2026-05-07,399.9200134277344,400.1000061035156,392.67999267578125,397.989990234375,24433500,GOOGL
2026-05-08,397.0,402.0,396.3599853515625,400.79998779296875,21461800,GOOGL
2026-05-11,393.6499938964844,397.44000244140625,388.4700012207031,388.6400146484375,30753700,GOOGL
2026-05-12,387.3399963378906,388.5199890136719,382.7699890136719,387.3500061035156,26017500,GOOGL
2026-05-13,385.6000061035156,403.70001220703125,385.0,402.6199951171875,28144600,GOOGL
2026-05-14,397.2799987792969,402.92999267578125,395.8399963378906,401.07000732421875,21136700,GOOGL
2026-05-15,396.32000732421875,399.5400085449219,393.17999267578125,396.7799987792969,20309700,GOOGL
2026-05-18,395.69000244140625,408.6099853515625,394.5299987792969,396.94000244140625,26837200,GOOGL
2026-05-19,396.9599914550781,397.1499938964844,386.1099853515625,387.6600036621094,39545700,GOOGL
2026-05-20,387.70001220703125,393.8599853515625,382.8999938964844,388.9100036621094,31744400,GOOGL
2026-05-21,385.70001220703125,392.5,383.0199890136719,387.6600036621094,24852800,GOOGL
2026-05-22,387.3500061035156,388.739990234375,381.7699890136719,382.9700012207031,20442100,GOOGL
2026-05-26,384.510009765625,389.260009765625,382.6000061035156,388.8800048828125,27706400,GOOGL
2026-05-27,386.6650085449219,393.8800048828125,385.8999938964844,391.04998779296875,11217633,GOOGL
2026-01-16,624.1799926757812,629.0800170898438,620.0800170898438,620.25,17012500,META
2026-01-20,607.8800048828125,611.4000244140625,600.0,604.1199951171875,15169600,META
2026-01-21,606.739990234375,618.27001953125,600.0800170898438,612.9600219726562,14494700,META
2026-01-22,629.3499755859375,660.5700073242188,626.5499877929688,647.6300048828125,21394700,META
2026-01-23,644.77001953125,666.489990234375,644.4500122070312,658.760009765625,22797700,META
2026-01-26,665.1300048828125,675.280029296875,661.2899780273438,672.3599853515625,16327400,META
2026-01-27,674.5900268554688,676.8200073242188,664.6599731445312,672.969970703125,13297400,META
2026-01-28,674.5,677.6799926757812,666.0999755859375,668.72998046875,25709600,META
2026-01-29,737.4299926757812,744.0,712.5499877929688,738.3099975585938,59852900,META
2026-01-30,727.5,732.1699829101562,713.5900268554688,716.5,23744600,META
2026-02-02,714.5999755859375,721.2999877929688,703.52001953125,706.4099731445312,14365200,META
2026-02-03,707.3699951171875,717.0,686.4099731445312,691.7000122070312,13760700,META
2026-02-04,687.72998046875,688.8300170898438,667.4600219726562,668.989990234375,16882800,META
2026-02-05,663.5800170898438,681.5,653.5,670.2100219726562,17131800,META
2026-02-06,665.489990234375,671.989990234375,646.5,661.4600219726562,18159300,META
2026-02-09,663.1799926757812,683.3099975585938,658.780029296875,677.219970703125,14837500,META
2026-02-10,677.5999755859375,680.6500244140625,669.7899780273438,670.719970703125,10455800,META
2026-02-11,674.0,679.27001953125,657.0999755859375,668.6900024414062,14323800,META
2026-02-12,669.969970703125,676.0,645.280029296875,649.8099975585938,14960100,META
2026-02-13,645.0999755859375,651.4299926757812,634.5700073242188,639.77001953125,12336400,META
2026-02-17,639.5,642.5999755859375,628.7999877929688,639.2899780273438,12674700,META
2026-02-18,633.7999877929688,645.0,628.1500244140625,643.219970703125,14649200,META
2026-02-19,638.5700073242188,647.1900024414062,636.719970703125,644.780029296875,10035700,META
2026-02-20,639.6900024414062,663.3499755859375,638.780029296875,655.6599731445312,14183500,META
2026-02-23,652.5399780273438,657.7000122070312,636.0,637.25,8605900,META
2026-02-24,633.0800170898438,641.1099853515625,628.97998046875,639.2999877929688,10135600,META
2026-02-25,642.530029296875,653.8800048828125,642.1400146484375,653.6900024414062,11330700,META
2026-02-26,650.5499877929688,661.0,647.5,657.010009765625,10637700,META
2026-02-27,643.4500122070312,649.4400024414062,638.1199951171875,648.1799926757812,15703000,META
2026-03-02,637.1599731445312,659.9400024414062,634.5,653.5599975585938,9816100,META
2026-03-03,648.2899780273438,659.0399780273438,638.8400268554688,655.0800170898438,12263800,META
2026-03-04,657.9600219726562,672.77001953125,657.6699829101562,667.72998046875,10810100,META
2026-03-05,661.9299926757812,670.7000122070312,650.3099975585938,660.5700073242188,13341400,META
2026-03-06,647.9000244140625,649.469970703125,636.1099853515625,644.8599853515625,13159400,META
2026-03-09,634.780029296875,647.75,626.780029296875,647.3900146484375,13489700,META
2026-03-10,653.5599975585938,660.2999877929688,649.0,654.0700073242188,9859300,META
2026-03-11,654.760009765625,659.1199951171875,648.3599853515625,654.8599853515625,8977200,META
2026-03-12,648.75,653.5,636.9000244140625,638.1799926757812,11617500,META
2026-03-13,623.8900146484375,629.1699829101562,609.5499877929688,613.7100219726562,18957600,META
2026-03-16,632.0,634.75,623.0999755859375,627.4500122070312,15134900,META
2026-03-17,627.989990234375,636.5499877929688,621.7000122070312,622.6599731445312,10348800,META
2026-03-18,616.3400268554688,622.6500244140625,614.6099853515625,615.6799926757812,11726300,META
2026-03-19,612.1500244140625,613.0,602.260009765625,606.7000122070312,13247700,META
2026-03-20,603.530029296875,603.9600219726562,587.25,593.6599731445312,21214900,META
2026-03-23,605.7899780273438,608.6400146484375,599.010009765625,604.0599975585938,13638000,META
2026-03-24,599.0999755859375,601.0,591.0,592.9199829101562,10739700,META
2026-03-25,598.739990234375,603.6699829101562,593.4000244140625,594.8900146484375,12585000,META
2026-03-26,582.489990234375,583.0,543.3499755859375,547.5399780273438,35780100,META
2026-03-27,540.0999755859375,543.5999755859375,520.260009765625,525.719970703125,30133000,META
2026-03-30,536.3800048828125,539.5499877929688,528.5399780273438,536.3800048828125,22795200,META
2026-03-31,549.97998046875,573.6900024414062,546.77001953125,572.1300048828125,32898300,META
2026-04-01,580.1300048828125,592.5499877929688,573.8200073242188,579.22998046875,23608100,META
2026-04-02,566.0399780273438,578.5,559.7000122070312,574.4600219726562,13518500,META
2026-04-06,577.6900024414062,582.7899780273438,572.0,573.02001953125,9515700,META
2026-04-07,572.47998046875,575.22998046875,564.760009765625,575.0499877929688,9580800,META
2026-04-08,606.0,629.9500122070312,591.8300170898438,612.4199829101562,32036600,META
2026-04-09,626.969970703125,637.5,623.0,628.3900146484375,19012900,META
2026-04-10,634.469970703125,638.5800170898438,624.3300170898438,629.8599853515625,13294800,META
2026-04-13,629.5,635.0,624.4000244140625,634.530029296875,9538900,META
2026-04-14,643.219970703125,666.260009765625,639.3699951171875,662.489990234375,17818000,META
2026-04-15,667.0,678.5,664.219970703125,671.5800170898438,14952600,META
2026-04-16,675.989990234375,677.5800170898438,667.75,676.8699951171875,9544800,META
2026-04-17,678.5999755859375,691.52001953125,675.1300048828125,688.5499877929688,16283500,META
2026-04-20,681.3599853515625,683.3800048828125,668.0,670.9099731445312,12534000,META
2026-04-21,671.0,676.2000122070312,667.3300170898438,668.8400268554688,8660100,META
2026-04-22,674.3599853515625,678.3800048828125,669.75,674.719970703125,9215600,META
2026-04-23,663.7000122070312,669.5599975585938,653.0499877929688,659.1500244140625,11667000,META
2026-04-24,660.3200073242188,680.6699829101562,653.8400268554688,675.030029296875,13348300,META
2026-04-27,671.0,682.5,670.8400268554688,678.6199951171875,12805200,META
2026-04-28,674.239990234375,678.1799926757812,665.6300048828125,671.3400268554688,10606800,META
2026-04-29,668.9099731445312,674.25,663.8099975585938,669.1199951171875,18947500,META
2026-04-30,619.3200073242188,620.8499755859375,600.0,611.9099731445312,52765000,META
2026-05-01,614.6900024414062,618.8800048828125,606.1099853515625,608.75,21404000,META
2026-05-04,607.9400024414062,614.0,602.75,610.4099731445312,16203900,META
2026-05-05,613.3099975585938,614.3499755859375,600.3599853515625,604.9600219726562,17171300,META
2026-05-06,601.0499877929688,619.9500122070312,598.0999755859375,612.8800048828125,19915500,META
2026-05-07,614.719970703125,624.97998046875,613.5399780273438,616.8099975585938,12307400,META
2026-05-08,615.2000122070312,616.77001953125,606.0599975585938,609.6300048828125,13557000,META
2026-05-11,604.5700073242188,604.9099731445312,598.0800170898438,598.8599853515625,15940600,META
2026-05-12,594.8200073242188,603.75,592.5999755859375,603.0,11351600,META
2026-05-13,598.8300170898438,619.9000244140625,596.6599731445312,616.6300048828125,14634400,META
2026-05-14,616.0,623.72998046875,615.0,618.4299926757812,10651200,META
2026-05-15,613.989990234375,621.2000122070312,609.3099975585938,614.22998046875,13272600,META
2026-05-18,609.1099853515625,615.5900268554688,603.6900024414062,611.2100219726562,13772400,META
2026-05-19,608.9199829101562,613.9299926757812,600.5499877929688,602.6099853515625,11749900,META
2026-05-20,600.760009765625,608.0,597.8099975585938,605.0599975585938,11329700,META
2026-05-21,600.0,609.5999755859375,594.8099975585938,607.3800048828125,13476100,META
2026-05-22,607.8800048828125,614.8099975585938,606.9500122070312,610.260009765625,11688600,META
2026-05-26,608.8900146484375,614.469970703125,605.2999877929688,612.3400268554688,12214300,META
2026-05-27,609.760009765625,616.7000122070312,609.0,609.6923217773438,6452141,META
2026-01-16,439.5,447.25,435.260009765625,437.5,60220600,TSLA
2026-01-20,429.3599853515625,430.7300109863281,417.44000244140625,419.25,63187300,TSLA
2026-01-21,421.6600036621094,438.20001220703125,419.6199951171875,431.44000244140625,68124000,TSLA
2026-01-22,435.1600036621094,449.5,432.6300048828125,449.3599853515625,71546700,TSLA
2026-01-23,447.42999267578125,452.42999267578125,444.0400085449219,449.05999755859375,56771400,TSLA
2026-01-26,445.0,445.0400085449219,434.2799987792969,435.20001220703125,49397400,TSLA
2026-01-27,437.4100036621094,437.5199890136719,430.69000244140625,430.8999938964844,37733100,TSLA
2026-01-28,431.9100036621094,438.260009765625,430.1000061035156,431.4599914550781,54857400,TSLA
2026-01-29,437.79998779296875,440.2300109863281,414.6199951171875,416.55999755859375,81686100,TSLA
2026-01-30,425.3500061035156,439.8800048828125,422.70001220703125,430.4100036621094,82626100,TSLA
2026-02-02,421.2900085449219,427.1499938964844,414.5,421.80999755859375,58739500,TSLA
2026-02-03,424.2699890136719,428.55999755859375,413.69000244140625,421.9599914550781,56886500,TSLA
2026-02-04,420.4599914550781,423.8999938964844,399.17999267578125,406.010009765625,74606900,TSLA
2026-02-05,397.0199890136719,402.1000061035156,387.5299987792969,397.2099914550781,72819800,TSLA
2026-02-06,400.8699951171875,414.54998779296875,397.75,411.1099853515625,62677100,TSLA
2026-02-09,409.9100036621094,421.25,407.2900085449219,417.32000732421875,54484300,TSLA
2026-02-10,418.0799865722656,427.25,417.0,425.2099914550781,64450200,TSLA
2026-02-11,427.9599914550781,436.3500061035156,420.0299987792969,428.2699890136719,57362000,TSLA
2026-02-12,430.29998779296875,436.2300109863281,414.0,417.07000732421875,61933400,TSLA
2026-02-13,414.30999755859375,424.05999755859375,410.8800048828125,417.44000244140625,51434100,TSLA
2026-02-17,412.3599853515625,413.7200012207031,400.510009765625,410.6300048828125,59678800,TSLA
2026-02-18,411.1099853515625,416.8999938964844,409.5799865722656,411.32000732421875,45921400,TSLA
2026-02-19,407.25,415.25,404.1099853515625,411.7099914550781,51019600,TSLA
2026-02-20,408.29998779296875,414.70001220703125,405.5,411.82000732421875,57912200,TSLA
2026-02-23,407.2900085449219,407.70001220703125,394.0400085449219,399.8299865722656,69680000,TSLA
2026-02-24,399.5,410.82000732421875,397.6400146484375,409.3800048828125,58579500,TSLA
2026-02-25,412.1499938964844,420.3399963378906,412.1499938964844,417.3999938964844,54809700,TSLA
2026-02-26,414.4200134277344,416.80999755859375,403.6600036621094,408.5799865722656,53602500,TSLA
2026-02-27,402.94000244140625,407.1199951171875,398.1099853515625,402.510009765625,56890100,TSLA
2026-03-02,390.6000061035156,404.5400085449219,388.25,403.32000732421875,55088300,TSLA
2026-03-03,395.0899963378906,396.3399963378906,385.3900146484375,392.42999267578125,62617300,TSLA
2026-03-04,397.8500061035156,408.3299865722656,394.5799865722656,405.94000244140625,68305500,TSLA
2026-03-05,401.57000732421875,408.6199951171875,399.4200134277344,405.54998779296875,51925900,TSLA
2026-03-06,398.0899963378906,402.3500061035156,394.2099914550781,396.7300109863281,64054600,TSLA
2026-03-09,390.04998779296875,401.5899963378906,381.3999938964844,398.67999267578125,67018900,TSLA
2026-03-10,402.2200012207031,406.5899963378906,398.19000244140625,399.239990234375,59258700,TSLA
2026-03-11,402.2799987792969,416.3800048828125,402.1499938964844,407.82000732421875,62559900,TSLA
2026-03-12,405.17999267578125,406.5,394.6499938964844,395.010009765625,60973800,TSLA
2026-03-13,399.1700134277344,400.20001220703125,389.95001220703125,391.20001220703125,58504100,TSLA
2026-03-16,396.2200012207031,403.7300109863281,394.4200134277344,395.55999755859375,58068300,TSLA
2026-03-17,395.69000244140625,400.1199951171875,393.0,399.2699890136719,46890500,TSLA
2026-03-18,399.0,403.07000732421875,392.30999755859375,392.7799987792969,50853100,TSLA
2026-03-19,387.2699890136719,387.2699890136719,378.7300109863281,380.29998779296875,67078300,TSLA
2026-03-20,379.8500061035156,379.8900146484375,364.4599914550781,367.9599914550781,78628600,TSLA
2026-03-23,373.0899963378906,385.3299865722656,372.7300109863281,380.8500061035156,74606000,TSLA
2026-03-24,376.55999755859375,387.4800109863281,376.30999755859375,383.0299987792969,60004900,TSLA
2026-03-25,389.989990234375,396.2300109863281,385.010009765625,385.95001220703125,55157300,TSLA
2026-03-26,381.6000061035156,384.44000244140625,371.8699951171875,372.1099853515625,55522900,TSLA
2026-03-27,369.69000244140625,369.8599853515625,359.4700012207031,361.8299865722656,62065700,TSLA
2026-03-30,365.8599853515625,367.2900085449219,352.1400146484375,355.2799987792969,67954400,TSLA
2026-03-31,361.510009765625,373.3299865722656,361.0,371.75,75534900,TSLA
2026-04-01,378.6300048828125,383.1400146484375,374.0799865722656,381.260009765625,58683800,TSLA
2026-04-02,364.20001220703125,370.2799987792969,359.0299987792969,360.5899963378906,83031200,TSLA
2026-04-06,362.5899963378906,367.7200012207031,346.6400146484375,352.82000732421875,77697600,TSLA
2026-04-07,346.44000244140625,348.0199890136719,337.239990234375,346.6499938964844,74515400,TSLA
2026-04-08,363.7900085449219,364.5,339.6700134277344,343.25,78838600,TSLA
2026-04-09,343.1499938964844,348.8800048828125,337.25,345.6199951171875,62164000,TSLA
2026-04-10,346.2900085449219,350.3599853515625,342.739990234375,348.95001220703125,51336000,TSLA
2026-04-13,350.07000732421875,356.3500061035156,348.57000732421875,352.4200134277344,53617500,TSLA
2026-04-14,357.6700134277344,367.6300048828125,354.7699890136719,364.20001220703125,59979600,TSLA
2026-04-15,366.8299865722656,394.6499938964844,362.5,391.95001220703125,113810400,TSLA
2026-04-16,393.80999755859375,394.05999755859375,381.79998779296875,388.8999938964844,63515100,TSLA
2026-04-17,395.9200134277344,409.2799987792969,391.6499938964844,400.6199951171875,90640000,TSLA
2026-04-20,402.5799865722656,406.79998779296875,388.3299865722656,392.5,64603900,TSLA
2026-04-21,393.0,393.95001220703125,385.2200012207031,386.4200134277344,50530600,TSLA
2026-04-22,387.57000732421875,393.010009765625,385.29998779296875,387.510009765625,62362800,TSLA
2026-04-23,375.2799987792969,386.0,368.3900146484375,373.7200012207031,93969500,TSLA
2026-04-24,373.5,382.760009765625,370.7300109863281,376.29998779296875,62893300,TSLA
2026-04-27,372.0899963378906,380.7799987792969,364.0199890136719,378.6700134277344,66735800,TSLA
2026-04-28,374.67999267578125,382.2900085449219,372.5400085449219,376.0199890136719,50864400,TSLA
2026-04-29,375.3999938964844,376.3999938964844,370.0400085449219,372.79998779296875,45384800,TSLA
2026-04-30,372.75,384.75,368.1700134277344,381.6300048828125,51076000,TSLA
2026-05-01,382.489990234375,397.82000732421875,378.79998779296875,390.82000732421875,65338300,TSLA
2026-05-04,390.2300109863281,394.6400146484375,384.79998779296875,392.510009765625,48765100,TSLA
2026-05-05,395.19000244140625,402.1199951171875,389.0,389.3699951171875,47780600,TSLA
2026-05-06,386.25,401.67999267578125,384.0199890136719,398.7300109863281,53465400,TSLA
2026-05-07,407.4800109863281,415.8299865722656,402.1199951171875,411.7900085449219,64294200,TSLA
2026-05-08,416.4800109863281,431.20001220703125,416.3900146484375,428.3500061035156,65050000,TSLA
2026-05-11,422.1600036621094,449.1600036621094,416.79998779296875,445.0,78376100,TSLA
2026-05-12,441.4100036621094,447.79998779296875,422.260009765625,433.45001220703125,60569300,TSLA
2026-05-13,436.6700134277344,453.3999938964844,430.2099914550781,445.2699890136719,68283200,TSLA
2026-05-14,446.489990234375,451.9800109863281,441.1600036621094,443.29998779296875,46070400,TSLA
2026-05-15,433.9800109863281,434.6600036621094,422.0,422.239990234375,52688700,TSLA
2026-05-18,419.2699890136719,421.1300048828125,405.3299865722656,409.989990234375,52474200,TSLA
2026-05-19,403.1600036621094,405.6300048828125,393.6300048828125,404.1099853515625,46500600,TSLA
2026-05-20,407.6000061035156,417.4599914550781,406.3900146484375,417.260009765625,45294700,TSLA
2026-05-21,422.17999267578125,426.95001220703125,412.8999938964844,417.8500061035156,42636900,TSLA
2026-05-22,422.6700134277344,431.510009765625,420.510009765625,426.010009765625,46104700,TSLA
2026-05-26,430.260009765625,435.20001220703125,426.1199951171875,433.5899963378906,45401300,TSLA
2026-05-27,442.81500244140625,445.6000061035156,435.5199890136719,442.260009765625,32442225,TSLA
